panel,sweep,value,q_sigma,delta_S_BB,predicted_delta_S_BB_0
A,D_A,0.5,0.0252815853,0.042447268609,0.04238364993595456
A,D_A,0.5,0.0486976344,0.047593586449999996,0.04238364993595456
A,D_A,0.5,0.0692644017,0.04387762338,0.04238364993595456
A,D_A,0.5,0.08877835,0.044238304219999997,0.04238364993595456
A,D_A,0.5,0.111604297,0.04404397064,0.04238364993595456
A,D_A,0.5,0.132731806,0.0439236711,0.04238364993595456
A,D_A,0.5,0.153672181,0.043330664,0.04238364993595456
A,D_A,0.5,0.175641863,0.0421519642,0.04238364993595456
A,D_A,0.5,0.196615509,0.04157665819999999,0.04238364993595456
A,D_A,0.5,0.217326708,0.039789467999999995,0.04238364993595456
A,D_A,0.5,0.237538457,0.03976965910000001,0.04238364993595456
A,D_A,0.5,0.258148683,0.0403705819,0.04238364993595456
A,D_A,0.5,0.28040349,0.036470350900000004,0.04238364993595456
A,D_A,0.5,0.301929084,0.0379894809,0.04238364993595456
A,D_A,0.5,0.322287413,0.03442847569999999,0.04238364993595456
A,D_A,0.5,0.342663331,0.0328291099,0.04238364993595456
A,D_A,0.5,0.363641289,0.0303124454,0.04238364993595456
A,D_A,0.5,0.385602948,0.03331931399999999,0.04238364993595456
A,D_A,0.5,0.406737165,0.02991650400000001,0.04238364993595456
A,D_A,0.5,0.427001871,0.026983618999999986,0.04238364993595456
A,D_A,0.5,0.448754416,0.025851865,0.04238364993595456
A,D_A,0.5,0.469601745,0.027139616000000005,0.04238364993595456
A,D_A,0.5,0.489805379,0.022572161000000007,0.04238364993595456
A,D_A,0.5,0.510302494,0.020511716000000013,0.04238364993595456
A,D_A,0.5,0.53178319,0.022311207,0.04238364993595456
A,D_A,0.5,0.553922362,0.018983498000000015,0.04238364993595456
A,D_A,0.5,0.574670041,0.018760475999999998,0.04238364993595456
A,D_A,0.5,0.594645701,0.018511368999999972,0.04238364993595456
A,D_A,0.5,0.615540037,0.01737575600000002,0.04238364993595456
A,D_A,0.5,0.636554081,0.013141283000000004,0.04238364993595456
A,D_A,0.5,0.658102417,0.0077721959999999535,0.04238364993595456
A,D_A,0.5,0.679189641,0.012891329000000007,0.04238364993595456
A,D_A,0.5,0.700054044,0.012613366999999986,0.04238364993595456
A,D_A,0.5,0.721329826,0.006773281999999992,0.04238364993595456
A,D_A,0.5,0.742033923,0.00899973599999998,0.04238364993595456
A,D_A,0.5,0.762614581,0.012646747999999985,0.04238364993595456
A,D_A,0.5,0.783270495,0.011032662999999998,0.04238364993595456
A,D_A,0.5,0.804783918,0.007941752999999996,0.04238364993595456
A,D_A,0.5,0.826095906,0.0008899370000000073,0.04238364993595456
A,D_A,0.5,0.846303977,0.0002655160000000212,0.04238364993595456
A,D_A,0.5,0.867174819,0.0018572410000000095,0.04238364993595456
A,D_A,0.5,0.888413258,0.004978568999999988,0.04238364993595456
A,D_A,0.5,0.909910564,0.005701756999999974,0.04238364993595456
A,D_A,0.5,0.931134698,0.0003718500000000624,0.04238364993595456
A,D_A,0.5,0.951563161,0.0008523040000000259,0.04238364993595456
A,D_A,0.5,0.972160451,0.006450968000000001,0.04238364993595456
A,D_A,0.5,0.993008165,-0.010581665000000018,0.04238364993595456
A,D_A,0.5,1.0140906,-0.009560844000000013,0.04238364993595456
A,D_A,0.5,1.03500338,-0.005032460999999988,0.04238364993595456
A,D_A,0.5,1.05657413,7.869599999998922e-05,0.04238364993595456
A,D_A,0.5,1.07789814,-0.0024943830000000444,0.04238364993595456
A,D_A,0.5,1.09835045,-0.0023101330000000475,0.04238364993595456
A,D_A,0.5,1.11903902,-0.007693379,0.04238364993595456
A,D_A,0.5,1.1396405,-0.005026784000000006,0.04238364993595456
A,D_A,0.5,1.16109193,-0.003382887999999973,0.04238364993595456
A,D_A,0.5,1.18227503,-0.0067249510000000345,0.04238364993595456
A,D_A,0.5,1.2030555,-0.0017271950000000702,0.04238364993595456
A,D_A,0.5,1.22375183,-0.0015161310000000316,0.04238364993595456
A,D_A,0.5,1.24453484,-0.006554830999999983,0.04238364993595456
A,D_A,0.5,1.26570671,-0.003870731999999988,0.04238364993595456
A,D_A,0.5,1.28693994,-0.005376394999999978,0.04238364993595456
A,D_A,0.5,1.30807124,0.002527558000000041,0.04238364993595456
A,D_A,0.5,1.32889646,-0.003675187000000024,0.04238364993595456
A,D_A,0.5,1.34945121,-0.006679128000000034,0.04238364993595456
A,D_A,0.5,1.37055188,0.004258119999999921,0.04238364993595456
A,D_A,0.5,1.39148285,-0.006994559999999983,0.04238364993595456
A,D_A,0.5,1.41220445,0.0005994400000000066,0.04238364993595456
A,D_A,0.5,1.43352474,-0.010667360000000015,0.04238364993595456
A,D_A,0.5,1.45454751,-0.01467814699999992,0.04238364993595456
A,D_A,0.5,1.47511055,-0.013357720000000017,0.04238364993595456
A,D_A,0.5,1.49566583,0.004454336999999975,0.04238364993595456
A,D_A,0.5,1.51690776,-0.0010723499999999442,0.04238364993595456
A,D_A,0.5,1.53826425,-0.015358309000000014,0.04238364993595456
A,D_A,0.5,1.55931449,-0.0027771340000000144,0.04238364993595456
A,D_A,0.5,1.58012172,-0.0074309489999999645,0.04238364993595456
A,D_A,0.5,1.60114355,-0.014102752999999968,0.04238364993595456
A,D_A,0.5,1.62229155,-0.012646058000000071,0.04238364993595456
A,D_A,0.5,1.64295947,-0.0012945109999999982,0.04238364993595456
A,D_A,0.5,1.66366432,-0.00042977700000002006,0.04238364993595456
A,D_A,0.5,1.68478217,0.001622561999999994,0.04238364993595456
A,D_A,0.5,1.7057485,-0.003258500000000053,0.04238364993595456
A,D_A,0.5,1.72683745,-0.009943737000000064,0.04238364993595456
A,D_A,0.5,1.74765849,-0.004514980000000057,0.04238364993595456
A,D_A,0.5,1.76847487,-0.004638385999999994,0.04238364993595456
A,D_A,0.5,1.78961871,-0.008694590000000058,0.04238364993595456
A,D_A,0.5,1.81086098,0.001626449999999946,0.04238364993595456
A,D_A,0.5,1.83179094,-0.0012022680000000063,0.04238364993595456
A,D_A,0.5,1.8521746,0.003577532999999966,0.04238364993595456
A,D_A,0.5,1.8733654,-0.008174721000000051,0.04238364993595456
A,D_A,0.5,1.89455538,0.0019552340000000834,0.04238364993595456
A,D_A,0.5,1.91534795,-0.001336427000000029,0.04238364993595456
A,D_A,0.5,1.93623233,-0.007934510000000006,0.04238364993595456
A,D_A,0.5,1.9571481,-7.696599999995613e-05,0.04238364993595456
A,D_A,0.5,1.97825109,0.0023140099999999775,0.04238364993595456
A,D_A,0.5,1.99905898,-0.005651306999999939,0.04238364993595456
A,D_A,0.5,2.01966715,-0.0032430009999999676,0.04238364993595456
A,D_A,0.5,2.04082415,0.0010956389999999816,0.04238364993595456
A,D_A,0.5,2.06193171,-0.01057280599999999,0.04238364993595456
A,D_A,0.5,2.08296048,-0.0016791729999999783,0.04238364993595456
A,D_A,0.5,2.10383017,0.0007475430000000172,0.04238364993595456
A,D_A,0.5,2.12494312,-0.0029976980000000486,0.04238364993595456
A,D_A,0.5,2.14618475,0.00037026199999989906,0.04238364993595456
A,D_A,0.5,2.16679298,-0.0051302659999999944,0.04238364993595456
A,D_A,0.5,2.18753482,-0.002727844000000035,0.04238364993595456
A,D_A,0.5,2.20847027,0.005006884000000045,0.04238364993595456
A,D_A,0.5,2.22955181,0.003517163999999906,0.04238364993595456
A,D_A,0.5,2.25078374,-0.0007365980000000327,0.04238364993595456
A,D_A,0.5,2.27150159,0.005463186000000064,0.04238364993595456
A,D_A,0.5,2.29205574,-0.0015915550000000778,0.04238364993595456
A,D_A,0.5,2.31294326,-0.0011064920000000145,0.04238364993595456
A,D_A,0.5,2.3340363,-0.0020501760000000147,0.04238364993595456
A,D_A,0.5,2.35514399,0.003355235000000012,0.04238364993595456
A,D_A,0.5,2.37607726,-0.004693783999999979,0.04238364993595456
A,D_A,0.5,2.39730341,9.946399999993805e-05,0.04238364993595456
A,D_A,0.5,2.41857203,-0.002730174000000085,0.04238364993595456
A,D_A,0.5,2.43911056,0.004246331000000048,0.04238364993595456
A,D_A,0.5,2.45988005,-0.0019142640000000544,0.04238364993595456
A,D_A,0.5,2.48094151,0.003777786000000005,0.04238364993595456
A,D_A,0.5,2.50196601,0.002410215000000049,0.04238364993595456
A,D_A,0.5,2.52300496,-0.0004984270000000235,0.04238364993595456
A,D_A,0.5,2.54340089,-0.008417872999999965,0.04238364993595456
A,D_A,0.5,2.56415297,0.007744760999999989,0.04238364993595456
A,D_A,0.5,2.58575836,0.001672027999999992,0.04238364993595456
A,D_A,0.5,2.60684428,0.00026948900000001164,0.04238364993595456
A,D_A,0.5,2.62775949,0.0020255729999999472,0.04238364993595456
A,D_A,0.5,2.64834355,-0.008457195000000084,0.04238364993595456
A,D_A,0.5,2.66912062,0.004745883999999978,0.04238364993595456
A,D_A,0.5,2.69039946,0.0010398310000000466,0.04238364993595456
A,D_A,0.5,2.71121518,-0.0013990239999999154,0.04238364993595456
A,D_A,0.5,2.7321837,0.0021593090000000537,0.04238364993595456
A,D_A,0.5,2.75306239,0.0014765760000000627,0.04238364993595456
A,D_A,0.5,2.77427049,0.0020945249999999582,0.04238364993595456
A,D_A,0.5,2.79557932,-0.00012017699999999909,0.04238364993595456
A,D_A,0.5,2.8160646,-0.0007143800000000144,0.04238364993595456
A,D_A,0.5,2.83689478,-0.000992592999999986,0.04238364993595456
A,D_A,0.5,2.85801727,-0.0015691230000000056,0.04238364993595456
A,D_A,0.5,2.87906973,-0.0029782600000000103,0.04238364993595456
A,D_A,0.5,2.89996898,-0.0012258300000000943,0.04238364993595456
A,D_A,0.5,2.92062944,-0.001948400999999933,0.04238364993595456
A,D_A,0.5,2.941605,0.0030718619999999808,0.04238364993595456
A,D_A,0.5,2.96267076,-0.005259639000000038,0.04238364993595456
A,D_A,0.5,2.98347442,-0.002091065000000003,0.04238364993595456
A,D_A,0.5,3.00437656,-0.004008597999999974,0.04238364993595456
A,D_A,0.5,3.02542142,-0.0022260539999999773,0.04238364993595456
A,D_A,0.5,3.04658726,-0.007928963999999983,0.04238364993595456
A,D_A,0.5,3.06768101,0.006491307999999973,0.04238364993595456
A,D_A,0.5,3.088328,0.002066879999999993,0.04238364993595456
A,D_A,0.5,3.10931167,-0.0031833629999999946,0.04238364993595456
A,D_A,0.5,3.1305457,-0.0045817630000000165,0.04238364993595456
A,D_A,0.5,3.15150209,-0.0010302830000000762,0.04238364993595456
A,D_A,0.5,3.17219014,-0.0010112459999999102,0.04238364993595456
A,D_A,0.5,3.19299024,8.819500000001312e-05,0.04238364993595456
A,D_A,0.5,3.21390436,0.00010070500000003424,0.04238364993595456
A,D_A,0.5,3.23506564,-0.0006928259999999797,0.04238364993595456
A,D_A,0.5,3.25605387,0.0005924569999999907,0.04238364993595456
A,D_A,0.5,3.27685776,0.0009186789999999778,0.04238364993595456
A,D_A,0.5,3.29794723,0.0020389690000000016,0.04238364993595456
A,D_A,0.5,3.31884778,-0.0009431009999999462,0.04238364993595456
A,D_A,0.5,3.33944269,0.002627104999999963,0.04238364993595456
A,D_A,0.5,3.36030612,-0.0011913940000000123,0.04238364993595456
A,D_A,0.5,3.38171654,-0.0014519299999999902,0.04238364993595456
A,D_A,0.5,3.40297495,-0.0028742849999999764,0.04238364993595456
A,D_A,0.5,3.42370792,-0.0014852359999999454,0.04238364993595456
A,D_A,0.5,3.44440875,-0.008065012999999954,0.04238364993595456
A,D_A,0.5,3.465315,-0.0007276320000000336,0.04238364993595456
A,D_A,0.5,3.4865867,-0.0012082650000000417,0.04238364993595456
A,D_A,0.5,3.50751221,0.001385309999999973,0.04238364993595456
A,D_A,0.5,3.52796741,-0.001226485999999971,0.04238364993595456
A,D_A,0.5,3.5488788,0.0006598089999999557,0.04238364993595456
A,D_A,0.5,3.57014151,-7.845799999994796e-05,0.04238364993595456
A,D_A,0.5,3.59120365,-0.004166981000000014,0.04238364993595456
A,D_A,0.5,3.61190928,0.0028486659999999997,0.04238364993595456
A,D_A,0.5,3.63300558,-0.0005800639999999913,0.04238364993595456
A,D_A,0.5,3.6541422,-0.0001770780000001082,0.04238364993595456
A,D_A,0.5,3.67500902,-0.0035953020000000224,0.04238364993595456
A,D_A,0.5,3.69581564,-0.0016676979999999952,0.04238364993595456
A,D_A,0.5,3.71644729,0.0006742360000000502,0.04238364993595456
A,D_A,0.5,3.73749774,0.00011845799999998796,0.04238364993595456
A,D_A,0.5,3.75868086,-0.005663469000000032,0.04238364993595456
A,D_A,0.5,3.77950549,-0.0028781469999999976,0.04238364993595456
A,D_A,0.5,3.80027286,0.002920484000000001,0.04238364993595456
A,D_A,0.5,3.82143123,-0.004071351000000001,0.04238364993595456
A,D_A,0.5,3.84280481,-0.00014753899999997433,0.04238364993595456
A,D_A,0.5,3.86349282,-0.0008918030000000243,0.04238364993595456
A,D_A,0.5,3.88417456,0.0012777170000000115,0.04238364993595456
A,D_A,0.5,3.90535419,0.002315632999999928,0.04238364993595456
A,D_A,0.5,3.9264697,-0.004040358999999993,0.04238364993595456
A,D_A,0.5,3.94738681,0.002517751000000068,0.04238364993595456
A,D_A,0.5,3.96810309,0.0015417280000000755,0.04238364993595456
A,D_A,0.5,3.98888694,0.0025258750000000108,0.04238364993595456
A,D_A,0.5,4.00993371,0.005303292000000015,0.04238364993595456
A,D_A,0.5,4.03080983,-0.00636055000000002,0.04238364993595456
A,D_A,0.5,4.05178039,0.0007503729999999154,0.04238364993595456
A,D_A,0.5,4.07276799,0.0030137230000000237,0.04238364993595456
A,D_A,0.5,4.09368684,-0.0014216670000000153,0.04238364993595456
A,D_A,0.5,4.11485609,0.0007131070000000461,0.04238364993595456
A,D_A,0.5,4.13583188,-0.000272922999999925,0.04238364993595456
A,D_A,0.5,4.15670688,-0.0018137639999999955,0.04238364993595456
A,D_A,0.5,4.17758774,0.0049165140000000385,0.04238364993595456
A,D_A,0.5,4.19867141,0.002719290000000041,0.04238364993595456
A,D_A,0.5,4.21961517,-0.0002894709999999856,0.04238364993595456
A,D_A,0.5,4.24013393,-0.0003254999999999786,0.04238364993595456
A,D_A,0.5,4.26119077,-0.0020603599999999833,0.04238364993595456
A,D_A,0.5,4.28239268,-0.007002095999999902,0.04238364993595456
A,D_A,0.5,4.30342826,0.00028356200000001497,0.04238364993595456
A,D_A,0.5,4.32431592,0.0037713990000000086,0.04238364993595456
A,D_A,0.5,4.34508479,-0.004824355000000002,0.04238364993595456
A,D_A,0.5,4.36604259,-0.00754039899999992,0.04238364993595456
A,D_A,0.5,4.38708086,-0.0009422010000000869,0.04238364993595456
A,D_A,0.5,4.40778797,0.00042056400000001215,0.04238364993595456
A,D_A,0.5,4.4288526,-0.004100184000000007,0.04238364993595456
A,D_A,0.5,4.44994967,-0.0018177339999998487,0.04238364993595456
A,D_A,0.5,4.47085438,-0.0019046419999999564,0.04238364993595456
A,D_A,0.5,4.49188801,0.000850319999999849,0.04238364993595456
A,D_A,0.5,4.51250216,0.0007906799999999325,0.04238364993595456
A,D_A,0.5,4.5334461,-0.0013071000000000055,0.04238364993595456
A,D_A,0.5,4.55463591,-0.0006690200000001312,0.04238364993595456
A,D_A,0.5,4.57547609,0.0031722899999999665,0.04238364993595456
A,D_A,0.5,4.59643311,0.0002781099999999981,0.04238364993595456
A,D_A,0.5,4.61732903,0.0014730400000000365,0.04238364993595456
A,D_A,0.5,4.63833098,0.00235149999999984,0.04238364993595456
A,D_A,0.5,4.65949324,-0.0005376800000000959,0.04238364993595456
A,D_A,0.5,4.68039693,-0.0004568099999999742,0.04238364993595456
A,D_A,0.5,4.70136745,-0.001166240000000096,0.04238364993595456
A,D_A,0.5,4.72221533,0.0021719000000000044,0.04238364993595456
A,D_A,0.5,4.74309374,0.0029380999999999435,0.04238364993595456
A,D_A,0.5,4.76390784,0.0010774700000000248,0.04238364993595456
A,D_A,0.5,4.78491795,0.0002216800000001129,0.04238364993595456
A,D_A,0.5,4.80636204,0.002391299999999985,0.04238364993595456
A,D_A,0.5,4.82728449,-2.4519999999972342e-05,0.04238364993595456
A,D_A,0.5,4.84785524,-0.0017067200000000504,0.04238364993595456
A,D_A,0.5,4.86859731,-0.00354641,0.04238364993595456
A,D_A,0.5,4.88954319,0.000804930000000148,0.04238364993595456
A,D_A,0.5,4.91078695,-0.0014741699999998303,0.04238364993595456
A,D_A,0.5,4.93172016,-0.0009911400000000015,0.04238364993595456
A,D_A,0.5,4.95244063,0.002527160000000084,0.04238364993595456
A,D_A,0.5,4.97348932,-0.0010416300000000156,0.04238364993595456
A,D_A,0.5,4.994309,-0.0009142200000000766,0.04238364993595456
A,D_A,0.5,5.01515697,0.0002903899999999737,0.04238364993595456
A,D_A,0.5,5.03598003,-0.005519789999999913,0.04238364993595456
A,D_A,0.5,5.05703237,0.00015446000000007842,0.04238364993595456
A,D_A,0.5,5.07840332,-0.00046042999999995615,0.04238364993595456
A,D_A,0.5,5.09943841,0.0024034900000000636,0.04238364993595456
A,D_A,0.5,5.12032938,-0.0004446499999999354,0.04238364993595456
A,D_A,0.5,5.14107614,0.0031663400000001563,0.04238364993595456
A,D_A,0.5,5.16214077,-0.0020162799999998704,0.04238364993595456
A,D_A,0.5,5.18341099,0.0002671899999999727,0.04238364993595456
A,D_A,0.5,5.2041075,0.0018094099999999003,0.04238364993595456
A,D_A,0.5,5.22477891,-0.0008216600000001684,0.04238364993595456
A,D_A,0.5,5.24557967,0.0029750699999999686,0.04238364993595456
A,D_A,0.5,5.26649236,0.0046061500000000866,0.04238364993595456
A,D_A,0.5,5.28753131,0.0009048799999999968,0.04238364993595456
A,D_A,0.5,5.30847064,-0.00043469000000007085,0.04238364993595456
A,D_A,0.5,5.32946745,0.004044720000000002,0.04238364993595456
A,D_A,0.5,5.3506922,0.0007612299999999461,0.04238364993595456
A,D_A,0.5,5.37158853,-0.0005803699999999967,0.04238364993595456
A,D_A,0.5,5.39231925,0.0027734299999999656,0.04238364993595456
A,D_A,0.5,5.41333352,-0.0019422200000001055,0.04238364993595456
A,D_A,0.5,5.43434316,-0.0021845399999997905,0.04238364993595456
A,D_A,0.5,5.45530659,0.0007103399999999205,0.04238364993595456
A,D_A,0.5,5.47618498,-0.0035987800000001346,0.04238364993595456
A,D_A,0.5,5.49715755,0.0026770499999999586,0.04238364993595456
A,D_A,0.5,5.51801586,0.0013273400000000102,0.04238364993595456
A,D_A,0.5,5.53881995,-0.0008775999999999229,0.04238364993595456
A,D_A,0.5,5.55992514,-0.004710870000000034,0.04238364993595456
A,D_A,0.5,5.58098545,-0.00027575000000013006,0.04238364993595456
A,D_A,0.5,5.60183772,0.0038154099999998525,0.04238364993595456
A,D_A,0.5,5.62277584,-0.0006745899999998084,0.04238364993595456
A,D_A,0.5,5.64379172,-0.0014534199999998165,0.04238364993595456
A,D_A,0.5,5.66460817,-0.0025886600000000204,0.04238364993595456
A,D_A,0.5,5.68556022,-0.002829989999999949,0.04238364993595456
A,D_A,0.5,5.7067909,-0.0003926000000000762,0.04238364993595456
A,D_A,0.5,5.72769317,-0.001067670000000076,0.04238364993595456
A,D_A,0.5,5.74840017,0.002227709999999883,0.04238364993595456
A,D_A,0.5,5.76938192,0.004363969999999995,0.04238364993595456
A,D_A,0.5,5.79039764,-0.002052519999999891,0.04238364993595456
A,D_A,0.5,5.81144039,0.0009044100000001887,0.04238364993595456
A,D_A,0.5,5.83232115,-0.0006400799999999318,0.04238364993595456
A,D_A,0.5,5.85320209,0.00171086999999992,0.04238364993595456
A,D_A,0.5,5.87418919,0.0038189499999998766,0.04238364993595456
A,D_A,0.5,5.89509625,0.006082230000000077,0.04238364993595456
A,D_A,0.5,5.9159726,0.0007496799999999748,0.04238364993595456
A,D_A,0.5,5.93682663,0.0021714800000001144,0.04238364993595456
A,D_A,0.5,5.95791772,0.007023789999999863,0.04238364993595456
A,D_A,0.5,5.97900675,0.0011283300000000107,0.04238364993595456
A,D_A,0.5,5.99978945,-0.00501702000000015,0.04238364993595456
A,D_A,0.5,6.02063577,-0.0006153900000001045,0.04238364993595456
A,D_A,0.5,6.04156421,-0.002451549999999969,0.04238364993595456
A,D_A,0.5,6.06259364,0.0005920799999998838,0.04238364993595456
A,D_A,0.5,6.08377541,0.00034296000000000326,0.04238364993595456
A,D_A,0.5,6.10447051,0.0035255100000000095,0.04238364993595456
A,D_A,0.5,6.12538157,-0.0006699600000001915,0.04238364993595456
A,D_A,0.5,6.14660689,-0.0012735900000000466,0.04238364993595456
A,D_A,0.5,6.16752321,-0.0014841999999999356,0.04238364993595456
A,D_A,0.5,6.18833806,-0.001515419999999823,0.04238364993595456
A,D_A,0.5,6.20938667,0.003897280000000114,0.04238364993595456
A,D_A,0.5,6.23052184,-0.003014879999999831,0.04238364993595456
A,D_A,0.5,6.25137137,-0.003201269999999923,0.04238364993595456
A,D_A,0.5,6.27204484,0.0021181900000000198,0.04238364993595456
A,D_A,0.5,6.29290789,0.001044889999999965,0.04238364993595456
A,D_A,0.5,6.31382104,0.0013799599999999579,0.04238364993595456
A,D_A,0.5,6.33495691,0.0028719900000000465,0.04238364993595456
A,D_A,0.5,6.35600914,0.0008437900000000109,0.04238364993595456
A,D_A,0.5,6.37663869,0.0021953999999999585,0.04238364993595456
A,D_A,0.5,6.39770954,-0.002994549999999929,0.04238364993595456
A,D_A,0.5,6.41872759,0.002092179999999999,0.04238364993595456
A,D_A,0.5,6.43951457,0.00326746,0.04238364993595456
A,D_A,0.5,6.46033562,0.0027083599999999652,0.04238364993595456
A,D_A,0.5,6.4814564,-0.00030503999999997866,0.04238364993595456
A,D_A,0.5,6.50265681,0.00405505000000006,0.04238364993595456
A,D_A,0.5,6.52350383,5.882000000001497e-05,0.04238364993595456
A,D_A,0.5,6.54427866,-0.002060970000000051,0.04238364993595456
A,D_A,0.5,6.56515568,-0.0034898999999999347,0.04238364993595456
A,D_A,0.5,6.58628576,-0.006598609999999949,0.04238364993595456
A,D_A,0.5,6.60749316,0.0022754300000000782,0.04238364993595456
A,D_A,0.5,6.62830625,0.0012112300000000076,0.04238364993595456
A,D_A,0.5,6.64913567,0.0026804099999999664,0.04238364993595456
A,D_A,0.5,6.67020149,-0.0063592500000000385,0.04238364993595456
A,D_A,0.5,6.69106898,0.003652180000000005,0.04238364993595456
A,D_A,0.5,6.71185955,-0.0037448300000000323,0.04238364993595456
A,D_A,0.5,6.73264651,-0.0004554599999999631,0.04238364993595456
A,D_A,0.5,6.7537045,-0.0011934000000000111,0.04238364993595456
A,D_A,0.5,6.77487174,-0.0009641899999999204,0.04238364993595456
A,D_A,0.5,6.79557562,0.0008772599999999908,0.04238364993595456
A,D_A,0.5,6.81648781,0.0015058800000000705,0.04238364993595456
A,D_A,0.5,6.83753747,-0.002107839999999861,0.04238364993595456
A,D_A,0.5,6.85867557,-0.0014845699999999074,0.04238364993595456
A,D_A,0.5,6.87985316,0.0004114099999998899,0.04238364993595456
A,D_A,0.5,6.90065786,0.0008115799999999229,0.04238364993595456
A,D_A,0.5,6.92153112,0.003192609999999929,0.04238364993595456
A,D_A,0.5,6.94229803,0.0006722399999998796,0.04238364993595456
A,D_A,0.5,6.9630016,0.0004474500000000159,0.04238364993595456
A,D_A,0.5,6.98416877,-1.8310000000187898e-05,0.04238364993595456
A,D_A,0.5,7.0052781,0.003900730000000019,0.04238364993595456
A,D_A,0.5,7.02617612,-0.0004422400000001492,0.04238364993595456
A,D_A,0.5,7.04699526,0.00011857999999986824,0.04238364993595456
A,D_A,0.5,7.06761685,-0.004363490000000025,0.04238364993595456
A,D_A,0.5,7.08873369,-0.0006957800000000347,0.04238364993595456
A,D_A,0.5,7.10994937,-0.002868859999999973,0.04238364993595456
A,D_A,0.5,7.13102893,0.002728510000000073,0.04238364993595456
A,D_A,0.5,7.15201412,-0.00013540000000000774,0.04238364993595456
A,D_A,0.5,7.17271336,0.0016233940000000002,0.04238364993595456
A,D_A,0.5,7.19374266,-0.0011825600000001657,0.04238364993595456
A,D_A,0.5,7.21473042,-3.265000000007845e-05,0.04238364993595456
A,D_A,0.5,7.23564263,-0.00011645199999998912,0.04238364993595456
A,D_A,0.5,7.25666289,-0.0008937100000001585,0.04238364993595456
A,D_A,0.5,7.27757645,-0.0020195699999998595,0.04238364993595456
A,D_A,0.5,7.2984411,0.006450700000000031,0.04238364993595456
A,D_A,0.5,7.31917384,-2.827000000005242e-05,0.04238364993595456
A,D_A,0.5,7.34001688,-0.000671662999999989,0.04238364993595456
A,D_A,0.5,7.3611683,-0.004895280000000057,0.04238364993595456
A,D_A,0.5,7.38224284,0.0058335020000001014,0.04238364993595456
A,D_A,0.5,7.40324015,-0.0009481439999999841,0.04238364993595456
A,D_A,0.5,7.42408854,-0.0017399590000000131,0.04238364993595456
A,D_A,0.5,7.44500634,-0.00035050100000000306,0.04238364993595456
A,D_A,0.5,7.46595959,6.948600000000749e-05,0.04238364993595456
A,D_A,0.5,7.48696308,0.00023195500000006142,0.04238364993595456
A,D_A,0.5,7.5079936,2.6756999999988373e-05,0.04238364993595456
A,D_A,0.5,7.52871967,0.0004082260000000115,0.04238364993595456
A,D_A,0.5,7.54966921,0.0013617310000000327,0.04238364993595456
A,D_A,0.5,7.57064902,-0.003989687999999991,0.04238364993595456
A,D_A,0.5,7.59151428,-0.002275292999999956,0.04238364993595456
A,D_A,0.5,7.6123809,-0.002036235000000053,0.04238364993595456
A,D_A,0.5,7.63338324,0.0015260550000000261,0.04238364993595456
A,D_A,0.5,7.65450532,0.002723275000000025,0.04238364993595456
A,D_A,0.5,7.67556944,0.0011556030000000606,0.04238364993595456
A,D_A,0.5,7.69637751,-0.0025322610000000356,0.04238364993595456
A,D_A,0.5,7.71727216,-0.004224294999999989,0.04238364993595456
A,D_A,0.5,7.73835725,-0.0005268709999999288,0.04238364993595456
A,D_A,0.5,7.75934923,0.002756733000000011,0.04238364993595456
A,D_A,0.5,7.78023116,0.004934894000000023,0.04238364993595456
A,D_A,0.5,7.80098697,0.0002253700000000025,0.04238364993595456
A,D_A,0.5,7.82190677,-0.0027857169999999654,0.04238364993595456
A,D_A,0.5,7.84304931,-0.0016190350000000464,0.04238364993595456
A,D_A,0.5,7.86405132,0.0004107939999999921,0.04238364993595456
A,D_A,0.5,7.88484553,-0.0015460670000000398,0.04238364993595456
A,D_A,0.5,7.90574885,-0.002579311000000084,0.04238364993595456
A,D_A,0.5,7.9267531,0.004195756999999967,0.04238364993595456
A,D_A,0.5,7.94765228,0.0018505399999999561,0.04238364993595456
A,D_A,0.5,7.96842304,0.0011063369999999573,0.04238364993595456
A,D_A,0.5,7.98938616,-0.0018692920000000779,0.04238364993595456
A,D_A,0.5,8.01050815,-0.00039506900000008116,0.04238364993595456
A,D_A,0.5,8.03153334,-0.0006333490000000053,0.04238364993595456
A,D_A,0.5,8.05240251,-0.004839715999999994,0.04238364993595456
A,D_A,0.5,8.07332696,-0.003310535999999975,0.04238364993595456
A,D_A,0.5,8.09438514,-0.000355941999999998,0.04238364993595456
A,D_A,0.5,8.11529588,-0.0013460350000000787,0.04238364993595456
A,D_A,0.5,8.13618411,-0.0004338799999999976,0.04238364993595456
A,D_A,0.5,8.15717855,-0.0011831860000000027,0.04238364993595456
A,D_A,0.5,8.17807847,-0.004815221999999952,0.04238364993595456
A,D_A,0.5,8.19905269,0.0007388430000000445,0.04238364993595456
A,D_A,0.5,8.21991085,0.0023139050000000605,0.04238364993595456
A,D_A,0.5,8.24078529,-0.0015151830000000865,0.04238364993595456
A,D_A,0.5,8.26195652,-0.0048213609999999685,0.04238364993595456
A,D_A,0.5,8.28293039,-0.0004389120000000135,0.04238364993595456
A,D_A,0.5,8.30373423,-0.0025431430000000255,0.04238364993595456
A,D_A,0.5,8.32452583,0.004670235000000078,0.04238364993595456
A,D_A,0.5,8.34556221,-0.0013766629999999447,0.04238364993595456
A,D_A,0.5,8.36671927,-0.0005477000000000398,0.04238364993595456
A,D_A,0.5,8.38757523,-0.00047517900000004776,0.04238364993595456
A,D_A,0.5,8.40855808,-0.0036378239999999007,0.04238364993595456
A,D_A,0.5,8.42953585,0.0034782230000000025,0.04238364993595456
A,D_A,0.5,8.45042977,-0.0006859559999999876,0.04238364993595456
A,D_A,0.5,8.47138662,-0.0006283260000000679,0.04238364993595456
A,D_A,0.5,8.49217243,0.007014234000000008,0.04238364993595456
A,D_A,0.5,8.51321806,-0.002319344000000001,0.04238364993595456
A,D_A,0.5,8.53421183,-0.0044917610000000385,0.04238364993595456
A,D_A,0.5,8.55508292,-0.0006074339999999623,0.04238364993595456
A,D_A,0.5,8.57598662,-0.00025469000000000186,0.04238364993595456
A,D_A,0.5,8.59679232,0.002497258999999974,0.04238364993595456
A,D_A,0.5,8.61783107,0.0008504489999999754,0.04238364993595456
A,D_A,0.5,8.63891768,-0.00404137800000004,0.04238364993595456
A,D_A,0.5,8.65972861,-0.0035569120000000787,0.04238364993595456
A,D_A,0.5,8.68059853,-0.0033676169999999894,0.04238364993595456
A,D_A,0.5,8.70174168,0.0003642889999999621,0.04238364993595456
A,D_A,0.5,8.72279566,0.0017273669999999797,0.04238364993595456
A,D_A,0.5,8.74359241,0.0033018580000000464,0.04238364993595456
A,D_A,0.5,8.76424415,0.0028411309999999412,0.04238364993595456
A,D_A,0.5,8.78526729,-0.0009335270000000451,0.04238364993595456
A,D_A,0.5,8.80637189,-0.003454894999999958,0.04238364993595456
A,D_A,0.5,8.82736896,-0.0015236610000000095,0.04238364993595456
A,D_A,0.5,8.84843212,0.000865064000000082,0.04238364993595456
A,D_A,0.5,8.86933197,-0.0009367890000000489,0.04238364993595456
A,D_A,0.5,8.89026857,-0.0013193919999999748,0.04238364993595456
A,D_A,0.5,8.91123702,0.0034719420000000056,0.04238364993595456
A,D_A,0.5,8.93214776,-0.000723206999999948,0.04238364993595456
A,D_A,0.5,8.95312097,0.0022107329999999648,0.04238364993595456
A,D_A,0.5,8.9741304,0.0013933939999999367,0.04238364993595456
A,D_A,0.5,8.99505705,-0.001151587000000065,0.04238364993595456
A,D_A,0.5,9.01571368,0.001821247999999942,0.04238364993595456
A,D_A,0.5,9.03640927,0.0005229049999999624,0.04238364993595456
A,D_A,0.5,9.05755121,-0.0006658259999999805,0.04238364993595456
A,D_A,0.5,9.07868023,-0.0016665559999999857,0.04238364993595456
A,D_A,0.5,9.09969513,0.003722525000000032,0.04238364993595456
A,D_A,0.5,9.1205658,-0.000738885000000078,0.04238364993595456
A,D_A,0.5,9.14137844,-0.0014744349999999962,0.04238364993595456
A,D_A,0.5,9.16237082,0.0011290910000000265,0.04238364993595456
A,D_A,0.5,9.18339441,-0.0025154099999999957,0.04238364993595456
A,D_A,0.5,9.20447395,0.0011971170000000253,0.04238364993595456
A,D_A,0.5,9.22549281,0.0016043369999999557,0.04238364993595456
A,D_A,0.5,9.2463962,0.0004544189999999837,0.04238364993595456
A,D_A,0.5,9.26722673,0.0006916390000000217,0.04238364993595456
A,D_A,0.5,9.28791689,-0.00043178999999993195,0.04238364993595456
A,D_A,0.5,9.30892724,0.0018500000000000183,0.04238364993595456
A,D_A,0.5,9.33003065,-0.003563647000000003,0.04238364993595456
A,D_A,0.5,9.35102864,-0.002057139000000041,0.04238364993595456
A,D_A,0.5,9.37196601,0.00029085799999994943,0.04238364993595456
A,D_A,0.5,9.39258783,0.0004708570000000467,0.04238364993595456
A,D_A,0.5,9.41349621,-0.0010060169999999147,0.04238364993595456
A,D_A,0.5,9.4347927,-0.000980987999999905,0.04238364993595456
A,D_A,0.5,9.45587737,-0.0007166100000000064,0.04238364993595456
A,D_A,0.5,9.47676866,-0.002503031999999905,0.04238364993595456
A,D_A,0.5,9.49762777,-0.005084885000000039,0.04238364993595456
A,D_A,0.5,9.51852362,-0.00244507099999991,0.04238364993595456
A,D_A,0.5,9.53939795,-0.00046267899999996587,0.04238364993595456
A,D_A,0.5,9.56035551,-0.0006378870000000036,0.04238364993595456
A,D_A,0.5,9.58149741,-0.002102052000000021,0.04238364993595456
A,D_A,0.5,9.60249587,0.0007292509999999863,0.04238364993595456
A,D_A,0.5,9.62336478,-0.0026865999999999834,0.04238364993595456
A,D_A,0.5,9.64415055,6.55459999999719e-05,0.04238364993595456
A,D_A,0.5,9.66502224,0.00027900899999999673,0.04238364993595456
A,D_A,0.5,9.68597433,6.597899999993828e-05,0.04238364993595456
A,D_A,0.5,9.7069728,7.409899999999414e-05,0.04238364993595456
A,D_A,0.5,9.72797765,-0.0016504989999999164,0.04238364993595456
A,D_A,0.5,9.74896401,0.0010722499999999968,0.04238364993595456
A,D_A,0.5,9.76996217,0.001080731000000057,0.04238364993595456
A,D_A,0.5,9.79085678,-0.004100733000000023,0.04238364993595456
A,D_A,0.5,9.81166698,0.0013099340000000126,0.04238364993595456
A,D_A,0.5,9.83262494,-0.0028225199999999395,0.04238364993595456
A,D_A,0.5,9.85372265,-0.000913765999999927,0.04238364993595456
A,D_A,0.5,9.87472665,-0.0038763469999999467,0.04238364993595456
A,D_A,0.5,9.89559934,0.0024034939999999505,0.04238364993595456
A,D_A,0.5,9.91635289,0.0004721540000000024,0.04238364993595456
A,D_A,0.5,9.93737645,4.161000000002524e-05,0.04238364993595456
A,D_A,0.5,9.95856995,-0.003496175999999962,0.04238364993595456
A,D_A,0.5,9.97940815,0.0007106319999999888,0.04238364993595456
A,D_A,0.5,10.000082,0.00031316100000000624,0.04238364993595456
A,D_A,2.5,0.0252815853,0.021027996109,0.026003882968598516
A,D_A,2.5,0.0486976344,0.02502730665,0.026003882968598516
A,D_A,2.5,0.0692644017,0.02474737958,0.026003882968598516
A,D_A,2.5,0.08877835,0.02402023232,0.026003882968598516
A,D_A,2.5,0.111604297,0.02426626154,0.026003882968598516
A,D_A,2.5,0.132731806,0.0242767094,0.026003882968598516
A,D_A,2.5,0.153672181,0.023474650800000003,0.026003882968598516
A,D_A,2.5,0.175641863,0.0235796736,0.026003882968598516
A,D_A,2.5,0.196615509,0.0237751574,0.026003882968598516
A,D_A,2.5,0.217326708,0.0220362827,0.026003882968598516
A,D_A,2.5,0.237538457,0.022807533700000007,0.026003882968598516
A,D_A,2.5,0.258148683,0.023765549599999998,0.026003882968598516
A,D_A,2.5,0.28040349,0.01995944129999999,0.026003882968598516
A,D_A,2.5,0.301929084,0.021279790199999996,0.026003882968598516
A,D_A,2.5,0.322287413,0.02061663259999999,0.026003882968598516
A,D_A,2.5,0.342663331,0.01875993990000001,0.026003882968598516
A,D_A,2.5,0.363641289,0.019088244399999996,0.026003882968598516
A,D_A,2.5,0.385602948,0.019724304999999998,0.026003882968598516
A,D_A,2.5,0.406737165,0.020166081000000002,0.026003882968598516
A,D_A,2.5,0.427001871,0.017444954999999984,0.026003882968598516
A,D_A,2.5,0.448754416,0.015152422999999998,0.026003882968598516
A,D_A,2.5,0.469601745,0.018295756999999996,0.026003882968598516
A,D_A,2.5,0.489805379,0.015180924000000012,0.026003882968598516
A,D_A,2.5,0.510302494,0.015944239,0.026003882968598516
A,D_A,2.5,0.53178319,0.017233088000000008,0.026003882968598516
A,D_A,2.5,0.553922362,0.012276747000000005,0.026003882968598516
A,D_A,2.5,0.574670041,0.009971548999999996,0.026003882968598516
A,D_A,2.5,0.594645701,0.010064063000000012,0.026003882968598516
A,D_A,2.5,0.615540037,0.014089307999999967,0.026003882968598516
A,D_A,2.5,0.636554081,0.008558266000000037,0.026003882968598516
A,D_A,2.5,0.658102417,0.008218597999999966,0.026003882968598516
A,D_A,2.5,0.679189641,0.012468788000000008,0.026003882968598516
A,D_A,2.5,0.700054044,0.01447659699999998,0.026003882968598516
A,D_A,2.5,0.721329826,0.006427463000000022,0.026003882968598516
A,D_A,2.5,0.742033923,0.008937097999999977,0.026003882968598516
A,D_A,2.5,0.762614581,0.012796652999999991,0.026003882968598516
A,D_A,2.5,0.783270495,0.0064060120000000165,0.026003882968598516
A,D_A,2.5,0.804783918,0.00639583699999996,0.026003882968598516
A,D_A,2.5,0.826095906,0.0057011090000000375,0.026003882968598516
A,D_A,2.5,0.846303977,0.0033274369999999887,0.026003882968598516
A,D_A,2.5,0.867174819,0.0043724580000000235,0.026003882968598516
A,D_A,2.5,0.888413258,0.005298299000000006,0.026003882968598516
A,D_A,2.5,0.909910564,0.004360193000000012,0.026003882968598516
A,D_A,2.5,0.931134698,-0.0001381779999999333,0.026003882968598516
A,D_A,2.5,0.951563161,0.0051959599999999995,0.026003882968598516
A,D_A,2.5,0.972160451,-0.00288844399999999,0.026003882968598516
A,D_A,2.5,0.993008165,0.0015850859999999578,0.026003882968598516
A,D_A,2.5,1.0140906,-0.001132911999999986,0.026003882968598516
A,D_A,2.5,1.03500338,-0.00020013200000001952,0.026003882968598516
A,D_A,2.5,1.05657413,0.000719580000000053,0.026003882968598516
A,D_A,2.5,1.07789814,-0.0011720509999999518,0.026003882968598516
A,D_A,2.5,1.09835045,-0.0012947020000000364,0.026003882968598516
A,D_A,2.5,1.11903902,-0.0062940300000000615,0.026003882968598516
A,D_A,2.5,1.1396405,-0.0003910169999999935,0.026003882968598516
A,D_A,2.5,1.16109193,-0.006756034999999994,0.026003882968598516
A,D_A,2.5,1.18227503,-0.005460346000000005,0.026003882968598516
A,D_A,2.5,1.2030555,-0.003045210999999992,0.026003882968598516
A,D_A,2.5,1.22375183,0.003927157999999986,0.026003882968598516
A,D_A,2.5,1.24453484,-0.004056598000000022,0.026003882968598516
A,D_A,2.5,1.26570671,-0.002183177000000036,0.026003882968598516
A,D_A,2.5,1.28693994,-0.0066130560000000616,0.026003882968598516
A,D_A,2.5,1.30807124,0.0030675620000000237,0.026003882968598516
A,D_A,2.5,1.32889646,-0.0072126359999999945,0.026003882968598516
A,D_A,2.5,1.34945121,-0.011458449000000037,0.026003882968598516
A,D_A,2.5,1.37055188,0.006075649999999988,0.026003882968598516
A,D_A,2.5,1.39148285,-0.012100291999999957,0.026003882968598516
A,D_A,2.5,1.41220445,-0.00020456800000001607,0.026003882968598516
A,D_A,2.5,1.43352474,-0.0038142439999999667,0.026003882968598516
A,D_A,2.5,1.45454751,-0.00774006599999999,0.026003882968598516
A,D_A,2.5,1.47511055,-0.005024160000000055,0.026003882968598516
A,D_A,2.5,1.49566583,-0.0036701570000000627,0.026003882968598516
A,D_A,2.5,1.51690776,-0.007838052999999956,0.026003882968598516
A,D_A,2.5,1.53826425,-0.005520021000000042,0.026003882968598516
A,D_A,2.5,1.55931449,-0.0038599790000000134,0.026003882968598516
A,D_A,2.5,1.58012172,-0.001012890000000044,0.026003882968598516
A,D_A,2.5,1.60114355,-0.01343699399999998,0.026003882968598516
A,D_A,2.5,1.62229155,-0.010244765000000045,0.026003882968598516
A,D_A,2.5,1.64295947,-0.006749617999999957,0.026003882968598516
A,D_A,2.5,1.66366432,-0.006624723999999915,0.026003882968598516
A,D_A,2.5,1.68478217,0.00405366500000004,0.026003882968598516
A,D_A,2.5,1.7057485,0.0021486159999999366,0.026003882968598516
A,D_A,2.5,1.72683745,-0.009917414999999985,0.026003882968598516
A,D_A,2.5,1.74765849,-0.009773546999999994,0.026003882968598516
A,D_A,2.5,1.76847487,-0.00262778599999991,0.026003882968598516
A,D_A,2.5,1.78961871,-0.0056429170000000806,0.026003882968598516
A,D_A,2.5,1.81086098,-0.004587105000000036,0.026003882968598516
A,D_A,2.5,1.83179094,0.007527280999999997,0.026003882968598516
A,D_A,2.5,1.8521746,-0.004848279999999927,0.026003882968598516
A,D_A,2.5,1.8733654,-0.0005042190000000835,0.026003882968598516
A,D_A,2.5,1.89455538,0.002763915000000061,0.026003882968598516
A,D_A,2.5,1.91534795,0.006323697000000017,0.026003882968598516
A,D_A,2.5,1.93623233,-0.01093867000000004,0.026003882968598516
A,D_A,2.5,1.9571481,-0.010402357000000029,0.026003882968598516
A,D_A,2.5,1.97825109,0.00043806699999993093,0.026003882968598516
A,D_A,2.5,1.99905898,-0.0016951429999999545,0.026003882968598516
A,D_A,2.5,2.01966715,-0.004083504999999987,0.026003882968598516
A,D_A,2.5,2.04082415,-0.008518895999999998,0.026003882968598516
A,D_A,2.5,2.06193171,-0.009001923999999994,0.026003882968598516
A,D_A,2.5,2.08296048,0.0006918930000000545,0.026003882968598516
A,D_A,2.5,2.10383017,-0.009665659000000049,0.026003882968598516
A,D_A,2.5,2.12494312,0.001088894000000007,0.026003882968598516
A,D_A,2.5,2.14618475,-0.004654766000000032,0.026003882968598516
A,D_A,2.5,2.16679298,-0.002051212999999996,0.026003882968598516
A,D_A,2.5,2.18753482,-0.0015683850000000055,0.026003882968598516
A,D_A,2.5,2.20847027,0.004009176000000059,0.026003882968598516
A,D_A,2.5,2.22955181,-0.004393221000000058,0.026003882968598516
A,D_A,2.5,2.25078374,-0.0034761990000000687,0.026003882968598516
A,D_A,2.5,2.27150159,-0.0003852690000000214,0.026003882968598516
A,D_A,2.5,2.29205574,-0.004584033000000098,0.026003882968598516
A,D_A,2.5,2.31294326,-0.0074403499999999845,0.026003882968598516
A,D_A,2.5,2.3340363,0.0010719680000000897,0.026003882968598516
A,D_A,2.5,2.35514399,0.006441862000000076,0.026003882968598516
A,D_A,2.5,2.37607726,-0.0008507170000000563,0.026003882968598516
A,D_A,2.5,2.39730341,-0.0011437229999999854,0.026003882968598516
A,D_A,2.5,2.41857203,-0.00875185200000006,0.026003882968598516
A,D_A,2.5,2.43911056,0.006194992000000066,0.026003882968598516
A,D_A,2.5,2.45988005,-0.003305859999999994,0.026003882968598516
A,D_A,2.5,2.48094151,0.004689300999999979,0.026003882968598516
A,D_A,2.5,2.50196601,0.006915298000000014,0.026003882968598516
A,D_A,2.5,2.52300496,-0.008159960000000077,0.026003882968598516
A,D_A,2.5,2.54340089,-0.005710217999999934,0.026003882968598516
A,D_A,2.5,2.56415297,0.0035856320000000608,0.026003882968598516
A,D_A,2.5,2.58575836,-0.004929988999999968,0.026003882968598516
A,D_A,2.5,2.60684428,0.006982484000000011,0.026003882968598516
A,D_A,2.5,2.62775949,0.0012978619999999275,0.026003882968598516
A,D_A,2.5,2.64834355,-0.0021970150000000244,0.026003882968598516
A,D_A,2.5,2.66912062,-0.0005771140000000452,0.026003882968598516
A,D_A,2.5,2.69039946,0.0033852560000000587,0.026003882968598516
A,D_A,2.5,2.71121518,0.0013233000000000272,0.026003882968598516
A,D_A,2.5,2.7321837,0.001397712000000051,0.026003882968598516
A,D_A,2.5,2.75306239,0.003960142000000055,0.026003882968598516
A,D_A,2.5,2.77427049,-0.0007807930000000018,0.026003882968598516
A,D_A,2.5,2.79557932,-0.0008351070000000016,0.026003882968598516
A,D_A,2.5,2.8160646,-0.0015076399999999213,0.026003882968598516
A,D_A,2.5,2.83689478,0.0005941529999999862,0.026003882968598516
A,D_A,2.5,2.85801727,0.0016147189999999867,0.026003882968598516
A,D_A,2.5,2.87906973,-0.002367545999999998,0.026003882968598516
A,D_A,2.5,2.89996898,-0.001327775000000031,0.026003882968598516
A,D_A,2.5,2.92062944,0.000506388999999996,0.026003882968598516
A,D_A,2.5,2.941605,0.0004972060000000278,0.026003882968598516
A,D_A,2.5,2.96267076,-0.004783470999999984,0.026003882968598516
A,D_A,2.5,2.98347442,-0.005253259000000066,0.026003882968598516
A,D_A,2.5,3.00437656,-0.001038045000000043,0.026003882968598516
A,D_A,2.5,3.02542142,-0.0008754090000000492,0.026003882968598516
A,D_A,2.5,3.04658726,-0.0014312469999999688,0.026003882968598516
A,D_A,2.5,3.06768101,-0.0006048840000000277,0.026003882968598516
A,D_A,2.5,3.088328,0.0033703379999999727,0.026003882968598516
A,D_A,2.5,3.10931167,0.0005124279999999537,0.026003882968598516
A,D_A,2.5,3.1305457,-0.002720382000000021,0.026003882968598516
A,D_A,2.5,3.15150209,0.0003236309999999909,0.026003882968598516
A,D_A,2.5,3.17219014,0.000542016000000034,0.026003882968598516
A,D_A,2.5,3.19299024,-0.0010274559999999822,0.026003882968598516
A,D_A,2.5,3.21390436,-0.0044502949999999375,0.026003882968598516
A,D_A,2.5,3.23506564,-0.00028732500000006045,0.026003882968598516
A,D_A,2.5,3.25605387,0.003199829000000043,0.026003882968598516
A,D_A,2.5,3.27685776,0.01012624299999998,0.026003882968598516
A,D_A,2.5,3.29794723,-0.0006204239999999528,0.026003882968598516
A,D_A,2.5,3.31884778,-0.003010474999999957,0.026003882968598516
A,D_A,2.5,3.33944269,-0.0010574010000000689,0.026003882968598516
A,D_A,2.5,3.36030612,-0.0027784629999999533,0.026003882968598516
A,D_A,2.5,3.38171654,-0.005174247999999992,0.026003882968598516
A,D_A,2.5,3.40297495,-0.002233975999999971,0.026003882968598516
A,D_A,2.5,3.42370792,-0.006197993000000013,0.026003882968598516
A,D_A,2.5,3.44440875,-0.007766033999999977,0.026003882968598516
A,D_A,2.5,3.465315,-0.0002848770000000167,0.026003882968598516
A,D_A,2.5,3.4865867,-0.0028302669999999974,0.026003882968598516
A,D_A,2.5,3.50751221,-0.002368480000000006,0.026003882968598516
A,D_A,2.5,3.52796741,-0.0027348459999999575,0.026003882968598516
A,D_A,2.5,3.5488788,-0.0037042360000000274,0.026003882968598516
A,D_A,2.5,3.57014151,0.0014364239999999917,0.026003882968598516
A,D_A,2.5,3.59120365,0.001914760999999987,0.026003882968598516
A,D_A,2.5,3.61190928,-0.0034289490000000145,0.026003882968598516
A,D_A,2.5,3.63300558,0.002646225000000002,0.026003882968598516
A,D_A,2.5,3.6541422,0.0004464189999999757,0.026003882968598516
A,D_A,2.5,3.67500902,-0.0026312939999999507,0.026003882968598516
A,D_A,2.5,3.69581564,-0.0027845140000000157,0.026003882968598516
A,D_A,2.5,3.71644729,-0.0052924629999999695,0.026003882968598516
A,D_A,2.5,3.73749774,-0.0025328369999999545,0.026003882968598516
A,D_A,2.5,3.75868086,-0.004188729000000002,0.026003882968598516
A,D_A,2.5,3.77950549,-0.00021904699999997224,0.026003882968598516
A,D_A,2.5,3.80027286,0.0013906759999999796,0.026003882968598516
A,D_A,2.5,3.82143123,-0.005890249000000014,0.026003882968598516
A,D_A,2.5,3.84280481,0.004304000999999946,0.026003882968598516
A,D_A,2.5,3.86349282,0.002128534999999987,0.026003882968598516
A,D_A,2.5,3.88417456,0.0024037369999999614,0.026003882968598516
A,D_A,2.5,3.90535419,0.0016319649999999575,0.026003882968598516
A,D_A,2.5,3.9264697,0.0005310579999999732,0.026003882968598516
A,D_A,2.5,3.94738681,-0.0010716999999998977,0.026003882968598516
A,D_A,2.5,3.96810309,0.0010449640000000926,0.026003882968598516
A,D_A,2.5,3.98888694,0.0017399750000000047,0.026003882968598516
A,D_A,2.5,4.00993371,-0.00035346499999999725,0.026003882968598516
A,D_A,2.5,4.03080983,-0.0021606970000001002,0.026003882968598516
A,D_A,2.5,4.05178039,-0.0033977010000000307,0.026003882968598516
A,D_A,2.5,4.07276799,0.00032943900000004245,0.026003882968598516
A,D_A,2.5,4.09368684,0.003804961000000051,0.026003882968598516
A,D_A,2.5,4.11485609,0.002923898000000036,0.026003882968598516
A,D_A,2.5,4.13583188,0.005427476000000042,0.026003882968598516
A,D_A,2.5,4.15670688,0.0023912470000000408,0.026003882968598516
A,D_A,2.5,4.17758774,-0.0007926750000000204,0.026003882968598516
A,D_A,2.5,4.19867141,0.001489947000000047,0.026003882968598516
A,D_A,2.5,4.21961517,6.874600000006392e-05,0.026003882968598516
A,D_A,2.5,4.24013393,-0.0022756999999999916,0.026003882968598516
A,D_A,2.5,4.26119077,-0.0034098399999999973,0.026003882968598516
A,D_A,2.5,4.28239268,-0.004447313000000008,0.026003882968598516
A,D_A,2.5,4.30342826,-0.001594906000000007,0.026003882968598516
A,D_A,2.5,4.32431592,0.0007664909999999248,0.026003882968598516
A,D_A,2.5,4.34508479,-0.0037970469999999423,0.026003882968598516
A,D_A,2.5,4.36604259,-0.007701876999999913,0.026003882968598516
A,D_A,2.5,4.38708086,0.0028382339999999395,0.026003882968598516
A,D_A,2.5,4.40778797,-0.00030631199999997527,0.026003882968598516
A,D_A,2.5,4.4288526,-0.003747043000000061,0.026003882968598516
A,D_A,2.5,4.44994967,0.001690320000000023,0.026003882968598516
A,D_A,2.5,4.47085438,-0.00115949999999998,0.026003882968598516
A,D_A,2.5,4.49188801,0.0003279699999998442,0.026003882968598516
A,D_A,2.5,4.51250216,0.0023374099999999842,0.026003882968598516
A,D_A,2.5,4.5334461,-0.0035300699999998297,0.026003882968598516
A,D_A,2.5,4.55463591,0.0007245899999999139,0.026003882968598516
A,D_A,2.5,4.57547609,-0.0033065300000001407,0.026003882968598516
A,D_A,2.5,4.59643311,-0.002943010000000079,0.026003882968598516
A,D_A,2.5,4.61732903,0.005628500000000036,0.026003882968598516
A,D_A,2.5,4.63833098,0.0013221699999999004,0.026003882968598516
A,D_A,2.5,4.65949324,0.0006544200000000444,0.026003882968598516
A,D_A,2.5,4.68039693,-0.0023384799999999206,0.026003882968598516
A,D_A,2.5,4.70136745,-0.006804159999999948,0.026003882968598516
A,D_A,2.5,4.72221533,-0.0009796900000000885,0.026003882968598516
A,D_A,2.5,4.74309374,-0.005452849999999954,0.026003882968598516
A,D_A,2.5,4.76390784,-0.0012882800000000305,0.026003882968598516
A,D_A,2.5,4.78491795,-0.0013222199999998185,0.026003882968598516
A,D_A,2.5,4.80636204,0.0014897899999999353,0.026003882968598516
A,D_A,2.5,4.82728449,-0.0014798499999999493,0.026003882968598516
A,D_A,2.5,4.84785524,-0.0027093700000000442,0.026003882968598516
A,D_A,2.5,4.86859731,-0.006686680000000056,0.026003882968598516
A,D_A,2.5,4.88954319,-0.0026032400000000067,0.026003882968598516
A,D_A,2.5,4.91078695,-0.0019689499999999693,0.026003882968598516
A,D_A,2.5,4.93172016,0.0007188099999999586,0.026003882968598516
A,D_A,2.5,4.95244063,0.0003226499999999799,0.026003882968598516
A,D_A,2.5,4.97348932,-0.006561859999999919,0.026003882968598516
A,D_A,2.5,4.994309,7.960000000029055e-06,0.026003882968598516
A,D_A,2.5,5.01515697,0.0030810899999997865,0.026003882968598516
A,D_A,2.5,5.03598003,-0.0038915299999999764,0.026003882968598516
A,D_A,2.5,5.05703237,-0.0004468999999998058,0.026003882968598516
A,D_A,2.5,5.07840332,0.0010989800000000827,0.026003882968598516
A,D_A,2.5,5.09943841,7.255000000006007e-05,0.026003882968598516
A,D_A,2.5,5.12032938,-0.0034932899999999822,0.026003882968598516
A,D_A,2.5,5.14107614,0.001250870000000015,0.026003882968598516
A,D_A,2.5,5.16214077,0.0012815500000000757,0.026003882968598516
A,D_A,2.5,5.18341099,-0.0014219099999999152,0.026003882968598516
A,D_A,2.5,5.2041075,0.0007931899999999992,0.026003882968598516
A,D_A,2.5,5.22477891,-0.001815800000000145,0.026003882968598516
A,D_A,2.5,5.24557967,0.0007554399999998296,0.026003882968598516
A,D_A,2.5,5.26649236,0.0037357399999999874,0.026003882968598516
A,D_A,2.5,5.28753131,-0.003792319999999849,0.026003882968598516
A,D_A,2.5,5.30847064,-0.0035315700000000394,0.026003882968598516
A,D_A,2.5,5.32946745,0.0025870599999999744,0.026003882968598516
A,D_A,2.5,5.3506922,-0.00019717000000007978,0.026003882968598516
A,D_A,2.5,5.37158853,0.0021429000000001697,0.026003882968598516
A,D_A,2.5,5.39231925,0.005118450000000108,0.026003882968598516
A,D_A,2.5,5.41333352,-0.0007948799999999423,0.026003882968598516
A,D_A,2.5,5.43434316,0.0016535500000001147,0.026003882968598516
A,D_A,2.5,5.45530659,0.005866090000000046,0.026003882968598516
A,D_A,2.5,5.47618498,-0.0027642000000001055,0.026003882968598516
A,D_A,2.5,5.49715755,-0.00387981000000015,0.026003882968598516
A,D_A,2.5,5.51801586,0.0012716799999998862,0.026003882968598516
A,D_A,2.5,5.53881995,-0.0005943299999999763,0.026003882968598516
A,D_A,2.5,5.55992514,-0.008138050000000119,0.026003882968598516
A,D_A,2.5,5.58098545,0.00047568999999980655,0.026003882968598516
A,D_A,2.5,5.60183772,0.005249700000000024,0.026003882968598516
A,D_A,2.5,5.62277584,-0.004367169999999865,0.026003882968598516
A,D_A,2.5,5.64379172,-0.0011656999999998252,0.026003882968598516
A,D_A,2.5,5.66460817,0.0014978300000001443,0.026003882968598516
A,D_A,2.5,5.68556022,-0.00231201999999997,0.026003882968598516
A,D_A,2.5,5.7067909,-0.0002871099999999238,0.026003882968598516
A,D_A,2.5,5.72769317,0.0016425099999999304,0.026003882968598516
A,D_A,2.5,5.74840017,-4.685000000015371e-05,0.026003882968598516
A,D_A,2.5,5.76938192,0.003015459999999859,0.026003882968598516
A,D_A,2.5,5.79039764,-0.0019815100000000196,0.026003882968598516
A,D_A,2.5,5.81144039,-0.0003881499999998095,0.026003882968598516
A,D_A,2.5,5.83232115,-0.00482216000000002,0.026003882968598516
A,D_A,2.5,5.85320209,0.0016117499999999119,0.026003882968598516
A,D_A,2.5,5.87418919,0.005350879999999947,0.026003882968598516
A,D_A,2.5,5.89509625,0.0016162799999999145,0.026003882968598516
A,D_A,2.5,5.9159726,0.0037688899999999137,0.026003882968598516
A,D_A,2.5,5.93682663,0.003872980000000137,0.026003882968598516
A,D_A,2.5,5.95791772,-0.0026423799999999442,0.026003882968598516
A,D_A,2.5,5.97900675,-0.0009122799999998765,0.026003882968598516
A,D_A,2.5,5.99978945,0.002232389999999862,0.026003882968598516
A,D_A,2.5,6.02063577,0.002285899999999952,0.026003882968598516
A,D_A,2.5,6.04156421,-0.0031285100000000288,0.026003882968598516
A,D_A,2.5,6.06259364,0.0019249299999999359,0.026003882968598516
A,D_A,2.5,6.08377541,-0.0026201900000000222,0.026003882968598516
A,D_A,2.5,6.10447051,0.0007242599999999211,0.026003882968598516
A,D_A,2.5,6.12538157,-0.0030682100000001267,0.026003882968598516
A,D_A,2.5,6.14660689,-0.004817550000000059,0.026003882968598516
A,D_A,2.5,6.16752321,-0.0006865499999999525,0.026003882968598516
A,D_A,2.5,6.18833806,0.0023061800000001575,0.026003882968598516
A,D_A,2.5,6.20938667,0.0026788200000000817,0.026003882968598516
A,D_A,2.5,6.23052184,-0.00873908000000001,0.026003882968598516
A,D_A,2.5,6.25137137,-9.12899999998551e-05,0.026003882968598516
A,D_A,2.5,6.27204484,0.0013522299999999543,0.026003882968598516
A,D_A,2.5,6.29290789,-0.0019471800000001593,0.026003882968598516
A,D_A,2.5,6.31382104,-0.0036883699999998854,0.026003882968598516
A,D_A,2.5,6.33495691,-0.0004918499999999604,0.026003882968598516
A,D_A,2.5,6.35600914,-0.003109030000000068,0.026003882968598516
A,D_A,2.5,6.37663869,0.003685329999999931,0.026003882968598516
A,D_A,2.5,6.39770954,0.0036620099999999933,0.026003882968598516
A,D_A,2.5,6.41872759,0.000572550000000005,0.026003882968598516
A,D_A,2.5,6.43951457,0.0014004000000000794,0.026003882968598516
A,D_A,2.5,6.46033562,0.00725963999999979,0.026003882968598516
A,D_A,2.5,6.4814564,-0.0025989299999999993,0.026003882968598516
A,D_A,2.5,6.50265681,0.004121020000000142,0.026003882968598516
A,D_A,2.5,6.52350383,0.0023589299999999813,0.026003882968598516
A,D_A,2.5,6.54427866,-0.0032103999999999466,0.026003882968598516
A,D_A,2.5,6.56515568,-0.0004995699999998937,0.026003882968598516
A,D_A,2.5,6.58628576,-0.0017985000000000362,0.026003882968598516
A,D_A,2.5,6.60749316,0.00027132000000018586,0.026003882968598516
A,D_A,2.5,6.62830625,0.002667050000000115,0.026003882968598516
A,D_A,2.5,6.64913567,0.0006767100000000248,0.026003882968598516
A,D_A,2.5,6.67020149,-0.007199619999999962,0.026003882968598516
A,D_A,2.5,6.69106898,0.0052115400000001255,0.026003882968598516
A,D_A,2.5,6.71185955,-0.0012938000000000116,0.026003882968598516
A,D_A,2.5,6.73264651,0.0042830300000000765,0.026003882968598516
A,D_A,2.5,6.7537045,-0.0030779700000000965,0.026003882968598516
A,D_A,2.5,6.77487174,6.530000000060099e-06,0.026003882968598516
A,D_A,2.5,6.79557562,-0.0006148200000000159,0.026003882968598516
A,D_A,2.5,6.81648781,0.0025066900000001446,0.026003882968598516
A,D_A,2.5,6.83753747,0.0008720700000000026,0.026003882968598516
A,D_A,2.5,6.85867557,-0.0006465799999999522,0.026003882968598516
A,D_A,2.5,6.87985316,-0.0008083600000001745,0.026003882968598516
A,D_A,2.5,6.90065786,-0.00018092000000002884,0.026003882968598516
A,D_A,2.5,6.92153112,-0.00041466000000012215,0.026003882968598516
A,D_A,2.5,6.94229803,0.0013045299999998594,0.026003882968598516
A,D_A,2.5,6.9630016,0.0010621299999999945,0.026003882968598516
A,D_A,2.5,6.98416877,0.001963709999999841,0.026003882968598516
A,D_A,2.5,7.0052781,0.00091726999999997,0.026003882968598516
A,D_A,2.5,7.02617612,0.0003474500000000269,0.026003882968598516
A,D_A,2.5,7.04699526,-0.001714830000000056,0.026003882968598516
A,D_A,2.5,7.06761685,-0.001149479999999814,0.026003882968598516
A,D_A,2.5,7.08873369,0.0016516099999999145,0.026003882968598516
A,D_A,2.5,7.10994937,-0.0009726999999999375,0.026003882968598516
A,D_A,2.5,7.13102893,-0.0004668100000000397,0.026003882968598516
A,D_A,2.5,7.15201412,-0.0006255400000001465,0.026003882968598516
A,D_A,2.5,7.17271336,0.004229533999999924,0.026003882968598516
A,D_A,2.5,7.19374266,-0.0013241800000001192,0.026003882968598516
A,D_A,2.5,7.21473042,-0.0010468660000000352,0.026003882968598516
A,D_A,2.5,7.23564263,-0.00022089699999994217,0.026003882968598516
A,D_A,2.5,7.25666289,0.00021340999999996946,0.026003882968598516
A,D_A,2.5,7.27757645,-0.001060889999999981,0.026003882968598516
A,D_A,2.5,7.2984411,0.004599338000000008,0.026003882968598516
A,D_A,2.5,7.31917384,-0.0037615000000000842,0.026003882968598516
A,D_A,2.5,7.34001688,-0.0014237019999999712,0.026003882968598516
A,D_A,2.5,7.3611683,-0.00014938000000008778,0.026003882968598516
A,D_A,2.5,7.38224284,0.0036427150000000186,0.026003882968598516
A,D_A,2.5,7.40324015,0.00042003400000001356,0.026003882968598516
A,D_A,2.5,7.42408854,-0.0026448880000000674,0.026003882968598516
A,D_A,2.5,7.44500634,0.00042226899999997514,0.026003882968598516
A,D_A,2.5,7.46595959,-0.002023058000000022,0.026003882968598516
A,D_A,2.5,7.48696308,-0.0007091249999999771,0.026003882968598516
A,D_A,2.5,7.5079936,0.0006189909999999577,0.026003882968598516
A,D_A,2.5,7.52871967,-0.0038443230000000383,0.026003882968598516
A,D_A,2.5,7.54966921,0.0013419960000000675,0.026003882968598516
A,D_A,2.5,7.57064902,0.004236141999999998,0.026003882968598516
A,D_A,2.5,7.59151428,1.466199999999862e-05,0.026003882968598516
A,D_A,2.5,7.6123809,-0.002813106000000065,0.026003882968598516
A,D_A,2.5,7.63338324,0.003722267999999973,0.026003882968598516
A,D_A,2.5,7.65450532,-0.0012307200000000185,0.026003882968598516
A,D_A,2.5,7.67556944,-0.0011008409999999635,0.026003882968598516
A,D_A,2.5,7.69637751,-0.003074699000000014,0.026003882968598516
A,D_A,2.5,7.71727216,9.83969999999168e-05,0.026003882968598516
A,D_A,2.5,7.73835725,-0.0007171419999999484,0.026003882968598516
A,D_A,2.5,7.75934923,0.0030137860000000183,0.026003882968598516
A,D_A,2.5,7.78023116,0.001441581000000025,0.026003882968598516
A,D_A,2.5,7.80098697,0.0022922470000000805,0.026003882968598516
A,D_A,2.5,7.82190677,-0.0030224800000000496,0.026003882968598516
A,D_A,2.5,7.84304931,0.0027740539999999703,0.026003882968598516
A,D_A,2.5,7.86405132,0.0011698210000000708,0.026003882968598516
A,D_A,2.5,7.88484553,0.0004466559999999342,0.026003882968598516
A,D_A,2.5,7.90574885,-0.003539006000000011,0.026003882968598516
A,D_A,2.5,7.9267531,0.0015144759999999868,0.026003882968598516
A,D_A,2.5,7.94765228,-0.0026825020000000865,0.026003882968598516
A,D_A,2.5,7.96842304,0.002427032999999912,0.026003882968598516
A,D_A,2.5,7.98938616,-0.00010829400000000877,0.026003882968598516
A,D_A,2.5,8.01050815,0.002339423000000007,0.026003882968598516
A,D_A,2.5,8.03153334,-0.006809494999999943,0.026003882968598516
A,D_A,2.5,8.05240251,-0.0010091490000000425,0.026003882968598516
A,D_A,2.5,8.07332696,-0.003627179999999952,0.026003882968598516
A,D_A,2.5,8.09438514,0.0030968070000000347,0.026003882968598516
A,D_A,2.5,8.11529588,-0.0026339410000000285,0.026003882968598516
A,D_A,2.5,8.13618411,0.0012267880000000897,0.026003882968598516
A,D_A,2.5,8.15717855,-0.0009171489999999505,0.026003882968598516
A,D_A,2.5,8.17807847,-0.0009111640000000198,0.026003882968598516
A,D_A,2.5,8.19905269,0.003261306000000075,0.026003882968598516
A,D_A,2.5,8.21991085,0.002170604999999992,0.026003882968598516
A,D_A,2.5,8.24078529,-0.0020124870000000072,0.026003882968598516
A,D_A,2.5,8.26195652,-0.0003519800000000295,0.026003882968598516
A,D_A,2.5,8.28293039,-0.0016840150000000387,0.026003882968598516
A,D_A,2.5,8.30373423,-0.0020394260000000664,0.026003882968598516
A,D_A,2.5,8.32452583,0.0023779890000000803,0.026003882968598516
A,D_A,2.5,8.34556221,-0.0033949329999999334,0.026003882968598516
A,D_A,2.5,8.36671927,-0.0003242070000000208,0.026003882968598516
A,D_A,2.5,8.38757523,-0.0006052410000000341,0.026003882968598516
A,D_A,2.5,8.40855808,-0.0020459489999999914,0.026003882968598516
A,D_A,2.5,8.42953585,0.0004472279999999662,0.026003882968598516
A,D_A,2.5,8.45042977,-0.0024902669999999905,0.026003882968598516
A,D_A,2.5,8.47138662,0.000488607999999946,0.026003882968598516
A,D_A,2.5,8.49217243,0.0008862460000000905,0.026003882968598516
A,D_A,2.5,8.51321806,-0.005512296999999999,0.026003882968598516
A,D_A,2.5,8.53421183,-0.0018544270000000473,0.026003882968598516
A,D_A,2.5,8.55508292,-0.0017344689999999607,0.026003882968598516
A,D_A,2.5,8.57598662,-0.0005756470000000125,0.026003882968598516
A,D_A,2.5,8.59679232,-0.0025164859999999845,0.026003882968598516
A,D_A,2.5,8.61783107,0.0055674420000000335,0.026003882968598516
A,D_A,2.5,8.63891768,-0.0025598279999999862,0.026003882968598516
A,D_A,2.5,8.65972861,-0.004049320000000023,0.026003882968598516
A,D_A,2.5,8.68059853,-0.0017702170000000184,0.026003882968598516
A,D_A,2.5,8.70174168,0.0007459829999999501,0.026003882968598516
A,D_A,2.5,8.72279566,0.001401187000000026,0.026003882968598516
A,D_A,2.5,8.74359241,0.002935623000000054,0.026003882968598516
A,D_A,2.5,8.76424415,0.0011105809999999439,0.026003882968598516
A,D_A,2.5,8.78526729,0.0006386979999999376,0.026003882968598516
A,D_A,2.5,8.80637189,-0.004188177999999931,0.026003882968598516
A,D_A,2.5,8.82736896,-0.003422398999999965,0.026003882968598516
A,D_A,2.5,8.84843212,-0.003048987000000003,0.026003882968598516
A,D_A,2.5,8.86933197,-0.0003872270000000455,0.026003882968598516
A,D_A,2.5,8.89026857,-0.001554758000000045,0.026003882968598516
A,D_A,2.5,8.91123702,0.0021898940000000255,0.026003882968598516
A,D_A,2.5,8.93214776,-0.0003683009999999598,0.026003882968598516
A,D_A,2.5,8.95312097,0.002013158000000015,0.026003882968598516
A,D_A,2.5,8.9741304,0.00019885499999994227,0.026003882968598516
A,D_A,2.5,8.99505705,0.00010784699999999425,0.026003882968598516
A,D_A,2.5,9.01571368,0.003334788999999949,0.026003882968598516
A,D_A,2.5,9.03640927,0.0014569500000000124,0.026003882968598516
A,D_A,2.5,9.05755121,0.0003171589999999558,0.026003882968598516
A,D_A,2.5,9.07868023,-0.0009522730000000035,0.026003882968598516
A,D_A,2.5,9.09969513,0.002215579000000023,0.026003882968598516
A,D_A,2.5,9.1205658,0.0016021050000000203,0.026003882968598516
A,D_A,2.5,9.14137844,-0.0024482459999999318,0.026003882968598516
A,D_A,2.5,9.16237082,0.0013695059999999648,0.026003882968598516
A,D_A,2.5,9.18339441,-0.0020329669999999966,0.026003882968598516
A,D_A,2.5,9.20447395,0.003515723999999998,0.026003882968598516
A,D_A,2.5,9.22549281,0.004347973999999977,0.026003882968598516
A,D_A,2.5,9.2463962,0.000649197999999962,0.026003882968598516
A,D_A,2.5,9.26722673,0.0008883499999999822,0.026003882968598516
A,D_A,2.5,9.28791689,-0.0021085720000000308,0.026003882968598516
A,D_A,2.5,9.30892724,0.0018312090000000003,0.026003882968598516
A,D_A,2.5,9.33003065,-0.0005891140000000572,0.026003882968598516
A,D_A,2.5,9.35102864,-0.0013069700000000184,0.026003882968598516
A,D_A,2.5,9.37196601,0.0008064330000000508,0.026003882968598516
A,D_A,2.5,9.39258783,0.0035512079999999724,0.026003882968598516
A,D_A,2.5,9.41349621,0.0018363860000000232,0.026003882968598516
A,D_A,2.5,9.4347927,0.0022839750000001047,0.026003882968598516
A,D_A,2.5,9.45587737,0.0005858619999999926,0.026003882968598516
A,D_A,2.5,9.47676866,-0.002238394999999893,0.026003882968598516
A,D_A,2.5,9.49762777,-0.0008121500000000115,0.026003882968598516
A,D_A,2.5,9.51852362,-0.0007536870000000029,0.026003882968598516
A,D_A,2.5,9.53939795,-0.0011908239999999237,0.026003882968598516
A,D_A,2.5,9.56035551,0.0008486129999999426,0.026003882968598516
A,D_A,2.5,9.58149741,0.002355690999999993,0.026003882968598516
A,D_A,2.5,9.60249587,0.0009150500000000283,0.026003882968598516
A,D_A,2.5,9.62336478,-0.004151322000000013,0.026003882968598516
A,D_A,2.5,9.64415055,0.0028964750000000095,0.026003882968598516
A,D_A,2.5,9.66502224,-0.0005370030000000359,0.026003882968598516
A,D_A,2.5,9.68597433,0.0019150639999999663,0.026003882968598516
A,D_A,2.5,9.7069728,0.0011964169999999497,0.026003882968598516
A,D_A,2.5,9.72797765,-0.004876916999999925,0.026003882968598516
A,D_A,2.5,9.74896401,0.0011946539999999617,0.026003882968598516
A,D_A,2.5,9.76996217,0.000588228000000024,0.026003882968598516
A,D_A,2.5,9.79085678,-0.0010494590000000859,0.026003882968598516
A,D_A,2.5,9.81166698,0.0017431100000000477,0.026003882968598516
A,D_A,2.5,9.83262494,-0.0033455999999999486,0.026003882968598516
A,D_A,2.5,9.85372265,-0.0031760009999999284,0.026003882968598516
A,D_A,2.5,9.87472665,-0.003045370999999908,0.026003882968598516
A,D_A,2.5,9.89559934,0.004910831999999976,0.026003882968598516
A,D_A,2.5,9.91635289,0.0011494760000000381,0.026003882968598516
A,D_A,2.5,9.93737645,-2.2495000000066767e-05,0.026003882968598516
A,D_A,2.5,9.95856995,-0.00305467699999995,0.026003882968598516
A,D_A,2.5,9.97940815,0.001818396,0.026003882968598516
A,D_A,2.5,10.000082,-0.0022904629999999093,0.026003882968598516
A,D_A,5.0,0.0252815853,0.017614229309,0.017533697927724298
A,D_A,5.0,0.0486976344,0.016006672250000003,0.017533697927724298
A,D_A,5.0,0.0692644017,0.01641038148,0.017533697927724298
A,D_A,5.0,0.08877835,0.01602931522,0.017533697927724298
A,D_A,5.0,0.111604297,0.01549243114,0.017533697927724298
A,D_A,5.0,0.132731806,0.015355279199999999,0.017533697927724298
A,D_A,5.0,0.153672181,0.0148048426,0.017533697927724298
A,D_A,5.0,0.175641863,0.0153476791,0.017533697927724298
A,D_A,5.0,0.196615509,0.014489107099999999,0.017533697927724298
A,D_A,5.0,0.217326708,0.0148503803,0.017533697927724298
A,D_A,5.0,0.237538457,0.014260939900000005,0.017533697927724298
A,D_A,5.0,0.258148683,0.014530565000000002,0.017533697927724298
A,D_A,5.0,0.28040349,0.013195867799999997,0.017533697927724298
A,D_A,5.0,0.301929084,0.01499040959999999,0.017533697927724298
A,D_A,5.0,0.322287413,0.013326864199999996,0.017533697927724298
A,D_A,5.0,0.342663331,0.01290183310000001,0.017533697927724298
A,D_A,5.0,0.363641289,0.012998203399999991,0.017533697927724298
A,D_A,5.0,0.385602948,0.012216536,0.017533697927724298
A,D_A,5.0,0.406737165,0.014208835000000003,0.017533697927724298
A,D_A,5.0,0.427001871,0.01094212,0.017533697927724298
A,D_A,5.0,0.448754416,0.011613012999999978,0.017533697927724298
A,D_A,5.0,0.469601745,0.012798540999999997,0.017533697927724298
A,D_A,5.0,0.489805379,0.011398412000000024,0.017533697927724298
A,D_A,5.0,0.510302494,0.010958281000000014,0.017533697927724298
A,D_A,5.0,0.53178319,0.010762352000000003,0.017533697927724298
A,D_A,5.0,0.553922362,0.008887641000000002,0.017533697927724298
A,D_A,5.0,0.574670041,0.010437923000000016,0.017533697927724298
A,D_A,5.0,0.594645701,0.010931585999999993,0.017533697927724298
A,D_A,5.0,0.615540037,0.015500593999999979,0.017533697927724298
A,D_A,5.0,0.636554081,0.007017502000000009,0.017533697927724298
A,D_A,5.0,0.658102417,0.008049137999999956,0.017533697927724298
A,D_A,5.0,0.679189641,0.006299225999999991,0.017533697927724298
A,D_A,5.0,0.700054044,0.010978172000000008,0.017533697927724298
A,D_A,5.0,0.721329826,0.005681965000000011,0.017533697927724298
A,D_A,5.0,0.742033923,0.010327635999999973,0.017533697927724298
A,D_A,5.0,0.762614581,0.009733076000000007,0.017533697927724298
A,D_A,5.0,0.783270495,0.007057464000000013,0.017533697927724298
A,D_A,5.0,0.804783918,0.0032838779999999623,0.017533697927724298
A,D_A,5.0,0.826095906,0.005756484000000006,0.017533697927724298
A,D_A,5.0,0.846303977,0.0014370630000000162,0.017533697927724298
A,D_A,5.0,0.867174819,0.001459109000000014,0.017533697927724298
A,D_A,5.0,0.888413258,0.007084148999999984,0.017533697927724298
A,D_A,5.0,0.909910564,0.007408992000000003,0.017533697927724298
A,D_A,5.0,0.931134698,0.001145461999999986,0.017533697927724298
A,D_A,5.0,0.951563161,0.0019313970000000014,0.017533697927724298
A,D_A,5.0,0.972160451,0.0010486899999999633,0.017533697927724298
A,D_A,5.0,0.993008165,0.002237724999999968,0.017533697927724298
A,D_A,5.0,1.0140906,-0.006403197999999999,0.017533697927724298
A,D_A,5.0,1.03500338,-0.0005912099999999532,0.017533697927724298
A,D_A,5.0,1.05657413,0.009636484000000056,0.017533697927724298
A,D_A,5.0,1.07789814,-0.005309211000000036,0.017533697927724298
A,D_A,5.0,1.09835045,0.0019787270000000134,0.017533697927724298
A,D_A,5.0,1.11903902,-0.003220411000000034,0.017533697927724298
A,D_A,5.0,1.1396405,-0.001944932999999982,0.017533697927724298
A,D_A,5.0,1.16109193,-0.0005604999999999638,0.017533697927724298
A,D_A,5.0,1.18227503,-0.002109929000000066,0.017533697927724298
A,D_A,5.0,1.2030555,-0.0016361460000000605,0.017533697927724298
A,D_A,5.0,1.22375183,0.002956515999999909,0.017533697927724298
A,D_A,5.0,1.24453484,-0.00598239300000003,0.017533697927724298
A,D_A,5.0,1.26570671,-0.00966732299999995,0.017533697927724298
A,D_A,5.0,1.28693994,-8.371400000006801e-05,0.017533697927724298
A,D_A,5.0,1.30807124,-0.000998555000000012,0.017533697927724298
A,D_A,5.0,1.32889646,0.0017138399999999665,0.017533697927724298
A,D_A,5.0,1.34945121,-0.0035749210000000087,0.017533697927724298
A,D_A,5.0,1.37055188,0.0020109249999999967,0.017533697927724298
A,D_A,5.0,1.39148285,-0.0017392709999999312,0.017533697927724298
A,D_A,5.0,1.41220445,-0.0005193869999999823,0.017533697927724298
A,D_A,5.0,1.43352474,-0.009949910000000006,0.017533697927724298
A,D_A,5.0,1.45454751,-0.008869460999999967,0.017533697927724298
A,D_A,5.0,1.47511055,-0.006479891000000015,0.017533697927724298
A,D_A,5.0,1.49566583,-0.001286565999999989,0.017533697927724298
A,D_A,5.0,1.51690776,0.006742261000000083,0.017533697927724298
A,D_A,5.0,1.53826425,-0.010942667000000017,0.017533697927724298
A,D_A,5.0,1.55931449,-0.005352183000000066,0.017533697927724298
A,D_A,5.0,1.58012172,-0.003414853999999967,0.017533697927724298
A,D_A,5.0,1.60114355,-0.01717933099999991,0.017533697927724298
A,D_A,5.0,1.62229155,-0.010128526000000027,0.017533697927724298
A,D_A,5.0,1.64295947,-0.004995232999999932,0.017533697927724298
A,D_A,5.0,1.66366432,-0.005546543999999987,0.017533697927724298
A,D_A,5.0,1.68478217,0.0010697139999999994,0.017533697927724298
A,D_A,5.0,1.7057485,-0.008229653000000003,0.017533697927724298
A,D_A,5.0,1.72683745,-0.007358536999999998,0.017533697927724298
A,D_A,5.0,1.74765849,-0.01277573200000004,0.017533697927724298
A,D_A,5.0,1.76847487,-0.0038058239999999577,0.017533697927724298
A,D_A,5.0,1.78961871,-0.005999496000000049,0.017533697927724298
A,D_A,5.0,1.81086098,-0.00031499600000006733,0.017533697927724298
A,D_A,5.0,1.83179094,0.006261225000000037,0.017533697927724298
A,D_A,5.0,1.8521746,-0.005055672000000011,0.017533697927724298
A,D_A,5.0,1.8733654,-0.0040211660000000204,0.017533697927724298
A,D_A,5.0,1.89455538,-0.00013771199999990102,0.017533697927724298
A,D_A,5.0,1.91534795,0.009482200999999968,0.017533697927724298
A,D_A,5.0,1.93623233,-0.004966282000000044,0.017533697927724298
A,D_A,5.0,1.9571481,-0.004744383000000019,0.017533697927724298
A,D_A,5.0,1.97825109,0.0030875759999999808,0.017533697927724298
A,D_A,5.0,1.99905898,0.000955452999999995,0.017533697927724298
A,D_A,5.0,2.01966715,0.0005053959999999913,0.017533697927724298
A,D_A,5.0,2.04082415,0.0019196470000000243,0.017533697927724298
A,D_A,5.0,2.06193171,-0.01142303,0.017533697927724298
A,D_A,5.0,2.08296048,-0.009471817999999965,0.017533697927724298
A,D_A,5.0,2.10383017,-0.0013919890000000379,0.017533697927724298
A,D_A,5.0,2.12494312,-0.0027297750000000454,0.017533697927724298
A,D_A,5.0,2.14618475,0.005392449999999993,0.017533697927724298
A,D_A,5.0,2.16679298,0.0016397160000000133,0.017533697927724298
A,D_A,5.0,2.18753482,-0.0010497289999999992,0.017533697927724298
A,D_A,5.0,2.20847027,0.0017974739999999656,0.017533697927724298
A,D_A,5.0,2.22955181,-0.00034433300000003,0.017533697927724298
A,D_A,5.0,2.25078374,-0.004521784000000029,0.017533697927724298
A,D_A,5.0,2.27150159,0.0020600450000000103,0.017533697927724298
A,D_A,5.0,2.29205574,-0.006019010000000047,0.017533697927724298
A,D_A,5.0,2.31294326,-0.0058958510000000075,0.017533697927724298
A,D_A,5.0,2.3340363,0.0005664699999999856,0.017533697927724298
A,D_A,5.0,2.35514399,0.0032868560000000047,0.017533697927724298
A,D_A,5.0,2.37607726,0.0012905579999999972,0.017533697927724298
A,D_A,5.0,2.39730341,0.008145273000000008,0.017533697927724298
A,D_A,5.0,2.41857203,-0.0016012780000000948,0.017533697927724298
A,D_A,5.0,2.43911056,0.00202687300000004,0.017533697927724298
A,D_A,5.0,2.45988005,0.0016867919999999925,0.017533697927724298
A,D_A,5.0,2.48094151,0.009168171000000003,0.017533697927724298
A,D_A,5.0,2.50196601,0.00598465700000006,0.017533697927724298
A,D_A,5.0,2.52300496,-0.004906011000000099,0.017533697927724298
A,D_A,5.0,2.54340089,-0.010314807999999953,0.017533697927724298
A,D_A,5.0,2.56415297,0.006574273999999991,0.017533697927724298
A,D_A,5.0,2.58575836,-0.002492305999999944,0.017533697927724298
A,D_A,5.0,2.60684428,0.005522164000000052,0.017533697927724298
A,D_A,5.0,2.62775949,0.0046132269999999975,0.017533697927724298
A,D_A,5.0,2.64834355,-0.004812454000000077,0.017533697927724298
A,D_A,5.0,2.66912062,0.006658652000000043,0.017533697927724298
A,D_A,5.0,2.69039946,-2.408199999992533e-05,0.017533697927724298
A,D_A,5.0,2.71121518,-0.0001731469999999291,0.017533697927724298
A,D_A,5.0,2.7321837,0.00033978099999998346,0.017533697927724298
A,D_A,5.0,2.75306239,0.0007946100000000289,0.017533697927724298
A,D_A,5.0,2.77427049,0.001146450000000021,0.017533697927724298
A,D_A,5.0,2.79557932,0.005935534999999992,0.017533697927724298
A,D_A,5.0,2.8160646,-0.0011431789999999387,0.017533697927724298
A,D_A,5.0,2.83689478,0.0012794369999999944,0.017533697927724298
A,D_A,5.0,2.85801727,-0.0009993449999999848,0.017533697927724298
A,D_A,5.0,2.87906973,0.003879393999999925,0.017533697927724298
A,D_A,5.0,2.89996898,-0.0002966990000000669,0.017533697927724298
A,D_A,5.0,2.92062944,-0.0026750589999999796,0.017533697927724298
A,D_A,5.0,2.941605,0.0004787590000000508,0.017533697927724298
A,D_A,5.0,2.96267076,-0.0037924320000000122,0.017533697927724298
A,D_A,5.0,2.98347442,-0.002836542000000053,0.017533697927724298
A,D_A,5.0,3.00437656,-0.002293928000000056,0.017533697927724298
A,D_A,5.0,3.02542142,-0.00027007400000000903,0.017533697927724298
A,D_A,5.0,3.04658726,0.0023548759999999502,0.017533697927724298
A,D_A,5.0,3.06768101,-0.0010317079999999645,0.017533697927724298
A,D_A,5.0,3.088328,0.0030369059999999504,0.017533697927724298
A,D_A,5.0,3.10931167,-0.0006460950000000132,0.017533697927724298
A,D_A,5.0,3.1305457,-0.007639781000000068,0.017533697927724298
A,D_A,5.0,3.15150209,0.0016247589999999201,0.017533697927724298
A,D_A,5.0,3.17219014,0.007404324000000018,0.017533697927724298
A,D_A,5.0,3.19299024,-0.0024994329999999954,0.017533697927724298
A,D_A,5.0,3.21390436,-0.007971131999999992,0.017533697927724298
A,D_A,5.0,3.23506564,-0.003281913000000025,0.017533697927724298
A,D_A,5.0,3.25605387,0.0028651480000000396,0.017533697927724298
A,D_A,5.0,3.27685776,0.006566168999999955,0.017533697927724298
A,D_A,5.0,3.29794723,-0.0020539659999999627,0.017533697927724298
A,D_A,5.0,3.31884778,-0.0015774599999999195,0.017533697927724298
A,D_A,5.0,3.33944269,-0.003457714000000056,0.017533697927724298
A,D_A,5.0,3.36030612,-0.0027370979999999934,0.017533697927724298
A,D_A,5.0,3.38171654,-0.0020417390000000424,0.017533697927724298
A,D_A,5.0,3.40297495,-0.0025733220000000445,0.017533697927724298
A,D_A,5.0,3.42370792,-0.0004347139999999472,0.017533697927724298
A,D_A,5.0,3.44440875,-0.006634072999999963,0.017533697927724298
A,D_A,5.0,3.465315,0.0013350010000000578,0.017533697927724298
A,D_A,5.0,3.4865867,-0.0014572800000000052,0.017533697927724298
A,D_A,5.0,3.50751221,-0.0014298950000000143,0.017533697927724298
A,D_A,5.0,3.52796741,-0.002346315999999904,0.017533697927724298
A,D_A,5.0,3.5488788,-0.0003617180000000664,0.017533697927724298
A,D_A,5.0,3.57014151,0.0017594690000000135,0.017533697927724298
A,D_A,5.0,3.59120365,-0.000817454999999967,0.017533697927724298
A,D_A,5.0,3.61190928,-8.444299999998961e-05,0.017533697927724298
A,D_A,5.0,3.63300558,-0.0024394079999999763,0.017533697927724298
A,D_A,5.0,3.6541422,0.003936443999999928,0.017533697927724298
A,D_A,5.0,3.67500902,-0.0011934660000000319,0.017533697927724298
A,D_A,5.0,3.69581564,-0.00647745700000002,0.017533697927724298
A,D_A,5.0,3.71644729,-0.003891002999999893,0.017533697927724298
A,D_A,5.0,3.73749774,-0.00133758500000003,0.017533697927724298
A,D_A,5.0,3.75868086,-0.0024775289999999783,0.017533697927724298
A,D_A,5.0,3.77950549,-0.0001885019999999793,0.017533697927724298
A,D_A,5.0,3.80027286,0.00493965899999993,0.017533697927724298
A,D_A,5.0,3.82143123,-0.002935564000000057,0.017533697927724298
A,D_A,5.0,3.84280481,0.005443675999999953,0.017533697927724298
A,D_A,5.0,3.86349282,0.00032534600000000413,0.017533697927724298
A,D_A,5.0,3.88417456,-0.0008444530000000228,0.017533697927724298
A,D_A,5.0,3.90535419,0.0028732169999999835,0.017533697927724298
A,D_A,5.0,3.9264697,-0.0018279710000000948,0.017533697927724298
A,D_A,5.0,3.94738681,0.003174402000000076,0.017533697927724298
A,D_A,5.0,3.96810309,0.0010223580000000565,0.017533697927724298
A,D_A,5.0,3.98888694,0.00041595700000007785,0.017533697927724298
A,D_A,5.0,4.00993371,0.004803723000000093,0.017533697927724298
A,D_A,5.0,4.03080983,-4.1733000000099274e-05,0.017533697927724298
A,D_A,5.0,4.05178039,-0.0033888619999999925,0.017533697927724298
A,D_A,5.0,4.07276799,0.001417526999999974,0.017533697927724298
A,D_A,5.0,4.09368684,-0.003402543999999952,0.017533697927724298
A,D_A,5.0,4.11485609,0.0038039420000000046,0.017533697927724298
A,D_A,5.0,4.13583188,0.006848943000000052,0.017533697927724298
A,D_A,5.0,4.15670688,0.0006680220000000459,0.017533697927724298
A,D_A,5.0,4.17758774,-0.0010063519999999881,0.017533697927724298
A,D_A,5.0,4.19867141,-0.0013761970000000234,0.017533697927724298
A,D_A,5.0,4.21961517,-0.002756469000000039,0.017533697927724298
A,D_A,5.0,4.24013393,-0.004060879999999933,0.017533697927724298
A,D_A,5.0,4.26119077,-0.0006954230000000283,0.017533697927724298
A,D_A,5.0,4.28239268,-0.003686520999999998,0.017533697927724298
A,D_A,5.0,4.30342826,-0.0008663009999999582,0.017533697927724298
A,D_A,5.0,4.32431592,-0.0006607520000000422,0.017533697927724298
A,D_A,5.0,4.34508479,-0.010551956000000029,0.017533697927724298
A,D_A,5.0,4.36604259,-0.008395918999999918,0.017533697927724298
A,D_A,5.0,4.38708086,-0.0008648490000000564,0.017533697927724298
A,D_A,5.0,4.40778797,0.0007485999999999882,0.017533697927724298
A,D_A,5.0,4.4288526,-0.00428050000000002,0.017533697927724298
A,D_A,5.0,4.44994967,0.0019116800000000822,0.017533697927724298
A,D_A,5.0,4.47085438,0.0006698300000000934,0.017533697927724298
A,D_A,5.0,4.49188801,-0.00010277999999996901,0.017533697927724298
A,D_A,5.0,4.51250216,0.0021252400000000282,0.017533697927724298
A,D_A,5.0,4.5334461,-0.0027392699999999603,0.017533697927724298
A,D_A,5.0,4.55463591,0.0037308199999999125,0.017533697927724298
A,D_A,5.0,4.57547609,0.0020983999999999448,0.017533697927724298
A,D_A,5.0,4.59643311,-0.004006799999999977,0.017533697927724298
A,D_A,5.0,4.61732903,0.0025445800000001295,0.017533697927724298
A,D_A,5.0,4.63833098,-0.0022292400000001322,0.017533697927724298
A,D_A,5.0,4.65949324,-0.005019450000000036,0.017533697927724298
A,D_A,5.0,4.68039693,-0.002661199999999919,0.017533697927724298
A,D_A,5.0,4.70136745,-0.004908649999999959,0.017533697927724298
A,D_A,5.0,4.72221533,-0.0005276700000000911,0.017533697927724298
A,D_A,5.0,4.74309374,-0.0022867200000000754,0.017533697927724298
A,D_A,5.0,4.76390784,-0.0028233300000000128,0.017533697927724298
A,D_A,5.0,4.78491795,0.005989409999999973,0.017533697927724298
A,D_A,5.0,4.80636204,-0.0026069699999999862,0.017533697927724298
A,D_A,5.0,4.82728449,0.004188870000000122,0.017533697927724298
A,D_A,5.0,4.84785524,-0.00260590000000005,0.017533697927724298
A,D_A,5.0,4.86859731,-0.005980590000000063,0.017533697927724298
A,D_A,5.0,4.88954319,-0.0030648699999999973,0.017533697927724298
A,D_A,5.0,4.91078695,-0.00436132999999983,0.017533697927724298
A,D_A,5.0,4.93172016,-0.0027070999999998513,0.017533697927724298
A,D_A,5.0,4.95244063,-0.00045808000000002735,0.017533697927724298
A,D_A,5.0,4.97348932,-0.0015429799999999716,0.017533697927724298
A,D_A,5.0,4.994309,0.0004845599999998562,0.017533697927724298
A,D_A,5.0,5.01515697,0.0019947599999998733,0.017533697927724298
A,D_A,5.0,5.03598003,-0.001534699999999889,0.017533697927724298
A,D_A,5.0,5.05703237,-0.001459589999999844,0.017533697927724298
A,D_A,5.0,5.07840332,0.0010736000000000079,0.017533697927724298
A,D_A,5.0,5.09943841,0.004200910000000002,0.017533697927724298
A,D_A,5.0,5.12032938,-0.0010936999999999752,0.017533697927724298
A,D_A,5.0,5.14107614,0.0022461000000000286,0.017533697927724298
A,D_A,5.0,5.16214077,-0.0011104600000000353,0.017533697927724298
A,D_A,5.0,5.18341099,0.004922960000000032,0.017533697927724298
A,D_A,5.0,5.2041075,0.003690790000000055,0.017533697927724298
A,D_A,5.0,5.22477891,0.0038933399999998564,0.017533697927724298
A,D_A,5.0,5.24557967,-0.004058260000000091,0.017533697927724298
A,D_A,5.0,5.26649236,0.0030459700000000645,0.017533697927724298
A,D_A,5.0,5.28753131,0.00013922000000010648,0.017533697927724298
A,D_A,5.0,5.30847064,-0.0003759500000000138,0.017533697927724298
A,D_A,5.0,5.32946745,0.0017011799999999688,0.017533697927724298
A,D_A,5.0,5.3506922,0.0004206099999999324,0.017533697927724298
A,D_A,5.0,5.37158853,0.005127940000000164,0.017533697927724298
A,D_A,5.0,5.39231925,0.007216780000000034,0.017533697927724298
A,D_A,5.0,5.41333352,0.0012462499999998933,0.017533697927724298
A,D_A,5.0,5.43434316,-0.0028319900000000064,0.017533697927724298
A,D_A,5.0,5.45530659,0.0035476899999999922,0.017533697927724298
A,D_A,5.0,5.47618498,-0.002884600000000015,0.017533697927724298
A,D_A,5.0,5.49715755,0.0007354799999998995,0.017533697927724298
A,D_A,5.0,5.51801586,0.0021753599999998485,0.017533697927724298
A,D_A,5.0,5.53881995,0.0015163599999998834,0.017533697927724298
A,D_A,5.0,5.55992514,-0.0022865100000000194,0.017533697927724298
A,D_A,5.0,5.58098545,-0.004348120000000177,0.017533697927724298
A,D_A,5.0,5.60183772,0.0033144299999998683,0.017533697927724298
A,D_A,5.0,5.62277584,-0.0012689699999999249,0.017533697927724298
A,D_A,5.0,5.64379172,0.001357230000000209,0.017533697927724298
A,D_A,5.0,5.66460817,0.002748689999999998,0.017533697927724298
A,D_A,5.0,5.68556022,-0.00476956999999989,0.017533697927724298
A,D_A,5.0,5.7067909,0.00201917000000007,0.017533697927724298
A,D_A,5.0,5.72769317,-0.0021725300000001724,0.017533697927724298
A,D_A,5.0,5.74840017,0.0019489999999999785,0.017533697927724298
A,D_A,5.0,5.76938192,0.0015014599999998435,0.017533697927724298
A,D_A,5.0,5.79039764,-0.003936200000000056,0.017533697927724298
A,D_A,5.0,5.81144039,0.0032128000000000156,0.017533697927724298
A,D_A,5.0,5.83232115,-0.004428490000000007,0.017533697927724298
A,D_A,5.0,5.85320209,0.003826169999999962,0.017533697927724298
A,D_A,5.0,5.87418919,0.002683839999999993,0.017533697927724298
A,D_A,5.0,5.89509625,0.0022008399999999817,0.017533697927724298
A,D_A,5.0,5.9159726,0.0035136700000000243,0.017533697927724298
A,D_A,5.0,5.93682663,0.0018228800000001932,0.017533697927724298
A,D_A,5.0,5.95791772,0.0039263999999998855,0.017533697927724298
A,D_A,5.0,5.97900675,-0.0016587399999998809,0.017533697927724298
A,D_A,5.0,5.99978945,-0.0017061900000001629,0.017533697927724298
A,D_A,5.0,6.02063577,0.004263049999999824,0.017533697927724298
A,D_A,5.0,6.04156421,0.0010534600000000616,0.017533697927724298
A,D_A,5.0,6.06259364,-0.00013078000000010803,0.017533697927724298
A,D_A,5.0,6.08377541,-0.004032849999999977,0.017533697927724298
A,D_A,5.0,6.10447051,0.003334579999999976,0.017533697927724298
A,D_A,5.0,6.12538157,-0.0006710200000001887,0.017533697927724298
A,D_A,5.0,6.14660689,-0.0034494199999999253,0.017533697927724298
A,D_A,5.0,6.16752321,0.000788299999999964,0.017533697927724298
A,D_A,5.0,6.18833806,-0.002120269999999813,0.017533697927724298
A,D_A,5.0,6.20938667,0.003198580000000062,0.017533697927724298
A,D_A,5.0,6.23052184,-0.004576009999999853,0.017533697927724298
A,D_A,5.0,6.25137137,-0.00016035999999997053,0.017533697927724298
A,D_A,5.0,6.27204484,0.00021150999999997033,0.017533697927724298
A,D_A,5.0,6.29290789,-0.004506290000000135,0.017533697927724298
A,D_A,5.0,6.31382104,-0.0010107200000000205,0.017533697927724298
A,D_A,5.0,6.33495691,-0.001008169999999975,0.017533697927724298
A,D_A,5.0,6.35600914,-0.0016845899999999858,0.017533697927724298
A,D_A,5.0,6.37663869,0.005145839999999957,0.017533697927724298
A,D_A,5.0,6.39770954,-0.003003549999999855,0.017533697927724298
A,D_A,5.0,6.41872759,-0.0029201299999999097,0.017533697927724298
A,D_A,5.0,6.43951457,0.0034272900000000828,0.017533697927724298
A,D_A,5.0,6.46033562,-0.0008608500000000241,0.017533697927724298
A,D_A,5.0,6.4814564,-0.0006354699999999713,0.017533697927724298
A,D_A,5.0,6.50265681,0.0020013000000000947,0.017533697927724298
A,D_A,5.0,6.52350383,0.004347059999999958,0.017533697927724298
A,D_A,5.0,6.54427866,-0.004887050000000004,0.017533697927724298
A,D_A,5.0,6.56515568,0.0019511000000000944,0.017533697927724298
A,D_A,5.0,6.58628576,-0.0009042900000000298,0.017533697927724298
A,D_A,5.0,6.60749316,0.0027101700000000672,0.017533697927724298
A,D_A,5.0,6.62830625,0.0028609600000000235,0.017533697927724298
A,D_A,5.0,6.64913567,0.004942510000000011,0.017533697927724298
A,D_A,5.0,6.67020149,-0.006541600000000036,0.017533697927724298
A,D_A,5.0,6.69106898,0.0026762399999999964,0.017533697927724298
A,D_A,5.0,6.71185955,0.00010825000000003193,0.017533697927724298
A,D_A,5.0,6.73264651,0.003861869999999934,0.017533697927724298
A,D_A,5.0,6.7537045,0.00037212999999991503,0.017533697927724298
A,D_A,5.0,6.77487174,0.0001448800000001249,0.017533697927724298
A,D_A,5.0,6.79557562,-0.0027617500000001183,0.017533697927724298
A,D_A,5.0,6.81648781,0.002533830000000181,0.017533697927724298
A,D_A,5.0,6.83753747,0.0038165800000000694,0.017533697927724298
A,D_A,5.0,6.85867557,-0.0014260499999998455,0.017533697927724298
A,D_A,5.0,6.87985316,1.616999999987101e-05,0.017533697927724298
A,D_A,5.0,6.90065786,0.0008118299999999579,0.017533697927724298
A,D_A,5.0,6.92153112,-0.0002921600000000968,0.017533697927724298
A,D_A,5.0,6.94229803,-0.0012229000000001378,0.017533697927724298
A,D_A,5.0,6.9630016,0.0006632600000000544,0.017533697927724298
A,D_A,5.0,6.98416877,0.002541309999999797,0.017533697927724298
A,D_A,5.0,7.0052781,0.005613780000000013,0.017533697927724298
A,D_A,5.0,7.02617612,9.090000000000487e-05,0.017533697927724298
A,D_A,5.0,7.04699526,-0.0008023400000001235,0.017533697927724298
A,D_A,5.0,7.06761685,-0.003790830000000023,0.017533697927724298
A,D_A,5.0,7.08873369,0.003013359999999965,0.017533697927724298
A,D_A,5.0,7.10994937,-0.000769349999999891,0.017533697927724298
A,D_A,5.0,7.13102893,-0.003615233999999967,0.017533697927724298
A,D_A,5.0,7.15201412,-0.0012412800000001223,0.017533697927724298
A,D_A,5.0,7.17271336,0.0009268030000000316,0.017533697927724298
A,D_A,5.0,7.19374266,-0.0004482599999999781,0.017533697927724298
A,D_A,5.0,7.21473042,0.0006390299999998739,0.017533697927724298
A,D_A,5.0,7.23564263,-0.0005892949999999342,0.017533697927724298
A,D_A,5.0,7.25666289,-0.0016247600000000029,0.017533697927724298
A,D_A,5.0,7.27757645,-0.003188453999999896,0.017533697927724298
A,D_A,5.0,7.2984411,0.0036697949999999757,0.017533697927724298
A,D_A,5.0,7.31917384,-0.001353602999999981,0.017533697927724298
A,D_A,5.0,7.34001688,-0.004612669999999985,0.017533697927724298
A,D_A,5.0,7.3611683,-0.0023835160000000855,0.017533697927724298
A,D_A,5.0,7.38224284,0.0014028820000000497,0.017533697927724298
A,D_A,5.0,7.40324015,0.0016390849999999846,0.017533697927724298
A,D_A,5.0,7.42408854,0.0016870230000000097,0.017533697927724298
A,D_A,5.0,7.44500634,-0.0017998960000000785,0.017533697927724298
A,D_A,5.0,7.46595959,0.001985620999999993,0.017533697927724298
A,D_A,5.0,7.48696308,0.0038975970000001414,0.017533697927724298
A,D_A,5.0,7.5079936,0.0012528330000000087,0.017533697927724298
A,D_A,5.0,7.52871967,9.524999999954709e-06,0.017533697927724298
A,D_A,5.0,7.54966921,0.0006765189999999865,0.017533697927724298
A,D_A,5.0,7.57064902,0.000788556999999912,0.017533697927724298
A,D_A,5.0,7.59151428,-0.003013751000000009,0.017533697927724298
A,D_A,5.0,7.6123809,-0.0030652899999999983,0.017533697927724298
A,D_A,5.0,7.63338324,-0.0008581960000000333,0.017533697927724298
A,D_A,5.0,7.65450532,-0.002295046999999939,0.017533697927724298
A,D_A,5.0,7.67556944,0.0017657559999999517,0.017533697927724298
A,D_A,5.0,7.69637751,-0.004339862999999999,0.017533697927724298
A,D_A,5.0,7.71727216,-0.0033467700000000544,0.017533697927724298
A,D_A,5.0,7.73835725,-0.003318922999999918,0.017533697927724298
A,D_A,5.0,7.75934923,0.004464106000000023,0.017533697927724298
A,D_A,5.0,7.78023116,0.004061015000000001,0.017533697927724298
A,D_A,5.0,7.80098697,0.001584248999999982,0.017533697927724298
A,D_A,5.0,7.82190677,-0.004049250000000004,0.017533697927724298
A,D_A,5.0,7.84304931,-0.0035648480000000093,0.017533697927724298
A,D_A,5.0,7.86405132,0.0032272160000000882,0.017533697927724298
A,D_A,5.0,7.88484553,-8.89689999999943e-05,0.017533697927724298
A,D_A,5.0,7.90574885,-0.005700986999999991,0.017533697927724298
A,D_A,5.0,7.9267531,0.0008037180000000088,0.017533697927724298
A,D_A,5.0,7.94765228,0.0012180549999999402,0.017533697927724298
A,D_A,5.0,7.96842304,0.0013325109999999807,0.017533697927724298
A,D_A,5.0,7.98938616,0.0017068449999999569,0.017533697927724298
A,D_A,5.0,8.01050815,0.0003990629999999218,0.017533697927724298
A,D_A,5.0,8.03153334,-0.000991832999999942,0.017533697927724298
A,D_A,5.0,8.05240251,-0.0034584330000000385,0.017533697927724298
A,D_A,5.0,8.07332696,0.00040492699999994386,0.017533697927724298
A,D_A,5.0,8.09438514,0.0022521930000000134,0.017533697927724298
A,D_A,5.0,8.11529588,-0.0037997109999999834,0.017533697927724298
A,D_A,5.0,8.13618411,0.0006493580000000998,0.017533697927724298
A,D_A,5.0,8.15717855,-0.0007553759999999743,0.017533697927724298
A,D_A,5.0,8.17807847,-0.0033199999999999896,0.017533697927724298
A,D_A,5.0,8.19905269,-0.000670710999999935,0.017533697927724298
A,D_A,5.0,8.21991085,-0.0007396149999999713,0.017533697927724298
A,D_A,5.0,8.24078529,0.0012161849999999808,0.017533697927724298
A,D_A,5.0,8.26195652,0.004032213000000007,0.017533697927724298
A,D_A,5.0,8.28293039,-0.00294448100000011,0.017533697927724298
A,D_A,5.0,8.30373423,0.0007856410000000036,0.017533697927724298
A,D_A,5.0,8.32452583,0.0023380090000000298,0.017533697927724298
A,D_A,5.0,8.34556221,-0.004072870000000006,0.017533697927724298
A,D_A,5.0,8.36671927,-0.0010352850000000524,0.017533697927724298
A,D_A,5.0,8.38757523,-0.0010880810000000185,0.017533697927724298
A,D_A,5.0,8.40855808,0.0012742320000000973,0.017533697927724298
A,D_A,5.0,8.42953585,-0.0029450170000000497,0.017533697927724298
A,D_A,5.0,8.45042977,-0.003660035000000006,0.017533697927724298
A,D_A,5.0,8.47138662,-0.002331927000000067,0.017533697927724298
A,D_A,5.0,8.49217243,0.004337222000000085,0.017533697927724298
A,D_A,5.0,8.51321806,-0.0014257629999999688,0.017533697927724298
A,D_A,5.0,8.53421183,-0.004045180999999953,0.017533697927724298
A,D_A,5.0,8.55508292,0.0010006900000000263,0.017533697927724298
A,D_A,5.0,8.57598662,-0.0013362279999999949,0.017533697927724298
A,D_A,5.0,8.59679232,0.0016366540000000152,0.017533697927724298
A,D_A,5.0,8.61783107,0.002676907999999978,0.017533697927724298
A,D_A,5.0,8.63891768,-2.5107000000024193e-05,0.017533697927724298
A,D_A,5.0,8.65972861,-0.0023469400000000196,0.017533697927724298
A,D_A,5.0,8.68059853,-0.0004997410000000535,0.017533697927724298
A,D_A,5.0,8.70174168,-0.0008279360000000846,0.017533697927724298
A,D_A,5.0,8.72279566,-0.002309958000000001,0.017533697927724298
A,D_A,5.0,8.74359241,0.0012590590000000068,0.017533697927724298
A,D_A,5.0,8.76424415,0.00040568799999995964,0.017533697927724298
A,D_A,5.0,8.78526729,-0.0012727900000000236,0.017533697927724298
A,D_A,5.0,8.80637189,-0.004211974999999923,0.017533697927724298
A,D_A,5.0,8.82736896,-0.002499752999999938,0.017533697927724298
A,D_A,5.0,8.84843212,-0.0019144369999999356,0.017533697927724298
A,D_A,5.0,8.86933197,-0.00226128400000003,0.017533697927724298
A,D_A,5.0,8.89026857,-0.0011523799999999529,0.017533697927724298
A,D_A,5.0,8.91123702,0.002725800999999972,0.017533697927724298
A,D_A,5.0,8.93214776,-0.0019207099999999366,0.017533697927724298
A,D_A,5.0,8.95312097,0.001128393999999977,0.017533697927724298
A,D_A,5.0,8.9741304,0.0026488270000000202,0.017533697927724298
A,D_A,5.0,8.99505705,-0.001182501000000058,0.017533697927724298
A,D_A,5.0,9.01571368,0.004738887999999997,0.017533697927724298
A,D_A,5.0,9.03640927,0.0010687209999999947,0.017533697927724298
A,D_A,5.0,9.05755121,-0.00017199800000000653,0.017533697927724298
A,D_A,5.0,9.07868023,-0.0019257560000000007,0.017533697927724298
A,D_A,5.0,9.09969513,0.0010917139999999659,0.017533697927724298
A,D_A,5.0,9.1205658,0.0003041999999999767,0.017533697927724298
A,D_A,5.0,9.14137844,-0.0034100519999999968,0.017533697927724298
A,D_A,5.0,9.16237082,0.001570363000000019,0.017533697927724298
A,D_A,5.0,9.18339441,-0.0018313819999999925,0.017533697927724298
A,D_A,5.0,9.20447395,0.0016052460000000046,0.017533697927724298
A,D_A,5.0,9.22549281,0.00386224199999996,0.017533697927724298
A,D_A,5.0,9.2463962,-0.0001995299999999478,0.017533697927724298
A,D_A,5.0,9.26722673,-0.0018947850000000654,0.017533697927724298
A,D_A,5.0,9.28791689,-0.004635429000000024,0.017533697927724298
A,D_A,5.0,9.30892724,-0.0021737239999999325,0.017533697927724298
A,D_A,5.0,9.33003065,-0.0010320710000000233,0.017533697927724298
A,D_A,5.0,9.35102864,-0.0015887329999999533,0.017533697927724298
A,D_A,5.0,9.37196601,0.00469177300000001,0.017533697927724298
A,D_A,5.0,9.39258783,0.003282452999999963,0.017533697927724298
A,D_A,5.0,9.41349621,0.00010610600000005022,0.017533697927724298
A,D_A,5.0,9.4347927,0.0011886180000000302,0.017533697927724298
A,D_A,5.0,9.45587737,-0.0006945780000000568,0.017533697927724298
A,D_A,5.0,9.47676866,-0.0005834159999998922,0.017533697927724298
A,D_A,5.0,9.49762777,-0.001360487999999993,0.017533697927724298
A,D_A,5.0,9.51852362,-0.0013617579999999352,0.017533697927724298
A,D_A,5.0,9.53939795,-1.0479999999923884e-05,0.017533697927724298
A,D_A,5.0,9.56035551,0.0011166759999999831,0.017533697927724298
A,D_A,5.0,9.58149741,0.000456713000000053,0.017533697927724298
A,D_A,5.0,9.60249587,-0.0013689780000000207,0.017533697927724298
A,D_A,5.0,9.62336478,-0.0057693280000000735,0.017533697927724298
A,D_A,5.0,9.64415055,0.0033690619999999782,0.017533697927724298
A,D_A,5.0,9.66502224,-0.0019951169999999907,0.017533697927724298
A,D_A,5.0,9.68597433,0.0004166709999999796,0.017533697927724298
A,D_A,5.0,9.7069728,0.00034902799999991796,0.017533697927724298
A,D_A,5.0,9.72797765,-0.001284114999999919,0.017533697927724298
A,D_A,5.0,9.74896401,-0.0014858070000000057,0.017533697927724298
A,D_A,5.0,9.76996217,0.0006735330000000594,0.017533697927724298
A,D_A,5.0,9.79085678,-0.0017209710000000156,0.017533697927724298
A,D_A,5.0,9.81166698,-0.0024100029999999384,0.017533697927724298
A,D_A,5.0,9.83262494,-0.0027910549999999867,0.017533697927724298
A,D_A,5.0,9.85372265,0.0003031260000000424,0.017533697927724298
A,D_A,5.0,9.87472665,-0.001809371000000004,0.017533697927724298
A,D_A,5.0,9.89559934,0.00536764199999995,0.017533697927724298
A,D_A,5.0,9.91635289,0.003032843000000063,0.017533697927724298
A,D_A,5.0,9.93737645,-0.0013403170000000353,0.017533697927724298
A,D_A,5.0,9.95856995,-0.001813254999999958,0.017533697927724298
A,D_A,5.0,9.97940815,0.002933497999999979,0.017533697927724298
A,D_A,5.0,10.000082,4.750300000000429e-05,0.017533697927724298
A,D_A,7.5,0.0252815853,0.012428091109,0.013225715885749754
A,D_A,7.5,0.0486976344,0.01111280835,0.013225715885749754
A,D_A,7.5,0.0692644017,0.01208363588,0.013225715885749754
A,D_A,7.5,0.08877835,0.011707020620000001,0.013225715885749754
A,D_A,7.5,0.111604297,0.011421103439999998,0.013225715885749754
A,D_A,7.5,0.132731806,0.0115558724,0.013225715885749754
A,D_A,7.5,0.153672181,0.0108951706,0.013225715885749754
A,D_A,7.5,0.175641863,0.0117378746,0.013225715885749754
A,D_A,7.5,0.196615509,0.011337731100000002,0.013225715885749754
A,D_A,7.5,0.217326708,0.0108466396,0.013225715885749754
A,D_A,7.5,0.237538457,0.011115728300000002,0.013225715885749754
A,D_A,7.5,0.258148683,0.012576099699999996,0.013225715885749754
A,D_A,7.5,0.28040349,0.011044683,0.013225715885749754
A,D_A,7.5,0.301929084,0.011453352899999991,0.013225715885749754
A,D_A,7.5,0.322287413,0.011722373699999997,0.013225715885749754
A,D_A,7.5,0.342663331,0.011283458600000004,0.013225715885749754
A,D_A,7.5,0.363641289,0.008956427399999994,0.013225715885749754
A,D_A,7.5,0.385602948,0.009913267000000003,0.013225715885749754
A,D_A,7.5,0.406737165,0.01177373000000001,0.013225715885749754
A,D_A,7.5,0.427001871,0.010566830999999999,0.013225715885749754
A,D_A,7.5,0.448754416,0.008474701000000001,0.013225715885749754
A,D_A,7.5,0.469601745,0.011544802999999992,0.013225715885749754
A,D_A,7.5,0.489805379,0.01127209400000001,0.013225715885749754
A,D_A,7.5,0.510302494,0.009874492000000012,0.013225715885749754
A,D_A,7.5,0.53178319,0.012814203000000024,0.013225715885749754
A,D_A,7.5,0.553922362,0.009004502999999997,0.013225715885749754
A,D_A,7.5,0.574670041,0.008753622000000016,0.013225715885749754
A,D_A,7.5,0.594645701,0.013462668000000011,0.013225715885749754
A,D_A,7.5,0.615540037,0.014516868000000016,0.013225715885749754
A,D_A,7.5,0.636554081,0.007710210000000051,0.013225715885749754
A,D_A,7.5,0.658102417,0.0059145259999999755,0.013225715885749754
A,D_A,7.5,0.679189641,0.005749022999999964,0.013225715885749754
A,D_A,7.5,0.700054044,0.007361869000000021,0.013225715885749754
A,D_A,7.5,0.721329826,0.005495758000000017,0.013225715885749754
A,D_A,7.5,0.742033923,0.00819007799999999,0.013225715885749754
A,D_A,7.5,0.762614581,0.010673969000000005,0.013225715885749754
A,D_A,7.5,0.783270495,0.007237557999999977,0.013225715885749754
A,D_A,7.5,0.804783918,0.0064015339999999865,0.013225715885749754
A,D_A,7.5,0.826095906,0.008412886000000008,0.013225715885749754
A,D_A,7.5,0.846303977,0.0032169819999999794,0.013225715885749754
A,D_A,7.5,0.867174819,0.0007222130000000271,0.013225715885749754
A,D_A,7.5,0.888413258,0.00720377099999997,0.013225715885749754
A,D_A,7.5,0.909910564,0.0014720939999999794,0.013225715885749754
A,D_A,7.5,0.931134698,-0.0002729069999999334,0.013225715885749754
A,D_A,7.5,0.951563161,-0.0017781409999999553,0.013225715885749754
A,D_A,7.5,0.972160451,-0.0007790170000000485,0.013225715885749754
A,D_A,7.5,0.993008165,-0.004272987000000006,0.013225715885749754
A,D_A,7.5,1.0140906,-0.0028260129999999606,0.013225715885749754
A,D_A,7.5,1.03500338,-0.005443373999999945,0.013225715885749754
A,D_A,7.5,1.05657413,0.0007865900000000314,0.013225715885749754
A,D_A,7.5,1.07789814,-0.0009163660000000018,0.013225715885749754
A,D_A,7.5,1.09835045,0.0007501959999999253,0.013225715885749754
A,D_A,7.5,1.11903902,-0.0033791939999999743,0.013225715885749754
A,D_A,7.5,1.1396405,0.0009167180000000386,0.013225715885749754
A,D_A,7.5,1.16109193,-0.00023499999999998522,0.013225715885749754
A,D_A,7.5,1.18227503,-0.006908099000000001,0.013225715885749754
A,D_A,7.5,1.2030555,0.009240640999999994,0.013225715885749754
A,D_A,7.5,1.22375183,-0.0006157700000000155,0.013225715885749754
A,D_A,7.5,1.24453484,-0.006776954000000002,0.013225715885749754
A,D_A,7.5,1.26570671,0.004512277999999981,0.013225715885749754
A,D_A,7.5,1.28693994,-0.0010181879999999754,0.013225715885749754
A,D_A,7.5,1.30807124,0.0005478560000000687,0.013225715885749754
A,D_A,7.5,1.32889646,-0.0016093369999999885,0.013225715885749754
A,D_A,7.5,1.34945121,-0.0041440400000000155,0.013225715885749754
A,D_A,7.5,1.37055188,0.006190780999999923,0.013225715885749754
A,D_A,7.5,1.39148285,-0.00961634499999997,0.013225715885749754
A,D_A,7.5,1.41220445,0.01041111699999997,0.013225715885749754
A,D_A,7.5,1.43352474,-0.013022937000000012,0.013225715885749754
A,D_A,7.5,1.45454751,-0.007022132999999986,0.013225715885749754
A,D_A,7.5,1.47511055,-0.010963752999999965,0.013225715885749754
A,D_A,7.5,1.49566583,0.0014670139999999332,0.013225715885749754
A,D_A,7.5,1.51690776,-0.00315837699999999,0.013225715885749754
A,D_A,7.5,1.53826425,-0.004952725999999963,0.013225715885749754
A,D_A,7.5,1.55931449,-0.0007265840000000301,0.013225715885749754
A,D_A,7.5,1.58012172,-0.007440353000000011,0.013225715885749754
A,D_A,7.5,1.60114355,-0.012466564999999985,0.013225715885749754
A,D_A,7.5,1.62229155,-0.010237309000000083,0.013225715885749754
A,D_A,7.5,1.64295947,-0.003683121999999983,0.013225715885749754
A,D_A,7.5,1.66366432,-0.0030619039999999487,0.013225715885749754
A,D_A,7.5,1.68478217,0.0010410720000000317,0.013225715885749754
A,D_A,7.5,1.7057485,-0.003158087000000087,0.013225715885749754
A,D_A,7.5,1.72683745,-0.012487342999999984,0.013225715885749754
A,D_A,7.5,1.74765849,-0.005829629000000058,0.013225715885749754
A,D_A,7.5,1.76847487,-0.0035836899999999172,0.013225715885749754
A,D_A,7.5,1.78961871,-0.0037485500000000727,0.013225715885749754
A,D_A,7.5,1.81086098,-0.004091433000000033,0.013225715885749754
A,D_A,7.5,1.83179094,0.005567287999999948,0.013225715885749754
A,D_A,7.5,1.8521746,-0.004994080000000012,0.013225715885749754
A,D_A,7.5,1.8733654,-0.0014478650000000481,0.013225715885749754
A,D_A,7.5,1.89455538,0.0005994440000000045,0.013225715885749754
A,D_A,7.5,1.91534795,0.001426537000000061,0.013225715885749754
A,D_A,7.5,1.93623233,-0.0072054070000000525,0.013225715885749754
A,D_A,7.5,1.9571481,0.003966174999999961,0.013225715885749754
A,D_A,7.5,1.97825109,-0.003505436000000084,0.013225715885749754
A,D_A,7.5,1.99905898,-0.004666249999999983,0.013225715885749754
A,D_A,7.5,2.01966715,0.0024125139999999767,0.013225715885749754
A,D_A,7.5,2.04082415,0.002809288000000021,0.013225715885749754
A,D_A,7.5,2.06193171,-0.006072410000000028,0.013225715885749754
A,D_A,7.5,2.08296048,-0.008091753999999951,0.013225715885749754
A,D_A,7.5,2.10383017,-0.0029066859999999917,0.013225715885749754
A,D_A,7.5,2.12494312,-0.0011343409999999832,0.013225715885749754
A,D_A,7.5,2.14618475,-0.0017190660000000468,0.013225715885749754
A,D_A,7.5,2.16679298,-0.0017528260000000406,0.013225715885749754
A,D_A,7.5,2.18753482,0.0014834900000000317,0.013225715885749754
A,D_A,7.5,2.20847027,0.002301795000000051,0.013225715885749754
A,D_A,7.5,2.22955181,0.0063698379999999055,0.013225715885749754
A,D_A,7.5,2.25078374,-0.0038343140000000053,0.013225715885749754
A,D_A,7.5,2.27150159,0.0018239370000000532,0.013225715885749754
A,D_A,7.5,2.29205574,-0.0014167330000000034,0.013225715885749754
A,D_A,7.5,2.31294326,-0.0059207850000000395,0.013225715885749754
A,D_A,7.5,2.3340363,0.0044792110000000385,0.013225715885749754
A,D_A,7.5,2.35514399,-0.0038717259999999643,0.013225715885749754
A,D_A,7.5,2.37607726,0.0022375690000000503,0.013225715885749754
A,D_A,7.5,2.39730341,-0.0018145250000000113,0.013225715885749754
A,D_A,7.5,2.41857203,0.0012144809999999895,0.013225715885749754
A,D_A,7.5,2.43911056,0.006844611999999972,0.013225715885749754
A,D_A,7.5,2.45988005,0.002810175000000026,0.013225715885749754
A,D_A,7.5,2.48094151,0.0024145749999999744,0.013225715885749754
A,D_A,7.5,2.50196601,0.004605481000000022,0.013225715885749754
A,D_A,7.5,2.52300496,-0.0033165980000000594,0.013225715885749754
A,D_A,7.5,2.54340089,-0.008395528999999957,0.013225715885749754
A,D_A,7.5,2.56415297,0.006488407000000085,0.013225715885749754
A,D_A,7.5,2.58575836,-0.0022807969999999456,0.013225715885749754
A,D_A,7.5,2.60684428,0.007062783000000072,0.013225715885749754
A,D_A,7.5,2.62775949,-0.0006797190000000786,0.013225715885749754
A,D_A,7.5,2.64834355,-0.007716437999999992,0.013225715885749754
A,D_A,7.5,2.66912062,0.00110085400000004,0.013225715885749754
A,D_A,7.5,2.69039946,0.0014887300000000492,0.013225715885749754
A,D_A,7.5,2.71121518,-0.00018360499999992008,0.013225715885749754
A,D_A,7.5,2.7321837,0.0009802039999999845,0.013225715885749754
A,D_A,7.5,2.75306239,0.0025110450000001006,0.013225715885749754
A,D_A,7.5,2.77427049,0.0019116890000000497,0.013225715885749754
A,D_A,7.5,2.79557932,-0.0014540109999999773,0.013225715885749754
A,D_A,7.5,2.8160646,-0.0016057059999999845,0.013225715885749754
A,D_A,7.5,2.83689478,-0.001168821000000042,0.013225715885749754
A,D_A,7.5,2.85801727,0.003488716000000003,0.013225715885749754
A,D_A,7.5,2.87906973,0.0062631919999999175,0.013225715885749754
A,D_A,7.5,2.89996898,-0.0038139410000000984,0.013225715885749754
A,D_A,7.5,2.92062944,-0.006770738999999915,0.013225715885749754
A,D_A,7.5,2.941605,0.0014105690000000282,0.013225715885749754
A,D_A,7.5,2.96267076,-0.0024300849999999707,0.013225715885749754
A,D_A,7.5,2.98347442,0.002005609999999991,0.013225715885749754
A,D_A,7.5,3.00437656,-0.004006951000000036,0.013225715885749754
A,D_A,7.5,3.02542142,0.0014723189999999997,0.013225715885749754
A,D_A,7.5,3.04658726,-0.0011927809999999761,0.013225715885749754
A,D_A,7.5,3.06768101,0.0022898439999999853,0.013225715885749754
A,D_A,7.5,3.088328,0.005222745999999945,0.013225715885749754
A,D_A,7.5,3.10931167,-0.002630746999999989,0.013225715885749754
A,D_A,7.5,3.1305457,-0.005461564000000085,0.013225715885749754
A,D_A,7.5,3.15150209,0.00612935399999992,0.013225715885749754
A,D_A,7.5,3.17219014,0.0009186300000000314,0.013225715885749754
A,D_A,7.5,3.19299024,0.0013780030000000165,0.013225715885749754
A,D_A,7.5,3.21390436,-0.003912283999999988,0.013225715885749754
A,D_A,7.5,3.23506564,0.004316570999999936,0.013225715885749754
A,D_A,7.5,3.25605387,-0.0007340390000000196,0.013225715885749754
A,D_A,7.5,3.27685776,0.00171895699999991,0.013225715885749754
A,D_A,7.5,3.29794723,-0.0017981310000000361,0.013225715885749754
A,D_A,7.5,3.31884778,-0.003566684999999903,0.013225715885749754
A,D_A,7.5,3.33944269,-0.00010429400000000477,0.013225715885749754
A,D_A,7.5,3.36030612,-0.003492669000000004,0.013225715885749754
A,D_A,7.5,3.38171654,-0.00306911700000001,0.013225715885749754
A,D_A,7.5,3.40297495,-0.0028097999999999734,0.013225715885749754
A,D_A,7.5,3.42370792,-0.0030821839999999323,0.013225715885749754
A,D_A,7.5,3.44440875,-0.0067078469999999335,0.013225715885749754
A,D_A,7.5,3.465315,-0.00053177900000001,0.013225715885749754
A,D_A,7.5,3.4865867,-0.003507923000000024,0.013225715885749754
A,D_A,7.5,3.50751221,-0.003491050000000051,0.013225715885749754
A,D_A,7.5,3.52796741,0.0008249340000000549,0.013225715885749754
A,D_A,7.5,3.5488788,-0.00128254800000005,0.013225715885749754
A,D_A,7.5,3.57014151,-0.0024662239999999613,0.013225715885749754
A,D_A,7.5,3.59120365,0.0024262379999999695,0.013225715885749754
A,D_A,7.5,3.61190928,0.001447268000000057,0.013225715885749754
A,D_A,7.5,3.63300558,0.00022604600000009079,0.013225715885749754
A,D_A,7.5,3.6541422,0.0016903359999999035,0.013225715885749754
A,D_A,7.5,3.67500902,-0.007183447999999926,0.013225715885749754
A,D_A,7.5,3.69581564,-0.006251384999999998,0.013225715885749754
A,D_A,7.5,3.71644729,-0.0014324279999999856,0.013225715885749754
A,D_A,7.5,3.73749774,-0.001751560999999957,0.013225715885749754
A,D_A,7.5,3.75868086,-0.006297316000000053,0.013225715885749754
A,D_A,7.5,3.77950549,-0.002146359000000042,0.013225715885749754
A,D_A,7.5,3.80027286,0.00017738099999997647,0.013225715885749754
A,D_A,7.5,3.82143123,-0.0028069210000000178,0.013225715885749754
A,D_A,7.5,3.84280481,0.001533918000000023,0.013225715885749754
A,D_A,7.5,3.86349282,0.000793747999999983,0.013225715885749754
A,D_A,7.5,3.88417456,0.0010552200000000234,0.013225715885749754
A,D_A,7.5,3.90535419,0.0018962350000000239,0.013225715885749754
A,D_A,7.5,3.9264697,-0.0033989280000000788,0.013225715885749754
A,D_A,7.5,3.94738681,0.001975800000000083,0.013225715885749754
A,D_A,7.5,3.96810309,0.005348573999999995,0.013225715885749754
A,D_A,7.5,3.98888694,0.0004010290000000527,0.013225715885749754
A,D_A,7.5,4.00993371,0.0007435550000000068,0.013225715885749754
A,D_A,7.5,4.03080983,0.0033399899999999594,0.013225715885749754
A,D_A,7.5,4.05178039,-0.0033989540000000096,0.013225715885749754
A,D_A,7.5,4.07276799,0.0034253939999999705,0.013225715885749754
A,D_A,7.5,4.09368684,0.001411196000000059,0.013225715885749754
A,D_A,7.5,4.11485609,0.005021390999999986,0.013225715885749754
A,D_A,7.5,4.13583188,-2.3861999999930106e-05,0.013225715885749754
A,D_A,7.5,4.15670688,2.3269000000047946e-05,0.013225715885749754
A,D_A,7.5,4.17758774,0.004625690000000016,0.013225715885749754
A,D_A,7.5,4.19867141,0.00013020600000002158,0.013225715885749754
A,D_A,7.5,4.21961517,-0.002731242999999939,0.013225715885749754
A,D_A,7.5,4.24013393,-0.0010001749999999365,0.013225715885749754
A,D_A,7.5,4.26119077,-0.00667258599999998,0.013225715885749754
A,D_A,7.5,4.28239268,-0.004769560999999922,0.013225715885749754
A,D_A,7.5,4.30342826,0.0010406029999999733,0.013225715885749754
A,D_A,7.5,4.32431592,0.004870230999999947,0.013225715885749754
A,D_A,7.5,4.34508479,-0.0041425520000000216,0.013225715885749754
A,D_A,7.5,4.36604259,-0.004501087999999931,0.013225715885749754
A,D_A,7.5,4.38708086,-0.0007275440000000799,0.013225715885749754
A,D_A,7.5,4.40778797,0.00024898399999995213,0.013225715885749754
A,D_A,7.5,4.4288526,-0.0018283930000000392,0.013225715885749754
A,D_A,7.5,4.44994967,0.0027875600000000222,0.013225715885749754
A,D_A,7.5,4.47085438,-2.1730000000053096e-05,0.013225715885749754
A,D_A,7.5,4.49188801,2.437999999993501e-05,0.013225715885749754
A,D_A,7.5,4.51250216,0.0029617699999999747,0.013225715885749754
A,D_A,7.5,4.5334461,-0.004036359999999961,0.013225715885749754
A,D_A,7.5,4.55463591,0.000788509999999798,0.013225715885749754
A,D_A,7.5,4.57547609,-0.004854601999999986,0.013225715885749754
A,D_A,7.5,4.59643311,0.0005808599999999053,0.013225715885749754
A,D_A,7.5,4.61732903,0.0010201800000000372,0.013225715885749754
A,D_A,7.5,4.63833098,0.002504609999999907,0.013225715885749754
A,D_A,7.5,4.65949324,0.000974489999999939,0.013225715885749754
A,D_A,7.5,4.68039693,-0.0024285299999999843,0.013225715885749754
A,D_A,7.5,4.70136745,-0.005464450000000065,0.013225715885749754
A,D_A,7.5,4.72221533,-0.0027021799999999985,0.013225715885749754
A,D_A,7.5,4.74309374,-0.007197129999999996,0.013225715885749754
A,D_A,7.5,4.76390784,-0.004836960000000001,0.013225715885749754
A,D_A,7.5,4.78491795,-0.0029118699999999276,0.013225715885749754
A,D_A,7.5,4.80636204,-3.110999999988984e-05,0.013225715885749754
A,D_A,7.5,4.82728449,0.0018930800000001025,0.013225715885749754
A,D_A,7.5,4.84785524,-0.0033157900000000406,0.013225715885749754
A,D_A,7.5,4.86859731,-0.0025850899999999566,0.013225715885749754
A,D_A,7.5,4.88954319,0.0007383700000000992,0.013225715885749754
A,D_A,7.5,4.91078695,-0.005832339999999991,0.013225715885749754
A,D_A,7.5,4.93172016,0.0015640800000000787,0.013225715885749754
A,D_A,7.5,4.95244063,0.004543100000000022,0.013225715885749754
A,D_A,7.5,4.97348932,-0.004301749999999993,0.013225715885749754
A,D_A,7.5,4.994309,-0.0034868100000000624,0.013225715885749754
A,D_A,7.5,5.01515697,0.0023343399999999903,0.013225715885749754
A,D_A,7.5,5.03598003,-0.003839719999999991,0.013225715885749754
A,D_A,7.5,5.05703237,-0.0010050799999998805,0.013225715885749754
A,D_A,7.5,5.07840332,-0.0004653199999999913,0.013225715885749754
A,D_A,7.5,5.09943841,-0.004124510000000026,0.013225715885749754
A,D_A,7.5,5.12032938,-0.0010735499999998677,0.013225715885749754
A,D_A,7.5,5.14107614,0.0020709400000000766,0.013225715885749754
A,D_A,7.5,5.16214077,-0.0011036599999998398,0.013225715885749754
A,D_A,7.5,5.18341099,0.0011089099999999075,0.013225715885749754
A,D_A,7.5,5.2041075,0.001945689999999889,0.013225715885749754
A,D_A,7.5,5.22477891,0.002641069999999912,0.013225715885749754
A,D_A,7.5,5.24557967,-0.004610740000000169,0.013225715885749754
A,D_A,7.5,5.26649236,0.0014556800000000703,0.013225715885749754
A,D_A,7.5,5.28753131,0.0006469000000000058,0.013225715885749754
A,D_A,7.5,5.30847064,-0.0018751600000002089,0.013225715885749754
A,D_A,7.5,5.32946745,0.0019639000000000184,0.013225715885749754
A,D_A,7.5,5.3506922,0.0015971999999999653,0.013225715885749754
A,D_A,7.5,5.37158853,0.005103300000000033,0.013225715885749754
A,D_A,7.5,5.39231925,0.0038915800000001166,0.013225715885749754
A,D_A,7.5,5.41333352,0.0018964200000000098,0.013225715885749754
A,D_A,7.5,5.43434316,-0.0005119499999999277,0.013225715885749754
A,D_A,7.5,5.45530659,0.002193700000000076,0.013225715885749754
A,D_A,7.5,5.47618498,-0.0027223100000000056,0.013225715885749754
A,D_A,7.5,5.49715755,-0.003096020000000088,0.013225715885749754
A,D_A,7.5,5.51801586,0.002477069999999859,0.013225715885749754
A,D_A,7.5,5.53881995,-0.002431929999999971,0.013225715885749754
A,D_A,7.5,5.55992514,-0.0032917300000001593,0.013225715885749754
A,D_A,7.5,5.58098545,-0.001302070000000155,0.013225715885749754
A,D_A,7.5,5.60183772,0.003570029999999891,0.013225715885749754
A,D_A,7.5,5.62277584,0.0007805200000001733,0.013225715885749754
A,D_A,7.5,5.64379172,2.067000000005592e-05,0.013225715885749754
A,D_A,7.5,5.66460817,0.002864479999999947,0.013225715885749754
A,D_A,7.5,5.68556022,-0.004955649999999867,0.013225715885749754
A,D_A,7.5,5.7067909,-0.0004482599999999781,0.013225715885749754
A,D_A,7.5,5.72769317,0.003726329999999889,0.013225715885749754
A,D_A,7.5,5.74840017,-0.002061610000000158,0.013225715885749754
A,D_A,7.5,5.76938192,0.0024397499999999628,0.013225715885749754
A,D_A,7.5,5.79039764,-0.004305039999999982,0.013225715885749754
A,D_A,7.5,5.81144039,0.0007902000000001852,0.013225715885749754
A,D_A,7.5,5.83232115,0.002472129999999906,0.013225715885749754
A,D_A,7.5,5.85320209,0.002499889999999949,0.013225715885749754
A,D_A,7.5,5.87418919,0.0049227800000000155,0.013225715885749754
A,D_A,7.5,5.89509625,-5.1269999999936644e-05,0.013225715885749754
A,D_A,7.5,5.9159726,0.0003748599999999769,0.013225715885749754
A,D_A,7.5,5.93682663,0.003076020000000179,0.013225715885749754
A,D_A,7.5,5.95791772,-0.0011599300000000312,0.013225715885749754
A,D_A,7.5,5.97900675,-0.0016129699999998248,0.013225715885749754
A,D_A,7.5,5.99978945,-0.0005404400000001974,0.013225715885749754
A,D_A,7.5,6.02063577,0.00651948999999985,0.013225715885749754
A,D_A,7.5,6.04156421,-0.005554550000000047,0.013225715885749754
A,D_A,7.5,6.06259364,0.0005958699999999428,0.013225715885749754
A,D_A,7.5,6.08377541,-0.002366709999999994,0.013225715885749754
A,D_A,7.5,6.10447051,0.006516529999999854,0.013225715885749754
A,D_A,7.5,6.12538157,-0.0016296000000000088,0.013225715885749754
A,D_A,7.5,6.14660689,3.0030000000014212e-05,0.013225715885749754
A,D_A,7.5,6.16752321,-0.0010326099999999894,0.013225715885749754
A,D_A,7.5,6.18833806,-0.000709939999999909,0.013225715885749754
A,D_A,7.5,6.20938667,0.00439907000000006,0.013225715885749754
A,D_A,7.5,6.23052184,-0.0036342699999998285,0.013225715885749754
A,D_A,7.5,6.25137137,-0.0010180899999998605,0.013225715885749754
A,D_A,7.5,6.27204484,5.51000000004187e-06,0.013225715885749754
A,D_A,7.5,6.29290789,-0.0011174300000000859,0.013225715885749754
A,D_A,7.5,6.31382104,0.0050346999999999476,0.013225715885749754
A,D_A,7.5,6.33495691,-0.000515920000000003,0.013225715885749754
A,D_A,7.5,6.35600914,-0.002805990000000147,0.013225715885749754
A,D_A,7.5,6.37663869,0.0037728800000000895,0.013225715885749754
A,D_A,7.5,6.39770954,0.0018727900000001796,0.013225715885749754
A,D_A,7.5,6.41872759,-0.0010748400000000213,0.013225715885749754
A,D_A,7.5,6.43951457,0.004301109999999886,0.013225715885749754
A,D_A,7.5,6.46033562,0.0007991899999999497,0.013225715885749754
A,D_A,7.5,6.4814564,-0.0025776400000001587,0.013225715885749754
A,D_A,7.5,6.50265681,0.0018324000000000673,0.013225715885749754
A,D_A,7.5,6.52350383,0.0014199100000000797,0.013225715885749754
A,D_A,7.5,6.54427866,-0.0021693000000000406,0.013225715885749754
A,D_A,7.5,6.56515568,-0.0009262899999999963,0.013225715885749754
A,D_A,7.5,6.58628576,0.00013170000000006787,0.013225715885749754
A,D_A,7.5,6.60749316,0.0012835100000001542,0.013225715885749754
A,D_A,7.5,6.62830625,-0.00237664999999998,0.013225715885749754
A,D_A,7.5,6.64913567,0.002941319999999914,0.013225715885749754
A,D_A,7.5,6.67020149,-0.0060114,0.013225715885749754
A,D_A,7.5,6.69106898,0.00258174000000011,0.013225715885749754
A,D_A,7.5,6.71185955,-0.0017576200000000153,0.013225715885749754
A,D_A,7.5,6.73264651,-0.000598990000000077,0.013225715885749754
A,D_A,7.5,6.7537045,-0.0005305799999999472,0.013225715885749754
A,D_A,7.5,6.77487174,0.001461560000000084,0.013225715885749754
A,D_A,7.5,6.79557562,0.00017391999999993857,0.013225715885749754
A,D_A,7.5,6.81648781,0.005236050000000159,0.013225715885749754
A,D_A,7.5,6.83753747,0.0003003800000001,0.013225715885749754
A,D_A,7.5,6.85867557,-0.005061259999999956,0.013225715885749754
A,D_A,7.5,6.87985316,-0.0024188000000000542,0.013225715885749754
A,D_A,7.5,6.90065786,-0.001895629999999926,0.013225715885749754
A,D_A,7.5,6.92153112,-0.0010676499999999756,0.013225715885749754
A,D_A,7.5,6.94229803,-0.00040463999999995615,0.013225715885749754
A,D_A,7.5,6.9630016,0.003909000000000162,0.013225715885749754
A,D_A,7.5,6.98416877,0.004236899999999988,0.013225715885749754
A,D_A,7.5,7.0052781,2.7920000000181133e-05,0.013225715885749754
A,D_A,7.5,7.02617612,0.004307639999999946,0.013225715885749754
A,D_A,7.5,7.04699526,-0.001148640000000034,0.013225715885749754
A,D_A,7.5,7.06761685,-0.0030549300000000112,0.013225715885749754
A,D_A,7.5,7.08873369,-0.0011284000000000294,0.013225715885749754
A,D_A,7.5,7.10994937,-0.0019895999999999248,0.013225715885749754
A,D_A,7.5,7.13102893,0.0031341899999999256,0.013225715885749754
A,D_A,7.5,7.15201412,0.00036152000000000406,0.013225715885749754
A,D_A,7.5,7.17271336,0.0015251239999999333,0.013225715885749754
A,D_A,7.5,7.19374266,-0.002236263000000127,0.013225715885749754
A,D_A,7.5,7.21473042,-8.648999999993912e-05,0.013225715885749754
A,D_A,7.5,7.23564263,0.0017716389999999915,0.013225715885749754
A,D_A,7.5,7.25666289,-0.003351604000000008,0.013225715885749754
A,D_A,7.5,7.27757645,-0.0017874299999998122,0.013225715885749754
A,D_A,7.5,7.2984411,0.004046364999999996,0.013225715885749754
A,D_A,7.5,7.31917384,0.0006893199999999933,0.013225715885749754
A,D_A,7.5,7.34001688,0.0007244480000000442,0.013225715885749754
A,D_A,7.5,7.3611683,-2.740000000001075e-05,0.013225715885749754
A,D_A,7.5,7.38224284,0.007984442000000036,0.013225715885749754
A,D_A,7.5,7.40324015,0.0019148249999999534,0.013225715885749754
A,D_A,7.5,7.42408854,-0.0016119360000000915,0.013225715885749754
A,D_A,7.5,7.44500634,0.0006319209999999797,0.013225715885749754
A,D_A,7.5,7.46595959,0.0018206880000000147,0.013225715885749754
A,D_A,7.5,7.48696308,0.0023609700000000178,0.013225715885749754
A,D_A,7.5,7.5079936,-0.0013007710000000339,0.013225715885749754
A,D_A,7.5,7.52871967,0.0004964389999999597,0.013225715885749754
A,D_A,7.5,7.54966921,0.002565476000000011,0.013225715885749754
A,D_A,7.5,7.57064902,-0.0018267020000000134,0.013225715885749754
A,D_A,7.5,7.59151428,-0.0017427920000000485,0.013225715885749754
A,D_A,7.5,7.6123809,-0.003595206000000073,0.013225715885749754
A,D_A,7.5,7.63338324,0.0003116010000000502,0.013225715885749754
A,D_A,7.5,7.65450532,0.0025693050000000772,0.013225715885749754
A,D_A,7.5,7.67556944,-0.0023610330000000124,0.013225715885749754
A,D_A,7.5,7.69637751,-0.0008568330000000568,0.013225715885749754
A,D_A,7.5,7.71727216,-0.003896560000000049,0.013225715885749754
A,D_A,7.5,7.73835725,-0.0025130150000000073,0.013225715885749754
A,D_A,7.5,7.75934923,0.003003904000000057,0.013225715885749754
A,D_A,7.5,7.78023116,0.00656078800000004,0.013225715885749754
A,D_A,7.5,7.80098697,0.001834450000000043,0.013225715885749754
A,D_A,7.5,7.82190677,-0.004536938999999962,0.013225715885749754
A,D_A,7.5,7.84304931,0.0023145409999999478,0.013225715885749754
A,D_A,7.5,7.86405132,0.0033616189999999824,0.013225715885749754
A,D_A,7.5,7.88484553,0.001406514999999997,0.013225715885749754
A,D_A,7.5,7.90574885,-0.003028795000000084,0.013225715885749754
A,D_A,7.5,7.9267531,-0.0015710300000000288,0.013225715885749754
A,D_A,7.5,7.94765228,0.003446775000000013,0.013225715885749754
A,D_A,7.5,7.96842304,0.0030307669999999343,0.013225715885749754
A,D_A,7.5,7.98938616,0.0003298999999999941,0.013225715885749754
A,D_A,7.5,8.01050815,0.004900852000000011,0.013225715885749754
A,D_A,7.5,8.03153334,-0.004130768999999979,0.013225715885749754
A,D_A,7.5,8.05240251,-0.0042458859999999765,0.013225715885749754
A,D_A,7.5,8.07332696,-0.0005475280000000193,0.013225715885749754
A,D_A,7.5,8.09438514,5.257800000002533e-05,0.013225715885749754
A,D_A,7.5,8.11529588,-0.005176218999999982,0.013225715885749754
A,D_A,7.5,8.13618411,0.0008425840000000351,0.013225715885749754
A,D_A,7.5,8.15717855,-0.00016746800000000395,0.013225715885749754
A,D_A,7.5,8.17807847,-0.0003065580000000123,0.013225715885749754
A,D_A,7.5,8.19905269,0.002395699000000029,0.013225715885749754
A,D_A,7.5,8.21991085,-0.0016961289999999352,0.013225715885749754
A,D_A,7.5,8.24078529,-0.000533933000000042,0.013225715885749754
A,D_A,7.5,8.26195652,0.0027019810000000755,0.013225715885749754
A,D_A,7.5,8.28293039,0.004339075999999942,0.013225715885749754
A,D_A,7.5,8.30373423,-0.002341831000000072,0.013225715885749754
A,D_A,7.5,8.32452583,0.002713432000000071,0.013225715885749754
A,D_A,7.5,8.34556221,-0.0014936460000000151,0.013225715885749754
A,D_A,7.5,8.36671927,0.0008613379999999893,0.013225715885749754
A,D_A,7.5,8.38757523,0.0006985959999999958,0.013225715885749754
A,D_A,7.5,8.40855808,-0.0040680220000000045,0.013225715885749754
A,D_A,7.5,8.42953585,-0.0015541270000000162,0.013225715885749754
A,D_A,7.5,8.45042977,-0.0035201570000000793,0.013225715885749754
A,D_A,7.5,8.47138662,0.00352861399999993,0.013225715885749754
A,D_A,7.5,8.49217243,0.004288112000000011,0.013225715885749754
A,D_A,7.5,8.51321806,-0.0032069799999999704,0.013225715885749754
A,D_A,7.5,8.53421183,-0.0076607589999999615,0.013225715885749754
A,D_A,7.5,8.55508292,0.0010632910000000217,0.013225715885749754
A,D_A,7.5,8.57598662,0.0010303549999999273,0.013225715885749754
A,D_A,7.5,8.59679232,0.002664935999999951,0.013225715885749754
A,D_A,7.5,8.61783107,0.0011086120000000088,0.013225715885749754
A,D_A,7.5,8.63891768,-0.0020149409999999923,0.013225715885749754
A,D_A,7.5,8.65972861,-0.0020286210000000082,0.013225715885749754
A,D_A,7.5,8.68059853,0.0006390229999999608,0.013225715885749754
A,D_A,7.5,8.70174168,-0.0005418289999999937,0.013225715885749754
A,D_A,7.5,8.72279566,-0.002974629999999978,0.013225715885749754
A,D_A,7.5,8.74359241,0.0035471610000000764,0.013225715885749754
A,D_A,7.5,8.76424415,0.0010783819999999888,0.013225715885749754
A,D_A,7.5,8.78526729,0.00043808099999997907,0.013225715885749754
A,D_A,7.5,8.80637189,-0.0015392869999999448,0.013225715885749754
A,D_A,7.5,8.82736896,-0.002174540999999919,0.013225715885749754
A,D_A,7.5,8.84843212,-0.0011012870000000063,0.013225715885749754
A,D_A,7.5,8.86933197,-0.003046811000000038,0.013225715885749754
A,D_A,7.5,8.89026857,0.0015090500000000118,0.013225715885749754
A,D_A,7.5,8.91123702,0.0013770480000000473,0.013225715885749754
A,D_A,7.5,8.93214776,-0.0008169900000000174,0.013225715885749754
A,D_A,7.5,8.95312097,0.0006425629999999849,0.013225715885749754
A,D_A,7.5,8.9741304,0.00021612599999998316,0.013225715885749754
A,D_A,7.5,8.99505705,-0.00336539300000005,0.013225715885749754
A,D_A,7.5,9.01571368,0.004696393000000021,0.013225715885749754
A,D_A,7.5,9.03640927,-0.0003779000000000421,0.013225715885749754
A,D_A,7.5,9.05755121,0.004047648000000015,0.013225715885749754
A,D_A,7.5,9.07868023,0.00014466800000001445,0.013225715885749754
A,D_A,7.5,9.09969513,0.0016211320000000251,0.013225715885749754
A,D_A,7.5,9.1205658,0.0004441379999999828,0.013225715885749754
A,D_A,7.5,9.14137844,0.0001228930000000128,0.013225715885749754
A,D_A,7.5,9.16237082,-0.000377092999999995,0.013225715885749754
A,D_A,7.5,9.18339441,-0.0018310550000000259,0.013225715885749754
A,D_A,7.5,9.20447395,0.0003815729999999684,0.013225715885749754
A,D_A,7.5,9.22549281,0.0049819110000000055,0.013225715885749754
A,D_A,7.5,9.2463962,-0.00032458499999998836,0.013225715885749754
A,D_A,7.5,9.26722673,-0.003163828000000035,0.013225715885749754
A,D_A,7.5,9.28791689,-0.001596147999999964,0.013225715885749754
A,D_A,7.5,9.30892724,-0.0002344609999999081,0.013225715885749754
A,D_A,7.5,9.33003065,-0.000723417000000004,0.013225715885749754
A,D_A,7.5,9.35102864,-0.0038302159999999974,0.013225715885749754
A,D_A,7.5,9.37196601,0.0002920100000000092,0.013225715885749754
A,D_A,7.5,9.39258783,0.0025750709999999843,0.013225715885749754
A,D_A,7.5,9.41349621,0.0006446979999999991,0.013225715885749754
A,D_A,7.5,9.4347927,0.0024877189999999993,0.013225715885749754
A,D_A,7.5,9.45587737,0.0003228069999999805,0.013225715885749754
A,D_A,7.5,9.47676866,0.0004760150000000518,0.013225715885749754
A,D_A,7.5,9.49762777,-0.0009740679999999946,0.013225715885749754
A,D_A,7.5,9.51852362,-0.004069620999999968,0.013225715885749754
A,D_A,7.5,9.53939795,0.0003260730000000933,0.013225715885749754
A,D_A,7.5,9.56035551,0.0011413739999999173,0.013225715885749754
A,D_A,7.5,9.58149741,-0.00022317699999996332,0.013225715885749754
A,D_A,7.5,9.60249587,0.0015890610000000027,0.013225715885749754
A,D_A,7.5,9.62336478,-0.007121311999999991,0.013225715885749754
A,D_A,7.5,9.64415055,0.000524082999999953,0.013225715885749754
A,D_A,7.5,9.66502224,0.00019333200000004602,0.013225715885749754
A,D_A,7.5,9.68597433,0.0022514149999999233,0.013225715885749754
A,D_A,7.5,9.7069728,-0.0006599580000000715,0.013225715885749754
A,D_A,7.5,9.72797765,-0.0008300820000000098,0.013225715885749754
A,D_A,7.5,9.74896401,-0.0006954559999999832,0.013225715885749754
A,D_A,7.5,9.76996217,3.927900000000317e-05,0.013225715885749754
A,D_A,7.5,9.79085678,-0.00214396700000008,0.013225715885749754
A,D_A,7.5,9.81166698,-0.001912154999999971,0.013225715885749754
A,D_A,7.5,9.83262494,0.00224475600000007,0.013225715885749754
A,D_A,7.5,9.85372265,0.00022868900000005965,0.013225715885749754
A,D_A,7.5,9.87472665,0.00011306800000010497,0.013225715885749754
A,D_A,7.5,9.89559934,-0.0005538210000000099,0.013225715885749754
A,D_A,7.5,9.91635289,-0.00014581699999993702,0.013225715885749754
A,D_A,7.5,9.93737645,0.0006755419999999734,0.013225715885749754
A,D_A,7.5,9.95856995,-0.0038833050000000036,0.013225715885749754
A,D_A,7.5,9.97940815,0.0032394470000000064,0.013225715885749754
A,D_A,7.5,10.000082,-3.740799999996103e-05,0.013225715885749754
A,D_A,10.0,0.0252815853,0.009761112209,0.010617118625506452
A,D_A,10.0,0.0486976344,0.00910147765,0.010617118625506452
A,D_A,10.0,0.0692644017,0.009333605180000001,0.010617118625506452
A,D_A,10.0,0.08877835,0.00962554502,0.010617118625506452
A,D_A,10.0,0.111604297,0.00912693034,0.010617118625506452
A,D_A,10.0,0.132731806,0.009399944899999998,0.010617118625506452
A,D_A,10.0,0.153672181,0.008872646000000001,0.010617118625506452
A,D_A,10.0,0.175641863,0.0091138778,0.010617118625506452
A,D_A,10.0,0.196615509,0.009241401799999997,0.010617118625506452
A,D_A,10.0,0.217326708,0.008839984699999998,0.010617118625506452
A,D_A,10.0,0.237538457,0.009163650600000003,0.010617118625506452
A,D_A,10.0,0.258148683,0.009544123000000002,0.010617118625506452
A,D_A,10.0,0.28040349,0.008478721699999997,0.010617118625506452
A,D_A,10.0,0.301929084,0.010030383399999995,0.010617118625506452
A,D_A,10.0,0.322287413,0.00869346809999999,0.010617118625506452
A,D_A,10.0,0.342663331,0.009168708300000009,0.010617118625506452
A,D_A,10.0,0.363641289,0.008782747399999999,0.010617118625506452
A,D_A,10.0,0.385602948,0.010576112999999998,0.010617118625506452
A,D_A,10.0,0.406737165,0.009537142999999998,0.010617118625506452
A,D_A,10.0,0.427001871,0.009966681000000005,0.010617118625506452
A,D_A,10.0,0.448754416,0.008651526999999992,0.010617118625506452
A,D_A,10.0,0.469601745,0.011344004000000019,0.010617118625506452
A,D_A,10.0,0.489805379,0.011814487000000012,0.010617118625506452
A,D_A,10.0,0.510302494,0.007197471000000011,0.010617118625506452
A,D_A,10.0,0.53178319,0.010058292000000024,0.010617118625506452
A,D_A,10.0,0.553922362,0.007572185000000009,0.010617118625506452
A,D_A,10.0,0.574670041,0.006176119000000008,0.010617118625506452
A,D_A,10.0,0.594645701,0.010068002999999992,0.010617118625506452
A,D_A,10.0,0.615540037,0.01218704599999998,0.010617118625506452
A,D_A,10.0,0.636554081,0.008146452000000026,0.010617118625506452
A,D_A,10.0,0.658102417,0.006813919000000002,0.010617118625506452
A,D_A,10.0,0.679189641,0.005049079999999984,0.010617118625506452
A,D_A,10.0,0.700054044,0.011431564999999977,0.010617118625506452
A,D_A,10.0,0.721329826,0.009339074000000003,0.010617118625506452
A,D_A,10.0,0.742033923,0.013251201999999962,0.010617118625506452
A,D_A,10.0,0.762614581,0.008745928000000014,0.010617118625506452
A,D_A,10.0,0.783270495,0.008095682999999965,0.010617118625506452
A,D_A,10.0,0.804783918,0.008048561999999981,0.010617118625506452
A,D_A,10.0,0.826095906,0.006151924000000031,0.010617118625506452
A,D_A,10.0,0.846303977,-0.001109658999999985,0.010617118625506452
A,D_A,10.0,0.867174819,0.0065157240000000005,0.010617118625506452
A,D_A,10.0,0.888413258,0.003932199999999997,0.010617118625506452
A,D_A,10.0,0.909910564,0.00784702100000001,0.010617118625506452
A,D_A,10.0,0.931134698,0.0041668380000000615,0.010617118625506452
A,D_A,10.0,0.951563161,0.005745552000000043,0.010617118625506452
A,D_A,10.0,0.972160451,0.005718220999999968,0.010617118625506452
A,D_A,10.0,0.993008165,-0.008010972000000005,0.010617118625506452
A,D_A,10.0,1.0140906,-0.0033637140000000176,0.010617118625506452
A,D_A,10.0,1.03500338,-0.002154127999999922,0.010617118625506452
A,D_A,10.0,1.05657413,0.003993857999999961,0.010617118625506452
A,D_A,10.0,1.07789814,0.0013252870000000083,0.010617118625506452
A,D_A,10.0,1.09835045,0.0034747699999999604,0.010617118625506452
A,D_A,10.0,1.11903902,-0.006220132000000045,0.010617118625506452
A,D_A,10.0,1.1396405,0.0008675820000000334,0.010617118625506452
A,D_A,10.0,1.16109193,-0.002476585000000031,0.010617118625506452
A,D_A,10.0,1.18227503,-0.006974433000000002,0.010617118625506452
A,D_A,10.0,1.2030555,-0.0020007650000000154,0.010617118625506452
A,D_A,10.0,1.22375183,0.0007166029999999823,0.010617118625506452
A,D_A,10.0,1.24453484,-0.008204754999999953,0.010617118625506452
A,D_A,10.0,1.26570671,3.037400000005519e-05,0.010617118625506452
A,D_A,10.0,1.28693994,-0.004274302999999979,0.010617118625506452
A,D_A,10.0,1.30807124,-0.0004178809999999533,0.010617118625506452
A,D_A,10.0,1.32889646,0.001173784000000011,0.010617118625506452
A,D_A,10.0,1.34945121,-0.0031102589999999486,0.010617118625506452
A,D_A,10.0,1.37055188,0.008703126999999977,0.010617118625506452
A,D_A,10.0,1.39148285,-0.0050178749999999495,0.010617118625506452
A,D_A,10.0,1.41220445,0.0012879230000000241,0.010617118625506452
A,D_A,10.0,1.43352474,-0.01291669399999995,0.010617118625506452
A,D_A,10.0,1.45454751,-0.012047871999999904,0.010617118625506452
A,D_A,10.0,1.47511055,-0.0020145049999999998,0.010617118625506452
A,D_A,10.0,1.49566583,0.001801128999999957,0.010617118625506452
A,D_A,10.0,1.51690776,-0.002905362999999994,0.010617118625506452
A,D_A,10.0,1.53826425,-0.01218756200000004,0.010617118625506452
A,D_A,10.0,1.55931449,-0.0030408339999999923,0.010617118625506452
A,D_A,10.0,1.58012172,0.0006655429999999907,0.010617118625506452
A,D_A,10.0,1.60114355,-0.0136855629999999,0.010617118625506452
A,D_A,10.0,1.62229155,-0.010539524999999994,0.010617118625506452
A,D_A,10.0,1.64295947,-0.004383766999999983,0.010617118625506452
A,D_A,10.0,1.66366432,-0.007326788999999945,0.010617118625506452
A,D_A,10.0,1.68478217,0.004330244000000039,0.010617118625506452
A,D_A,10.0,1.7057485,0.003618905999999922,0.010617118625506452
A,D_A,10.0,1.72683745,-0.008117024000000028,0.010617118625506452
A,D_A,10.0,1.74765849,-0.007445486000000057,0.010617118625506452
A,D_A,10.0,1.76847487,-0.0036188589999999188,0.010617118625506452
A,D_A,10.0,1.78961871,-0.004651126000000061,0.010617118625506452
A,D_A,10.0,1.81086098,-0.0004387210000000863,0.010617118625506452
A,D_A,10.0,1.83179094,-0.001257665000000019,0.010617118625506452
A,D_A,10.0,1.8521746,-0.009748980000000018,0.010617118625506452
A,D_A,10.0,1.8733654,-0.0066306670000000345,0.010617118625506452
A,D_A,10.0,1.89455538,0.004131905000000047,0.010617118625506452
A,D_A,10.0,1.91534795,0.0013249240000000606,0.010617118625506452
A,D_A,10.0,1.93623233,-0.011197163000000065,0.010617118625506452
A,D_A,10.0,1.9571481,0.001443869000000042,0.010617118625506452
A,D_A,10.0,1.97825109,-0.0030608720000000478,0.010617118625506452
A,D_A,10.0,1.99905898,-0.011266446999999902,0.010617118625506452
A,D_A,10.0,2.01966715,-0.0018193499999999974,0.010617118625506452
A,D_A,10.0,2.04082415,-0.003824877999999976,0.010617118625506452
A,D_A,10.0,2.06193171,-0.003646601000000027,0.010617118625506452
A,D_A,10.0,2.08296048,-0.00339352599999998,0.010617118625506452
A,D_A,10.0,2.10383017,-0.006264767999999976,0.010617118625506452
A,D_A,10.0,2.12494312,-0.0041598660000000676,0.010617118625506452
A,D_A,10.0,2.14618475,-0.0004548109999999994,0.010617118625506452
A,D_A,10.0,2.16679298,-0.0008184810000000375,0.010617118625506452
A,D_A,10.0,2.18753482,-0.004973521000000036,0.010617118625506452
A,D_A,10.0,2.20847027,-0.0007737999999999357,0.010617118625506452
A,D_A,10.0,2.22955181,0.0014705229999999458,0.010617118625506452
A,D_A,10.0,2.25078374,7.995999999999004e-05,0.010617118625506452
A,D_A,10.0,2.27150159,-4.3037999999939736e-05,0.010617118625506452
A,D_A,10.0,2.29205574,0.002440099999999945,0.010617118625506452
A,D_A,10.0,2.31294326,-0.009567457000000057,0.010617118625506452
A,D_A,10.0,2.3340363,-0.0007542990000000138,0.010617118625506452
A,D_A,10.0,2.35514399,-0.0012992079999999406,0.010617118625506452
A,D_A,10.0,2.37607726,-0.006011451999999973,0.010617118625506452
A,D_A,10.0,2.39730341,-0.0019817680000000504,0.010617118625506452
A,D_A,10.0,2.41857203,-0.001689292000000009,0.010617118625506452
A,D_A,10.0,2.43911056,0.0027226649999999575,0.010617118625506452
A,D_A,10.0,2.45988005,0.0001681949999999821,0.010617118625506452
A,D_A,10.0,2.48094151,0.003195614999999985,0.010617118625506452
A,D_A,10.0,2.50196601,0.0059205170000000695,0.010617118625506452
A,D_A,10.0,2.52300496,0.0015483409999998976,0.010617118625506452
A,D_A,10.0,2.54340089,-0.00785651899999995,0.010617118625506452
A,D_A,10.0,2.56415297,0.006844450000000002,0.010617118625506452
A,D_A,10.0,2.58575836,0.003949815999999995,0.010617118625506452
A,D_A,10.0,2.60684428,0.004222092000000011,0.010617118625506452
A,D_A,10.0,2.62775949,0.0019473359999999662,0.010617118625506452
A,D_A,10.0,2.64834355,-0.0016741319999999948,0.010617118625506452
A,D_A,10.0,2.66912062,-0.0023280629999999913,0.010617118625506452
A,D_A,10.0,2.69039946,0.005100459999999973,0.010617118625506452
A,D_A,10.0,2.71121518,-0.0029419330000000077,0.010617118625506452
A,D_A,10.0,2.7321837,0.005323929999999977,0.010617118625506452
A,D_A,10.0,2.75306239,-0.002723556999999932,0.010617118625506452
A,D_A,10.0,2.77427049,0.002653852999999984,0.010617118625506452
A,D_A,10.0,2.79557932,0.0017745829999999962,0.010617118625506452
A,D_A,10.0,2.8160646,-0.004757397999999968,0.010617118625506452
A,D_A,10.0,2.83689478,-0.0004830340000000488,0.010617118625506452
A,D_A,10.0,2.85801727,-0.0013156220000000163,0.010617118625506452
A,D_A,10.0,2.87906973,0.0006747309999999285,0.010617118625506452
A,D_A,10.0,2.89996898,-0.0007871910000000204,0.010617118625506452
A,D_A,10.0,2.92062944,-0.004417431999999999,0.010617118625506452
A,D_A,10.0,2.941605,-0.003915360000000034,0.010617118625506452
A,D_A,10.0,2.96267076,-0.006176890999999962,0.010617118625506452
A,D_A,10.0,2.98347442,-0.0004311810000000582,0.010617118625506452
A,D_A,10.0,3.00437656,0.004040065999999953,0.010617118625506452
A,D_A,10.0,3.02542142,0.0002760640000000203,0.010617118625506452
A,D_A,10.0,3.04658726,0.00018738900000003778,0.010617118625506452
A,D_A,10.0,3.06768101,0.0008230359999999992,0.010617118625506452
A,D_A,10.0,3.088328,-0.0016525660000000775,0.010617118625506452
A,D_A,10.0,3.10931167,0.0019704549999999266,0.010617118625506452
A,D_A,10.0,3.1305457,-0.0040387330000000166,0.010617118625506452
A,D_A,10.0,3.15150209,0.003114173999999914,0.010617118625506452
A,D_A,10.0,3.17219014,0.0012501270000000453,0.010617118625506452
A,D_A,10.0,3.19299024,0.000297980000000031,0.010617118625506452
A,D_A,10.0,3.21390436,0.0003758700000000559,0.010617118625506452
A,D_A,10.0,3.23506564,-0.0018501619999999885,0.010617118625506452
A,D_A,10.0,3.25605387,-0.004384998000000029,0.010617118625506452
A,D_A,10.0,3.27685776,0.0006264549999999147,0.010617118625506452
A,D_A,10.0,3.29794723,-0.002231585999999952,0.010617118625506452
A,D_A,10.0,3.31884778,-0.0010631039999999814,0.010617118625506452
A,D_A,10.0,3.33944269,-0.00675853000000004,0.010617118625506452
A,D_A,10.0,3.36030612,-8.492999999998307e-05,0.010617118625506452
A,D_A,10.0,3.38171654,-0.00434640399999997,0.010617118625506452
A,D_A,10.0,3.40297495,-0.0017486239999999764,0.010617118625506452
A,D_A,10.0,3.42370792,-0.005480188999999913,0.010617118625506452
A,D_A,10.0,3.44440875,-0.006921256999999903,0.010617118625506452
A,D_A,10.0,3.465315,-0.003920939000000012,0.010617118625506452
A,D_A,10.0,3.4865867,-0.004163271000000024,0.010617118625506452
A,D_A,10.0,3.50751221,-0.0009996549999999882,0.010617118625506452
A,D_A,10.0,3.52796741,-0.007983676999999911,0.010617118625506452
A,D_A,10.0,3.5488788,-3.7389000000054295e-05,0.010617118625506452
A,D_A,10.0,3.57014151,0.003908748000000073,0.010617118625506452
A,D_A,10.0,3.59120365,0.0017904109999999918,0.010617118625506452
A,D_A,10.0,3.61190928,0.0007817930000000306,0.010617118625506452
A,D_A,10.0,3.63300558,-0.0032188629999999607,0.010617118625506452
A,D_A,10.0,3.6541422,0.0023864589999998964,0.010617118625506452
A,D_A,10.0,3.67500902,0.0026653429999999867,0.010617118625506452
A,D_A,10.0,3.69581564,-0.001174569999999986,0.010617118625506452
A,D_A,10.0,3.71644729,-0.0031407639999999626,0.010617118625506452
A,D_A,10.0,3.73749774,-0.002048397000000035,0.010617118625506452
A,D_A,10.0,3.75868086,-0.002473692999999999,0.010617118625506452
A,D_A,10.0,3.77950549,0.000799779000000056,0.010617118625506452
A,D_A,10.0,3.80027286,0.00014699699999998206,0.010617118625506452
A,D_A,10.0,3.82143123,-0.003656828000000001,0.010617118625506452
A,D_A,10.0,3.84280481,0.003840120999999974,0.010617118625506452
A,D_A,10.0,3.86349282,0.0025798089999999885,0.010617118625506452
A,D_A,10.0,3.88417456,0.0014972169999999396,0.010617118625506452
A,D_A,10.0,3.90535419,-0.0020957870000000156,0.010617118625506452
A,D_A,10.0,3.9264697,-0.000172105000000089,0.010617118625506452
A,D_A,10.0,3.94738681,0.0018143730000000913,0.010617118625506452
A,D_A,10.0,3.96810309,0.002545700000000095,0.010617118625506452
A,D_A,10.0,3.98888694,0.005662979000000012,0.010617118625506452
A,D_A,10.0,4.00993371,-0.00029096399999994915,0.010617118625506452
A,D_A,10.0,4.03080983,0.0014350029999999903,0.010617118625506452
A,D_A,10.0,4.05178039,-0.003654814999999978,0.010617118625506452
A,D_A,10.0,4.07276799,-0.0035663320000000054,0.010617118625506452
A,D_A,10.0,4.09368684,0.0017910829999999711,0.010617118625506452
A,D_A,10.0,4.11485609,0.0016269839999999425,0.010617118625506452
A,D_A,10.0,4.13583188,0.0069593510000000025,0.010617118625506452
A,D_A,10.0,4.15670688,-0.001836860999999912,0.010617118625506452
A,D_A,10.0,4.17758774,0.0022427529999999862,0.010617118625506452
A,D_A,10.0,4.19867141,0.001717480000000049,0.010617118625506452
A,D_A,10.0,4.21961517,-0.00421189700000002,0.010617118625506452
A,D_A,10.0,4.24013393,-7.916899999993454e-05,0.010617118625506452
A,D_A,10.0,4.26119077,-0.002266964000000038,0.010617118625506452
A,D_A,10.0,4.28239268,-0.0026375650000000084,0.010617118625506452
A,D_A,10.0,4.30342826,-0.0009738670000000171,0.010617118625506452
A,D_A,10.0,4.32431592,-0.0015146870000000145,0.010617118625506452
A,D_A,10.0,4.34508479,-0.0014681380000000077,0.010617118625506452
A,D_A,10.0,4.36604259,-0.0074420919999999,0.010617118625506452
A,D_A,10.0,4.38708086,-0.0019605800000001006,0.010617118625506452
A,D_A,10.0,4.40778797,0.0013946150000000435,0.010617118625506452
A,D_A,10.0,4.4288526,0.00021121999999995644,0.010617118625506452
A,D_A,10.0,4.44994967,-0.0020380289999999412,0.010617118625506452
A,D_A,10.0,4.47085438,0.0028496700000000263,0.010617118625506452
A,D_A,10.0,4.49188801,0.0007774699999998358,0.010617118625506452
A,D_A,10.0,4.51250216,0.002666040000000036,0.010617118625506452
A,D_A,10.0,4.5334461,0.000837310000000091,0.010617118625506452
A,D_A,10.0,4.55463591,0.0031771299999998615,0.010617118625506452
A,D_A,10.0,4.57547609,0.003759770000000051,0.010617118625506452
A,D_A,10.0,4.59643311,-0.0033612900000001833,0.010617118625506452
A,D_A,10.0,4.61732903,0.003970339999999961,0.010617118625506452
A,D_A,10.0,4.63833098,-0.0025260600000001077,0.010617118625506452
A,D_A,10.0,4.65949324,-0.004435549999999955,0.010617118625506452
A,D_A,10.0,4.68039693,0.0007107799999999109,0.010617118625506452
A,D_A,10.0,4.70136745,-0.005433449999999951,0.010617118625506452
A,D_A,10.0,4.72221533,-0.0033297599999999594,0.010617118625506452
A,D_A,10.0,4.74309374,-0.0013886700000000918,0.010617118625506452
A,D_A,10.0,4.76390784,-0.004031689999999921,0.010617118625506452
A,D_A,10.0,4.78491795,-0.0022747299999998916,0.010617118625506452
A,D_A,10.0,4.80636204,0.001206830000000103,0.010617118625506452
A,D_A,10.0,4.82728449,0.0011360799999999838,0.010617118625506452
A,D_A,10.0,4.84785524,0.0012215300000000262,0.010617118625506452
A,D_A,10.0,4.86859731,-0.0033149500000000387,0.010617118625506452
A,D_A,10.0,4.88954319,-0.0024523599999999313,0.010617118625506452
A,D_A,10.0,4.91078695,0.001142990000000177,0.010617118625506452
A,D_A,10.0,4.93172016,1.6000000000016e-05,0.010617118625506452
A,D_A,10.0,4.95244063,0.003231300000000159,0.010617118625506452
A,D_A,10.0,4.97348932,-0.0052165500000000975,0.010617118625506452
A,D_A,10.0,4.994309,-0.0006876399999999894,0.010617118625506452
A,D_A,10.0,5.01515697,-0.0003774200000001837,0.010617118625506452
A,D_A,10.0,5.03598003,-0.0038490499999999095,0.010617118625506452
A,D_A,10.0,5.05703237,0.0005526100000001755,0.010617118625506452
A,D_A,10.0,5.07840332,0.0028577100000000133,0.010617118625506452
A,D_A,10.0,5.09943841,-0.0003890300000000124,0.010617118625506452
A,D_A,10.0,5.12032938,0.0031963700000001705,0.010617118625506452
A,D_A,10.0,5.14107614,0.0017996900000001315,0.010617118625506452
A,D_A,10.0,5.16214077,0.0002866299999999544,0.010617118625506452
A,D_A,10.0,5.18341099,0.0013650700000000793,0.010617118625506452
A,D_A,10.0,5.2041075,-0.0026448700000001324,0.010617118625506452
A,D_A,10.0,5.22477891,0.00019663000000003095,0.010617118625506452
A,D_A,10.0,5.24557967,0.0011877799999999716,0.010617118625506452
A,D_A,10.0,5.26649236,0.0015570700000000492,0.010617118625506452
A,D_A,10.0,5.28753131,0.0005942500000000184,0.010617118625506452
A,D_A,10.0,5.30847064,0.0003603699999998877,0.010617118625506452
A,D_A,10.0,5.32946745,0.003308989999999845,0.010617118625506452
A,D_A,10.0,5.3506922,-0.001584180000000046,0.010617118625506452
A,D_A,10.0,5.37158853,0.005169610000000047,0.010617118625506452
A,D_A,10.0,5.39231925,0.004101150000000109,0.010617118625506452
A,D_A,10.0,5.41333352,-0.0030437800000000514,0.010617118625506452
A,D_A,10.0,5.43434316,-0.004017019999999816,0.010617118625506452
A,D_A,10.0,5.45530659,-0.0005278799999999251,0.010617118625506452
A,D_A,10.0,5.47618498,-0.003764309999999993,0.010617118625506452
A,D_A,10.0,5.49715755,-0.0021303999999999768,0.010617118625506452
A,D_A,10.0,5.51801586,0.003823179999999926,0.010617118625506452
A,D_A,10.0,5.53881995,-0.000939669999999948,0.010617118625506452
A,D_A,10.0,5.55992514,-0.00365340000000014,0.010617118625506452
A,D_A,10.0,5.58098545,-0.0008901000000001158,0.010617118625506452
A,D_A,10.0,5.60183772,0.0040094699999999595,0.010617118625506452
A,D_A,10.0,5.62277584,-0.00016304999999983139,0.010617118625506452
A,D_A,10.0,5.64379172,-0.002536979999999911,0.010617118625506452
A,D_A,10.0,5.66460817,0.0031913999999999554,0.010617118625506452
A,D_A,10.0,5.68556022,-0.002977580000000035,0.010617118625506452
A,D_A,10.0,5.7067909,-1.7319999999987346e-05,0.010617118625506452
A,D_A,10.0,5.72769317,0.00020548999999991935,0.010617118625506452
A,D_A,10.0,5.74840017,-0.0026468900000000684,0.010617118625506452
A,D_A,10.0,5.76938192,0.0012157600000000102,0.010617118625506452
A,D_A,10.0,5.79039764,-0.0028067599999999082,0.010617118625506452
A,D_A,10.0,5.81144039,0.0013736800000001548,0.010617118625506452
A,D_A,10.0,5.83232115,-0.0008352499999999541,0.010617118625506452
A,D_A,10.0,5.85320209,0.004792189999999863,0.010617118625506452
A,D_A,10.0,5.87418919,0.002815259999999986,0.010617118625506452
A,D_A,10.0,5.89509625,-0.0027490100000000517,0.010617118625506452
A,D_A,10.0,5.9159726,-0.00031818000000005675,0.010617118625506452
A,D_A,10.0,5.93682663,0.0033325000000001825,0.010617118625506452
A,D_A,10.0,5.95791772,0.001820849999999874,0.010617118625506452
A,D_A,10.0,5.97900675,-0.0045482500000000314,0.010617118625506452
A,D_A,10.0,5.99978945,-0.0021273100000001044,0.010617118625506452
A,D_A,10.0,6.02063577,0.0037302200000000063,0.010617118625506452
A,D_A,10.0,6.04156421,-0.0041882500000001155,0.010617118625506452
A,D_A,10.0,6.06259364,-0.002335130000000074,0.010617118625506452
A,D_A,10.0,6.08377541,0.0010196199999998878,0.010617118625506452
A,D_A,10.0,6.10447051,0.003662339999999986,0.010617118625506452
A,D_A,10.0,6.12538157,0.0009287799999999624,0.010617118625506452
A,D_A,10.0,6.14660689,-0.0022505699999999518,0.010617118625506452
A,D_A,10.0,6.16752321,2.668000000016768e-05,0.010617118625506452
A,D_A,10.0,6.18833806,-0.0019448699999999874,0.010617118625506452
A,D_A,10.0,6.20938667,0.0009248800000001278,0.010617118625506452
A,D_A,10.0,6.23052184,-0.005931269999999822,0.010617118625506452
A,D_A,10.0,6.25137137,-0.0018787199999998894,0.010617118625506452
A,D_A,10.0,6.27204484,0.0017936800000000197,0.010617118625506452
A,D_A,10.0,6.29290789,0.001104469999999802,0.010617118625506452
A,D_A,10.0,6.31382104,0.0007439700000000382,0.010617118625506452
A,D_A,10.0,6.33495691,0.0026622299999998766,0.010617118625506452
A,D_A,10.0,6.35600914,-0.002565150000000127,0.010617118625506452
A,D_A,10.0,6.37663869,0.0001480899999999341,0.010617118625506452
A,D_A,10.0,6.39770954,0.0006097900000001655,0.010617118625506452
A,D_A,10.0,6.41872759,0.0006555000000001421,0.010617118625506452
A,D_A,10.0,6.43951457,-0.0010135499999999187,0.010617118625506452
A,D_A,10.0,6.46033562,0.0034100499999998313,0.010617118625506452
A,D_A,10.0,6.4814564,-0.000778990000000146,0.010617118625506452
A,D_A,10.0,6.50265681,0.0035500200000000426,0.010617118625506452
A,D_A,10.0,6.52350383,-0.0003372399999999054,0.010617118625506452
A,D_A,10.0,6.54427866,-0.0013818699999998962,0.010617118625506452
A,D_A,10.0,6.56515568,0.002352850000000073,0.010617118625506452
A,D_A,10.0,6.58628576,0.00020620999999998446,0.010617118625506452
A,D_A,10.0,6.60749316,0.0012450500000000808,0.010617118625506452
A,D_A,10.0,6.62830625,0.0024631600000000198,0.010617118625506452
A,D_A,10.0,6.64913567,0.001932810000000007,0.010617118625506452
A,D_A,10.0,6.67020149,-0.002556889999999923,0.010617118625506452
A,D_A,10.0,6.69106898,0.0034437800000000074,0.010617118625506452
A,D_A,10.0,6.71185955,-0.002725579999999894,0.010617118625506452
A,D_A,10.0,6.73264651,-5.9849999999972425e-05,0.010617118625506452
A,D_A,10.0,6.7537045,-0.0001336800000000249,0.010617118625506452
A,D_A,10.0,6.77487174,6.231000000012088e-05,0.010617118625506452
A,D_A,10.0,6.79557562,-0.0008566000000000962,0.010617118625506452
A,D_A,10.0,6.81648781,0.002587550000000105,0.010617118625506452
A,D_A,10.0,6.83753747,-0.00017202999999987867,0.010617118625506452
A,D_A,10.0,6.85867557,-0.004234219999999844,0.010617118625506452
A,D_A,10.0,6.87985316,0.0036797499999998706,0.010617118625506452
A,D_A,10.0,6.90065786,-0.0035564900000000232,0.010617118625506452
A,D_A,10.0,6.92153112,-0.003328650000000044,0.010617118625506452
A,D_A,10.0,6.94229803,-0.003335550000000076,0.010617118625506452
A,D_A,10.0,6.9630016,0.003976810000000164,0.010617118625506452
A,D_A,10.0,6.98416877,-3.9330000000115106e-05,0.010617118625506452
A,D_A,10.0,7.0052781,0.0012599900000000996,0.010617118625506452
A,D_A,10.0,7.02617612,-0.0009757000000001348,0.010617118625506452
A,D_A,10.0,7.04699526,-0.0018829200000001212,0.010617118625506452
A,D_A,10.0,7.06761685,0.0013339199999999884,0.010617118625506452
A,D_A,10.0,7.08873369,-0.0003340400000000354,0.010617118625506452
A,D_A,10.0,7.10994937,-0.0013294500000000653,0.010617118625506452
A,D_A,10.0,7.13102893,-0.0012185329999999661,0.010617118625506452
A,D_A,10.0,7.15201412,0.0012076799999998222,0.010617118625506452
A,D_A,10.0,7.17271336,0.0020845340000000823,0.010617118625506452
A,D_A,10.0,7.19374266,-0.0007671000000000205,0.010617118625506452
A,D_A,10.0,7.21473042,-0.0013588869999999753,0.010617118625506452
A,D_A,10.0,7.23564263,0.00276247900000004,0.010617118625506452
A,D_A,10.0,7.25666289,-0.0008851199999999615,0.010617118625506452
A,D_A,10.0,7.27757645,-0.004104677999999917,0.010617118625506452
A,D_A,10.0,7.2984411,0.002205707999999973,0.010617118625506452
A,D_A,10.0,7.31917384,-0.0006096500000001281,0.010617118625506452
A,D_A,10.0,7.34001688,0.002871952000000011,0.010617118625506452
A,D_A,10.0,7.3611683,-0.0014928490000000183,0.010617118625506452
A,D_A,10.0,7.38224284,0.006497682000000116,0.010617118625506452
A,D_A,10.0,7.40324015,-0.001161385999999931,0.010617118625506452
A,D_A,10.0,7.42408854,0.005110562999999901,0.010617118625506452
A,D_A,10.0,7.44500634,0.0017016469999999728,0.010617118625506452
A,D_A,10.0,7.46595959,-0.0018876270000000028,0.010617118625506452
A,D_A,10.0,7.48696308,-0.0007231829999999606,0.010617118625506452
A,D_A,10.0,7.5079936,0.0020242389999999277,0.010617118625506452
A,D_A,10.0,7.52871967,-0.0006162309999999671,0.010617118625506452
A,D_A,10.0,7.54966921,-0.0009078390000000214,0.010617118625506452
A,D_A,10.0,7.57064902,0.0022887359999999024,0.010617118625506452
A,D_A,10.0,7.59151428,-0.003745388999999988,0.010617118625506452
A,D_A,10.0,7.6123809,-0.0035041479999999847,0.010617118625506452
A,D_A,10.0,7.63338324,0.0014073700000000189,0.010617118625506452
A,D_A,10.0,7.65450532,0.0004204389999999947,0.010617118625506452
A,D_A,10.0,7.67556944,-0.002779517000000009,0.010617118625506452
A,D_A,10.0,7.69637751,-0.002993841999999969,0.010617118625506452
A,D_A,10.0,7.71727216,-0.006330539999999996,0.010617118625506452
A,D_A,10.0,7.73835725,0.0006128020000000234,0.010617118625506452
A,D_A,10.0,7.75934923,0.0033007030000000714,0.010617118625506452
A,D_A,10.0,7.78023116,0.0010980099999999826,0.010617118625506452
A,D_A,10.0,7.80098697,0.00018131500000007073,0.010617118625506452
A,D_A,10.0,7.82190677,-0.00434290100000001,0.010617118625506452
A,D_A,10.0,7.84304931,0.00024054399999995368,0.010617118625506452
A,D_A,10.0,7.86405132,0.0013173260000000075,0.010617118625506452
A,D_A,10.0,7.88484553,0.0016926419999999665,0.010617118625506452
A,D_A,10.0,7.90574885,-0.0030285330000000554,0.010617118625506452
A,D_A,10.0,7.9267531,-0.0003155590000000208,0.010617118625506452
A,D_A,10.0,7.94765228,0.00034458999999997797,0.010617118625506452
A,D_A,10.0,7.96842304,0.0011264059999999132,0.010617118625506452
A,D_A,10.0,7.98938616,-5.702400000007213e-05,0.010617118625506452
A,D_A,10.0,8.01050815,0.0012089489999999037,0.010617118625506452
A,D_A,10.0,8.03153334,-0.0025248109999999047,0.010617118625506452
A,D_A,10.0,8.05240251,-0.0020261520000000033,0.010617118625506452
A,D_A,10.0,8.07332696,-0.005215203000000002,0.010617118625506452
A,D_A,10.0,8.09438514,0.002961938999999969,0.010617118625506452
A,D_A,10.0,8.11529588,-0.002649544000000059,0.010617118625506452
A,D_A,10.0,8.13618411,0.0002724630000000561,0.010617118625506452
A,D_A,10.0,8.15717855,-0.0014893040000000246,0.010617118625506452
A,D_A,10.0,8.17807847,-0.003358730999999948,0.010617118625506452
A,D_A,10.0,8.19905269,0.0028873489999999835,0.010617118625506452
A,D_A,10.0,8.21991085,0.0026016189999999995,0.010617118625506452
A,D_A,10.0,8.24078529,0.0008940499999999796,0.010617118625506452
A,D_A,10.0,8.26195652,0.002010841000000041,0.010617118625506452
A,D_A,10.0,8.28293039,-0.0007982570000000244,0.010617118625506452
A,D_A,10.0,8.30373423,-0.004081251000000008,0.010617118625506452
A,D_A,10.0,8.32452583,0.004537255000000018,0.010617118625506452
A,D_A,10.0,8.34556221,-0.0017365120000000234,0.010617118625506452
A,D_A,10.0,8.36671927,-0.0003284390000000137,0.010617118625506452
A,D_A,10.0,8.38757523,-0.0019517610000000518,0.010617118625506452
A,D_A,10.0,8.40855808,-0.0004889949999999921,0.010617118625506452
A,D_A,10.0,8.42953585,-0.0030642499999999906,0.010617118625506452
A,D_A,10.0,8.45042977,-0.0015637950000000345,0.010617118625506452
A,D_A,10.0,8.47138662,0.0014456640000000132,0.010617118625506452
A,D_A,10.0,8.49217243,0.0038054809999999994,0.010617118625506452
A,D_A,10.0,8.51321806,-0.0007919169999999198,0.010617118625506452
A,D_A,10.0,8.53421183,-0.004767994000000053,0.010617118625506452
A,D_A,10.0,8.55508292,-0.0011554010000000003,0.010617118625506452
A,D_A,10.0,8.57598662,-0.00027866400000009506,0.010617118625506452
A,D_A,10.0,8.59679232,0.0021917630000000132,0.010617118625506452
A,D_A,10.0,8.61783107,-0.001118587999999976,0.010617118625506452
A,D_A,10.0,8.63891768,-0.0035081009999999857,0.010617118625506452
A,D_A,10.0,8.65972861,-0.0028181660000000663,0.010617118625506452
A,D_A,10.0,8.68059853,-0.001954114000000007,0.010617118625506452
A,D_A,10.0,8.70174168,0.0033095089999999328,0.010617118625506452
A,D_A,10.0,8.72279566,-0.0025118860000000742,0.010617118625506452
A,D_A,10.0,8.74359241,0.002363551000000075,0.010617118625506452
A,D_A,10.0,8.76424415,-0.00017910900000006613,0.010617118625506452
A,D_A,10.0,8.78526729,-0.0034085190000000543,0.010617118625506452
A,D_A,10.0,8.80637189,-0.001219463999999948,0.010617118625506452
A,D_A,10.0,8.82736896,-0.0011023900000000086,0.010617118625506452
A,D_A,10.0,8.84843212,-0.0002959099999999548,0.010617118625506452
A,D_A,10.0,8.86933197,-0.0005738259999999995,0.010617118625506452
A,D_A,10.0,8.89026857,0.0005369899999999594,0.010617118625506452
A,D_A,10.0,8.91123702,-0.0002346839999999295,0.010617118625506452
A,D_A,10.0,8.93214776,5.64630000000621e-05,0.010617118625506452
A,D_A,10.0,8.95312097,0.0038029139999999906,0.010617118625506452
A,D_A,10.0,8.9741304,0.0006818800000000236,0.010617118625506452
A,D_A,10.0,8.99505705,-0.0016126650000000131,0.010617118625506452
A,D_A,10.0,9.01571368,0.004167320999999946,0.010617118625506452
A,D_A,10.0,9.03640927,-0.0017552079999999526,0.010617118625506452
A,D_A,10.0,9.05755121,-0.002086612000000043,0.010617118625506452
A,D_A,10.0,9.07868023,-0.0010832560000000324,0.010617118625506452
A,D_A,10.0,9.09969513,0.0018696700000000455,0.010617118625506452
A,D_A,10.0,9.1205658,-0.0018312959999999823,0.010617118625506452
A,D_A,10.0,9.14137844,-0.004005376999999921,0.010617118625506452
A,D_A,10.0,9.16237082,2.1831999999943896e-05,0.010617118625506452
A,D_A,10.0,9.18339441,-0.004149214999999984,0.010617118625506452
A,D_A,10.0,9.20447395,0.003952465999999988,0.010617118625506452
A,D_A,10.0,9.22549281,0.003913590999999994,0.010617118625506452
A,D_A,10.0,9.2463962,-0.0023909220000000175,0.010617118625506452
A,D_A,10.0,9.26722673,0.0015981669999999282,0.010617118625506452
A,D_A,10.0,9.28791689,0.0029186100000000437,0.010617118625506452
A,D_A,10.0,9.30892724,0.0023812090000000508,0.010617118625506452
A,D_A,10.0,9.33003065,0.00013173399999999447,0.010617118625506452
A,D_A,10.0,9.35102864,0.0010554259999999704,0.010617118625506452
A,D_A,10.0,9.37196601,0.001249712000000014,0.010617118625506452
A,D_A,10.0,9.39258783,0.0017951029999999646,0.010617118625506452
A,D_A,10.0,9.41349621,0.0028379020000000033,0.010617118625506452
A,D_A,10.0,9.4347927,-0.00021800699999996453,0.010617118625506452
A,D_A,10.0,9.45587737,-0.0034629390000000537,0.010617118625506452
A,D_A,10.0,9.47676866,-0.00175764299999992,0.010617118625506452
A,D_A,10.0,9.49762777,-0.002025798000000023,0.010617118625506452
A,D_A,10.0,9.51852362,-0.002143929999999905,0.010617118625506452
A,D_A,10.0,9.53939795,0.000784217000000087,0.010617118625506452
A,D_A,10.0,9.56035551,-0.00024292500000000494,0.010617118625506452
A,D_A,10.0,9.58149741,-0.0016996830000000074,0.010617118625506452
A,D_A,10.0,9.60249587,-0.00029750600000000293,0.010617118625506452
A,D_A,10.0,9.62336478,-0.0009293700000000404,0.010617118625506452
A,D_A,10.0,9.64415055,0.0023790569999999622,0.010617118625506452
A,D_A,10.0,9.66502224,-0.00026201500000000433,0.010617118625506452
A,D_A,10.0,9.68597433,-0.0006144950000001037,0.010617118625506452
A,D_A,10.0,9.7069728,-0.0008393640000000646,0.010617118625506452
A,D_A,10.0,9.72797765,-0.003520950999999939,0.010617118625506452
A,D_A,10.0,9.74896401,0.0014240699999999995,0.010617118625506452
A,D_A,10.0,9.76996217,0.0032765550000000143,0.010617118625506452
A,D_A,10.0,9.79085678,-3.5260000000869596e-06,0.010617118625506452
A,D_A,10.0,9.81166698,-0.002204491999999947,0.010617118625506452
A,D_A,10.0,9.83262494,-1.539799999994429e-05,0.010617118625506452
A,D_A,10.0,9.85372265,-0.003205171999999923,0.010617118625506452
A,D_A,10.0,9.87472665,-0.0032669829999999456,0.010617118625506452
A,D_A,10.0,9.89559934,-3.753600000000468e-05,0.010617118625506452
A,D_A,10.0,9.91635289,-0.0005804680000000007,0.010617118625506452
A,D_A,10.0,9.93737645,0.001217632000000024,0.010617118625506452
A,D_A,10.0,9.95856995,-0.005259484999999953,0.010617118625506452
A,D_A,10.0,9.97940815,-0.0001979129999999385,0.010617118625506452
A,D_A,10.0,10.000082,2.6682000000000095e-05,0.010617118625506452
A,D_A,15.0,0.0252815853,0.006439294049,0.007613711251276721
A,D_A,15.0,0.0486976344,0.00661276022,0.007613711251276721
A,D_A,15.0,0.0692644017,0.0062643266,0.007613711251276721
A,D_A,15.0,0.08877835,0.007044757719999999,0.007613711251276721
A,D_A,15.0,0.111604297,0.006832152539999999,0.007613711251276721
A,D_A,15.0,0.132731806,0.006679415899999999,0.007613711251276721
A,D_A,15.0,0.153672181,0.006252476600000001,0.007613711251276721
A,D_A,15.0,0.175641863,0.0067404597999999975,0.007613711251276721
A,D_A,15.0,0.196615509,0.006463992399999997,0.007613711251276721
A,D_A,15.0,0.217326708,0.006425812099999997,0.007613711251276721
A,D_A,15.0,0.237538457,0.0069009127000000045,0.007613711251276721
A,D_A,15.0,0.258148683,0.008678400099999997,0.007613711251276721
A,D_A,15.0,0.28040349,0.006071963200000002,0.007613711251276721
A,D_A,15.0,0.301929084,0.009045502599999991,0.007613711251276721
A,D_A,15.0,0.322287413,0.006857623099999988,0.007613711251276721
A,D_A,15.0,0.342663331,0.006274227900000012,0.007613711251276721
A,D_A,15.0,0.363641289,0.008581604399999998,0.007613711251276721
A,D_A,15.0,0.385602948,0.008346118999999999,0.007613711251276721
A,D_A,15.0,0.406737165,0.010277441999999998,0.007613711251276721
A,D_A,15.0,0.427001871,0.008783979999999997,0.007613711251276721
A,D_A,15.0,0.448754416,0.008202833999999992,0.007613711251276721
A,D_A,15.0,0.469601745,0.012661728000000011,0.007613711251276721
A,D_A,15.0,0.489805379,0.008017088000000006,0.007613711251276721
A,D_A,15.0,0.510302494,0.00796158700000002,0.007613711251276721
A,D_A,15.0,0.53178319,0.008069237000000007,0.007613711251276721
A,D_A,15.0,0.553922362,0.006444684000000006,0.007613711251276721
A,D_A,15.0,0.574670041,0.00712132800000001,0.007613711251276721
A,D_A,15.0,0.594645701,0.010100729000000003,0.007613711251276721
A,D_A,15.0,0.615540037,0.010127742999999967,0.007613711251276721
A,D_A,15.0,0.636554081,0.01210393000000004,0.007613711251276721
A,D_A,15.0,0.658102417,0.008119010999999954,0.007613711251276721
A,D_A,15.0,0.679189641,0.007591842999999987,0.007613711251276721
A,D_A,15.0,0.700054044,0.011283934999999967,0.007613711251276721
A,D_A,15.0,0.721329826,0.004712348000000033,0.007613711251276721
A,D_A,15.0,0.742033923,0.006531018999999971,0.007613711251276721
A,D_A,15.0,0.762614581,0.011130493000000019,0.007613711251276721
A,D_A,15.0,0.783270495,0.008154979000000007,0.007613711251276721
A,D_A,15.0,0.804783918,0.008204003999999987,0.007613711251276721
A,D_A,15.0,0.826095906,0.005562063000000006,0.007613711251276721
A,D_A,15.0,0.846303977,0.003594772000000024,0.007613711251276721
A,D_A,15.0,0.867174819,0.006854422000000027,0.007613711251276721
A,D_A,15.0,0.888413258,0.006064591000000008,0.007613711251276721
A,D_A,15.0,0.909910564,0.0026754419999999723,0.007613711251276721
A,D_A,15.0,0.931134698,0.004694394000000046,0.007613711251276721
A,D_A,15.0,0.951563161,0.0038099879999999864,0.007613711251276721
A,D_A,15.0,0.972160451,0.0007401500000000505,0.007613711251276721
A,D_A,15.0,0.993008165,-0.009736069999999986,0.007613711251276721
A,D_A,15.0,1.0140906,-0.00030215099999997275,0.007613711251276721
A,D_A,15.0,1.03500338,-0.003429778999999966,0.007613711251276721
A,D_A,15.0,1.05657413,-0.003227607999999993,0.007613711251276721
A,D_A,15.0,1.07789814,-0.0010096910000000348,0.007613711251276721
A,D_A,15.0,1.09835045,-0.002954485000000062,0.007613711251276721
A,D_A,15.0,1.11903902,-0.002186682000000051,0.007613711251276721
A,D_A,15.0,1.1396405,-0.0022041529999999865,0.007613711251276721
A,D_A,15.0,1.16109193,-0.0003458419999999851,0.007613711251276721
A,D_A,15.0,1.18227503,-0.004856277999999992,0.007613711251276721
A,D_A,15.0,1.2030555,-0.002300375999999993,0.007613711251276721
A,D_A,15.0,1.22375183,0.0027384079999999145,0.007613711251276721
A,D_A,15.0,1.24453484,-0.0036652339999999617,0.007613711251276721
A,D_A,15.0,1.26570671,-0.004565923000000027,0.007613711251276721
A,D_A,15.0,1.28693994,-0.0014204720000000615,0.007613711251276721
A,D_A,15.0,1.30807124,-0.0011555930000000103,0.007613711251276721
A,D_A,15.0,1.32889646,-0.0052761949999999835,0.007613711251276721
A,D_A,15.0,1.34945121,-0.006241013999999989,0.007613711251276721
A,D_A,15.0,1.37055188,0.0011694359999999682,0.007613711251276721
A,D_A,15.0,1.39148285,0.00043625300000005307,0.007613711251276721
A,D_A,15.0,1.41220445,0.001970990000000006,0.007613711251276721
A,D_A,15.0,1.43352474,-0.011193173,0.007613711251276721
A,D_A,15.0,1.45454751,-0.0036800619999999284,0.007613711251276721
A,D_A,15.0,1.47511055,-0.008310159999999955,0.007613711251276721
A,D_A,15.0,1.49566583,0.0005187919999999346,0.007613711251276721
A,D_A,15.0,1.51690776,-0.00044690599999996916,0.007613711251276721
A,D_A,15.0,1.53826425,-0.0076208930000000175,0.007613711251276721
A,D_A,15.0,1.55931449,-0.007189214000000055,0.007613711251276721
A,D_A,15.0,1.58012172,0.0001561609999999325,0.007613711251276721
A,D_A,15.0,1.60114355,-0.01519527899999995,0.007613711251276721
A,D_A,15.0,1.62229155,-0.014509506000000005,0.007613711251276721
A,D_A,15.0,1.64295947,0.0022262520000000396,0.007613711251276721
A,D_A,15.0,1.66366432,-0.009171311000000015,0.007613711251276721
A,D_A,15.0,1.68478217,-0.0007213339999999624,0.007613711251276721
A,D_A,15.0,1.7057485,-0.0007110660000000379,0.007613711251276721
A,D_A,15.0,1.72683745,-0.013413200000000014,0.007613711251276721
A,D_A,15.0,1.74765849,-0.006412053000000029,0.007613711251276721
A,D_A,15.0,1.76847487,-0.0006302299999999539,0.007613711251276721
A,D_A,15.0,1.78961871,-0.009050623000000035,0.007613711251276721
A,D_A,15.0,1.81086098,-0.0038658900000000385,0.007613711251276721
A,D_A,15.0,1.83179094,0.006961997999999969,0.007613711251276721
A,D_A,15.0,1.8521746,0.0010846490000000486,0.007613711251276721
A,D_A,15.0,1.8733654,-0.00567603800000005,0.007613711251276721
A,D_A,15.0,1.89455538,0.0006352110000000799,0.007613711251276721
A,D_A,15.0,1.91534795,0.002898347999999995,0.007613711251276721
A,D_A,15.0,1.93623233,-0.0037333609999999906,0.007613711251276721
A,D_A,15.0,1.9571481,-0.0019684130000000577,0.007613711251276721
A,D_A,15.0,1.97825109,-0.005954530000000013,0.007613711251276721
A,D_A,15.0,1.99905898,-0.009214384999999936,0.007613711251276721
A,D_A,15.0,2.01966715,-0.007741590999999937,0.007613711251276721
A,D_A,15.0,2.04082415,0.0004675650000000031,0.007613711251276721
A,D_A,15.0,2.06193171,-0.00799783300000001,0.007613711251276721
A,D_A,15.0,2.08296048,-0.009630978999999984,0.007613711251276721
A,D_A,15.0,2.10383017,-0.0005377830000000694,0.007613711251276721
A,D_A,15.0,2.12494312,0.0027887829999999614,0.007613711251276721
A,D_A,15.0,2.14618475,-0.00235333900000001,0.007613711251276721
A,D_A,15.0,2.16679298,-0.002097110000000013,0.007613711251276721
A,D_A,15.0,2.18753482,0.0008981259999999436,0.007613711251276721
A,D_A,15.0,2.20847027,0.0010974009999999979,0.007613711251276721
A,D_A,15.0,2.22955181,-0.0032690969999999986,0.007613711251276721
A,D_A,15.0,2.25078374,-0.002926236000000082,0.007613711251276721
A,D_A,15.0,2.27150159,0.0019132020000000027,0.007613711251276721
A,D_A,15.0,2.29205574,-0.0017159939999999985,0.007613711251276721
A,D_A,15.0,2.31294326,0.0023303169999999707,0.007613711251276721
A,D_A,15.0,2.3340363,-0.002663990999999921,0.007613711251276721
A,D_A,15.0,2.35514399,0.005741429000000076,0.007613711251276721
A,D_A,15.0,2.37607726,-0.004761629999999961,0.007613711251276721
A,D_A,15.0,2.39730341,0.00329748299999999,0.007613711251276721
A,D_A,15.0,2.41857203,-0.0044471710000000275,0.007613711251276721
A,D_A,15.0,2.43911056,-0.003142785999999953,0.007613711251276721
A,D_A,15.0,2.45988005,-0.0010269710000000432,0.007613711251276721
A,D_A,15.0,2.48094151,0.007131725000000033,0.007613711251276721
A,D_A,15.0,2.50196601,0.002671724000000042,0.007613711251276721
A,D_A,15.0,2.52300496,0.0018097349999999235,0.007613711251276721
A,D_A,15.0,2.54340089,-0.004658059999999908,0.007613711251276721
A,D_A,15.0,2.56415297,0.005848246000000001,0.007613711251276721
A,D_A,15.0,2.58575836,0.0012505040000000411,0.007613711251276721
A,D_A,15.0,2.60684428,0.0033732960000000256,0.007613711251276721
A,D_A,15.0,2.62775949,0.0008968659999999407,0.007613711251276721
A,D_A,15.0,2.64834355,-0.006207215000000099,0.007613711251276721
A,D_A,15.0,2.66912062,-0.0014192920000000164,0.007613711251276721
A,D_A,15.0,2.69039946,0.0010907610000000512,0.007613711251276721
A,D_A,15.0,2.71121518,-0.003959139999999972,0.007613711251276721
A,D_A,15.0,2.7321837,0.006376714000000061,0.007613711251276721
A,D_A,15.0,2.75306239,-4.952499999999471e-05,0.007613711251276721
A,D_A,15.0,2.77427049,0.005387231000000048,0.007613711251276721
A,D_A,15.0,2.79557932,0.0010727099999999767,0.007613711251276721
A,D_A,15.0,2.8160646,0.0026998740000000465,0.007613711251276721
A,D_A,15.0,2.83689478,-0.00342211300000006,0.007613711251276721
A,D_A,15.0,2.85801727,0.0007641980000000492,0.007613711251276721
A,D_A,15.0,2.87906973,-0.0002223000000000086,0.007613711251276721
A,D_A,15.0,2.89996898,-0.00044254200000004573,0.007613711251276721
A,D_A,15.0,2.92062944,-0.0013489919999999378,0.007613711251276721
A,D_A,15.0,2.941605,0.00024786799999998443,0.007613711251276721
A,D_A,15.0,2.96267076,-0.004704056000000012,0.007613711251276721
A,D_A,15.0,2.98347442,-0.0023017630000000677,0.007613711251276721
A,D_A,15.0,3.00437656,-0.005612039000000069,0.007613711251276721
A,D_A,15.0,3.02542142,-0.0028481419999999424,0.007613711251276721
A,D_A,15.0,3.04658726,-0.0007349170000000571,0.007613711251276721
A,D_A,15.0,3.06768101,-0.0007207700000000372,0.007613711251276721
A,D_A,15.0,3.088328,0.003611653999999964,0.007613711251276721
A,D_A,15.0,3.10931167,-0.0004927700000000312,0.007613711251276721
A,D_A,15.0,3.1305457,-0.002715872000000008,0.007613711251276721
A,D_A,15.0,3.15150209,0.003664781000000006,0.007613711251276721
A,D_A,15.0,3.17219014,0.003976056000000061,0.007613711251276721
A,D_A,15.0,3.19299024,0.0014555210000000152,0.007613711251276721
A,D_A,15.0,3.21390436,-0.005189029999999928,0.007613711251276721
A,D_A,15.0,3.23506564,0.003226419999999952,0.007613711251276721
A,D_A,15.0,3.25605387,-0.004221974000000017,0.007613711251276721
A,D_A,15.0,3.27685776,0.004838332999999917,0.007613711251276721
A,D_A,15.0,3.29794723,-0.001881935999999973,0.007613711251276721
A,D_A,15.0,3.31884778,0.0016682260000000504,0.007613711251276721
A,D_A,15.0,3.33944269,-0.0010282620000000575,0.007613711251276721
A,D_A,15.0,3.36030612,-0.0009295889999999529,0.007613711251276721
A,D_A,15.0,3.38171654,-0.0070062830000000575,0.007613711251276721
A,D_A,15.0,3.40297495,0.0014720759999999888,0.007613711251276721
A,D_A,15.0,3.42370792,-0.0030646159999999645,0.007613711251276721
A,D_A,15.0,3.44440875,-0.009271306999999895,0.007613711251276721
A,D_A,15.0,3.465315,0.0010890180000000527,0.007613711251276721
A,D_A,15.0,3.4865867,0.0016215429999999476,0.007613711251276721
A,D_A,15.0,3.50751221,0.00046463600000001826,0.007613711251276721
A,D_A,15.0,3.52796741,-0.0015002789999999377,0.007613711251276721
A,D_A,15.0,3.5488788,0.003117543999999972,0.007613711251276721
A,D_A,15.0,3.57014151,-0.0023628030000000244,0.007613711251276721
A,D_A,15.0,3.59120365,-0.0007049940000000143,0.007613711251276721
A,D_A,15.0,3.61190928,-0.002397280999999918,0.007613711251276721
A,D_A,15.0,3.63300558,-0.0009605830000000148,0.007613711251276721
A,D_A,15.0,3.6541422,0.0036246709999999682,0.007613711251276721
A,D_A,15.0,3.67500902,-0.001964666000000004,0.007613711251276721
A,D_A,15.0,3.69581564,-0.0038447139999999713,0.007613711251276721
A,D_A,15.0,3.71644729,-0.0034734879999999135,0.007613711251276721
A,D_A,15.0,3.73749774,-0.003354811999999985,0.007613711251276721
A,D_A,15.0,3.75868086,-0.0014451970000000092,0.007613711251276721
A,D_A,15.0,3.77950549,-0.00022345700000003799,0.007613711251276721
A,D_A,15.0,3.80027286,-0.0018668400000000362,0.007613711251276721
A,D_A,15.0,3.82143123,-0.004623957000000067,0.007613711251276721
A,D_A,15.0,3.84280481,0.004114669999999987,0.007613711251276721
A,D_A,15.0,3.86349282,0.0039162029999999515,0.007613711251276721
A,D_A,15.0,3.88417456,0.0002902150000000381,0.007613711251276721
A,D_A,15.0,3.90535419,0.0031481409999999377,0.007613711251276721
A,D_A,15.0,3.9264697,-0.001112380000000024,0.007613711251276721
A,D_A,15.0,3.94738681,0.005940953000000082,0.007613711251276721
A,D_A,15.0,3.96810309,0.006382490000000018,0.007613711251276721
A,D_A,15.0,3.98888694,0.0003454760000000112,0.007613711251276721
A,D_A,15.0,4.00993371,0.003064668000000048,0.007613711251276721
A,D_A,15.0,4.03080983,-0.0003773110000000468,0.007613711251276721
A,D_A,15.0,4.05178039,-4.2802000000063956e-05,0.007613711251276721
A,D_A,15.0,4.07276799,-0.0027185680000000323,0.007613711251276721
A,D_A,15.0,4.09368684,0.0005925100000000461,0.007613711251276721
A,D_A,15.0,4.11485609,-0.00017209500000003874,0.007613711251276721
A,D_A,15.0,4.13583188,0.0034390779999999843,0.007613711251276721
A,D_A,15.0,4.15670688,0.0016692540000000644,0.007613711251276721
A,D_A,15.0,4.17758774,0.0030256080000000685,0.007613711251276721
A,D_A,15.0,4.19867141,-0.001483303999999963,0.007613711251276721
A,D_A,15.0,4.21961517,-0.0037214949999999636,0.007613711251276721
A,D_A,15.0,4.24013393,-0.00025198599999998184,0.007613711251276721
A,D_A,15.0,4.26119077,-0.004386792000000028,0.007613711251276721
A,D_A,15.0,4.28239268,-0.0006601569999999946,0.007613711251276721
A,D_A,15.0,4.30342826,-0.004223440999999939,0.007613711251276721
A,D_A,15.0,4.32431592,0.0015728269999999434,0.007613711251276721
A,D_A,15.0,4.34508479,-0.0014926709999999455,0.007613711251276721
A,D_A,15.0,4.36604259,-0.003004884999999957,0.007613711251276721
A,D_A,15.0,4.38708086,-0.0004303210000000668,0.007613711251276721
A,D_A,15.0,4.40778797,0.0005783209999999928,0.007613711251276721
A,D_A,15.0,4.4288526,-0.0025555600000000123,0.007613711251276721
A,D_A,15.0,4.44994967,0.0017912700000000115,0.007613711251276721
A,D_A,15.0,4.47085438,0.002956989999999937,0.007613711251276721
A,D_A,15.0,4.49188801,-0.0018269400000001657,0.007613711251276721
A,D_A,15.0,4.51250216,-0.00014172999999995106,0.007613711251276721
A,D_A,15.0,4.5334461,-0.0006988599999999678,0.007613711251276721
A,D_A,15.0,4.55463591,0.0001236000000000015,0.007613711251276721
A,D_A,15.0,4.57547609,0.001774159999999858,0.007613711251276721
A,D_A,15.0,4.59643311,-0.003470280000000159,0.007613711251276721
A,D_A,15.0,4.61732903,0.0024246100000000492,0.007613711251276721
A,D_A,15.0,4.63833098,-0.0016984600000000682,0.007613711251276721
A,D_A,15.0,4.65949324,4.6419999999880446e-05,0.007613711251276721
A,D_A,15.0,4.68039693,-0.0006694199999999206,0.007613711251276721
A,D_A,15.0,4.70136745,-0.006870120000000091,0.007613711251276721
A,D_A,15.0,4.72221533,-0.002723930000000152,0.007613711251276721
A,D_A,15.0,4.74309374,-0.002970700000000104,0.007613711251276721
A,D_A,15.0,4.76390784,0.0021622199999999925,0.007613711251276721
A,D_A,15.0,4.78491795,0.002142709999999992,0.007613711251276721
A,D_A,15.0,4.80636204,0.00014248999999999512,0.007613711251276721
A,D_A,15.0,4.82728449,-0.0002852099999999247,0.007613711251276721
A,D_A,15.0,4.84785524,-0.002398740000000066,0.007613711251276721
A,D_A,15.0,4.86859731,-0.004647639999999953,0.007613711251276721
A,D_A,15.0,4.88954319,0.0023953100000000394,0.007613711251276721
A,D_A,15.0,4.91078695,-0.001698109999999975,0.007613711251276721
A,D_A,15.0,4.93172016,0.0019696799999999737,0.007613711251276721
A,D_A,15.0,4.95244063,6.960000000111322e-06,0.007613711251276721
A,D_A,15.0,4.97348932,-0.001821690000000098,0.007613711251276721
A,D_A,15.0,4.994309,-0.0008589000000001068,0.007613711251276721
A,D_A,15.0,5.01515697,0.0023671899999999635,0.007613711251276721
A,D_A,15.0,5.03598003,-0.0032429399999998054,0.007613711251276721
A,D_A,15.0,5.05703237,0.0005309100000001621,0.007613711251276721
A,D_A,15.0,5.07840332,0.002272900000000133,0.007613711251276721
A,D_A,15.0,5.09943841,-0.0002847099999998548,0.007613711251276721
A,D_A,15.0,5.12032938,0.0020383900000000565,0.007613711251276721
A,D_A,15.0,5.14107614,0.0036871500000001944,0.007613711251276721
A,D_A,15.0,5.16214077,-0.005134379999999883,0.007613711251276721
A,D_A,15.0,5.18341099,0.0041874100000001135,0.007613711251276721
A,D_A,15.0,5.2041075,0.004166560000000041,0.007613711251276721
A,D_A,15.0,5.22477891,-0.0031549800000001404,0.007613711251276721
A,D_A,15.0,5.24557967,0.004809049999999981,0.007613711251276721
A,D_A,15.0,5.26649236,0.0065954599999999974,0.007613711251276721
A,D_A,15.0,5.28753131,-0.000947499999999879,0.007613711251276721
A,D_A,15.0,5.30847064,0.00019513999999998255,0.007613711251276721
A,D_A,15.0,5.32946745,-0.0017715400000000159,0.007613711251276721
A,D_A,15.0,5.3506922,0.002409529999999993,0.007613711251276721
A,D_A,15.0,5.37158853,0.002742840000000024,0.007613711251276721
A,D_A,15.0,5.39231925,0.0066852299999999865,0.007613711251276721
A,D_A,15.0,5.41333352,-0.0017384799999999867,0.007613711251276721
A,D_A,15.0,5.43434316,-0.0024801899999999932,0.007613711251276721
A,D_A,15.0,5.45530659,0.0025332199999998917,0.007613711251276721
A,D_A,15.0,5.47618498,-0.0037926200000000243,0.007613711251276721
A,D_A,15.0,5.49715755,-0.0030109099999999778,0.007613711251276721
A,D_A,15.0,5.51801586,0.0032148999999999095,0.007613711251276721
A,D_A,15.0,5.53881995,-0.003240260000000106,0.007613711251276721
A,D_A,15.0,5.55992514,-0.002775260000000168,0.007613711251276721
A,D_A,15.0,5.58098545,-0.0018409200000000236,0.007613711251276721
A,D_A,15.0,5.60183772,0.0012039099999998637,0.007613711251276721
A,D_A,15.0,5.62277584,0.0014255100000000187,0.007613711251276721
A,D_A,15.0,5.64379172,-0.0013291199999998504,0.007613711251276721
A,D_A,15.0,5.66460817,-0.0015402399999999705,0.007613711251276721
A,D_A,15.0,5.68556022,-0.0036259800000000286,0.007613711251276721
A,D_A,15.0,5.7067909,9.83500000000248e-05,0.007613711251276721
A,D_A,15.0,5.72769317,-0.0005854499999999874,0.007613711251276721
A,D_A,15.0,5.74840017,-0.0006444600000001799,0.007613711251276721
A,D_A,15.0,5.76938192,0.0016742899999999672,0.007613711251276721
A,D_A,15.0,5.79039764,-0.004272959999999992,0.007613711251276721
A,D_A,15.0,5.81144039,0.0007382300000000619,0.007613711251276721
A,D_A,15.0,5.83232115,-0.0016541300000001424,0.007613711251276721
A,D_A,15.0,5.85320209,0.0016912799999999617,0.007613711251276721
A,D_A,15.0,5.87418919,0.002719169999999993,0.007613711251276721
A,D_A,15.0,5.89509625,-0.0019597300000000484,0.007613711251276721
A,D_A,15.0,5.9159726,-0.0005384699999999576,0.007613711251276721
A,D_A,15.0,5.93682663,0.0001453600000000943,0.007613711251276721
A,D_A,15.0,5.95791772,0.00013650999999992308,0.007613711251276721
A,D_A,15.0,5.97900675,0.001916130000000127,0.007613711251276721
A,D_A,15.0,5.99978945,0.0010153499999998594,0.007613711251276721
A,D_A,15.0,6.02063577,0.002326629999999996,0.007613711251276721
A,D_A,15.0,6.04156421,0.0003709199999999413,0.007613711251276721
A,D_A,15.0,6.06259364,-0.0012224200000001684,0.007613711251276721
A,D_A,15.0,6.08377541,-0.004712070000000068,0.007613711251276721
A,D_A,15.0,6.10447051,0.004339329999999864,0.007613711251276721
A,D_A,15.0,6.12538157,-0.00187045000000019,0.007613711251276721
A,D_A,15.0,6.14660689,-1.4449999999888163e-05,0.007613711251276721
A,D_A,15.0,6.16752321,-0.0019050800000000034,0.007613711251276721
A,D_A,15.0,6.18833806,0.0005852600000000319,0.007613711251276721
A,D_A,15.0,6.20938667,0.0038998299999999375,0.007613711251276721
A,D_A,15.0,6.23052184,-0.005054169999999969,0.007613711251276721
A,D_A,15.0,6.25137137,-0.0017007299999998171,0.007613711251276721
A,D_A,15.0,6.27204484,0.0028344700000000334,0.007613711251276721
A,D_A,15.0,6.29290789,-0.0013834400000001246,0.007613711251276721
A,D_A,15.0,6.31382104,0.0030545500000001002,0.007613711251276721
A,D_A,15.0,6.33495691,0.0032311999999998786,0.007613711251276721
A,D_A,15.0,6.35600914,-0.0012971600000000194,0.007613711251276721
A,D_A,15.0,6.37663869,0.00170808999999994,0.007613711251276721
A,D_A,15.0,6.39770954,-0.002008809999999972,0.007613711251276721
A,D_A,15.0,6.41872759,-0.0017784800000000267,0.007613711251276721
A,D_A,15.0,6.43951457,-0.0004663000000000306,0.007613711251276721
A,D_A,15.0,6.46033562,0.0034524999999998585,0.007613711251276721
A,D_A,15.0,6.4814564,7.126999999984562e-05,0.007613711251276721
A,D_A,15.0,6.50265681,0.0027553900000001352,0.007613711251276721
A,D_A,15.0,6.52350383,-0.00424796999999999,0.007613711251276721
A,D_A,15.0,6.54427866,-0.0011126299999999478,0.007613711251276721
A,D_A,15.0,6.56515568,-0.00037330999999984904,0.007613711251276721
A,D_A,15.0,6.58628576,-0.001635629999999999,0.007613711251276721
A,D_A,15.0,6.60749316,0.0012934700000000188,0.007613711251276721
A,D_A,15.0,6.62830625,0.0039639100000001815,0.007613711251276721
A,D_A,15.0,6.64913567,0.003059379999999834,0.007613711251276721
A,D_A,15.0,6.67020149,-0.005661410000000089,0.007613711251276721
A,D_A,15.0,6.69106898,0.002467130000000095,0.007613711251276721
A,D_A,15.0,6.71185955,-5.4320000000052104e-05,0.007613711251276721
A,D_A,15.0,6.73264651,0.00493932000000008,0.007613711251276721
A,D_A,15.0,6.7537045,-0.0007379000000000691,0.007613711251276721
A,D_A,15.0,6.77487174,0.0014203299999999697,0.007613711251276721
A,D_A,15.0,6.79557562,-0.0028858499999999676,0.007613711251276721
A,D_A,15.0,6.81648781,0.00565809000000006,0.007613711251276721
A,D_A,15.0,6.83753747,-0.0014706099999999278,0.007613711251276721
A,D_A,15.0,6.85867557,0.001047250000000055,0.007613711251276721
A,D_A,15.0,6.87985316,0.0018295099999998676,0.007613711251276721
A,D_A,15.0,6.90065786,-0.003990490000000069,0.007613711251276721
A,D_A,15.0,6.92153112,-0.0005271900000001217,0.007613711251276721
A,D_A,15.0,6.94229803,-0.0008597400000001088,0.007613711251276721
A,D_A,15.0,6.9630016,0.0017011200000001114,0.007613711251276721
A,D_A,15.0,6.98416877,0.0007781599999998612,0.007613711251276721
A,D_A,15.0,7.0052781,0.0019052900000000594,0.007613711251276721
A,D_A,15.0,7.02617612,-0.00046578000000008224,0.007613711251276721
A,D_A,15.0,7.04699526,-0.0021084100000001715,0.007613711251276721
A,D_A,15.0,7.06761685,-0.0009448199999999574,0.007613711251276721
A,D_A,15.0,7.08873369,-0.001507420000000037,0.007613711251276721
A,D_A,15.0,7.10994937,-0.004967064999999993,0.007613711251276721
A,D_A,15.0,7.13102893,-0.002122687999999928,0.007613711251276721
A,D_A,15.0,7.15201412,-0.0003819200000001466,0.007613711251276721
A,D_A,15.0,7.17271336,0.0020662340000000556,0.007613711251276721
A,D_A,15.0,7.19374266,0.0012758600000000175,0.007613711251276721
A,D_A,15.0,7.21473042,0.003913580000000083,0.007613711251276721
A,D_A,15.0,7.23564263,0.000795615999999999,0.007613711251276721
A,D_A,15.0,7.25666289,0.0016896299999999975,0.007613711251276721
A,D_A,15.0,7.27757645,-0.003430158999999877,0.007613711251276721
A,D_A,15.0,7.2984411,0.005143520000000068,0.007613711251276721
A,D_A,15.0,7.31917384,-0.001127685000000045,0.007613711251276721
A,D_A,15.0,7.34001688,0.002845002000000152,0.007613711251276721
A,D_A,15.0,7.3611683,-0.0015478370000000519,0.007613711251276721
A,D_A,15.0,7.38224284,0.002337519999999982,0.007613711251276721
A,D_A,15.0,7.40324015,-0.0007683629999999386,0.007613711251276721
A,D_A,15.0,7.42408854,-0.0021061220000000436,0.007613711251276721
A,D_A,15.0,7.44500634,-0.0037760700000000202,0.007613711251276721
A,D_A,15.0,7.46595959,-0.002469146000000033,0.007613711251276721
A,D_A,15.0,7.48696308,0.0008514870000000396,0.007613711251276721
A,D_A,15.0,7.5079936,0.00021666599999992098,0.007613711251276721
A,D_A,15.0,7.52871967,0.0015874660000000373,0.007613711251276721
A,D_A,15.0,7.54966921,-0.00129627099999996,0.007613711251276721
A,D_A,15.0,7.57064902,0.0013446829999999022,0.007613711251276721
A,D_A,15.0,7.59151428,-0.0010369319999999904,0.007613711251276721
A,D_A,15.0,7.6123809,-0.0011637180000000358,0.007613711251276721
A,D_A,15.0,7.63338324,-0.0006266499999999509,0.007613711251276721
A,D_A,15.0,7.65450532,-0.00024977599999997935,0.007613711251276721
A,D_A,15.0,7.67556944,-0.0019231319999999386,0.007613711251276721
A,D_A,15.0,7.69637751,0.0039038740000000294,0.007613711251276721
A,D_A,15.0,7.71727216,-0.0028220060000000435,0.007613711251276721
A,D_A,15.0,7.73835725,0.0027353390000000033,0.007613711251276721
A,D_A,15.0,7.75934923,0.00024942199999999914,0.007613711251276721
A,D_A,15.0,7.78023116,0.0009527750000000168,0.007613711251276721
A,D_A,15.0,7.80098697,0.0014549959999999862,0.007613711251276721
A,D_A,15.0,7.82190677,-0.002412019999999959,0.007613711251276721
A,D_A,15.0,7.84304931,-0.0012878460000000924,0.007613711251276721
A,D_A,15.0,7.86405132,0.004560374000000089,0.007613711251276721
A,D_A,15.0,7.88484553,0.0021926369999999418,0.007613711251276721
A,D_A,15.0,7.90574885,-0.004150782000000075,0.007613711251276721
A,D_A,15.0,7.9267531,0.000691054999999996,0.007613711251276721
A,D_A,15.0,7.94765228,-0.0029932169999999925,0.007613711251276721
A,D_A,15.0,7.96842304,0.002331886999999977,0.007613711251276721
A,D_A,15.0,7.98938616,0.000505436999999942,0.007613711251276721
A,D_A,15.0,8.01050815,0.0006685879999999145,0.007613711251276721
A,D_A,15.0,8.03153334,-0.002581395999999958,0.007613711251276721
A,D_A,15.0,8.05240251,-0.0026238600000000334,0.007613711251276721
A,D_A,15.0,8.07332696,-0.0018499410000000216,0.007613711251276721
A,D_A,15.0,8.09438514,0.0010132790000000336,0.007613711251276721
A,D_A,15.0,8.11529588,-0.004300968000000016,0.007613711251276721
A,D_A,15.0,8.13618411,0.003353411000000084,0.007613711251276721
A,D_A,15.0,8.15717855,0.00024442899999999046,0.007613711251276721
A,D_A,15.0,8.17807847,-0.002199699000000055,0.007613711251276721
A,D_A,15.0,8.19905269,9.363300000009289e-05,0.007613711251276721
A,D_A,15.0,8.21991085,0.0024524710000000116,0.007613711251276721
A,D_A,15.0,8.24078529,-0.0009440040000000538,0.007613711251276721
A,D_A,15.0,8.26195652,0.002391973000000047,0.007613711251276721
A,D_A,15.0,8.28293039,-0.0006153350000001057,0.007613711251276721
A,D_A,15.0,8.30373423,-0.0012671330000000314,0.007613711251276721
A,D_A,15.0,8.32452583,0.004092162000000066,0.007613711251276721
A,D_A,15.0,8.34556221,-0.0018993269999999507,0.007613711251276721
A,D_A,15.0,8.36671927,0.0014530269999999401,0.007613711251276721
A,D_A,15.0,8.38757523,-0.0007329550000000351,0.007613711251276721
A,D_A,15.0,8.40855808,-0.0008015969999999317,0.007613711251276721
A,D_A,15.0,8.42953585,-0.0025244469999999852,0.007613711251276721
A,D_A,15.0,8.45042977,-0.0010363079999999858,0.007613711251276721
A,D_A,15.0,8.47138662,0.0031866419999999618,0.007613711251276721
A,D_A,15.0,8.49217243,0.004464875000000035,0.007613711251276721
A,D_A,15.0,8.51321806,-0.003008740999999926,0.007613711251276721
A,D_A,15.0,8.53421183,-0.001565924999999968,0.007613711251276721
A,D_A,15.0,8.55508292,0.0003819350000000554,0.007613711251276721
A,D_A,15.0,8.57598662,6.976799999991457e-05,0.007613711251276721
A,D_A,15.0,8.59679232,0.0021977450000000287,0.007613711251276721
A,D_A,15.0,8.61783107,0.00395272499999999,0.007613711251276721
A,D_A,15.0,8.63891768,-0.0050599420000000395,0.007613711251276721
A,D_A,15.0,8.65972861,-0.004142274000000001,0.007613711251276721
A,D_A,15.0,8.68059853,-0.0014729610000000504,0.007613711251276721
A,D_A,15.0,8.70174168,0.0004673789999999345,0.007613711251276721
A,D_A,15.0,8.72279566,0.0007039429999999847,0.007613711251276721
A,D_A,15.0,8.74359241,0.0038733440000000563,0.007613711251276721
A,D_A,15.0,8.76424415,0.000755101999999952,0.007613711251276721
A,D_A,15.0,8.78526729,-0.0024500720000000253,0.007613711251276721
A,D_A,15.0,8.80637189,-0.0024470929999999003,0.007613711251276721
A,D_A,15.0,8.82736896,-0.0020164969999999505,0.007613711251276721
A,D_A,15.0,8.84843212,-0.0007101929999999701,0.007613711251276721
A,D_A,15.0,8.86933197,-0.0018983949999999972,0.007613711251276721
A,D_A,15.0,8.89026857,-0.0017488580000000198,0.007613711251276721
A,D_A,15.0,8.91123702,-0.000960404999999942,0.007613711251276721
A,D_A,15.0,8.93214776,-0.001722699999999966,0.007613711251276721
A,D_A,15.0,8.95312097,0.0031266100000000296,0.007613711251276721
A,D_A,15.0,8.9741304,-0.002472020000000019,0.007613711251276721
A,D_A,15.0,8.99505705,-0.0007634549999999685,0.007613711251276721
A,D_A,15.0,9.01571368,0.005070544999999926,0.007613711251276721
A,D_A,15.0,9.03640927,0.001345310000000044,0.007613711251276721
A,D_A,15.0,9.05755121,0.0005387459999999233,0.007613711251276721
A,D_A,15.0,9.07868023,-0.00035055999999999976,0.007613711251276721
A,D_A,15.0,9.09969513,0.001757059999999977,0.007613711251276721
A,D_A,15.0,9.1205658,0.0010180690000000103,0.007613711251276721
A,D_A,15.0,9.14137844,-0.0037540629999999187,0.007613711251276721
A,D_A,15.0,9.16237082,0.002636305999999977,0.007613711251276721
A,D_A,15.0,9.18339441,-0.0030186749999999707,0.007613711251276721
A,D_A,15.0,9.20447395,0.0035534590000000366,0.007613711251276721
A,D_A,15.0,9.22549281,0.0024091039999999397,0.007613711251276721
A,D_A,15.0,9.2463962,0.0013199839999999963,0.007613711251276721
A,D_A,15.0,9.26722673,0.0009074259999999335,0.007613711251276721
A,D_A,15.0,9.28791689,-0.0004891320000000032,0.007613711251276721
A,D_A,15.0,9.30892724,0.00047617200000005244,0.007613711251276721
A,D_A,15.0,9.33003065,-0.0017335010000000262,0.007613711251276721
A,D_A,15.0,9.35102864,-0.0001444590000000412,0.007613711251276721
A,D_A,15.0,9.37196601,-0.0009666799999999975,0.007613711251276721
A,D_A,15.0,9.39258783,0.0006291830000000331,0.007613711251276721
A,D_A,15.0,9.41349621,0.0028316860000000554,0.007613711251276721
A,D_A,15.0,9.4347927,-0.0011391329999999034,0.007613711251276721
A,D_A,15.0,9.45587737,0.00044337399999994087,0.007613711251276721
A,D_A,15.0,9.47676866,-0.0013073229999999159,0.007613711251276721
A,D_A,15.0,9.49762777,-0.0024367650000000074,0.007613711251276721
A,D_A,15.0,9.51852362,-0.0017604469999999983,0.007613711251276721
A,D_A,15.0,9.53939795,-0.0011656799999999468,0.007613711251276721
A,D_A,15.0,9.56035551,0.001088241999999906,0.007613711251276721
A,D_A,15.0,9.58149741,-0.0014577059999999475,0.007613711251276721
A,D_A,15.0,9.60249587,0.002331042999999977,0.007613711251276721
A,D_A,15.0,9.62336478,-0.0024910639999999873,0.007613711251276721
A,D_A,15.0,9.64415055,-0.0005425510000000022,0.007613711251276721
A,D_A,15.0,9.66502224,0.003050365999999971,0.007613711251276721
A,D_A,15.0,9.68597433,0.0016843159999999635,0.007613711251276721
A,D_A,15.0,9.7069728,0.0007272239999999153,0.007613711251276721
A,D_A,15.0,9.72797765,0.00010895700000002062,0.007613711251276721
A,D_A,15.0,9.74896401,0.001591015000000029,0.007613711251276721
A,D_A,15.0,9.76996217,0.00261434100000002,0.007613711251276721
A,D_A,15.0,9.79085678,-0.0051620050000000806,0.007613711251276721
A,D_A,15.0,9.81166698,0.003237829999999997,0.007613711251276721
A,D_A,15.0,9.83262494,-0.0008038000000000212,0.007613711251276721
A,D_A,15.0,9.85372265,-0.0018709909999999885,0.007613711251276721
A,D_A,15.0,9.87472665,-0.004055197999999982,0.007613711251276721
A,D_A,15.0,9.89559934,0.0012572969999999906,0.007613711251276721
A,D_A,15.0,9.91635289,-0.0007671699999999282,0.007613711251276721
A,D_A,15.0,9.93737645,-0.0008174990000000548,0.007613711251276721
A,D_A,15.0,9.95856995,-0.0027604719999999583,0.007613711251276721
A,D_A,15.0,9.97940815,0.0035195270000000223,0.007613711251276721
A,D_A,15.0,10.000082,0.00057625700000008,0.007613711251276721
A,D_A,25.0,0.0252815853,0.0037540441289999997,0.004862608247802032
A,D_A,25.0,0.0486976344,0.00406893612,0.004862608247802032
A,D_A,25.0,0.0692644017,0.00456984427,0.004862608247802032
A,D_A,25.0,0.08877835,0.004258679479999999,0.004862608247802032
A,D_A,25.0,0.111604297,0.003963149039999999,0.004862608247802032
A,D_A,25.0,0.132731806,0.0044141862,0.004862608247802032
A,D_A,25.0,0.153672181,0.0047235186000000005,0.004862608247802032
A,D_A,25.0,0.175641863,0.005043315600000001,0.004862608247802032
A,D_A,25.0,0.196615509,0.004593803900000002,0.004862608247802032
A,D_A,25.0,0.217326708,0.004980249200000002,0.004862608247802032
A,D_A,25.0,0.237538457,0.004015039800000002,0.004862608247802032
A,D_A,25.0,0.258148683,0.0068118122999999975,0.004862608247802032
A,D_A,25.0,0.28040349,0.0042601289999999944,0.004862608247802032
A,D_A,25.0,0.301929084,0.006721358399999988,0.004862608247802032
A,D_A,25.0,0.322287413,0.007351941599999995,0.004862608247802032
A,D_A,25.0,0.342663331,0.005548569900000008,0.004862608247802032
A,D_A,25.0,0.363641289,0.0064621178,0.004862608247802032
A,D_A,25.0,0.385602948,0.006345487999999996,0.004862608247802032
A,D_A,25.0,0.406737165,0.007609383999999997,0.004862608247802032
A,D_A,25.0,0.427001871,0.008522844000000002,0.004862608247802032
A,D_A,25.0,0.448754416,0.007555633999999978,0.004862608247802032
A,D_A,25.0,0.469601745,0.010480763000000004,0.004862608247802032
A,D_A,25.0,0.489805379,0.007312151000000017,0.004862608247802032
A,D_A,25.0,0.510302494,0.008562931000000024,0.004862608247802032
A,D_A,25.0,0.53178319,0.009293632000000024,0.004862608247802032
A,D_A,25.0,0.553922362,0.006429230000000008,0.004862608247802032
A,D_A,25.0,0.574670041,0.007937680000000003,0.004862608247802032
A,D_A,25.0,0.594645701,0.006396333000000004,0.004862608247802032
A,D_A,25.0,0.615540037,0.01186785899999998,0.004862608247802032
A,D_A,25.0,0.636554081,0.006329539000000051,0.004862608247802032
A,D_A,25.0,0.658102417,0.006750517999999983,0.004862608247802032
A,D_A,25.0,0.679189641,0.008785131999999973,0.004862608247802032
A,D_A,25.0,0.700054044,0.011197175000000004,0.004862608247802032
A,D_A,25.0,0.721329826,0.006717713000000014,0.004862608247802032
A,D_A,25.0,0.742033923,0.01061125199999996,0.004862608247802032
A,D_A,25.0,0.762614581,0.011521290999999989,0.004862608247802032
A,D_A,25.0,0.783270495,0.006955743000000014,0.004862608247802032
A,D_A,25.0,0.804783918,0.005739028999999951,0.004862608247802032
A,D_A,25.0,0.826095906,0.004795070000000012,0.004862608247802032
A,D_A,25.0,0.846303977,0.002439432999999991,0.004862608247802032
A,D_A,25.0,0.867174819,0.0032648710000000025,0.004862608247802032
A,D_A,25.0,0.888413258,0.005832781000000009,0.004862608247802032
A,D_A,25.0,0.909910564,0.005809322000000006,0.004862608247802032
A,D_A,25.0,0.931134698,0.0017956860000000185,0.004862608247802032
A,D_A,25.0,0.951563161,0.007101055000000023,0.004862608247802032
A,D_A,25.0,0.972160451,0.006411865000000017,0.004862608247802032
A,D_A,25.0,0.993008165,-0.004329922000000042,0.004862608247802032
A,D_A,25.0,1.0140906,-0.0008331449999999796,0.004862608247802032
A,D_A,25.0,1.03500338,-0.0025669440000000154,0.004862608247802032
A,D_A,25.0,1.05657413,0.002103717000000005,0.004862608247802032
A,D_A,25.0,1.07789814,-0.0013902609999999482,0.004862608247802032
A,D_A,25.0,1.09835045,0.0019071569999999927,0.004862608247802032
A,D_A,25.0,1.11903902,0.0016278709999999474,0.004862608247802032
A,D_A,25.0,1.1396405,-0.003003705999999995,0.004862608247802032
A,D_A,25.0,1.16109193,-0.0032121230000000667,0.004862608247802032
A,D_A,25.0,1.18227503,-0.006045980000000006,0.004862608247802032
A,D_A,25.0,1.2030555,0.0023933549999999304,0.004862608247802032
A,D_A,25.0,1.22375183,0.011154734,0.004862608247802032
A,D_A,25.0,1.24453484,0.0012715989999999566,0.004862608247802032
A,D_A,25.0,1.26570671,-0.003607770999999982,0.004862608247802032
A,D_A,25.0,1.28693994,0.001558414000000008,0.004862608247802032
A,D_A,25.0,1.30807124,0.00033897999999998873,0.004862608247802032
A,D_A,25.0,1.32889646,0.0013424170000000402,0.004862608247802032
A,D_A,25.0,1.34945121,-0.004112539999999942,0.004862608247802032
A,D_A,25.0,1.37055188,-0.000298884999999971,0.004862608247802032
A,D_A,25.0,1.39148285,-0.00034322099999994915,0.004862608247802032
A,D_A,25.0,1.41220445,-0.0046276560000000355,0.004862608247802032
A,D_A,25.0,1.43352474,-0.013565716999999977,0.004862608247802032
A,D_A,25.0,1.45454751,-0.009306438999999944,0.004862608247802032
A,D_A,25.0,1.47511055,-0.0066556589999999805,0.004862608247802032
A,D_A,25.0,1.49566583,0.004132570999999974,0.004862608247802032
A,D_A,25.0,1.51690776,-0.003675148000000017,0.004862608247802032
A,D_A,25.0,1.53826425,-0.012855501999999963,0.004862608247802032
A,D_A,25.0,1.55931449,-0.0002806410000000259,0.004862608247802032
A,D_A,25.0,1.58012172,0.0011753899999999984,0.004862608247802032
A,D_A,25.0,1.60114355,-0.010748578999999925,0.004862608247802032
A,D_A,25.0,1.62229155,-0.0015644760000000923,0.004862608247802032
A,D_A,25.0,1.64295947,-0.009159112999999941,0.004862608247802032
A,D_A,25.0,1.66366432,-0.0032603989999999694,0.004862608247802032
A,D_A,25.0,1.68478217,-0.0008630920000000097,0.004862608247802032
A,D_A,25.0,1.7057485,-0.007503187000000078,0.004862608247802032
A,D_A,25.0,1.72683745,-0.010697766000000053,0.004862608247802032
A,D_A,25.0,1.74765849,-0.0014602850000000611,0.004862608247802032
A,D_A,25.0,1.76847487,-0.005312898999999982,0.004862608247802032
A,D_A,25.0,1.78961871,-0.005812205000000015,0.004862608247802032
A,D_A,25.0,1.81086098,-0.005808465000000096,0.004862608247802032
A,D_A,25.0,1.83179094,0.0038523470000000337,0.004862608247802032
A,D_A,25.0,1.8521746,-0.004198421000000008,0.004862608247802032
A,D_A,25.0,1.8733654,0.0015415129999999388,0.004862608247802032
A,D_A,25.0,1.89455538,0.0017833980000000471,0.004862608247802032
A,D_A,25.0,1.91534795,-0.0006236229999999621,0.004862608247802032
A,D_A,25.0,1.93623233,0.00026697200000003196,0.004862608247802032
A,D_A,25.0,1.9571481,-0.008958048999999968,0.004862608247802032
A,D_A,25.0,1.97825109,-0.0009600570000000141,0.004862608247802032
A,D_A,25.0,1.99905898,-0.003115144999999986,0.004862608247802032
A,D_A,25.0,2.01966715,0.0015865179999999812,0.004862608247802032
A,D_A,25.0,2.04082415,-0.007891882000000017,0.004862608247802032
A,D_A,25.0,2.06193171,-0.00881906500000007,0.004862608247802032
A,D_A,25.0,2.08296048,-0.0018241379999999197,0.004862608247802032
A,D_A,25.0,2.10383017,0.00010031099999996407,0.004862608247802032
A,D_A,25.0,2.12494312,0.002864193999999931,0.004862608247802032
A,D_A,25.0,2.14618475,-0.0006253920000000024,0.004862608247802032
A,D_A,25.0,2.16679298,-0.005870189999999997,0.004862608247802032
A,D_A,25.0,2.18753482,-0.0002569829999999884,0.004862608247802032
A,D_A,25.0,2.20847027,0.006771949999999971,0.004862608247802032
A,D_A,25.0,2.22955181,-0.000564760000000053,0.004862608247802032
A,D_A,25.0,2.25078374,-0.002699225000000083,0.004862608247802032
A,D_A,25.0,2.27150159,0.008860226000000027,0.004862608247802032
A,D_A,25.0,2.29205574,-0.005714781000000002,0.004862608247802032
A,D_A,25.0,2.31294326,0.003815052999999957,0.004862608247802032
A,D_A,25.0,2.3340363,0.0022588430000000104,0.004862608247802032
A,D_A,25.0,2.35514399,0.003516921000000006,0.004862608247802032
A,D_A,25.0,2.37607726,-0.0032111489999999687,0.004862608247802032
A,D_A,25.0,2.39730341,0.0037551279999999965,0.004862608247802032
A,D_A,25.0,2.41857203,-0.002430215000000069,0.004862608247802032
A,D_A,25.0,2.43911056,0.003135854000000049,0.004862608247802032
A,D_A,25.0,2.45988005,-0.0018223120000000481,0.004862608247802032
A,D_A,25.0,2.48094151,2.5535000000020958e-05,0.004862608247802032
A,D_A,25.0,2.50196601,-0.002617938999999958,0.004862608247802032
A,D_A,25.0,2.52300496,4.05059999999402e-05,0.004862608247802032
A,D_A,25.0,2.54340089,-0.008257036999999912,0.004862608247802032
A,D_A,25.0,2.56415297,0.010537274000000041,0.004862608247802032
A,D_A,25.0,2.58575836,-0.0010911679999999757,0.004862608247802032
A,D_A,25.0,2.60684428,0.00593537200000005,0.004862608247802032
A,D_A,25.0,2.62775949,-1.9739000000074114e-05,0.004862608247802032
A,D_A,25.0,2.64834355,-0.0012847360000000085,0.004862608247802032
A,D_A,25.0,2.66912062,0.0017508200000000418,0.004862608247802032
A,D_A,25.0,2.69039946,0.003457381000000037,0.004862608247802032
A,D_A,25.0,2.71121518,-0.0006320859999999762,0.004862608247802032
A,D_A,25.0,2.7321837,0.0058502220000000715,0.004862608247802032
A,D_A,25.0,2.75306239,-0.001047079999999978,0.004862608247802032
A,D_A,25.0,2.77427049,0.004139663999999987,0.004862608247802032
A,D_A,25.0,2.79557932,0.002614868999999964,0.004862608247802032
A,D_A,25.0,2.8160646,0.005238049000000022,0.004862608247802032
A,D_A,25.0,2.83689478,-0.0016429270000000162,0.004862608247802032
A,D_A,25.0,2.85801727,0.0006719550000000574,0.004862608247802032
A,D_A,25.0,2.87906973,0.002815339999999944,0.004862608247802032
A,D_A,25.0,2.89996898,-0.0068879410000000085,0.004862608247802032
A,D_A,25.0,2.92062944,-0.0031731400000000187,0.004862608247802032
A,D_A,25.0,2.941605,0.003118854999999976,0.004862608247802032
A,D_A,25.0,2.96267076,-0.0077104639999999725,0.004862608247802032
A,D_A,25.0,2.98347442,-0.005465448000000039,0.004862608247802032
A,D_A,25.0,3.00437656,-0.0007418909999999945,0.004862608247802032
A,D_A,25.0,3.02542142,-0.0023132540000000423,0.004862608247802032
A,D_A,25.0,3.04658726,0.001209928999999943,0.004862608247802032
A,D_A,25.0,3.06768101,0.0069402920000000146,0.004862608247802032
A,D_A,25.0,3.088328,-0.0014032870000000308,0.004862608247802032
A,D_A,25.0,3.10931167,0.0016440759999999388,0.004862608247802032
A,D_A,25.0,3.1305457,-0.003247249000000063,0.004862608247802032
A,D_A,25.0,3.15150209,0.00021310199999990953,0.004862608247802032
A,D_A,25.0,3.17219014,0.0016260650000000654,0.004862608247802032
A,D_A,25.0,3.19299024,0.00036640899999995646,0.004862608247802032
A,D_A,25.0,3.21390436,-0.006753695000000004,0.004862608247802032
A,D_A,25.0,3.23506564,-0.0009086430000000423,0.004862608247802032
A,D_A,25.0,3.25605387,0.0009775640000000418,0.004862608247802032
A,D_A,25.0,3.27685776,-7.427100000001463e-05,0.004862608247802032
A,D_A,25.0,3.29794723,-0.0020197770000000004,0.004862608247802032
A,D_A,25.0,3.31884778,0.0021126460000000513,0.004862608247802032
A,D_A,25.0,3.33944269,-0.005320877000000057,0.004862608247802032
A,D_A,25.0,3.36030612,-0.0015559349999999528,0.004862608247802032
A,D_A,25.0,3.38171654,-0.0032928660000000054,0.004862608247802032
A,D_A,25.0,3.40297495,-0.006818953999999988,0.004862608247802032
A,D_A,25.0,3.42370792,-0.0072076660000000015,0.004862608247802032
A,D_A,25.0,3.44440875,-0.006863711999999911,0.004862608247802032
A,D_A,25.0,3.465315,0.002265150000000049,0.004862608247802032
A,D_A,25.0,3.4865867,0.0018776640000000011,0.004862608247802032
A,D_A,25.0,3.50751221,-0.0005425909999999812,0.004862608247802032
A,D_A,25.0,3.52796741,-0.002569262999999933,0.004862608247802032
A,D_A,25.0,3.5488788,-0.003259477000000066,0.004862608247802032
A,D_A,25.0,3.57014151,0.003344868000000001,0.004862608247802032
A,D_A,25.0,3.59120365,0.003180624999999937,0.004862608247802032
A,D_A,25.0,3.61190928,-0.0005323259999999719,0.004862608247802032
A,D_A,25.0,3.63300558,-0.001716068000000015,0.004862608247802032
A,D_A,25.0,3.6541422,0.006161734999999946,0.004862608247802032
A,D_A,25.0,3.67500902,-0.0027981120000000193,0.004862608247802032
A,D_A,25.0,3.69581564,-0.0022046639999999673,0.004862608247802032
A,D_A,25.0,3.71644729,-0.005166227999999995,0.004862608247802032
A,D_A,25.0,3.73749774,0.004542720999999972,0.004862608247802032
A,D_A,25.0,3.75868086,-0.0038969819999999933,0.004862608247802032
A,D_A,25.0,3.77950549,-0.00039902299999994284,0.004862608247802032
A,D_A,25.0,3.80027286,0.0021540420000000227,0.004862608247802032
A,D_A,25.0,3.82143123,-0.0028285510000000125,0.004862608247802032
A,D_A,25.0,3.84280481,0.003010464000000046,0.004862608247802032
A,D_A,25.0,3.86349282,0.004039632000000015,0.004862608247802032
A,D_A,25.0,3.88417456,0.0013582939999999821,0.004862608247802032
A,D_A,25.0,3.90535419,0.0017608919999999584,0.004862608247802032
A,D_A,25.0,3.9264697,-0.003406800000000043,0.004862608247802032
A,D_A,25.0,3.94738681,0.0041757540000000315,0.004862608247802032
A,D_A,25.0,3.96810309,0.0016890830000000356,0.004862608247802032
A,D_A,25.0,3.98888694,0.0033277000000000445,0.004862608247802032
A,D_A,25.0,4.00993371,0.0018953780000000586,0.004862608247802032
A,D_A,25.0,4.03080983,0.0011387229999999526,0.004862608247802032
A,D_A,25.0,4.05178039,-0.0005306440000000245,0.004862608247802032
A,D_A,25.0,4.07276799,0.001868097000000013,0.004862608247802032
A,D_A,25.0,4.09368684,-0.00432189999999999,0.004862608247802032
A,D_A,25.0,4.11485609,0.005711657999999953,0.004862608247802032
A,D_A,25.0,4.13583188,0.006414597999999994,0.004862608247802032
A,D_A,25.0,4.15670688,-0.00047238899999990647,0.004862608247802032
A,D_A,25.0,4.17758774,0.0051784649999999655,0.004862608247802032
A,D_A,25.0,4.19867141,0.0020109950000000154,0.004862608247802032
A,D_A,25.0,4.21961517,-0.001245881999999976,0.004862608247802032
A,D_A,25.0,4.24013393,-0.0013203999999999994,0.004862608247802032
A,D_A,25.0,4.26119077,-0.0042666789999999954,0.004862608247802032
A,D_A,25.0,4.28239268,-0.00576565200000001,0.004862608247802032
A,D_A,25.0,4.30342826,0.0020651339999999685,0.004862608247802032
A,D_A,25.0,4.32431592,-0.0011926970000000203,0.004862608247802032
A,D_A,25.0,4.34508479,-0.0011868429999999375,0.004862608247802032
A,D_A,25.0,4.36604259,0.00018124000000008245,0.004862608247802032
A,D_A,25.0,4.38708086,-0.0014025400000000632,0.004862608247802032
A,D_A,25.0,4.40778797,-0.00013209800000002492,0.004862608247802032
A,D_A,25.0,4.4288526,0.0006544799999999018,0.004862608247802032
A,D_A,25.0,4.44994967,-0.0010465399999999292,0.004862608247802032
A,D_A,25.0,4.47085438,0.00032874000000004955,0.004862608247802032
A,D_A,25.0,4.49188801,-0.0009615700000000782,0.004862608247802032
A,D_A,25.0,4.51250216,0.0034807199999999927,0.004862608247802032
A,D_A,25.0,4.5334461,-0.002673999999999843,0.004862608247802032
A,D_A,25.0,4.55463591,0.0005384499999998571,0.004862608247802032
A,D_A,25.0,4.57547609,0.0007526099999999314,0.004862608247802032
A,D_A,25.0,4.59643311,-0.002106920000000123,0.004862608247802032
A,D_A,25.0,4.61732903,0.00227255000000004,0.004862608247802032
A,D_A,25.0,4.63833098,-0.0006158000000000552,0.004862608247802032
A,D_A,25.0,4.65949324,-0.002240299999999973,0.004862608247802032
A,D_A,25.0,4.68039693,-0.0013331500000000052,0.004862608247802032
A,D_A,25.0,4.70136745,-0.007160970000000155,0.004862608247802032
A,D_A,25.0,4.72221533,-0.0035293499999999867,0.004862608247802032
A,D_A,25.0,4.74309374,-0.00046042999999995615,0.004862608247802032
A,D_A,25.0,4.76390784,-1.9619999999997972e-05,0.004862608247802032
A,D_A,25.0,4.78491795,-0.0004516699999999041,0.004862608247802032
A,D_A,25.0,4.80636204,0.0005213699999999655,0.004862608247802032
A,D_A,25.0,4.82728449,0.002456600000000142,0.004862608247802032
A,D_A,25.0,4.84785524,-0.003654759999999868,0.004862608247802032
A,D_A,25.0,4.86859731,-0.005866010000000088,0.004862608247802032
A,D_A,25.0,4.88954319,-0.0018515799999998528,0.004862608247802032
A,D_A,25.0,4.91078695,-0.004152779999999856,0.004862608247802032
A,D_A,25.0,4.93172016,0.0016256000000001158,0.004862608247802032
A,D_A,25.0,4.95244063,-0.002873829999999966,0.004862608247802032
A,D_A,25.0,4.97348932,-0.006213199999999919,0.004862608247802032
A,D_A,25.0,4.994309,0.0006824400000000619,0.004862608247802032
A,D_A,25.0,5.01515697,0.00032337999999998424,0.004862608247802032
A,D_A,25.0,5.03598003,-0.00529449999999998,0.004862608247802032
A,D_A,25.0,5.05703237,0.0018658000000000285,0.004862608247802032
A,D_A,25.0,5.07840332,0.002297900000000075,0.004862608247802032
A,D_A,25.0,5.09943841,0.0019028100000000325,0.004862608247802032
A,D_A,25.0,5.12032938,-0.0001387200000000366,0.004862608247802032
A,D_A,25.0,5.14107614,0.004521090000000116,0.004862608247802032
A,D_A,25.0,5.16214077,-0.001202240000000021,0.004862608247802032
A,D_A,25.0,5.18341099,8.198000000003702e-05,0.004862608247802032
A,D_A,25.0,5.2041075,0.0015266700000000633,0.004862608247802032
A,D_A,25.0,5.22477891,0.0031434499999998256,0.004862608247802032
A,D_A,25.0,5.24557967,0.004937239999999843,0.004862608247802032
A,D_A,25.0,5.26649236,0.004327760000000014,0.004862608247802032
A,D_A,25.0,5.28753131,0.0016423800000000544,0.004862608247802032
A,D_A,25.0,5.30847064,0.0014322399999999735,0.004862608247802032
A,D_A,25.0,5.32946745,-3.848000000017393e-05,0.004862608247802032
A,D_A,25.0,5.3506922,0.0014483999999999053,0.004862608247802032
A,D_A,25.0,5.37158853,0.0037334399999999768,0.004862608247802032
A,D_A,25.0,5.39231925,0.004341490000000059,0.004862608247802032
A,D_A,25.0,5.41333352,9.970000000003587e-05,0.004862608247802032
A,D_A,25.0,5.43434316,-0.001210319999999987,0.004862608247802032
A,D_A,25.0,5.45530659,0.00622199999999995,0.004862608247802032
A,D_A,25.0,5.47618498,-0.003547890000000109,0.004862608247802032
A,D_A,25.0,5.49715755,-0.001644980000000018,0.004862608247802032
A,D_A,25.0,5.51801586,0.0009421699999998534,0.004862608247802032
A,D_A,25.0,5.53881995,0.002080890000000002,0.004862608247802032
A,D_A,25.0,5.55992514,-0.0020959799999999973,0.004862608247802032
A,D_A,25.0,5.58098545,-0.002312010000000031,0.004862608247802032
A,D_A,25.0,5.60183772,0.0016510999999999054,0.004862608247802032
A,D_A,25.0,5.62277584,0.0011834100000001069,0.004862608247802032
A,D_A,25.0,5.64379172,0.0007858000000000587,0.004862608247802032
A,D_A,25.0,5.66460817,-0.0011633799999999361,0.004862608247802032
A,D_A,25.0,5.68556022,-0.002543089999999859,0.004862608247802032
A,D_A,25.0,5.7067909,-0.002031880000000097,0.004862608247802032
A,D_A,25.0,5.72769317,0.0007187499999998792,0.004862608247802032
A,D_A,25.0,5.74840017,0.0009087999999999319,0.004862608247802032
A,D_A,25.0,5.76938192,0.004701459999999935,0.004862608247802032
A,D_A,25.0,5.79039764,0.00014884999999997817,0.004862608247802032
A,D_A,25.0,5.81144039,0.0034102200000001304,0.004862608247802032
A,D_A,25.0,5.83232115,-0.0021988400000001462,0.004862608247802032
A,D_A,25.0,5.85320209,0.004236149999999883,0.004862608247802032
A,D_A,25.0,5.87418919,0.004664250000000036,0.004862608247802032
A,D_A,25.0,5.89509625,-0.0007780900000000646,0.004862608247802032
A,D_A,25.0,5.9159726,0.0001551200000000641,0.004862608247802032
A,D_A,25.0,5.93682663,0.003956120000000007,0.004862608247802032
A,D_A,25.0,5.95791772,0.0017299299999999906,0.004862608247802032
A,D_A,25.0,5.97900675,0.0008442900000000808,0.004862608247802032
A,D_A,25.0,5.99978945,0.001211709999999977,0.004862608247802032
A,D_A,25.0,6.02063577,0.002656180000000008,0.004862608247802032
A,D_A,25.0,6.04156421,-0.004431000000000074,0.004862608247802032
A,D_A,25.0,6.06259364,-0.0005682300000000584,0.004862608247802032
A,D_A,25.0,6.08377541,-0.0018627500000001351,0.004862608247802032
A,D_A,25.0,6.10447051,0.002774489999999963,0.004862608247802032
A,D_A,25.0,6.12538157,-0.0011060800000000093,0.004862608247802032
A,D_A,25.0,6.14660689,-0.0049035399999999285,0.004862608247802032
A,D_A,25.0,6.16752321,-0.006024899999999889,0.004862608247802032
A,D_A,25.0,6.18833806,-0.0014307599999998644,0.004862608247802032
A,D_A,25.0,6.20938667,0.002409359999999916,0.004862608247802032
A,D_A,25.0,6.23052184,-0.005199489999999862,0.004862608247802032
A,D_A,25.0,6.25137137,-0.000517179999999895,0.004862608247802032
A,D_A,25.0,6.27204484,-0.00022422999999993642,0.004862608247802032
A,D_A,25.0,6.29290789,-0.0005740500000002147,0.004862608247802032
A,D_A,25.0,6.31382104,-0.0009829399999998767,0.004862608247802032
A,D_A,25.0,6.33495691,0.00171086999999992,0.004862608247802032
A,D_A,25.0,6.35600914,0.0014093399999999257,0.004862608247802032
A,D_A,25.0,6.37663869,0.001354910000000098,0.004862608247802032
A,D_A,25.0,6.39770954,0.0013970400000000716,0.004862608247802032
A,D_A,25.0,6.41872759,-0.0008404799999999213,0.004862608247802032
A,D_A,25.0,6.43951457,0.0017784299999998865,0.004862608247802032
A,D_A,25.0,6.46033562,0.004080279999999936,0.004862608247802032
A,D_A,25.0,6.4814564,-0.0004829200000000533,0.004862608247802032
A,D_A,25.0,6.50265681,0.0034575100000000525,0.004862608247802032
A,D_A,25.0,6.52350383,0.0026722400000001034,0.004862608247802032
A,D_A,25.0,6.54427866,-0.0023353699999999478,0.004862608247802032
A,D_A,25.0,6.56515568,0.003309360000000039,0.004862608247802032
A,D_A,25.0,6.58628576,-0.0014075199999998844,0.004862608247802032
A,D_A,25.0,6.60749316,-0.0004455899999999957,0.004862608247802032
A,D_A,25.0,6.62830625,0.004755730000000069,0.004862608247802032
A,D_A,25.0,6.64913567,0.0002320899999999071,0.004862608247802032
A,D_A,25.0,6.67020149,-0.003501570000000065,0.004862608247802032
A,D_A,25.0,6.69106898,0.003983130000000168,0.004862608247802032
A,D_A,25.0,6.71185955,0.0004393799999999892,0.004862608247802032
A,D_A,25.0,6.73264651,0.0007167100000000648,0.004862608247802032
A,D_A,25.0,6.7537045,0.0014369100000000135,0.004862608247802032
A,D_A,25.0,6.77487174,0.0030587200000000703,0.004862608247802032
A,D_A,25.0,6.79557562,0.0008302499999999213,0.004862608247802032
A,D_A,25.0,6.81648781,0.001847840000000156,0.004862608247802032
A,D_A,25.0,6.83753747,9.078000000006803e-05,0.004862608247802032
A,D_A,25.0,6.85867557,-0.002709489999999981,0.004862608247802032
A,D_A,25.0,6.87985316,-0.0012683300000000397,0.004862608247802032
A,D_A,25.0,6.90065786,-0.004403490000000065,0.004862608247802032
A,D_A,25.0,6.92153112,-0.002144060000000003,0.004862608247802032
A,D_A,25.0,6.94229803,-0.002767500000000034,0.004862608247802032
A,D_A,25.0,6.9630016,0.0018893500000001229,0.004862608247802032
A,D_A,25.0,6.98416877,0.0004714099999998389,0.004862608247802032
A,D_A,25.0,7.0052781,0.004510420000000126,0.004862608247802032
A,D_A,25.0,7.02617612,0.0012144400000000388,0.004862608247802032
A,D_A,25.0,7.04699526,-0.002593320000000121,0.004862608247802032
A,D_A,25.0,7.06761685,-0.0016190599999998945,0.004862608247802032
A,D_A,25.0,7.08873369,0.0006314499999999779,0.004862608247802032
A,D_A,25.0,7.10994937,-0.0004494500000000734,0.004862608247802032
A,D_A,25.0,7.13102893,0.0005974300000000099,0.004862608247802032
A,D_A,25.0,7.15201412,-0.0008672200000001684,0.004862608247802032
A,D_A,25.0,7.17271336,0.007390954000000005,0.004862608247802032
A,D_A,25.0,7.19374266,0.0002818299999998164,0.004862608247802032
A,D_A,25.0,7.21473042,0.00019474999999991027,0.004862608247802032
A,D_A,25.0,7.23564263,-0.0013549910000000276,0.004862608247802032
A,D_A,25.0,7.25666289,-0.00016110000000013613,0.004862608247802032
A,D_A,25.0,7.27757645,-0.0018075300000000016,0.004862608247802032
A,D_A,25.0,7.2984411,0.0037963260000000165,0.004862608247802032
A,D_A,25.0,7.31917384,-0.00145634700000008,0.004862608247802032
A,D_A,25.0,7.34001688,-0.0002515419999999935,0.004862608247802032
A,D_A,25.0,7.3611683,-0.004046664000000089,0.004862608247802032
A,D_A,25.0,7.38224284,0.003584852999999999,0.004862608247802032
A,D_A,25.0,7.40324015,0.0019871649999999574,0.004862608247802032
A,D_A,25.0,7.42408854,-0.0003699249999999932,0.004862608247802032
A,D_A,25.0,7.44500634,0.0041922790000000765,0.004862608247802032
A,D_A,25.0,7.46595959,0.003237294999999918,0.004862608247802032
A,D_A,25.0,7.48696308,0.001012749000000035,0.004862608247802032
A,D_A,25.0,7.5079936,-0.0017751410000000911,0.004862608247802032
A,D_A,25.0,7.52871967,7.918299999998268e-05,0.004862608247802032
A,D_A,25.0,7.54966921,-0.0018007289999999454,0.004862608247802032
A,D_A,25.0,7.57064902,0.0003303939999999006,0.004862608247802032
A,D_A,25.0,7.59151428,-0.0012254940000000492,0.004862608247802032
A,D_A,25.0,7.6123809,-0.0027879280000000506,0.004862608247802032
A,D_A,25.0,7.63338324,-0.000906501000000004,0.004862608247802032
A,D_A,25.0,7.65450532,0.0025565990000000482,0.004862608247802032
A,D_A,25.0,7.67556944,-0.0012191259999999593,0.004862608247802032
A,D_A,25.0,7.69637751,-0.001923116000000058,0.004862608247802032
A,D_A,25.0,7.71727216,-0.0039083950000000645,0.004862608247802032
A,D_A,25.0,7.73835725,0.0015944060000000482,0.004862608247802032
A,D_A,25.0,7.75934923,0.0025369860000000743,0.004862608247802032
A,D_A,25.0,7.78023116,0.004231105000000013,0.004862608247802032
A,D_A,25.0,7.80098697,-0.0002075419999999495,0.004862608247802032
A,D_A,25.0,7.82190677,-0.005586788000000009,0.004862608247802032
A,D_A,25.0,7.84304931,0.0006387879999999457,0.004862608247802032
A,D_A,25.0,7.86405132,0.002592242000000078,0.004862608247802032
A,D_A,25.0,7.88484553,-0.002044213000000017,0.004862608247802032
A,D_A,25.0,7.90574885,0.000904632999999988,0.004862608247802032
A,D_A,25.0,7.9267531,0.0022677039999999815,0.004862608247802032
A,D_A,25.0,7.94765228,-0.0018675110000000439,0.004862608247802032
A,D_A,25.0,7.96842304,0.0006784889999998933,0.004862608247802032
A,D_A,25.0,7.98938616,0.0001858709999998931,0.004862608247802032
A,D_A,25.0,8.01050815,0.002840375999999978,0.004862608247802032
A,D_A,25.0,8.03153334,-0.005813770999999912,0.004862608247802032
A,D_A,25.0,8.05240251,-0.0028886089999999864,0.004862608247802032
A,D_A,25.0,8.07332696,5.251699999997417e-05,0.004862608247802032
A,D_A,25.0,8.09438514,0.0011494180000000132,0.004862608247802032
A,D_A,25.0,8.11529588,-0.004925697000000007,0.004862608247802032
A,D_A,25.0,8.13618411,-0.0006591099999999628,0.004862608247802032
A,D_A,25.0,8.15717855,-0.0007907929999999563,0.004862608247802032
A,D_A,25.0,8.17807847,-0.0009657739999999748,0.004862608247802032
A,D_A,25.0,8.19905269,-0.0006061450000000024,0.004862608247802032
A,D_A,25.0,8.21991085,0.0010821450000000343,0.004862608247802032
A,D_A,25.0,8.24078529,-0.003972872000000072,0.004862608247802032
A,D_A,25.0,8.26195652,0.00037336700000001333,0.004862608247802032
A,D_A,25.0,8.28293039,0.0007929329999999402,0.004862608247802032
A,D_A,25.0,8.30373423,-0.0017939679999999791,0.004862608247802032
A,D_A,25.0,8.32452583,0.003152680000000019,0.004862608247802032
A,D_A,25.0,8.34556221,-0.00440119299999997,0.004862608247802032
A,D_A,25.0,8.36671927,0.0011319290000000315,0.004862608247802032
A,D_A,25.0,8.38757523,0.0020399909999999633,0.004862608247802032
A,D_A,25.0,8.40855808,-0.00220999299999991,0.004862608247802032
A,D_A,25.0,8.42953585,-0.0003667840000000089,0.004862608247802032
A,D_A,25.0,8.45042977,-0.0019337700000000568,0.004862608247802032
A,D_A,25.0,8.47138662,0.001408020999999926,0.004862608247802032
A,D_A,25.0,8.49217243,0.0032527250000000674,0.004862608247802032
A,D_A,25.0,8.51321806,-0.0038376659999999063,0.004862608247802032
A,D_A,25.0,8.53421183,-0.006086168000000058,0.004862608247802032
A,D_A,25.0,8.55508292,-0.0016111309999999879,0.004862608247802032
A,D_A,25.0,8.57598662,0.000590844999999951,0.004862608247802032
A,D_A,25.0,8.59679232,0.0037489699999999626,0.004862608247802032
A,D_A,25.0,8.61783107,0.00401289699999996,0.004862608247802032
A,D_A,25.0,8.63891768,-0.001196499000000073,0.004862608247802032
A,D_A,25.0,8.65972861,0.0005071519999999552,0.004862608247802032
A,D_A,25.0,8.68059853,-0.0009116150000000323,0.004862608247802032
A,D_A,25.0,8.70174168,0.003160844999999912,0.004862608247802032
A,D_A,25.0,8.72279566,-0.003259769999999995,0.004862608247802032
A,D_A,25.0,8.74359241,0.001966318999999994,0.004862608247802032
A,D_A,25.0,8.76424415,0.001868843000000009,0.004862608247802032
A,D_A,25.0,8.78526729,-0.0010734030000000283,0.004862608247802032
A,D_A,25.0,8.80637189,-0.002205384999999893,0.004862608247802032
A,D_A,25.0,8.82736896,-0.003109790000000001,0.004862608247802032
A,D_A,25.0,8.84843212,0.0016286160000000827,0.004862608247802032
A,D_A,25.0,8.86933197,0.0008237169999999461,0.004862608247802032
A,D_A,25.0,8.89026857,-0.0007594909999999455,0.004862608247802032
A,D_A,25.0,8.91123702,-0.0021625169999999194,0.004862608247802032
A,D_A,25.0,8.93214776,-0.0006609229999999799,0.004862608247802032
A,D_A,25.0,8.95312097,0.003765189999999974,0.004862608247802032
A,D_A,25.0,8.9741304,0.000146855999999973,0.004862608247802032
A,D_A,25.0,8.99505705,0.001430606000000001,0.004862608247802032
A,D_A,25.0,9.01571368,0.0021185519999999958,0.004862608247802032
A,D_A,25.0,9.03640927,0.0011122139999999447,0.004862608247802032
A,D_A,25.0,9.05755121,-0.0005108639999999998,0.004862608247802032
A,D_A,25.0,9.07868023,-0.0052789500000000045,0.004862608247802032
A,D_A,25.0,9.09969513,0.003333083999999986,0.004862608247802032
A,D_A,25.0,9.1205658,0.000850102999999991,0.004862608247802032
A,D_A,25.0,9.14137844,-0.003999702999999966,0.004862608247802032
A,D_A,25.0,9.16237082,0.003029113999999944,0.004862608247802032
A,D_A,25.0,9.18339441,-0.0027535210000000365,0.004862608247802032
A,D_A,25.0,9.20447395,-0.001950215000000033,0.004862608247802032
A,D_A,25.0,9.22549281,0.003657695999999988,0.004862608247802032
A,D_A,25.0,9.2463962,0.001719397999999983,0.004862608247802032
A,D_A,25.0,9.26722673,-0.0009488460000000032,0.004862608247802032
A,D_A,25.0,9.28791689,-0.0017743909999999863,0.004862608247802032
A,D_A,25.0,9.30892724,0.0008540420000000548,0.004862608247802032
A,D_A,25.0,9.33003065,-0.00043035200000007823,0.004862608247802032
A,D_A,25.0,9.35102864,-0.0011844909999999542,0.004862608247802032
A,D_A,25.0,9.37196601,-0.0006537690000000262,0.004862608247802032
A,D_A,25.0,9.39258783,0.0022596030000000544,0.004862608247802032
A,D_A,25.0,9.41349621,-0.00018151399999999374,0.004862608247802032
A,D_A,25.0,9.4347927,-0.003139875999999986,0.004862608247802032
A,D_A,25.0,9.45587737,0.00034224799999993394,0.004862608247802032
A,D_A,25.0,9.47676866,-0.0018016409999999095,0.004862608247802032
A,D_A,25.0,9.49762777,-0.0021532530000000216,0.004862608247802032
A,D_A,25.0,9.51852362,-0.004108336999999906,0.004862608247802032
A,D_A,25.0,9.53939795,-0.001107734999999943,0.004862608247802032
A,D_A,25.0,9.56035551,-0.0021551060000000177,0.004862608247802032
A,D_A,25.0,9.58149741,0.0003604360000000195,0.004862608247802032
A,D_A,25.0,9.60249587,-0.0003776680000000532,0.004862608247802032
A,D_A,25.0,9.62336478,-0.0009713319999999914,0.004862608247802032
A,D_A,25.0,9.64415055,0.0031527599999999767,0.004862608247802032
A,D_A,25.0,9.66502224,0.002048719000000032,0.004862608247802032
A,D_A,25.0,9.68597433,-0.0015854370000000229,0.004862608247802032
A,D_A,25.0,9.7069728,0.002139683999999975,0.004862608247802032
A,D_A,25.0,9.72797765,-0.0018353059999999255,0.004862608247802032
A,D_A,25.0,9.74896401,0.0014933729999999645,0.004862608247802032
A,D_A,25.0,9.76996217,0.001113860000000022,0.004862608247802032
A,D_A,25.0,9.79085678,0.0020958669999999735,0.004862608247802032
A,D_A,25.0,9.81166698,0.0003313620000000572,0.004862608247802032
A,D_A,25.0,9.83262494,0.0015076330000000082,0.004862608247802032
A,D_A,25.0,9.85372265,-0.0008604239999999708,0.004862608247802032
A,D_A,25.0,9.87472665,-0.0014139129999999334,0.004862608247802032
A,D_A,25.0,9.89559934,0.0010743279999999578,0.004862608247802032
A,D_A,25.0,9.91635289,-0.003163487999999992,0.004862608247802032
A,D_A,25.0,9.93737645,1.6950000000237608e-06,0.004862608247802032
A,D_A,25.0,9.95856995,-0.0008675959999999705,0.004862608247802032
A,D_A,25.0,9.97940815,0.00023914199999997,0.004862608247802032
A,D_A,25.0,10.000082,-0.001384300000000005,0.004862608247802032
A,D_A,40.0,0.0252815853,0.002724368519,0.0031534362638045957
A,D_A,40.0,0.0486976344,0.00257935072,0.0031534362638045957
A,D_A,40.0,0.0692644017,0.0027573341,0.0031534362638045957
A,D_A,40.0,0.08877835,0.0028710369499999992,0.0031534362638045957
A,D_A,40.0,0.111604297,0.00247759134,0.0031534362638045957
A,D_A,40.0,0.132731806,0.0030119920999999994,0.0031534362638045957
A,D_A,40.0,0.153672181,0.002671654400000001,0.0031534362638045957
A,D_A,40.0,0.175641863,0.0034524540999999985,0.0031534362638045957
A,D_A,40.0,0.196615509,0.004029770800000002,0.0031534362638045957
A,D_A,40.0,0.217326708,0.0031182027999999973,0.0031534362638045957
A,D_A,40.0,0.237538457,0.003494975500000004,0.0031534362638045957
A,D_A,40.0,0.258148683,0.0053680937,0.0031534362638045957
A,D_A,40.0,0.28040349,0.003986458700000001,0.0031534362638045957
A,D_A,40.0,0.301929084,0.006011346999999986,0.0031534362638045957
A,D_A,40.0,0.322287413,0.004977283099999993,0.0031534362638045957
A,D_A,40.0,0.342663331,0.0046203129000000065,0.0031534362638045957
A,D_A,40.0,0.363641289,0.0067131480999999965,0.0031534362638045957
A,D_A,40.0,0.385602948,0.008520295999999997,0.0031534362638045957
A,D_A,40.0,0.406737165,0.008629505999999995,0.0031534362638045957
A,D_A,40.0,0.427001871,0.009296972999999986,0.0031534362638045957
A,D_A,40.0,0.448754416,0.008284368999999986,0.0031534362638045957
A,D_A,40.0,0.469601745,0.010436310000000004,0.0031534362638045957
A,D_A,40.0,0.489805379,0.010686664000000012,0.0031534362638045957
A,D_A,40.0,0.510302494,0.009128785,0.0031534362638045957
A,D_A,40.0,0.53178319,0.010477627000000017,0.0031534362638045957
A,D_A,40.0,0.553922362,0.010234065000000014,0.0031534362638045957
A,D_A,40.0,0.574670041,0.007573735999999998,0.0031534362638045957
A,D_A,40.0,0.594645701,0.010642450999999997,0.0031534362638045957
A,D_A,40.0,0.615540037,0.01372996500000001,0.0031534362638045957
A,D_A,40.0,0.636554081,0.010507047000000047,0.0031534362638045957
A,D_A,40.0,0.658102417,0.007578039999999953,0.0031534362638045957
A,D_A,40.0,0.679189641,0.008436728000000004,0.0031534362638045957
A,D_A,40.0,0.700054044,0.009465905999999968,0.0031534362638045957
A,D_A,40.0,0.721329826,0.00698420700000002,0.0031534362638045957
A,D_A,40.0,0.742033923,0.00831215099999999,0.0031534362638045957
A,D_A,40.0,0.762614581,0.014246509000000018,0.0031534362638045957
A,D_A,40.0,0.783270495,0.007515687999999965,0.0031534362638045957
A,D_A,40.0,0.804783918,0.006279572999999983,0.0031534362638045957
A,D_A,40.0,0.826095906,0.0030649160000000286,0.0031534362638045957
A,D_A,40.0,0.846303977,0.002613397999999989,0.0031534362638045957
A,D_A,40.0,0.867174819,0.002134130000000012,0.0031534362638045957
A,D_A,40.0,0.888413258,0.012542222999999963,0.0031534362638045957
A,D_A,40.0,0.909910564,0.008099676999999972,0.0031534362638045957
A,D_A,40.0,0.931134698,0.0071246070000000605,0.0031534362638045957
A,D_A,40.0,0.951563161,0.001847127000000004,0.0031534362638045957
A,D_A,40.0,0.972160451,0.0058281770000000455,0.0031534362638045957
A,D_A,40.0,0.993008165,-0.004022088000000035,0.0031534362638045957
A,D_A,40.0,1.0140906,0.0015456640000000021,0.0031534362638045957
A,D_A,40.0,1.03500338,-0.005780408999999986,0.0031534362638045957
A,D_A,40.0,1.05657413,0.004296049000000024,0.0031534362638045957
A,D_A,40.0,1.07789814,0.0015604139999999544,0.0031534362638045957
A,D_A,40.0,1.09835045,-0.0014085019999999782,0.0031534362638045957
A,D_A,40.0,1.11903902,-0.0012823570000000117,0.0031534362638045957
A,D_A,40.0,1.1396405,-0.005707136999999918,0.0031534362638045957
A,D_A,40.0,1.16109193,-0.0023609519999999717,0.0031534362638045957
A,D_A,40.0,1.18227503,-0.010021115999999997,0.0031534362638045957
A,D_A,40.0,1.2030555,0.0006508290000000194,0.0031534362638045957
A,D_A,40.0,1.22375183,0.004196615999999986,0.0031534362638045957
A,D_A,40.0,1.24453484,0.0014883709999999883,0.0031534362638045957
A,D_A,40.0,1.26570671,0.0002190870000000622,0.0031534362638045957
A,D_A,40.0,1.28693994,-0.002298352000000059,0.0031534362638045957
A,D_A,40.0,1.30807124,-0.0028860669999999367,0.0031534362638045957
A,D_A,40.0,1.32889646,-0.005280786000000037,0.0031534362638045957
A,D_A,40.0,1.34945121,-0.005434415999999942,0.0031534362638045957
A,D_A,40.0,1.37055188,0.008171923999999997,0.0031534362638045957
A,D_A,40.0,1.39148285,-0.003334322999999917,0.0031534362638045957
A,D_A,40.0,1.41220445,0.0013372710000000287,0.0031534362638045957
A,D_A,40.0,1.43352474,-0.016248195999999937,0.0031534362638045957
A,D_A,40.0,1.45454751,-0.009631626000000004,0.0031534362638045957
A,D_A,40.0,1.47511055,-0.011300904000000056,0.0031534362638045957
A,D_A,40.0,1.49566583,0.006097684999999964,0.0031534362638045957
A,D_A,40.0,1.51690776,-0.009353794999999998,0.0031534362638045957
A,D_A,40.0,1.53826425,-0.005626181000000008,0.0031534362638045957
A,D_A,40.0,1.55931449,-0.0004899720000000052,0.0031534362638045957
A,D_A,40.0,1.58012172,-0.008134446999999989,0.0031534362638045957
A,D_A,40.0,1.60114355,-0.009187883999999924,0.0031534362638045957
A,D_A,40.0,1.62229155,-0.012994119999999998,0.0031534362638045957
A,D_A,40.0,1.64295947,-0.006675187999999999,0.0031534362638045957
A,D_A,40.0,1.66366432,-0.007113398999999965,0.0031534362638045957
A,D_A,40.0,1.68478217,0.0011779670000000575,0.0031534362638045957
A,D_A,40.0,1.7057485,1.5922000000001546e-05,0.0031534362638045957
A,D_A,40.0,1.72683745,-0.012354915000000077,0.0031534362638045957
A,D_A,40.0,1.74765849,-0.008062173000000006,0.0031534362638045957
A,D_A,40.0,1.76847487,-0.001687079999999952,0.0031534362638045957
A,D_A,40.0,1.78961871,-0.0037125359999999885,0.0031534362638045957
A,D_A,40.0,1.81086098,-0.001688705000000068,0.0031534362638045957
A,D_A,40.0,1.83179094,0.006427329999999953,0.0031534362638045957
A,D_A,40.0,1.8521746,-0.007692845999999975,0.0031534362638045957
A,D_A,40.0,1.8733654,0.0010026879999999183,0.0031534362638045957
A,D_A,40.0,1.89455538,0.0018438210000000232,0.0031534362638045957
A,D_A,40.0,1.91534795,-0.00030854699999993684,0.0031534362638045957
A,D_A,40.0,1.93623233,-0.006027669000000069,0.0031534362638045957
A,D_A,40.0,1.9571481,-0.00327266100000001,0.0031534362638045957
A,D_A,40.0,1.97825109,0.001997028000000012,0.0031534362638045957
A,D_A,40.0,1.99905898,-0.0005646929999999495,0.0031534362638045957
A,D_A,40.0,2.01966715,-0.0012526849999999756,0.0031534362638045957
A,D_A,40.0,2.04082415,-0.0022641959999999406,0.0031534362638045957
A,D_A,40.0,2.06193171,-0.0064689910000000905,0.0031534362638045957
A,D_A,40.0,2.08296048,-0.005026872999999932,0.0031534362638045957
A,D_A,40.0,2.10383017,-0.0066998870000000155,0.0031534362638045957
A,D_A,40.0,2.12494312,-0.001418396000000044,0.0031534362638045957
A,D_A,40.0,2.14618475,-0.0045586280000000645,0.0031534362638045957
A,D_A,40.0,2.16679298,0.0019046560000000046,0.0031534362638045957
A,D_A,40.0,2.18753482,0.00343201999999998,0.0031534362638045957
A,D_A,40.0,2.20847027,0.005196376999999974,0.0031534362638045957
A,D_A,40.0,2.22955181,-0.00415621300000002,0.0031534362638045957
A,D_A,40.0,2.25078374,-0.003558496999999994,0.0031534362638045957
A,D_A,40.0,2.27150159,-0.0032251620000000036,0.0031534362638045957
A,D_A,40.0,2.29205574,-0.0028732490000000777,0.0031534362638045957
A,D_A,40.0,2.31294326,-0.0031462239999999753,0.0031534362638045957
A,D_A,40.0,2.3340363,0.0003778530000000391,0.0031534362638045957
A,D_A,40.0,2.35514399,-0.001182750999999982,0.0031534362638045957
A,D_A,40.0,2.37607726,-0.0017927909999999603,0.0031534362638045957
A,D_A,40.0,2.39730341,0.0012937049999999228,0.0031534362638045957
A,D_A,40.0,2.41857203,-0.007136976000000073,0.0031534362638045957
A,D_A,40.0,2.43911056,0.0024837050000000582,0.0031534362638045957
A,D_A,40.0,2.45988005,-0.006255243999999993,0.0031534362638045957
A,D_A,40.0,2.48094151,0.007080700000000051,0.0031534362638045957
A,D_A,40.0,2.50196601,0.007879033000000035,0.0031534362638045957
A,D_A,40.0,2.52300496,-0.001978996000000066,0.0031534362638045957
A,D_A,40.0,2.54340089,-0.005199627999999956,0.0031534362638045957
A,D_A,40.0,2.56415297,0.0041270990000000785,0.0031534362638045957
A,D_A,40.0,2.58575836,-0.0020652899999999974,0.0031534362638045957
A,D_A,40.0,2.60684428,0.00039975100000000374,0.0031534362638045957
A,D_A,40.0,2.62775949,-0.002431605000000059,0.0031534362638045957
A,D_A,40.0,2.64834355,-0.004341451000000052,0.0031534362638045957
A,D_A,40.0,2.66912062,0.0040630590000000355,0.0031534362638045957
A,D_A,40.0,2.69039946,0.002622819000000054,0.0031534362638045957
A,D_A,40.0,2.71121518,-0.005172863999999944,0.0031534362638045957
A,D_A,40.0,2.7321837,0.005029479000000059,0.0031534362638045957
A,D_A,40.0,2.75306239,0.005444281000000051,0.0031534362638045957
A,D_A,40.0,2.77427049,0.0007015089999999891,0.0031534362638045957
A,D_A,40.0,2.79557932,0.00022953199999997675,0.0031534362638045957
A,D_A,40.0,2.8160646,0.0012103070000000216,0.0031534362638045957
A,D_A,40.0,2.83689478,-0.004857036000000092,0.0031534362638045957
A,D_A,40.0,2.85801727,-0.0014351799999999804,0.0031534362638045957
A,D_A,40.0,2.87906973,0.0009847859999999597,0.0031534362638045957
A,D_A,40.0,2.89996898,-0.0026548430000000733,0.0031534362638045957
A,D_A,40.0,2.92062944,-0.0033219110000000107,0.0031534362638045957
A,D_A,40.0,2.941605,0.007185561999999979,0.0031534362638045957
A,D_A,40.0,2.96267076,-0.0006949120000000475,0.0031534362638045957
A,D_A,40.0,2.98347442,-0.008409522000000003,0.0031534362638045957
A,D_A,40.0,3.00437656,-0.0029274140000000726,0.0031534362638045957
A,D_A,40.0,3.02542142,-0.005233735000000017,0.0031534362638045957
A,D_A,40.0,3.04658726,-0.001723876000000013,0.0031534362638045957
A,D_A,40.0,3.06768101,-0.003479810999999944,0.0031534362638045957
A,D_A,40.0,3.088328,-0.0011449800000000732,0.0031534362638045957
A,D_A,40.0,3.10931167,-0.0009742360000000172,0.0031534362638045957
A,D_A,40.0,3.1305457,-0.0017460350000000346,0.0031534362638045957
A,D_A,40.0,3.15150209,0.004740895999999939,0.0031534362638045957
A,D_A,40.0,3.17219014,0.0007984410000000386,0.0031534362638045957
A,D_A,40.0,3.19299024,0.00021457599999996635,0.0031534362638045957
A,D_A,40.0,3.21390436,-0.004607629000000002,0.0031534362638045957
A,D_A,40.0,3.23506564,0.0006593200000000188,0.0031534362638045957
A,D_A,40.0,3.25605387,-0.0015500330000000062,0.0031534362638045957
A,D_A,40.0,3.27685776,0.0007171709999999054,0.0031534362638045957
A,D_A,40.0,3.29794723,-0.004268081999999951,0.0031534362638045957
A,D_A,40.0,3.31884778,-0.0019624119999999134,0.0031534362638045957
A,D_A,40.0,3.33944269,-0.0038171850000000562,0.0031534362638045957
A,D_A,40.0,3.36030612,-0.0003509149999999517,0.0031534362638045957
A,D_A,40.0,3.38171654,-0.003788965000000033,0.0031534362638045957
A,D_A,40.0,3.40297495,-0.004136950000000028,0.0031534362638045957
A,D_A,40.0,3.42370792,-0.0027246309999999774,0.0031534362638045957
A,D_A,40.0,3.44440875,-0.007742856999999992,0.0031534362638045957
A,D_A,40.0,3.465315,-0.004998579000000003,0.0031534362638045957
A,D_A,40.0,3.4865867,0.002842239999999996,0.0031534362638045957
A,D_A,40.0,3.50751221,0.0010452319999999515,0.0031534362638045957
A,D_A,40.0,3.52796741,-0.0016057889999999686,0.0031534362638045957
A,D_A,40.0,3.5488788,-0.0008566490000000426,0.0031534362638045957
A,D_A,40.0,3.57014151,0.0022109980000000196,0.0031534362638045957
A,D_A,40.0,3.59120365,0.0008775749999999638,0.0031534362638045957
A,D_A,40.0,3.61190928,-0.002996133000000012,0.0031534362638045957
A,D_A,40.0,3.63300558,0.0003024719999999981,0.0031534362638045957
A,D_A,40.0,3.6541422,0.002405059999999959,0.0031534362638045957
A,D_A,40.0,3.67500902,-0.00016811399999994148,0.0031534362638045957
A,D_A,40.0,3.69581564,-0.00749290299999994,0.0031534362638045957
A,D_A,40.0,3.71644729,0.0018128920000000104,0.0031534362638045957
A,D_A,40.0,3.73749774,-0.005052724000000008,0.0031534362638045957
A,D_A,40.0,3.75868086,-0.0024709440000000304,0.0031534362638045957
A,D_A,40.0,3.77950549,0.0008895450000000471,0.0031534362638045957
A,D_A,40.0,3.80027286,0.0032619119999999224,0.0031534362638045957
A,D_A,40.0,3.82143123,0.00010144000000000819,0.0031534362638045957
A,D_A,40.0,3.84280481,0.0037889629999999785,0.0031534362638045957
A,D_A,40.0,3.86349282,-0.0001646280000000555,0.0031534362638045957
A,D_A,40.0,3.88417456,-0.003298966999999986,0.0031534362638045957
A,D_A,40.0,3.90535419,-0.0006681750000000486,0.0031534362638045957
A,D_A,40.0,3.9264697,-0.0018368870000000648,0.0031534362638045957
A,D_A,40.0,3.94738681,0.003052925000000095,0.0031534362638045957
A,D_A,40.0,3.96810309,0.0033789470000000765,0.0031534362638045957
A,D_A,40.0,3.98888694,0.0020145380000000657,0.0031534362638045957
A,D_A,40.0,4.00993371,0.005360438000000078,0.0031534362638045957
A,D_A,40.0,4.03080983,0.0008947799999999839,0.0031534362638045957
A,D_A,40.0,4.05178039,-0.004397413000000072,0.0031534362638045957
A,D_A,40.0,4.07276799,0.001338478999999948,0.0031534362638045957
A,D_A,40.0,4.09368684,-0.0022013840000000284,0.0031534362638045957
A,D_A,40.0,4.11485609,0.0025582840000000218,0.0031534362638045957
A,D_A,40.0,4.13583188,0.0044258569999999775,0.0031534362638045957
A,D_A,40.0,4.15670688,0.0010146220000000206,0.0031534362638045957
A,D_A,40.0,4.17758774,0.0020459160000000365,0.0031534362638045957
A,D_A,40.0,4.19867141,0.0031647420000000537,0.0031534362638045957
A,D_A,40.0,4.21961517,0.0014822490000000466,0.0031534362638045957
A,D_A,40.0,4.24013393,-0.0029361740000000136,0.0031534362638045957
A,D_A,40.0,4.26119077,-0.0011272170000000692,0.0031534362638045957
A,D_A,40.0,4.28239268,-0.004421605999999967,0.0031534362638045957
A,D_A,40.0,4.30342826,0.0009961459999999756,0.0031534362638045957
A,D_A,40.0,4.32431592,0.004126587999999987,0.0031534362638045957
A,D_A,40.0,4.34508479,0.0016399710000000178,0.0031534362638045957
A,D_A,40.0,4.36604259,-0.007392339999999886,0.0031534362638045957
A,D_A,40.0,4.38708086,-0.00024249600000003646,0.0031534362638045957
A,D_A,40.0,4.40778797,0.002144637000000005,0.0031534362638045957
A,D_A,40.0,4.4288526,0.0005667899999999282,0.0031534362638045957
A,D_A,40.0,4.44994967,-0.0048182079999998795,0.0031534362638045957
A,D_A,40.0,4.47085438,-0.0037183419999999856,0.0031534362638045957
A,D_A,40.0,4.49188801,0.0012199899999998376,0.0031534362638045957
A,D_A,40.0,4.51250216,-0.0008765950000000355,0.0031534362638045957
A,D_A,40.0,4.5334461,-0.0009796199999998478,0.0031534362638045957
A,D_A,40.0,4.55463591,0.00048349999999985904,0.0031534362638045957
A,D_A,40.0,4.57547609,0.001612889999999867,0.0031534362638045957
A,D_A,40.0,4.59643311,-0.0025365800000001215,0.0031534362638045957
A,D_A,40.0,4.61732903,0.0026172500000001264,0.0031534362638045957
A,D_A,40.0,4.63833098,0.0004305000000000003,0.0031534362638045957
A,D_A,40.0,4.65949324,-0.004263160000000044,0.0031534362638045957
A,D_A,40.0,4.68039693,-0.00044920000000003846,0.0031534362638045957
A,D_A,40.0,4.70136745,-0.004212740000000048,0.0031534362638045957
A,D_A,40.0,4.72221533,-0.0032484200000000296,0.0031534362638045957
A,D_A,40.0,4.74309374,0.0009833099999998485,0.0031534362638045957
A,D_A,40.0,4.76390784,-0.0038647999999998905,0.0031534362638045957
A,D_A,40.0,4.78491795,0.00427735000000018,0.0031534362638045957
A,D_A,40.0,4.80636204,-0.0011051199999998484,0.0031534362638045957
A,D_A,40.0,4.82728449,-0.0022649699999999218,0.0031534362638045957
A,D_A,40.0,4.84785524,0.0008730700000001423,0.0031534362638045957
A,D_A,40.0,4.86859731,-0.0017649099999998974,0.0031534362638045957
A,D_A,40.0,4.88954319,0.0005391400000001045,0.0031534362638045957
A,D_A,40.0,4.91078695,-0.005220389999999853,0.0031534362638045957
A,D_A,40.0,4.93172016,0.0012494000000000671,0.0031534362638045957
A,D_A,40.0,4.95244063,0.001623920000000112,0.0031534362638045957
A,D_A,40.0,4.97348932,-0.005129280000000014,0.0031534362638045957
A,D_A,40.0,4.994309,-0.002395080000000105,0.0031534362638045957
A,D_A,40.0,5.01515697,-0.0009790600000001426,0.0031534362638045957
A,D_A,40.0,5.03598003,-0.002466249999999892,0.0031534362638045957
A,D_A,40.0,5.05703237,-0.0006576799999999938,0.0031534362638045957
A,D_A,40.0,5.07840332,0.0005672200000002015,0.0031534362638045957
A,D_A,40.0,5.09943841,-0.0011549600000000382,0.0031534362638045957
A,D_A,40.0,5.12032938,-0.0004476399999999714,0.0031534362638045957
A,D_A,40.0,5.14107614,0.0031511100000001235,0.0031534362638045957
A,D_A,40.0,5.16214077,0.0014932199999999618,0.0031534362638045957
A,D_A,40.0,5.18341099,0.002218959999999992,0.0031534362638045957
A,D_A,40.0,5.2041075,0.003919369999999978,0.0031534362638045957
A,D_A,40.0,5.22477891,0.0010736599999998653,0.0031534362638045957
A,D_A,40.0,5.24557967,0.0025140499999998234,0.0031534362638045957
A,D_A,40.0,5.26649236,0.0019363199999999914,0.0031534362638045957
A,D_A,40.0,5.28753131,-8.587999999987161e-05,0.0031534362638045957
A,D_A,40.0,5.30847064,0.002013909999999841,0.0031534362638045957
A,D_A,40.0,5.32946745,-0.0008968500000001711,0.0031534362638045957
A,D_A,40.0,5.3506922,-0.0002039200000001351,0.0031534362638045957
A,D_A,40.0,5.37158853,0.0023306400000000504,0.0031534362638045957
A,D_A,40.0,5.39231925,0.005153289999999977,0.0031534362638045957
A,D_A,40.0,5.41333352,-3.449999999993736e-05,0.0031534362638045957
A,D_A,40.0,5.43434316,-0.0025986099999999457,0.0031534362638045957
A,D_A,40.0,5.45530659,0.004497229999999908,0.0031534362638045957
A,D_A,40.0,5.47618498,-0.0024107200000000883,0.0031534362638045957
A,D_A,40.0,5.49715755,0.0004955199999998605,0.0031534362638045957
A,D_A,40.0,5.51801586,-0.0005878000000001382,0.0031534362638045957
A,D_A,40.0,5.53881995,0.0014916400000000163,0.0031534362638045957
A,D_A,40.0,5.55992514,-0.0007865500000001635,0.0031534362638045957
A,D_A,40.0,5.58098545,-0.0012622600000000705,0.0031534362638045957
A,D_A,40.0,5.60183772,0.006872629999999935,0.0031534362638045957
A,D_A,40.0,5.62277584,0.0011810500000000168,0.0031534362638045957
A,D_A,40.0,5.64379172,-0.002180349999999942,0.0031534362638045957
A,D_A,40.0,5.66460817,0.0012706000000000106,0.0031534362638045957
A,D_A,40.0,5.68556022,-0.005690889999999893,0.0031534362638045957
A,D_A,40.0,5.7067909,0.0008306300000000544,0.0031534362638045957
A,D_A,40.0,5.72769317,0.002736859999999952,0.0031534362638045957
A,D_A,40.0,5.74840017,-0.0010680200000001694,0.0031534362638045957
A,D_A,40.0,5.76938192,0.002469479999999802,0.0031534362638045957
A,D_A,40.0,5.79039764,-0.0003512900000000041,0.0031534362638045957
A,D_A,40.0,5.81144039,0.001857020000000098,0.0031534362638045957
A,D_A,40.0,5.83232115,-0.0036662800000000217,0.0031534362638045957
A,D_A,40.0,5.85320209,0.002411970000000041,0.0031534362638045957
A,D_A,40.0,5.87418919,0.0002718299999999729,0.0031534362638045957
A,D_A,40.0,5.89509625,0.0013149400000000977,0.0031534362638045957
A,D_A,40.0,5.9159726,0.00304944000000007,0.0031534362638045957
A,D_A,40.0,5.93682663,0.004234420000000183,0.0031534362638045957
A,D_A,40.0,5.95791772,0.0052299000000000095,0.0031534362638045957
A,D_A,40.0,5.97900675,0.0006052600000001629,0.0031534362638045957
A,D_A,40.0,5.99978945,-0.0005904400000000809,0.0031534362638045957
A,D_A,40.0,6.02063577,0.0044017999999999,0.0031534362638045957
A,D_A,40.0,6.04156421,-0.0038787300000000524,0.0031534362638045957
A,D_A,40.0,6.06259364,-0.0017835300000001997,0.0031534362638045957
A,D_A,40.0,6.08377541,-0.001213730000000135,0.0031534362638045957
A,D_A,40.0,6.10447051,0.004078089999999923,0.0031534362638045957
A,D_A,40.0,6.12538157,-0.0015600000000000058,0.0031534362638045957
A,D_A,40.0,6.14660689,0.000984340000000028,0.0031534362638045957
A,D_A,40.0,6.16752321,-0.0006770799999999966,0.0031534362638045957
A,D_A,40.0,6.18833806,0.0011403100000000332,0.0031534362638045957
A,D_A,40.0,6.20938667,0.002237229999999979,0.0031534362638045957
A,D_A,40.0,6.23052184,-0.006410229999999961,0.0031534362638045957
A,D_A,40.0,6.25137137,-0.0026579299999998085,0.0031534362638045957
A,D_A,40.0,6.27204484,-0.0006536200000000214,0.0031534362638045957
A,D_A,40.0,6.29290789,-0.0005153400000001973,0.0031534362638045957
A,D_A,40.0,6.31382104,-0.0023548600000000697,0.0031534362638045957
A,D_A,40.0,6.33495691,0.0006583099999999398,0.0031534362638045957
A,D_A,40.0,6.35600914,-0.0021500400000000752,0.0031534362638045957
A,D_A,40.0,6.37663869,0.0017014699999999827,0.0031534362638045957
A,D_A,40.0,6.39770954,0.000407200000000163,0.0031534362638045957
A,D_A,40.0,6.41872759,-0.000735079999999888,0.0031534362638045957
A,D_A,40.0,6.43951457,0.0008608199999999844,0.0031534362638045957
A,D_A,40.0,6.46033562,0.0011791899999999966,0.0031534362638045957
A,D_A,40.0,6.4814564,-0.001547500000000035,0.0031534362638045957
A,D_A,40.0,6.50265681,0.0005171600000000165,0.0031534362638045957
A,D_A,40.0,6.52350383,0.0023652000000000672,0.0031534362638045957
A,D_A,40.0,6.54427866,-0.0016312299999998725,0.0031534362638045957
A,D_A,40.0,6.56515568,-0.0032690599999998238,0.0031534362638045957
A,D_A,40.0,6.58628576,-0.0003032300000000987,0.0031534362638045957
A,D_A,40.0,6.60749316,0.0038574799999999687,0.0031534362638045957
A,D_A,40.0,6.62830625,0.004038590000000175,0.0031534362638045957
A,D_A,40.0,6.64913567,0.0018973300000000304,0.0031534362638045957
A,D_A,40.0,6.67020149,-0.005132780000000059,0.0031534362638045957
A,D_A,40.0,6.69106898,0.002378329999999984,0.0031534362638045957
A,D_A,40.0,6.71185955,-0.0006731700000000007,0.0031534362638045957
A,D_A,40.0,6.73264651,0.0023298300000000882,0.0031534362638045957
A,D_A,40.0,6.7537045,0.000211200000000078,0.0031534362638045957
A,D_A,40.0,6.77487174,0.0024316500000001184,0.0031534362638045957
A,D_A,40.0,6.79557562,-0.004278559999999931,0.0031534362638045957
A,D_A,40.0,6.81648781,-0.00040925999999985585,0.0031534362638045957
A,D_A,40.0,6.83753747,-0.0015400999999999332,0.0031534362638045957
A,D_A,40.0,6.85867557,-0.0009411799999998749,0.0031534362638045957
A,D_A,40.0,6.87985316,-0.003976580000000007,0.0031534362638045957
A,D_A,40.0,6.90065786,-0.0022698899999999966,0.0031534362638045957
A,D_A,40.0,6.92153112,0.0025897099999998563,0.0031534362638045957
A,D_A,40.0,6.94229803,0.0013803799999998478,0.0031534362638045957
A,D_A,40.0,6.9630016,0.00041465000000018293,0.0031534362638045957
A,D_A,40.0,6.98416877,0.0023725399999998675,0.0031534362638045957
A,D_A,40.0,7.0052781,0.0035029800000001554,0.0031534362638045957
A,D_A,40.0,7.02617612,0.0033041599999998894,0.0031534362638045957
A,D_A,40.0,7.04699526,0.00045661999999979663,0.0031534362638045957
A,D_A,40.0,7.06761685,-0.0015312699999998625,0.0031534362638045957
A,D_A,40.0,7.08873369,0.0017933299999999264,0.0031534362638045957
A,D_A,40.0,7.10994937,-0.001846199999999909,0.0031534362638045957
A,D_A,40.0,7.13102893,-0.0001606700000000849,0.0031534362638045957
A,D_A,40.0,7.15201412,-0.003521212000000107,0.0031534362638045957
A,D_A,40.0,7.17271336,0.0027994439999999843,0.0031534362638045957
A,D_A,40.0,7.19374266,-0.003664593000000105,0.0031534362638045957
A,D_A,40.0,7.21473042,-0.0013440660000000326,0.0031534362638045957
A,D_A,40.0,7.23564263,-0.0008871440000000064,0.0031534362638045957
A,D_A,40.0,7.25666289,-0.0029858280000000237,0.0031534362638045957
A,D_A,40.0,7.27757645,-0.00167364999999986,0.0031534362638045957
A,D_A,40.0,7.2984411,0.004098510999999916,0.0031534362638045957
A,D_A,40.0,7.31917384,-0.005931801999999986,0.0031534362638045957
A,D_A,40.0,7.34001688,0.000905712000000003,0.0031534362638045957
A,D_A,40.0,7.3611683,-0.0008326800000000301,0.0031534362638045957
A,D_A,40.0,7.38224284,0.005465016000000045,0.0031534362638045957
A,D_A,40.0,7.40324015,-0.000808111999999972,0.0031534362638045957
A,D_A,40.0,7.42408854,-0.0002562650000000888,0.0031534362638045957
A,D_A,40.0,7.44500634,0.0009979969999999172,0.0031534362638045957
A,D_A,40.0,7.46595959,0.002414144999999923,0.0031534362638045957
A,D_A,40.0,7.48696308,-0.001102402999999974,0.0031534362638045957
A,D_A,40.0,7.5079936,0.001660726999999973,0.0031534362638045957
A,D_A,40.0,7.52871967,-0.0012478609999999613,0.0031534362638045957
A,D_A,40.0,7.54966921,0.0004114680000000259,0.0031534362638045957
A,D_A,40.0,7.57064902,0.0005743639999999939,0.0031534362638045957
A,D_A,40.0,7.59151428,-0.003986571999999966,0.0031534362638045957
A,D_A,40.0,7.6123809,-0.004746737000000056,0.0031534362638045957
A,D_A,40.0,7.63338324,0.00045970200000000627,0.0031534362638045957
A,D_A,40.0,7.65450532,0.003037900000000038,0.0031534362638045957
A,D_A,40.0,7.67556944,-0.0016432520000000395,0.0031534362638045957
A,D_A,40.0,7.69637751,-0.0033061370000000423,0.0031534362638045957
A,D_A,40.0,7.71727216,-0.0017838130000000785,0.0031534362638045957
A,D_A,40.0,7.73835725,-0.001235470999999988,0.0031534362638045957
A,D_A,40.0,7.75934923,0.005091261999999985,0.0031534362638045957
A,D_A,40.0,7.78023116,0.0016072480000000056,0.0031534362638045957
A,D_A,40.0,7.80098697,-0.0009241219999999162,0.0031534362638045957
A,D_A,40.0,7.82190677,-0.005511977000000057,0.0031534362638045957
A,D_A,40.0,7.84304931,0.0015305449999999388,0.0031534362638045957
A,D_A,40.0,7.86405132,0.005463343000000065,0.0031534362638045957
A,D_A,40.0,7.88484553,-0.002077910999999988,0.0031534362638045957
A,D_A,40.0,7.90574885,-0.0038653840000000272,0.0031534362638045957
A,D_A,40.0,7.9267531,-0.0025880550000000335,0.0031534362638045957
A,D_A,40.0,7.94765228,-0.0008491990000000227,0.0031534362638045957
A,D_A,40.0,7.96842304,0.004472715999999988,0.0031534362638045957
A,D_A,40.0,7.98938616,-0.0005626650000000177,0.0031534362638045957
A,D_A,40.0,8.01050815,0.00040579799999995725,0.0031534362638045957
A,D_A,40.0,8.03153334,-0.0017240039999999457,0.0031534362638045957
A,D_A,40.0,8.05240251,-0.0012537559999999948,0.0031534362638045957
A,D_A,40.0,8.07332696,-0.002786749999999949,0.0031534362638045957
A,D_A,40.0,8.09438514,0.000493187000000006,0.0031534362638045957
A,D_A,40.0,8.11529588,-0.002027949000000029,0.0031534362638045957
A,D_A,40.0,8.13618411,0.00214516500000006,0.0031534362638045957
A,D_A,40.0,8.15717855,0.0015960150000000617,0.0031534362638045957
A,D_A,40.0,8.17807847,-0.004806639999999973,0.0031534362638045957
A,D_A,40.0,8.19905269,-0.0005773729999999366,0.0031534362638045957
A,D_A,40.0,8.21991085,0.0030880990000000663,0.0031534362638045957
A,D_A,40.0,8.24078529,-0.0008573370000000136,0.0031534362638045957
A,D_A,40.0,8.26195652,0.0010118430000000123,0.0031534362638045957
A,D_A,40.0,8.28293039,-0.0003315090000000076,0.0031534362638045957
A,D_A,40.0,8.30373423,0.0007860610000000046,0.0031534362638045957
A,D_A,40.0,8.32452583,0.005688876999999981,0.0031534362638045957
A,D_A,40.0,8.34556221,-0.0035947979999999546,0.0031534362638045957
A,D_A,40.0,8.36671927,-0.000853176000000011,0.0031534362638045957
A,D_A,40.0,8.38757523,0.0004088869999999689,0.0031534362638045957
A,D_A,40.0,8.40855808,-0.0021608149999999826,0.0031534362638045957
A,D_A,40.0,8.42953585,-0.0002823550000000674,0.0031534362638045957
A,D_A,40.0,8.45042977,-0.002128322000000016,0.0031534362638045957
A,D_A,40.0,8.47138662,-0.00028352799999997735,0.0031534362638045957
A,D_A,40.0,8.49217243,0.003314959000000006,0.0031534362638045957
A,D_A,40.0,8.51321806,-0.0016643879999999056,0.0031534362638045957
A,D_A,40.0,8.53421183,-0.005708064000000013,0.0031534362638045957
A,D_A,40.0,8.55508292,0.00043232800000003735,0.0031534362638045957
A,D_A,40.0,8.57598662,-0.001988596000000009,0.0031534362638045957
A,D_A,40.0,8.59679232,0.003696366999999978,0.0031534362638045957
A,D_A,40.0,8.61783107,0.003177606000000055,0.0031534362638045957
A,D_A,40.0,8.63891768,-0.002022320000000022,0.0031534362638045957
A,D_A,40.0,8.65972861,0.0004424140000000021,0.0031534362638045957
A,D_A,40.0,8.68059853,-0.0008615710000000609,0.0031534362638045957
A,D_A,40.0,8.70174168,0.00014691999999993932,0.0031534362638045957
A,D_A,40.0,8.72279566,0.0005785509999999272,0.0031534362638045957
A,D_A,40.0,8.74359241,0.0013814030000000033,0.0031534362638045957
A,D_A,40.0,8.76424415,0.0007379779999999725,0.0031534362638045957
A,D_A,40.0,8.78526729,-0.00026373800000001335,0.0031534362638045957
A,D_A,40.0,8.80637189,-0.00018862199999991613,0.0031534362638045957
A,D_A,40.0,8.82736896,-0.0033780429999999972,0.0031534362638045957
A,D_A,40.0,8.84843212,0.0018388690000000762,0.0031534362638045957
A,D_A,40.0,8.86933197,0.0011569379999999407,0.0031534362638045957
A,D_A,40.0,8.89026857,-0.00027976799999995805,0.0031534362638045957
A,D_A,40.0,8.91123702,0.0008420129999999748,0.0031534362638045957
A,D_A,40.0,8.93214776,0.0012744730000000537,0.0031534362638045957
A,D_A,40.0,8.95312097,0.0013135599999999359,0.0031534362638045957
A,D_A,40.0,8.9741304,-0.00304780299999996,0.0031534362638045957
A,D_A,40.0,8.99505705,-0.0027972849999999827,0.0031534362638045957
A,D_A,40.0,9.01571368,0.0033831279999999575,0.0031534362638045957
A,D_A,40.0,9.03640927,0.003997578000000002,0.0031534362638045957
A,D_A,40.0,9.05755121,0.0004630209999999524,0.0031534362638045957
A,D_A,40.0,9.07868023,-0.0024310240000000594,0.0031534362638045957
A,D_A,40.0,9.09969513,-0.00031632700000006064,0.0031534362638045957
A,D_A,40.0,9.1205658,-0.0025781690000000745,0.0031534362638045957
A,D_A,40.0,9.14137844,-0.000589157999999923,0.0031534362638045957
A,D_A,40.0,9.16237082,0.002239597999999954,0.0031534362638045957
A,D_A,40.0,9.18339441,-0.0026813980000000015,0.0031534362638045957
A,D_A,40.0,9.20447395,0.0022893870000000316,0.0031534362638045957
A,D_A,40.0,9.22549281,0.0046897699999999265,0.0031534362638045957
A,D_A,40.0,9.2463962,0.0005384510000000509,0.0031534362638045957
A,D_A,40.0,9.26722673,-0.0009178859999999789,0.0031534362638045957
A,D_A,40.0,9.28791689,-0.002454249999999991,0.0031534362638045957
A,D_A,40.0,9.30892724,0.0010324840000000002,0.0031534362638045957
A,D_A,40.0,9.33003065,-0.0011146560000000472,0.0031534362638045957
A,D_A,40.0,9.35102864,-0.0007670199999999516,0.0031534362638045957
A,D_A,40.0,9.37196601,0.002027318999999972,0.0031534362638045957
A,D_A,40.0,9.39258783,0.004105004999999995,0.0031534362638045957
A,D_A,40.0,9.41349621,-0.0005183989999999472,0.0031534362638045957
A,D_A,40.0,9.4347927,0.0005300730000000753,0.0031534362638045957
A,D_A,40.0,9.45587737,0.00226923999999995,0.0031534362638045957
A,D_A,40.0,9.47676866,-0.0005338539999999448,0.0031534362638045957
A,D_A,40.0,9.49762777,-0.001478666999999989,0.0031534362638045957
A,D_A,40.0,9.51852362,-0.002599766999999975,0.0031534362638045957
A,D_A,40.0,9.53939795,-0.0018810949999999993,0.0031534362638045957
A,D_A,40.0,9.56035551,-0.002039637000000094,0.0031534362638045957
A,D_A,40.0,9.58149741,-0.0023538010000000442,0.0031534362638045957
A,D_A,40.0,9.60249587,0.0008038299999999499,0.0031534362638045957
A,D_A,40.0,9.62336478,-0.0025987520000000375,0.0031534362638045957
A,D_A,40.0,9.64415055,0.00022792699999996113,0.0031534362638045957
A,D_A,40.0,9.66502224,-0.0038523289999999877,0.0031534362638045957
A,D_A,40.0,9.68597433,-0.0010006900000000263,0.0031534362638045957
A,D_A,40.0,9.7069728,-0.0014240020000000353,0.0031534362638045957
A,D_A,40.0,9.72797765,-0.0033144469999999426,0.0031534362638045957
A,D_A,40.0,9.74896401,0.00037433300000000447,0.0031534362638045957
A,D_A,40.0,9.76996217,-0.0008380080000000012,0.0031534362638045957
A,D_A,40.0,9.79085678,-0.0023529320000000853,0.0031534362638045957
A,D_A,40.0,9.81166698,0.0004905890000000968,0.0031534362638045957
A,D_A,40.0,9.83262494,-0.0022510479999999777,0.0031534362638045957
A,D_A,40.0,9.85372265,-0.001637953999999997,0.0031534362638045957
A,D_A,40.0,9.87472665,-0.0020110269999999986,0.0031534362638045957
A,D_A,40.0,9.89559934,0.0005650550000000365,0.0031534362638045957
A,D_A,40.0,9.91635289,-0.0006301799999999247,0.0031534362638045957
A,D_A,40.0,9.93737645,0.00026319099999994044,0.0031534362638045957
A,D_A,40.0,9.95856995,-0.0014559789999999406,0.0031534362638045957
A,D_A,40.0,9.97940815,0.004147785999999987,0.0031534362638045957
A,D_A,40.0,10.000082,-0.0011530359999999407,0.0031534362638045957
A,D_A,50.0,0.0252815853,0.002210910779,0.0025547786590911924
A,D_A,50.0,0.0486976344,0.00239311962,0.0025547786590911924
A,D_A,50.0,0.0692644017,0.00215687137,0.0025547786590911924
A,D_A,50.0,0.08877835,0.002188968559999999,0.0025547786590911924
A,D_A,50.0,0.111604297,0.002150367739999999,0.0025547786590911924
A,D_A,50.0,0.132731806,0.0025648059999999993,0.0025547786590911924
A,D_A,50.0,0.153672181,0.002473329199999999,0.0025547786590911924
A,D_A,50.0,0.175641863,0.0025513242,0.0025547786590911924
A,D_A,50.0,0.196615509,0.0030893112,0.0025547786590911924
A,D_A,50.0,0.217326708,0.003436136999999999,0.0025547786590911924
A,D_A,50.0,0.237538457,0.003283641900000002,0.0025547786590911924
A,D_A,50.0,0.258148683,0.005530108899999997,0.0025547786590911924
A,D_A,50.0,0.28040349,0.0037785274999999965,0.0025547786590911924
A,D_A,50.0,0.301929084,0.005061798699999995,0.0025547786590911924
A,D_A,50.0,0.322287413,0.0044642362999999935,0.0025547786590911924
A,D_A,50.0,0.342663331,0.0062332338000000015,0.0025547786590911924
A,D_A,50.0,0.363641289,0.005765257499999996,0.0025547786590911924
A,D_A,50.0,0.385602948,0.008165326,0.0025547786590911924
A,D_A,50.0,0.406737165,0.007579827999999997,0.0025547786590911924
A,D_A,50.0,0.427001871,0.007081813999999992,0.0025547786590911924
A,D_A,50.0,0.448754416,0.006431031000000004,0.0025547786590911924
A,D_A,50.0,0.469601745,0.009715533999999998,0.0025547786590911924
A,D_A,50.0,0.489805379,0.01061121000000001,0.0025547786590911924
A,D_A,50.0,0.510302494,0.007980281000000006,0.0025547786590911924
A,D_A,50.0,0.53178319,0.007978294000000025,0.0025547786590911924
A,D_A,50.0,0.553922362,0.010421395,0.0025547786590911924
A,D_A,50.0,0.574670041,0.010382208000000004,0.0025547786590911924
A,D_A,50.0,0.594645701,0.01222606200000001,0.0025547786590911924
A,D_A,50.0,0.615540037,0.010493760000000019,0.0025547786590911924
A,D_A,50.0,0.636554081,0.004446006000000002,0.0025547786590911924
A,D_A,50.0,0.658102417,0.0032513379999999925,0.0025547786590911924
A,D_A,50.0,0.679189641,0.005698709999999996,0.0025547786590911924
A,D_A,50.0,0.700054044,0.011925458,0.0025547786590911924
A,D_A,50.0,0.721329826,0.0069612079999999965,0.0025547786590911924
A,D_A,50.0,0.742033923,0.007546671000000005,0.0025547786590911924
A,D_A,50.0,0.762614581,0.009137581999999977,0.0025547786590911924
A,D_A,50.0,0.783270495,0.007469172999999996,0.0025547786590911924
A,D_A,50.0,0.804783918,0.008747948999999977,0.0025547786590911924
A,D_A,50.0,0.826095906,0.006296751000000045,0.0025547786590911924
A,D_A,50.0,0.846303977,0.0022739960000000004,0.0025547786590911924
A,D_A,50.0,0.867174819,0.002669342000000019,0.0025547786590911924
A,D_A,50.0,0.888413258,0.007226151999999986,0.0025547786590911924
A,D_A,50.0,0.909910564,0.004536610999999968,0.0025547786590911924
A,D_A,50.0,0.931134698,0.002500685999999974,0.0025547786590911924
A,D_A,50.0,0.951563161,-0.0006467049999999697,0.0025547786590911924
A,D_A,50.0,0.972160451,-5.772100000001057e-05,0.0025547786590911924
A,D_A,50.0,0.993008165,-0.0055061210000000305,0.0025547786590911924
A,D_A,50.0,1.0140906,-0.0027858029999999756,0.0025547786590911924
A,D_A,50.0,1.03500338,-0.0037707269999999182,0.0025547786590911924
A,D_A,50.0,1.05657413,0.0030202390000000356,0.0025547786590911924
A,D_A,50.0,1.07789814,7.722899999995647e-05,0.0025547786590911924
A,D_A,50.0,1.09835045,-0.002398356000000046,0.0025547786590911924
A,D_A,50.0,1.11903902,-0.0046710079999999765,0.0025547786590911924
A,D_A,50.0,1.1396405,-0.005401488999999926,0.0025547786590911924
A,D_A,50.0,1.16109193,0.0008058220000000116,0.0025547786590911924
A,D_A,50.0,1.18227503,-0.0015131640000000113,0.0025547786590911924
A,D_A,50.0,1.2030555,0.0008908890000000058,0.0025547786590911924
A,D_A,50.0,1.22375183,0.004149823999999969,0.0025547786590911924
A,D_A,50.0,1.24453484,0.0012505999999999906,0.0025547786590911924
A,D_A,50.0,1.26570671,-0.006234477000000016,0.0025547786590911924
A,D_A,50.0,1.28693994,-0.006813061000000009,0.0025547786590911924
A,D_A,50.0,1.30807124,-0.00016155299999998096,0.0025547786590911924
A,D_A,50.0,1.32889646,-0.006856419999999974,0.0025547786590911924
A,D_A,50.0,1.34945121,-0.008102233000000014,0.0025547786590911924
A,D_A,50.0,1.37055188,0.004919630999999924,0.0025547786590911924
A,D_A,50.0,1.39148285,-0.006973479999999976,0.0025547786590911924
A,D_A,50.0,1.41220445,0.0006461949999999606,0.0025547786590911924
A,D_A,50.0,1.43352474,-0.008621209999999935,0.0025547786590911924
A,D_A,50.0,1.45454751,-0.006183370999999993,0.0025547786590911924
A,D_A,50.0,1.47511055,-0.012181007000000021,0.0025547786590911924
A,D_A,50.0,1.49566583,0.004104032999999951,0.0025547786590911924
A,D_A,50.0,1.51690776,-0.004180911999999926,0.0025547786590911924
A,D_A,50.0,1.53826425,-0.01279818399999999,0.0025547786590911924
A,D_A,50.0,1.55931449,0.003357199999999949,0.0025547786590911924
A,D_A,50.0,1.58012172,-0.0039243190000000094,0.0025547786590911924
A,D_A,50.0,1.60114355,-0.01666867399999994,0.0025547786590911924
A,D_A,50.0,1.62229155,-0.01150036100000007,0.0025547786590911924
A,D_A,50.0,1.64295947,-0.004162302000000007,0.0025547786590911924
A,D_A,50.0,1.66366432,-0.0033896909999999725,0.0025547786590911924
A,D_A,50.0,1.68478217,0.0009752080000000607,0.0025547786590911924
A,D_A,50.0,1.7057485,-0.006462363999999998,0.0025547786590911924
A,D_A,50.0,1.72683745,-0.007143761000000026,0.0025547786590911924
A,D_A,50.0,1.74765849,0.0008390779999999376,0.0025547786590911924
A,D_A,50.0,1.76847487,-0.008641836999999986,0.0025547786590911924
A,D_A,50.0,1.78961871,-0.006151950000000017,0.0025547786590911924
A,D_A,50.0,1.81086098,0.005474863999999968,0.0025547786590911924
A,D_A,50.0,1.83179094,0.007552388999999993,0.0025547786590911924
A,D_A,50.0,1.8521746,-0.008796349000000037,0.0025547786590911924
A,D_A,50.0,1.8733654,-0.0026286699999999996,0.0025547786590911924
A,D_A,50.0,1.89455538,0.00088208100000009,0.0025547786590911924
A,D_A,50.0,1.91534795,0.007195801000000057,0.0025547786590911924
A,D_A,50.0,1.93623233,-0.003441649999999963,0.0025547786590911924
A,D_A,50.0,1.9571481,-0.007384195999999954,0.0025547786590911924
A,D_A,50.0,1.97825109,0.001933855999999956,0.0025547786590911924
A,D_A,50.0,1.99905898,-0.0030657279999999343,0.0025547786590911924
A,D_A,50.0,2.01966715,-0.003191535999999995,0.0025547786590911924
A,D_A,50.0,2.04082415,-0.007812140999999939,0.0025547786590911924
A,D_A,50.0,2.06193171,-0.01572105200000007,0.0025547786590911924
A,D_A,50.0,2.08296048,-0.005187952999999967,0.0025547786590911924
A,D_A,50.0,2.10383017,-0.0021990229999999666,0.0025547786590911924
A,D_A,50.0,2.12494312,-0.0020322870000000215,0.0025547786590911924
A,D_A,50.0,2.14618475,-0.002373443000000086,0.0025547786590911924
A,D_A,50.0,2.16679298,0.0033464979999999755,0.0025547786590911924
A,D_A,50.0,2.18753482,-0.0010868490000000008,0.0025547786590911924
A,D_A,50.0,2.20847027,0.0028661429999999877,0.0025547786590911924
A,D_A,50.0,2.22955181,-0.006604066000000075,0.0025547786590911924
A,D_A,50.0,2.25078374,-0.0013637659999999885,0.0025547786590911924
A,D_A,50.0,2.27150159,0.006028158999999977,0.0025547786590911924
A,D_A,50.0,2.29205574,0.004569842999999962,0.0025547786590911924
A,D_A,50.0,2.31294326,0.0002947549999999799,0.0025547786590911924
A,D_A,50.0,2.3340363,0.0013963320000000001,0.0025547786590911924
A,D_A,50.0,2.35514399,-0.0019295689999999643,0.0025547786590911924
A,D_A,50.0,2.37607726,-0.0063564480000000145,0.0025547786590911924
A,D_A,50.0,2.39730341,0.002217208000000026,0.0025547786590911924
A,D_A,50.0,2.41857203,0.0016566319999999912,0.0025547786590911924
A,D_A,50.0,2.43911056,0.007670220000000061,0.0025547786590911924
A,D_A,50.0,2.45988005,-0.0002774199999999727,0.0025547786590911924
A,D_A,50.0,2.48094151,0.0034061939999999735,0.0025547786590911924
A,D_A,50.0,2.50196601,3.574900000002934e-05,0.0025547786590911924
A,D_A,50.0,2.52300496,0.0016848419999999642,0.0025547786590911924
A,D_A,50.0,2.54340089,-0.006096539999999928,0.0025547786590911924
A,D_A,50.0,2.56415297,0.0003990630000000328,0.0025547786590911924
A,D_A,50.0,2.58575836,-0.0020649489999999826,0.0025547786590911924
A,D_A,50.0,2.60684428,0.005626864999999981,0.0025547786590911924
A,D_A,50.0,2.62775949,0.0028208650000000057,0.0025547786590911924
A,D_A,50.0,2.64834355,-0.0010301249999999929,0.0025547786590911924
A,D_A,50.0,2.66912062,-0.00042225200000001184,0.0025547786590911924
A,D_A,50.0,2.69039946,-0.0010142129999999305,0.0025547786590911924
A,D_A,50.0,2.71121518,-0.0003494039999999421,0.0025547786590911924
A,D_A,50.0,2.7321837,0.003627911000000039,0.0025547786590911924
A,D_A,50.0,2.75306239,-0.0017511859999999047,0.0025547786590911924
A,D_A,50.0,2.77427049,0.00011651300000004028,0.0025547786590911924
A,D_A,50.0,2.79557932,0.0024593859999999523,0.0025547786590911924
A,D_A,50.0,2.8160646,-0.0008909929999999511,0.0025547786590911924
A,D_A,50.0,2.83689478,-0.004867465999999987,0.0025547786590911924
A,D_A,50.0,2.85801727,0.00033560799999998725,0.0025547786590911924
A,D_A,50.0,2.87906973,0.005986429999999987,0.0025547786590911924
A,D_A,50.0,2.89996898,0.002758909999999948,0.0025547786590911924
A,D_A,50.0,2.92062944,-0.002793739999999989,0.0025547786590911924
A,D_A,50.0,2.941605,-0.005389340999999992,0.0025547786590911924
A,D_A,50.0,2.96267076,-0.010879167999999995,0.0025547786590911924
A,D_A,50.0,2.98347442,-0.00497964900000003,0.0025547786590911924
A,D_A,50.0,3.00437656,0.000996172999999989,0.0025547786590911924
A,D_A,50.0,3.02542142,0.0026344729999999705,0.0025547786590911924
A,D_A,50.0,3.04658726,-0.0013916179999999834,0.0025547786590911924
A,D_A,50.0,3.06768101,0.00422764100000006,0.0025547786590911924
A,D_A,50.0,3.088328,-0.0009865749999999895,0.0025547786590911924
A,D_A,50.0,3.10931167,0.00266557700000003,0.0025547786590911924
A,D_A,50.0,3.1305457,-0.0022185380000000476,0.0025547786590911924
A,D_A,50.0,3.15150209,0.0007068069999999205,0.0025547786590911924
A,D_A,50.0,3.17219014,0.002940552000000096,0.0025547786590911924
A,D_A,50.0,3.19299024,-0.0031602499999999756,0.0025547786590911924
A,D_A,50.0,3.21390436,-0.0008407249999999866,0.0025547786590911924
A,D_A,50.0,3.23506564,0.0020286919999999986,0.0025547786590911924
A,D_A,50.0,3.25605387,0.0023670080000000038,0.0025547786590911924
A,D_A,50.0,3.27685776,0.004567687999999959,0.0025547786590911924
A,D_A,50.0,3.29794723,0.002591447999999996,0.0025547786590911924
A,D_A,50.0,3.31884778,0.0057333280000000375,0.0025547786590911924
A,D_A,50.0,3.33944269,-0.000987942000000075,0.0025547786590911924
A,D_A,50.0,3.36030612,-0.003145033999999991,0.0025547786590911924
A,D_A,50.0,3.38171654,-0.004731274000000063,0.0025547786590911924
A,D_A,50.0,3.40297495,-0.0041843910000000095,0.0025547786590911924
A,D_A,50.0,3.42370792,-0.00022231499999991744,0.0025547786590911924
A,D_A,50.0,3.44440875,-0.005878322999999908,0.0025547786590911924
A,D_A,50.0,3.465315,0.0004261570000000381,0.0025547786590911924
A,D_A,50.0,3.4865867,-0.0040846009999999655,0.0025547786590911924
A,D_A,50.0,3.50751221,0.0004884929999999787,0.0025547786590911924
A,D_A,50.0,3.52796741,0.0003162660000000095,0.0025547786590911924
A,D_A,50.0,3.5488788,-0.0021144109999999827,0.0025547786590911924
A,D_A,50.0,3.57014151,0.0017767250000000345,0.0025547786590911924
A,D_A,50.0,3.59120365,-0.001567973999999972,0.0025547786590911924
A,D_A,50.0,3.61190928,-0.00017580999999999847,0.0025547786590911924
A,D_A,50.0,3.63300558,-0.0013319819999999538,0.0025547786590911924
A,D_A,50.0,3.6541422,-0.0025577890000000325,0.0025547786590911924
A,D_A,50.0,3.67500902,-0.006161605999999931,0.0025547786590911924
A,D_A,50.0,3.69581564,-0.0014736530000000192,0.0025547786590911924
A,D_A,50.0,3.71644729,-0.004589969999999943,0.0025547786590911924
A,D_A,50.0,3.73749774,0.0023405290000000356,0.0025547786590911924
A,D_A,50.0,3.75868086,-0.00792300300000004,0.0025547786590911924
A,D_A,50.0,3.77950549,0.0009124929999999587,0.0025547786590911924
A,D_A,50.0,3.80027286,0.005598920999999923,0.0025547786590911924
A,D_A,50.0,3.82143123,-0.002879677000000025,0.0025547786590911924
A,D_A,50.0,3.84280481,0.004705725999999966,0.0025547786590911924
A,D_A,50.0,3.86349282,0.0009896400000000138,0.0025547786590911924
A,D_A,50.0,3.88417456,0.0007829820000000431,0.0025547786590911924
A,D_A,50.0,3.90535419,-0.001475420000000005,0.0025547786590911924
A,D_A,50.0,3.9264697,-0.0014805740000000123,0.0025547786590911924
A,D_A,50.0,3.94738681,0.004051388000000045,0.0025547786590911924
A,D_A,50.0,3.96810309,0.004312739000000065,0.0025547786590911924
A,D_A,50.0,3.98888694,-0.006094963000000009,0.0025547786590911924
A,D_A,50.0,4.00993371,-0.0013080909999999557,0.0025547786590911924
A,D_A,50.0,4.03080983,-0.003773837000000002,0.0025547786590911924
A,D_A,50.0,4.05178039,-0.0006973340000000494,0.0025547786590911924
A,D_A,50.0,4.07276799,-0.0019899079999999847,0.0025547786590911924
A,D_A,50.0,4.09368684,-0.0014463329999999663,0.0025547786590911924
A,D_A,50.0,4.11485609,0.002609834000000033,0.0025547786590911924
A,D_A,50.0,4.13583188,0.005995159000000028,0.0025547786590911924
A,D_A,50.0,4.15670688,-0.001285233999999913,0.0025547786590911924
A,D_A,50.0,4.17758774,0.0013342360000000442,0.0025547786590911924
A,D_A,50.0,4.19867141,0.0003994740000000663,0.0025547786590911924
A,D_A,50.0,4.21961517,-0.004249847999999945,0.0025547786590911924
A,D_A,50.0,4.24013393,-0.002498200000000006,0.0025547786590911924
A,D_A,50.0,4.26119077,-0.005618289000000054,0.0025547786590911924
A,D_A,50.0,4.28239268,-0.003942854999999912,0.0025547786590911924
A,D_A,50.0,4.30342826,0.0010271689999999944,0.0025547786590911924
A,D_A,50.0,4.32431592,0.002261403999999967,0.0025547786590911924
A,D_A,50.0,4.34508479,0.00012403700000007678,0.0025547786590911924
A,D_A,50.0,4.36604259,-0.0072883969999999465,0.0025547786590911924
A,D_A,50.0,4.38708086,0.004376693999999848,0.0025547786590911924
A,D_A,50.0,4.40778797,-0.0013743170000000138,0.0025547786590911924
A,D_A,50.0,4.4288526,-0.0019768909999999806,0.0025547786590911924
A,D_A,50.0,4.44994967,0.0026775000000001103,0.0025547786590911924
A,D_A,50.0,4.47085438,-0.0024596239999999936,0.0025547786590911924
A,D_A,50.0,4.49188801,-0.002011329000000006,0.0025547786590911924
A,D_A,50.0,4.51250216,0.004874330000000038,0.0025547786590911924
A,D_A,50.0,4.5334461,0.0009300199999999759,0.0025547786590911924
A,D_A,50.0,4.55463591,-0.0005238000000000742,0.0025547786590911924
A,D_A,50.0,4.57547609,-0.002737280000000064,0.0025547786590911924
A,D_A,50.0,4.59643311,-0.00019714000000004006,0.0025547786590911924
A,D_A,50.0,4.61732903,-0.0013988199999999118,0.0025547786590911924
A,D_A,50.0,4.63833098,0.0005434799999999296,0.0025547786590911924
A,D_A,50.0,4.65949324,6.576999999996502e-05,0.0025547786590911924
A,D_A,50.0,4.68039693,-0.005577790000000027,0.0025547786590911924
A,D_A,50.0,4.70136745,-0.003850080000000089,0.0025547786590911924
A,D_A,50.0,4.72221533,-0.0042014299999999505,0.0025547786590911924
A,D_A,50.0,4.74309374,0.0008585399999998522,0.0025547786590911924
A,D_A,50.0,4.76390784,0.0011416200000000654,0.0025547786590911924
A,D_A,50.0,4.78491795,-0.002285689999999896,0.0025547786590911924
A,D_A,50.0,4.80636204,0.004142040000000069,0.0025547786590911924
A,D_A,50.0,4.82728449,-0.0003176999999998653,0.0025547786590911924
A,D_A,50.0,4.84785524,-0.006309010000000059,0.0025547786590911924
A,D_A,50.0,4.86859731,-0.004601639999999962,0.0025547786590911924
A,D_A,50.0,4.88954319,0.002759430000000007,0.0025547786590911924
A,D_A,50.0,4.91078695,-0.0037725799999999143,0.0025547786590911924
A,D_A,50.0,4.93172016,0.001554739999999999,0.0025547786590911924
A,D_A,50.0,4.95244063,0.004399760000000086,0.0025547786590911924
A,D_A,50.0,4.97348932,-0.0006898099999999019,0.0025547786590911924
A,D_A,50.0,4.994309,0.0029199099999999145,0.0025547786590911924
A,D_A,50.0,5.01515697,-0.00016427000000018843,0.0025547786590911924
A,D_A,50.0,5.03598003,-0.0037618600000000058,0.0025547786590911924
A,D_A,50.0,5.05703237,-0.0019823500000000216,0.0025547786590911924
A,D_A,50.0,5.07840332,-0.00047682999999998366,0.0025547786590911924
A,D_A,50.0,5.09943841,0.0027437300000001663,0.0025547786590911924
A,D_A,50.0,5.12032938,0.0020306400000000835,0.0025547786590911924
A,D_A,50.0,5.14107614,0.0026331200000000443,0.0025547786590911924
A,D_A,50.0,5.16214077,-0.0021906499999999607,0.0025547786590911924
A,D_A,50.0,5.18341099,0.0023966200000000715,0.0025547786590911924
A,D_A,50.0,5.2041075,0.0024443299999998835,0.0025547786590911924
A,D_A,50.0,5.22477891,0.003115980000000018,0.0025547786590911924
A,D_A,50.0,5.24557967,0.0006401699999998289,0.0025547786590911924
A,D_A,50.0,5.26649236,0.0010468800000000833,0.0025547786590911924
A,D_A,50.0,5.28753131,0.0009671100000001598,0.0025547786590911924
A,D_A,50.0,5.30847064,0.00027825999999997464,0.0025547786590911924
A,D_A,50.0,5.32946745,0.0012184699999999715,0.0025547786590911924
A,D_A,50.0,5.3506922,-0.001129770000000141,0.0025547786590911924
A,D_A,50.0,5.37158853,0.0035577200000000975,0.0025547786590911924
A,D_A,50.0,5.39231925,0.001776180000000016,0.0025547786590911924
A,D_A,50.0,5.41333352,-0.0038181400000001364,0.0025547786590911924
A,D_A,50.0,5.43434316,-0.0026304199999998,0.0025547786590911924
A,D_A,50.0,5.45530659,-0.001066030000000051,0.0025547786590911924
A,D_A,50.0,5.47618498,-0.003910120000000017,0.0025547786590911924
A,D_A,50.0,5.49715755,-0.0009360400000000269,0.0025547786590911924
A,D_A,50.0,5.51801586,0.0007273199999999758,0.0025547786590911924
A,D_A,50.0,5.53881995,0.003570330000000066,0.0025547786590911924
A,D_A,50.0,5.55992514,0.0005507999999998514,0.0025547786590911924
A,D_A,50.0,5.58098545,-0.00143803000000009,0.0025547786590911924
A,D_A,50.0,5.60183772,0.0011646699999998678,0.0025547786590911924
A,D_A,50.0,5.62277584,0.003965120000000155,0.0025547786590911924
A,D_A,50.0,5.64379172,-0.0014845799999998466,0.0025547786590911924
A,D_A,50.0,5.66460817,0.002037349999999938,0.0025547786590911924
A,D_A,50.0,5.68556022,0.0003850000000000797,0.0025547786590911924
A,D_A,50.0,5.7067909,0.0008714299999998953,0.0025547786590911924
A,D_A,50.0,5.72769317,-0.0006969500000000295,0.0025547786590911924
A,D_A,50.0,5.74840017,-0.00233623000000005,0.0025547786590911924
A,D_A,50.0,5.76938192,0.003537239999999997,0.0025547786590911924
A,D_A,50.0,5.79039764,-0.001396430000000004,0.0025547786590911924
A,D_A,50.0,5.81144039,0.003018960000000126,0.0025547786590911924
A,D_A,50.0,5.83232115,-0.0038872500000000088,0.0025547786590911924
A,D_A,50.0,5.85320209,-0.0010018000000000526,0.0025547786590911924
A,D_A,50.0,5.87418919,0.004700939999999987,0.0025547786590911924
A,D_A,50.0,5.89509625,-0.000954109999999897,0.0025547786590911924
A,D_A,50.0,5.9159726,-0.00015615999999996077,0.0025547786590911924
A,D_A,50.0,5.93682663,0.006256919999999999,0.0025547786590911924
A,D_A,50.0,5.95791772,0.0046699800000000735,0.0025547786590911924
A,D_A,50.0,5.97900675,0.0006342100000000794,0.0025547786590911924
A,D_A,50.0,5.99978945,4.188999999987786e-05,0.0025547786590911924
A,D_A,50.0,6.02063577,0.00283411999999994,0.0025547786590911924
A,D_A,50.0,6.04156421,-0.0027893000000001056,0.0025547786590911924
A,D_A,50.0,6.06259364,0.004304539999999912,0.0025547786590911924
A,D_A,50.0,6.08377541,-0.0014167800000000064,0.0025547786590911924
A,D_A,50.0,6.10447051,0.003946849999999946,0.0025547786590911924
A,D_A,50.0,6.12538157,-0.0020891700000000846,0.0025547786590911924
A,D_A,50.0,6.14660689,-0.0015295500000001017,0.0025547786590911924
A,D_A,50.0,6.16752321,-0.0005215899999999607,0.0025547786590911924
A,D_A,50.0,6.18833806,0.00010306000000004367,0.0025547786590911924
A,D_A,50.0,6.20938667,0.00218228999999992,0.0025547786590911924
A,D_A,50.0,6.23052184,-0.0026479499999998435,0.0025547786590911924
A,D_A,50.0,6.25137137,0.00010065000000003543,0.0025547786590911924
A,D_A,50.0,6.27204484,0.004144900000000007,0.0025547786590911924
A,D_A,50.0,6.29290789,-6.000000000017103e-05,0.0025547786590911924
A,D_A,50.0,6.31382104,-0.0016718199999998795,0.0025547786590911924
A,D_A,50.0,6.33495691,0.0023705999999998895,0.0025547786590911924
A,D_A,50.0,6.35600914,-0.0009235300000001168,0.0025547786590911924
A,D_A,50.0,6.37663869,0.0017430899999999472,0.0025547786590911924
A,D_A,50.0,6.39770954,0.0010434900000000358,0.0025547786590911924
A,D_A,50.0,6.41872759,0.00295181000000011,0.0025547786590911924
A,D_A,50.0,6.43951457,0.0006694099999999814,0.0025547786590911924
A,D_A,50.0,6.46033562,0.003013659999999918,0.0025547786590911924
A,D_A,50.0,6.4814564,-0.00387230999999999,0.0025547786590911924
A,D_A,50.0,6.50265681,0.0005469000000000168,0.0025547786590911924
A,D_A,50.0,6.52350383,0.00032465999999997663,0.0025547786590911924
A,D_A,50.0,6.54427866,-0.0019647899999999385,0.0025547786590911924
A,D_A,50.0,6.56515568,-0.00449055999999981,0.0025547786590911924
A,D_A,50.0,6.58628576,-0.0030229900000000587,0.0025547786590911924
A,D_A,50.0,6.60749316,-0.0020297199999999016,0.0025547786590911924
A,D_A,50.0,6.62830625,0.003394030000000159,0.0025547786590911924
A,D_A,50.0,6.64913567,0.0014359499999998526,0.0025547786590911924
A,D_A,50.0,6.67020149,-0.005223530000000087,0.0025547786590911924
A,D_A,50.0,6.69106898,0.00543632000000005,0.0025547786590911924
A,D_A,50.0,6.71185955,0.0029417300000000868,0.0025547786590911924
A,D_A,50.0,6.73264651,0.002120769999999883,0.0025547786590911924
A,D_A,50.0,6.7537045,0.000565389999999999,0.0025547786590911924
A,D_A,50.0,6.77487174,-0.0010779599999999334,0.0025547786590911924
A,D_A,50.0,6.79557562,0.0028451199999999233,0.0025547786590911924
A,D_A,50.0,6.81648781,0.0028138900000000966,0.0025547786590911924
A,D_A,50.0,6.83753747,0.0005169400000000213,0.0025547786590911924
A,D_A,50.0,6.85867557,0.00026301000000006347,0.0025547786590911924
A,D_A,50.0,6.87985316,-0.0013001200000000157,0.0025547786590911924
A,D_A,50.0,6.90065786,0.0022053799999999235,0.0025547786590911924
A,D_A,50.0,6.92153112,0.002312139999999907,0.0025547786590911924
A,D_A,50.0,6.94229803,-0.0025644600000001017,0.0025547786590911924
A,D_A,50.0,6.9630016,0.0034690400000001453,0.0025547786590911924
A,D_A,50.0,6.98416877,-0.00026558000000020954,0.0025547786590911924
A,D_A,50.0,7.0052781,0.001287290000000052,0.0025547786590911924
A,D_A,50.0,7.02617612,-0.0014492900000000475,0.0025547786590911924
A,D_A,50.0,7.04699526,-0.0015713100000001035,0.0025547786590911924
A,D_A,50.0,7.06761685,-0.00346081999999992,0.0025547786590911924
A,D_A,50.0,7.08873369,0.0007732899999999265,0.0025547786590911924
A,D_A,50.0,7.10994937,-0.0026429699999999112,0.0025547786590911924
A,D_A,50.0,7.13102893,-0.0012567969999999207,0.0025547786590911924
A,D_A,50.0,7.15201412,-0.0010430700000001458,0.0025547786590911924
A,D_A,50.0,7.17271336,-0.0013855280000000247,0.0025547786590911924
A,D_A,50.0,7.19374266,0.001989559999999946,0.0025547786590911924
A,D_A,50.0,7.21473042,0.0014256299999999555,0.0025547786590911924
A,D_A,50.0,7.23564263,0.004574658999999981,0.0025547786590911924
A,D_A,50.0,7.25666289,-0.0031125730000000074,0.0025547786590911924
A,D_A,50.0,7.27757645,-0.006383833999999866,0.0025547786590911924
A,D_A,50.0,7.2984411,0.004698164000000005,0.0025547786590911924
A,D_A,50.0,7.31917384,-0.0023470950000000768,0.0025547786590911924
A,D_A,50.0,7.34001688,-3.4369999999950274e-05,0.0025547786590911924
A,D_A,50.0,7.3611683,-0.0022329280000000784,0.0025547786590911924
A,D_A,50.0,7.38224284,0.003854352000000061,0.0025547786590911924
A,D_A,50.0,7.40324015,-0.00033577699999998156,0.0025547786590911924
A,D_A,50.0,7.42408854,-0.0004231510000000105,0.0025547786590911924
A,D_A,50.0,7.44500634,0.0016726389999999203,0.0025547786590911924
A,D_A,50.0,7.46595959,-0.002522467000000028,0.0025547786590911924
A,D_A,50.0,7.48696308,0.0025457790000000813,0.0025547786590911924
A,D_A,50.0,7.5079936,0.0007530649999999417,0.0025547786590911924
A,D_A,50.0,7.52871967,-0.0020635780000000103,0.0025547786590911924
A,D_A,50.0,7.54966921,-0.001037541999999947,0.0025547786590911924
A,D_A,50.0,7.57064902,0.00035133799999997883,0.0025547786590911924
A,D_A,50.0,7.59151428,-0.005617359000000044,0.0025547786590911924
A,D_A,50.0,7.6123809,-0.0020073630000000398,0.0025547786590911924
A,D_A,50.0,7.63338324,-0.00033799899999997773,0.0025547786590911924
A,D_A,50.0,7.65450532,0.004054267,0.0025547786590911924
A,D_A,50.0,7.67556944,-0.000618938999999985,0.0025547786590911924
A,D_A,50.0,7.69637751,-0.000258657000000051,0.0025547786590911924
A,D_A,50.0,7.71727216,-0.0019011420000000223,0.0025547786590911924
A,D_A,50.0,7.73835725,0.0007766399999999951,0.0025547786590911924
A,D_A,50.0,7.75934923,0.004458688000000044,0.0025547786590911924
A,D_A,50.0,7.78023116,0.003513279999999952,0.0025547786590911924
A,D_A,50.0,7.80098697,-0.0019190270000000176,0.0025547786590911924
A,D_A,50.0,7.82190677,-0.005371003000000041,0.0025547786590911924
A,D_A,50.0,7.84304931,0.002249572999999949,0.0025547786590911924
A,D_A,50.0,7.86405132,0.002931981000000028,0.0025547786590911924
A,D_A,50.0,7.88484553,-0.0009656060000000632,0.0025547786590911924
A,D_A,50.0,7.90574885,-0.0033178280000000226,0.0025547786590911924
A,D_A,50.0,7.9267531,0.002957113999999983,0.0025547786590911924
A,D_A,50.0,7.94765228,-0.0018470919999999946,0.0025547786590911924
A,D_A,50.0,7.96842304,0.001235278999999978,0.0025547786590911924
A,D_A,50.0,7.98938616,-0.001662953000000078,0.0025547786590911924
A,D_A,50.0,8.01050815,0.0033375029999999084,0.0025547786590911924
A,D_A,50.0,8.03153334,-0.0007107429999999582,0.0025547786590911924
A,D_A,50.0,8.05240251,-0.0022706940000000175,0.0025547786590911924
A,D_A,50.0,8.07332696,-0.0025064340000000573,0.0025547786590911924
A,D_A,50.0,8.09438514,0.002166895000000002,0.0025547786590911924
A,D_A,50.0,8.11529588,-0.001845026999999999,0.0025547786590911924
A,D_A,50.0,8.13618411,-0.00012741099999991068,0.0025547786590911924
A,D_A,50.0,8.15717855,-0.0002104259999999858,0.0025547786590911924
A,D_A,50.0,8.17807847,-0.004220057000000055,0.0025547786590911924
A,D_A,50.0,8.19905269,-0.0010929239999999396,0.0025547786590911924
A,D_A,50.0,8.21991085,0.004980092000000047,0.0025547786590911924
A,D_A,50.0,8.24078529,-0.003437399000000063,0.0025547786590911924
A,D_A,50.0,8.26195652,0.0002209739999999849,0.0025547786590911924
A,D_A,50.0,8.28293039,0.0012437289999999157,0.0025547786590911924
A,D_A,50.0,8.30373423,-0.0008279429999999977,0.0025547786590911924
A,D_A,50.0,8.32452583,0.005468667000000038,0.0025547786590911924
A,D_A,50.0,8.34556221,-0.00042305600000003274,0.0025547786590911924
A,D_A,50.0,8.36671927,0.00020130399999995774,0.0025547786590911924
A,D_A,50.0,8.38757523,0.000482616999999963,0.0025547786590911924
A,D_A,50.0,8.40855808,-0.002646930999999908,0.0025547786590911924
A,D_A,50.0,8.42953585,0.0017318319999999332,0.0025547786590911924
A,D_A,50.0,8.45042977,0.0013084139999999245,0.0025547786590911924
A,D_A,50.0,8.47138662,-0.0002854880000000559,0.0025547786590911924
A,D_A,50.0,8.49217243,0.0032990330000000068,0.0025547786590911924
A,D_A,50.0,8.51321806,0.0006960750000000182,0.0025547786590911924
A,D_A,50.0,8.53421183,-0.004904879000000029,0.0025547786590911924
A,D_A,50.0,8.55508292,0.00041539300000004165,0.0025547786590911924
A,D_A,50.0,8.57598662,-0.0016104580000000368,0.0025547786590911924
A,D_A,50.0,8.59679232,0.0017328540000000059,0.0025547786590911924
A,D_A,50.0,8.61783107,0.0020215719999999715,0.0025547786590911924
A,D_A,50.0,8.63891768,-0.0033354720000000615,0.0025547786590911924
A,D_A,50.0,8.65972861,-0.003766409999999998,0.0025547786590911924
A,D_A,50.0,8.68059853,-0.0018342049999999777,0.0025547786590911924
A,D_A,50.0,8.70174168,0.002766670999999943,0.0025547786590911924
A,D_A,50.0,8.72279566,-0.0005880430000000381,0.0025547786590911924
A,D_A,50.0,8.74359241,0.0020814340000000486,0.0025547786590911924
A,D_A,50.0,8.76424415,0.0024350739999999815,0.0025547786590911924
A,D_A,50.0,8.78526729,-0.004325456000000005,0.0025547786590911924
A,D_A,50.0,8.80637189,-0.0002582919999999378,0.0025547786590911924
A,D_A,50.0,8.82736896,-0.00370498599999991,0.0025547786590911924
A,D_A,50.0,8.84843212,-0.0012614229999999838,0.0025547786590911924
A,D_A,50.0,8.86933197,-0.0004604220000000714,0.0025547786590911924
A,D_A,50.0,8.89026857,-0.0011853739999999613,0.0025547786590911924
A,D_A,50.0,8.91123702,0.0028108460000000335,0.0025547786590911924
A,D_A,50.0,8.93214776,-0.003173091999999933,0.0025547786590911924
A,D_A,50.0,8.95312097,0.002969827000000036,0.0025547786590911924
A,D_A,50.0,8.9741304,-0.0030138610000000066,0.0025547786590911924
A,D_A,50.0,8.99505705,2.2553999999952445e-05,0.0025547786590911924
A,D_A,50.0,9.01571368,0.002536733999999985,0.0025547786590911924
A,D_A,50.0,9.03640927,0.002228698000000029,0.0025547786590911924
A,D_A,50.0,9.05755121,-1.1126000000083458e-05,0.0025547786590911924
A,D_A,50.0,9.07868023,-0.002217692999999965,0.0025547786590911924
A,D_A,50.0,9.09969513,-0.0022394279999999878,0.0025547786590911924
A,D_A,50.0,9.1205658,-0.00434522100000001,0.0025547786590911924
A,D_A,50.0,9.14137844,-0.0022366339999999596,0.0025547786590911924
A,D_A,50.0,9.16237082,-0.0006461309999999942,0.0025547786590911924
A,D_A,50.0,9.18339441,-0.004693878999999956,0.0025547786590911924
A,D_A,50.0,9.20447395,0.004635908000000022,0.0025547786590911924
A,D_A,50.0,9.22549281,0.003309467999999982,0.0025547786590911924
A,D_A,50.0,9.2463962,-0.0002030039999999511,0.0025547786590911924
A,D_A,50.0,9.26722673,0.002713432999999932,0.0025547786590911924
A,D_A,50.0,9.28791689,-0.000951050999999925,0.0025547786590911924
A,D_A,50.0,9.30892724,0.000815779000000072,0.0025547786590911924
A,D_A,50.0,9.33003065,-0.0008860130000000188,0.0025547786590911924
A,D_A,50.0,9.35102864,-0.0003642670000000292,0.0025547786590911924
A,D_A,50.0,9.37196601,-0.002435434999999986,0.0025547786590911924
A,D_A,50.0,9.39258783,0.002043424000000016,0.0025547786590911924
A,D_A,50.0,9.41349621,0.000987659000000085,0.0025547786590911924
A,D_A,50.0,9.4347927,7.463900000004298e-05,0.0025547786590911924
A,D_A,50.0,9.45587737,0.0008336380000000254,0.0025547786590911924
A,D_A,50.0,9.47676866,-0.0007480229999999866,0.0025547786590911924
A,D_A,50.0,9.49762777,-0.0015363889999999714,0.0025547786590911924
A,D_A,50.0,9.51852362,-0.002103933999999974,0.0025547786590911924
A,D_A,50.0,9.53939795,-0.0019234929999999428,0.0025547786590911924
A,D_A,50.0,9.56035551,0.0023260099999999895,0.0025547786590911924
A,D_A,50.0,9.58149741,7.330500000002349e-05,0.0025547786590911924
A,D_A,50.0,9.60249587,0.00022384799999997096,0.0025547786590911924
A,D_A,50.0,9.62336478,-0.0022180820000000656,0.0025547786590911924
A,D_A,50.0,9.64415055,0.0024495999999999407,0.0025547786590911924
A,D_A,50.0,9.66502224,-0.00024653799999996284,0.0025547786590911924
A,D_A,50.0,9.68597433,-0.001962407000000055,0.0025547786590911924
A,D_A,50.0,9.7069728,-0.0009419280000000363,0.0025547786590911924
A,D_A,50.0,9.72797765,-0.0012452279999999316,0.0025547786590911924
A,D_A,50.0,9.74896401,-0.0026750779999999974,0.0025547786590911924
A,D_A,50.0,9.76996217,0.001162750999999962,0.0025547786590911924
A,D_A,50.0,9.79085678,-0.00036074000000008155,0.0025547786590911924
A,D_A,50.0,9.81166698,-0.00030045499999997727,0.0025547786590911924
A,D_A,50.0,9.83262494,-0.00203875099999995,0.0025547786590911924
A,D_A,50.0,9.85372265,-0.0024297030000000053,0.0025547786590911924
A,D_A,50.0,9.87472665,-0.003991453999999894,0.0025547786590911924
A,D_A,50.0,9.89559934,0.0010624049999999885,0.0025547786590911924
A,D_A,50.0,9.91635289,0.002244350000000006,0.0025547786590911924
A,D_A,50.0,9.93737645,-0.001459449000000057,0.0025547786590911924
A,D_A,50.0,9.95856995,-0.0034824499999999148,0.0025547786590911924
A,D_A,50.0,9.97940815,0.0009149480000000265,0.0025547786590911924
A,D_A,50.0,10.000082,-0.0016272880000000045,0.0025547786590911924
A,D_A,75.0,0.0252815853,0.001425684419,0.001732514535687956
A,D_A,75.0,0.0486976344,0.0014678763200000001,0.001732514535687956
A,D_A,75.0,0.0692644017,0.0016550927000000006,0.001732514535687956
A,D_A,75.0,0.08877835,0.0016290518599999994,0.001732514535687956
A,D_A,75.0,0.111604297,0.0014938666399999991,0.001732514535687956
A,D_A,75.0,0.132731806,0.0017362179999999994,0.001732514535687956
A,D_A,75.0,0.153672181,0.0016735054000000006,0.001732514535687956
A,D_A,75.0,0.175641863,0.0017235177999999976,0.001732514535687956
A,D_A,75.0,0.196615509,0.002355080400000001,0.001732514535687956
A,D_A,75.0,0.217326708,0.002962581299999996,0.001732514535687956
A,D_A,75.0,0.237538457,0.0034680082000000043,0.001732514535687956
A,D_A,75.0,0.258148683,0.005042214400000002,0.001732514535687956
A,D_A,75.0,0.28040349,0.0037990566999999975,0.001732514535687956
A,D_A,75.0,0.301929084,0.006727174899999994,0.001732514535687956
A,D_A,75.0,0.322287413,0.006301115400000001,0.001732514535687956
A,D_A,75.0,0.342663331,0.004912786100000011,0.001732514535687956
A,D_A,75.0,0.363641289,0.006417670799999997,0.001732514535687956
A,D_A,75.0,0.385602948,0.007765673000000001,0.001732514535687956
A,D_A,75.0,0.406737165,0.007731020000000005,0.001732514535687956
A,D_A,75.0,0.427001871,0.008253785999999985,0.001732514535687956
A,D_A,75.0,0.448754416,0.0073514539999999795,0.001732514535687956
A,D_A,75.0,0.469601745,0.010885444999999994,0.001732514535687956
A,D_A,75.0,0.489805379,0.010611267000000008,0.001732514535687956
A,D_A,75.0,0.510302494,0.011033784000000019,0.001732514535687956
A,D_A,75.0,0.53178319,0.010845987000000001,0.001732514535687956
A,D_A,75.0,0.553922362,0.007890051000000009,0.001732514535687956
A,D_A,75.0,0.574670041,0.008795312999999999,0.001732514535687956
A,D_A,75.0,0.594645701,0.00849256000000001,0.001732514535687956
A,D_A,75.0,0.615540037,0.009941566000000013,0.001732514535687956
A,D_A,75.0,0.636554081,0.011026660000000021,0.001732514535687956
A,D_A,75.0,0.658102417,0.005746755999999964,0.001732514535687956
A,D_A,75.0,0.679189641,0.004302748999999995,0.001732514535687956
A,D_A,75.0,0.700054044,0.012054181999999969,0.001732514535687956
A,D_A,75.0,0.721329826,0.0062158039999999914,0.001732514535687956
A,D_A,75.0,0.742033923,0.009170962000000005,0.001732514535687956
A,D_A,75.0,0.762614581,0.011400463999999999,0.001732514535687956
A,D_A,75.0,0.783270495,0.008110518000000011,0.001732514535687956
A,D_A,75.0,0.804783918,0.0020330019999999505,0.001732514535687956
A,D_A,75.0,0.826095906,0.006991773000000034,0.001732514535687956
A,D_A,75.0,0.846303977,0.006052904000000026,0.001732514535687956
A,D_A,75.0,0.867174819,0.004771935999999977,0.001732514535687956
A,D_A,75.0,0.888413258,0.005058134999999964,0.001732514535687956
A,D_A,75.0,0.909910564,0.006966790999999972,0.001732514535687956
A,D_A,75.0,0.931134698,0.006280642000000003,0.001732514535687956
A,D_A,75.0,0.951563161,0.002117939999999985,0.001732514535687956
A,D_A,75.0,0.972160451,0.005957867000000006,0.001732514535687956
A,D_A,75.0,0.993008165,0.001308263999999948,0.001732514535687956
A,D_A,75.0,1.0140906,-0.0007399460000000468,0.001732514535687956
A,D_A,75.0,1.03500338,-0.003366564999999988,0.001732514535687956
A,D_A,75.0,1.05657413,8.172399999994973e-05,0.001732514535687956
A,D_A,75.0,1.07789814,0.0010984659999999646,0.001732514535687956
A,D_A,75.0,1.09835045,0.0028493950000000323,0.001732514535687956
A,D_A,75.0,1.11903902,-0.002131492000000068,0.001732514535687956
A,D_A,75.0,1.1396405,0.001086472000000005,0.001732514535687956
A,D_A,75.0,1.16109193,0.005598005999999933,0.001732514535687956
A,D_A,75.0,1.18227503,-0.011669460999999992,0.001732514535687956
A,D_A,75.0,1.2030555,0.001115265000000032,0.001732514535687956
A,D_A,75.0,1.22375183,0.004091230000000001,0.001732514535687956
A,D_A,75.0,1.24453484,-0.005076060000000049,0.001732514535687956
A,D_A,75.0,1.26570671,-0.0029952469999999787,0.001732514535687956
A,D_A,75.0,1.28693994,-0.006540294999999974,0.001732514535687956
A,D_A,75.0,1.30807124,0.003762022000000087,0.001732514535687956
A,D_A,75.0,1.32889646,-0.003959895000000047,0.001732514535687956
A,D_A,75.0,1.34945121,-0.012375115999999964,0.001732514535687956
A,D_A,75.0,1.37055188,0.006618617999999965,0.001732514535687956
A,D_A,75.0,1.39148285,-0.0011208039999999198,0.001732514535687956
A,D_A,75.0,1.41220445,0.0011188669999999679,0.001732514535687956
A,D_A,75.0,1.43352474,-0.013141053999999985,0.001732514535687956
A,D_A,75.0,1.45454751,-0.0008797949999999055,0.001732514535687956
A,D_A,75.0,1.47511055,-0.010795473000000055,0.001732514535687956
A,D_A,75.0,1.49566583,0.007747019999999938,0.001732514535687956
A,D_A,75.0,1.51690776,-0.00356703199999997,0.001732514535687956
A,D_A,75.0,1.53826425,-0.006482397999999945,0.001732514535687956
A,D_A,75.0,1.55931449,0.0018991609999999826,0.001732514535687956
A,D_A,75.0,1.58012172,0.0008239239999999759,0.001732514535687956
A,D_A,75.0,1.60114355,-0.010154809999999959,0.001732514535687956
A,D_A,75.0,1.62229155,-0.008398982,0.001732514535687956
A,D_A,75.0,1.64295947,-0.0012200279999999841,0.001732514535687956
A,D_A,75.0,1.66366432,-0.008232987999999941,0.001732514535687956
A,D_A,75.0,1.68478217,-0.0034740530000000325,0.001732514535687956
A,D_A,75.0,1.7057485,-0.002449356000000069,0.001732514535687956
A,D_A,75.0,1.72683745,-0.0065161080000000204,0.001732514535687956
A,D_A,75.0,1.74765849,-0.004175178000000002,0.001732514535687956
A,D_A,75.0,1.76847487,-0.0015697809999999368,0.001732514535687956
A,D_A,75.0,1.78961871,-0.0006864140000000241,0.001732514535687956
A,D_A,75.0,1.81086098,-0.008199581000000067,0.001732514535687956
A,D_A,75.0,1.83179094,0.008091461999999994,0.001732514535687956
A,D_A,75.0,1.8521746,-0.012433371999999943,0.001732514535687956
A,D_A,75.0,1.8733654,-0.004120894000000042,0.001732514535687956
A,D_A,75.0,1.89455538,0.005624688000000044,0.001732514535687956
A,D_A,75.0,1.91534795,0.0006591160000000151,0.001732514535687956
A,D_A,75.0,1.93623233,-0.005489621000000056,0.001732514535687956
A,D_A,75.0,1.9571481,-0.003640207999999978,0.001732514535687956
A,D_A,75.0,1.97825109,0.001689870999999954,0.001732514535687956
A,D_A,75.0,1.99905898,-0.004447380000000001,0.001732514535687956
A,D_A,75.0,2.01966715,0.0016988089999999678,0.001732514535687956
A,D_A,75.0,2.04082415,-0.0002908659999999452,0.001732514535687956
A,D_A,75.0,2.06193171,-0.010760988999999999,0.001732514535687956
A,D_A,75.0,2.08296048,-0.005106906999999938,0.001732514535687956
A,D_A,75.0,2.10383017,-0.005612445999999993,0.001732514535687956
A,D_A,75.0,2.12494312,0.003315603999999972,0.001732514535687956
A,D_A,75.0,2.14618475,-0.004814549000000001,0.001732514535687956
A,D_A,75.0,2.16679298,-0.0006764490000000789,0.001732514535687956
A,D_A,75.0,2.18753482,-0.003571152000000022,0.001732514535687956
A,D_A,75.0,2.20847027,0.002262109000000012,0.001732514535687956
A,D_A,75.0,2.22955181,-0.0014177230000000929,0.001732514535687956
A,D_A,75.0,2.25078374,-0.0037530250000000764,0.001732514535687956
A,D_A,75.0,2.27150159,0.00387939100000001,0.001732514535687956
A,D_A,75.0,2.29205574,-0.004316645000000063,0.001732514535687956
A,D_A,75.0,2.31294326,5.216399999996568e-05,0.001732514535687956
A,D_A,75.0,2.3340363,0.002109262000000056,0.001732514535687956
A,D_A,75.0,2.35514399,0.003050969999999986,0.001732514535687956
A,D_A,75.0,2.37607726,-0.008579409999999954,0.001732514535687956
A,D_A,75.0,2.39730341,-0.001659395000000008,0.001732514535687956
A,D_A,75.0,2.41857203,-6.840500000004912e-05,0.001732514535687956
A,D_A,75.0,2.43911056,-0.000778203999999949,0.001732514535687956
A,D_A,75.0,2.45988005,0.0006197889999999262,0.001732514535687956
A,D_A,75.0,2.48094151,0.0030715230000000204,0.001732514535687956
A,D_A,75.0,2.50196601,0.002247112000000051,0.001732514535687956
A,D_A,75.0,2.52300496,-0.003408933000000003,0.001732514535687956
A,D_A,75.0,2.54340089,-0.006124250999999914,0.001732514535687956
A,D_A,75.0,2.56415297,0.007882939000000033,0.001732514535687956
A,D_A,75.0,2.58575836,0.000264111999999983,0.001732514535687956
A,D_A,75.0,2.60684428,0.003961928000000059,0.001732514535687956
A,D_A,75.0,2.62775949,0.0012360009999999866,0.001732514535687956
A,D_A,75.0,2.64834355,-0.0008342060000000595,0.001732514535687956
A,D_A,75.0,2.66912062,0.0029043579999999958,0.001732514535687956
A,D_A,75.0,2.69039946,0.0023556100000000635,0.001732514535687956
A,D_A,75.0,2.71121518,0.006148829000000022,0.001732514535687956
A,D_A,75.0,2.7321837,0.003376327999999984,0.001732514535687956
A,D_A,75.0,2.75306239,0.00798781500000001,0.001732514535687956
A,D_A,75.0,2.77427049,0.005727834999999959,0.001732514535687956
A,D_A,75.0,2.79557932,0.0034438199999999863,0.001732514535687956
A,D_A,75.0,2.8160646,-0.0011967330000000054,0.001732514535687956
A,D_A,75.0,2.83689478,-0.0028333430000000437,0.001732514535687956
A,D_A,75.0,2.85801727,0.0005827430000000522,0.001732514535687956
A,D_A,75.0,2.87906973,0.0019051700000000116,0.001732514535687956
A,D_A,75.0,2.89996898,-0.0017269830000000708,0.001732514535687956
A,D_A,75.0,2.92062944,-0.005871679999999935,0.001732514535687956
A,D_A,75.0,2.941605,0.004378337999999982,0.001732514535687956
A,D_A,75.0,2.96267076,-0.005525515999999953,0.001732514535687956
A,D_A,75.0,2.98347442,-0.005400697999999982,0.001732514535687956
A,D_A,75.0,3.00437656,-0.003447817000000075,0.001732514535687956
A,D_A,75.0,3.02542142,0.0014423799999999654,0.001732514535687956
A,D_A,75.0,3.04658726,-0.0016866070000000066,0.001732514535687956
A,D_A,75.0,3.06768101,0.0020000690000000487,0.001732514535687956
A,D_A,75.0,3.088328,-0.00018338800000006206,0.001732514535687956
A,D_A,75.0,3.10931167,0.00020457899999992701,0.001732514535687956
A,D_A,75.0,3.1305457,-0.00666250200000007,0.001732514535687956
A,D_A,75.0,3.15150209,0.003028128999999935,0.001732514535687956
A,D_A,75.0,3.17219014,-0.0029663899999999854,0.001732514535687956
A,D_A,75.0,3.19299024,-0.0002146499999999829,0.001732514535687956
A,D_A,75.0,3.21390436,-0.006453174999999978,0.001732514535687956
A,D_A,75.0,3.23506564,-0.0012276789999999815,0.001732514535687956
A,D_A,75.0,3.25605387,0.0018928089999999953,0.001732514535687956
A,D_A,75.0,3.27685776,0.0043940670000000015,0.001732514535687956
A,D_A,75.0,3.29794723,-0.003151400999999998,0.001732514535687956
A,D_A,75.0,3.31884778,0.001148159000000093,0.001732514535687956
A,D_A,75.0,3.33944269,-0.006540324000000042,0.001732514535687956
A,D_A,75.0,3.36030612,-0.0020475770000000226,0.001732514535687956
A,D_A,75.0,3.38171654,-0.006428376000000013,0.001732514535687956
A,D_A,75.0,3.40297495,-0.0019783640000000657,0.001732514535687956
A,D_A,75.0,3.42370792,-0.002734314999999987,0.001732514535687956
A,D_A,75.0,3.44440875,-0.01009158599999993,0.001732514535687956
A,D_A,75.0,3.465315,-0.004396400999999939,0.001732514535687956
A,D_A,75.0,3.4865867,-0.003362175000000023,0.001732514535687956
A,D_A,75.0,3.50751221,0.0013532039999999412,0.001732514535687956
A,D_A,75.0,3.52796741,-0.00760708099999996,0.001732514535687956
A,D_A,75.0,3.5488788,0.0006607149999999784,0.001732514535687956
A,D_A,75.0,3.57014151,-0.001103956000000017,0.001732514535687956
A,D_A,75.0,3.59120365,-0.0017233309999999946,0.001732514535687956
A,D_A,75.0,3.61190928,-0.004643866999999968,0.001732514535687956
A,D_A,75.0,3.63300558,0.0007359350000000209,0.001732514535687956
A,D_A,75.0,3.6541422,-0.0002757520000000735,0.001732514535687956
A,D_A,75.0,3.67500902,0.003617294999999965,0.001732514535687956
A,D_A,75.0,3.69581564,-0.007084876999999934,0.001732514535687956
A,D_A,75.0,3.71644729,0.00028751000000004634,0.001732514535687956
A,D_A,75.0,3.73749774,-0.005401188999999973,0.001732514535687956
A,D_A,75.0,3.75868086,-0.00709847600000002,0.001732514535687956
A,D_A,75.0,3.77950549,0.0026199529999999527,0.001732514535687956
A,D_A,75.0,3.80027286,-0.0014435390000000492,0.001732514535687956
A,D_A,75.0,3.82143123,-0.0007500679999999926,0.001732514535687956
A,D_A,75.0,3.84280481,0.002666775999999982,0.001732514535687956
A,D_A,75.0,3.86349282,-6.460500000005087e-05,0.001732514535687956
A,D_A,75.0,3.88417456,0.004402585999999986,0.001732514535687956
A,D_A,75.0,3.90535419,0.002365619999999957,0.001732514535687956
A,D_A,75.0,3.9264697,0.004930292999999919,0.001732514535687956
A,D_A,75.0,3.94738681,-0.00012218699999999583,0.001732514535687956
A,D_A,75.0,3.96810309,-0.0032030119999999496,0.001732514535687956
A,D_A,75.0,3.98888694,0.0015542030000000873,0.001732514535687956
A,D_A,75.0,4.00993371,0.0036931260000000465,0.001732514535687956
A,D_A,75.0,4.03080983,-0.002537114000000007,0.001732514535687956
A,D_A,75.0,4.05178039,-0.005871701000000007,0.001732514535687956
A,D_A,75.0,4.07276799,-0.0004648859999999422,0.001732514535687956
A,D_A,75.0,4.09368684,0.002224765999999989,0.001732514535687956
A,D_A,75.0,4.11485609,-0.0015064909999999987,0.001732514535687956
A,D_A,75.0,4.13583188,0.005599703000000011,0.001732514535687956
A,D_A,75.0,4.15670688,-0.0026093539999999527,0.001732514535687956
A,D_A,75.0,4.17758774,0.005381146000000059,0.001732514535687956
A,D_A,75.0,4.19867141,5.6357000000062385e-05,0.001732514535687956
A,D_A,75.0,4.21961517,-0.0005764499999999506,0.001732514535687956
A,D_A,75.0,4.24013393,0.0005443000000000531,0.001732514535687956
A,D_A,75.0,4.26119077,-0.0009405540000000379,0.001732514535687956
A,D_A,75.0,4.28239268,-0.002788779999999935,0.001732514535687956
A,D_A,75.0,4.30342826,0.0014430699999999907,0.001732514535687956
A,D_A,75.0,4.32431592,-0.0018725720000000168,0.001732514535687956
A,D_A,75.0,4.34508479,-0.002779252999999926,0.001732514535687956
A,D_A,75.0,4.36604259,-0.0005897459999999466,0.001732514535687956
A,D_A,75.0,4.38708086,0.004792613999999862,0.001732514535687956
A,D_A,75.0,4.40778797,-0.0009637369999999645,0.001732514535687956
A,D_A,75.0,4.4288526,0.0010765699999999434,0.001732514535687956
A,D_A,75.0,4.44994967,0.001322320000000099,0.001732514535687956
A,D_A,75.0,4.47085438,-0.0011455000000000215,0.001732514535687956
A,D_A,75.0,4.49188801,0.004074519999999859,0.001732514535687956
A,D_A,75.0,4.51250216,0.0033785200000000515,0.001732514535687956
A,D_A,75.0,4.5334461,0.0007562199999999741,0.001732514535687956
A,D_A,75.0,4.55463591,0.0007050799999999136,0.001732514535687956
A,D_A,75.0,4.57547609,0.0013963999999999643,0.001732514535687956
A,D_A,75.0,4.59643311,-0.002043259999999991,0.001732514535687956
A,D_A,75.0,4.61732903,0.005472689999999947,0.001732514535687956
A,D_A,75.0,4.63833098,0.00044018000000001223,0.001732514535687956
A,D_A,75.0,4.65949324,-0.0024817999999999785,0.001732514535687956
A,D_A,75.0,4.68039693,-0.0006738900000000658,0.001732514535687956
A,D_A,75.0,4.70136745,-0.0023624300000000265,0.001732514535687956
A,D_A,75.0,4.72221533,-0.004510280000000089,0.001732514535687956
A,D_A,75.0,4.74309374,-0.0019290400000000485,0.001732514535687956
A,D_A,75.0,4.76390784,-0.005083509999999958,0.001732514535687956
A,D_A,75.0,4.78491795,0.003505330000000084,0.001732514535687956
A,D_A,75.0,4.80636204,0.0023236900000001004,0.001732514535687956
A,D_A,75.0,4.82728449,0.0012394000000000016,0.001732514535687956
A,D_A,75.0,4.84785524,-0.002508310000000069,0.001732514535687956
A,D_A,75.0,4.86859731,-0.00013946999999991938,0.001732514535687956
A,D_A,75.0,4.88954319,-0.0020739599999999303,0.001732514535687956
A,D_A,75.0,4.91078695,-0.001025559999999981,0.001732514535687956
A,D_A,75.0,4.93172016,0.0007518100000001304,0.001732514535687956
A,D_A,75.0,4.95244063,-0.003174659999999996,0.001732514535687956
A,D_A,75.0,4.97348932,-0.0015581399999999856,0.001732514535687956
A,D_A,75.0,4.994309,0.0005534000000000372,0.001732514535687956
A,D_A,75.0,5.01515697,-0.001461350000000028,0.001732514535687956
A,D_A,75.0,5.03598003,-0.0011272299999998125,0.001732514535687956
A,D_A,75.0,5.05703237,-0.00014447999999989136,0.001732514535687956
A,D_A,75.0,5.07840332,0.0005594500000001279,0.001732514535687956
A,D_A,75.0,5.09943841,0.00047021999999996567,0.001732514535687956
A,D_A,75.0,5.12032938,0.0008316500000000726,0.001732514535687956
A,D_A,75.0,5.14107614,0.002503800000000167,0.001732514535687956
A,D_A,75.0,5.16214077,-0.0005601099999998915,0.001732514535687956
A,D_A,75.0,5.18341099,0.0011244999999999727,0.001732514535687956
A,D_A,75.0,5.2041075,-0.0006483200000000355,0.001732514535687956
A,D_A,75.0,5.22477891,0.002691709999999903,0.001732514535687956
A,D_A,75.0,5.24557967,-0.002108770000000204,0.001732514535687956
A,D_A,75.0,5.26649236,0.00289327000000017,0.001732514535687956
A,D_A,75.0,5.28753131,0.0033006300000000266,0.001732514535687956
A,D_A,75.0,5.30847064,-0.0030082800000001964,0.001732514535687956
A,D_A,75.0,5.32946745,0.0013724600000000198,0.001732514535687956
A,D_A,75.0,5.3506922,0.002697489999999858,0.001732514535687956
A,D_A,75.0,5.37158853,0.003976509999999989,0.001732514535687956
A,D_A,75.0,5.39231925,0.0031683799999999707,0.001732514535687956
A,D_A,75.0,5.41333352,0.000295790000000018,0.001732514535687956
A,D_A,75.0,5.43434316,-0.005069129999999866,0.001732514535687956
A,D_A,75.0,5.45530659,0.0020890099999999467,0.001732514535687956
A,D_A,75.0,5.47618498,-0.001112219999999997,0.001732514535687956
A,D_A,75.0,5.49715755,-0.0006728099999999682,0.001732514535687956
A,D_A,75.0,5.51801586,0.0007964799999999883,0.001732514535687956
A,D_A,75.0,5.53881995,0.0002840299999999907,0.001732514535687956
A,D_A,75.0,5.55992514,-0.003357620000000061,0.001732514535687956
A,D_A,75.0,5.58098545,0.0014620599999999317,0.001732514535687956
A,D_A,75.0,5.60183772,0.003921520000000012,0.001732514535687956
A,D_A,75.0,5.62277584,-0.001500639999999942,0.001732514535687956
A,D_A,75.0,5.64379172,-0.004382049999999804,0.001732514535687956
A,D_A,75.0,5.66460817,0.001334359999999979,0.001732514535687956
A,D_A,75.0,5.68556022,-0.0040000399999999825,0.001732514535687956
A,D_A,75.0,5.7067909,-0.003390999999999922,0.001732514535687956
A,D_A,75.0,5.72769317,0.001818239999999971,0.001732514535687956
A,D_A,75.0,5.74840017,0.002371759999999945,0.001732514535687956
A,D_A,75.0,5.76938192,0.00044095999999993474,0.001732514535687956
A,D_A,75.0,5.79039764,-0.004671569999999958,0.001732514535687956
A,D_A,75.0,5.81144039,5.399000000005927e-05,0.001732514535687956
A,D_A,75.0,5.83232115,-0.0020586300000000612,0.001732514535687956
A,D_A,75.0,5.85320209,0.003406250000000055,0.001732514535687956
A,D_A,75.0,5.87418919,0.005971979999999988,0.001732514535687956
A,D_A,75.0,5.89509625,0.0013286900000000212,0.001732514535687956
A,D_A,75.0,5.9159726,0.0011284099999999686,0.001732514535687956
A,D_A,75.0,5.93682663,0.0024996999999999936,0.001732514535687956
A,D_A,75.0,5.95791772,0.0042376399999999315,0.001732514535687956
A,D_A,75.0,5.97900675,0.0003005400000000158,0.001732514535687956
A,D_A,75.0,5.99978945,-0.0015282000000000906,0.001732514535687956
A,D_A,75.0,6.02063577,0.0006825999999999777,0.001732514535687956
A,D_A,75.0,6.04156421,-0.00020401999999997145,0.001732514535687956
A,D_A,75.0,6.06259364,-0.0005416400000000099,0.001732514535687956
A,D_A,75.0,6.08377541,-0.0032456000000000707,0.001732514535687956
A,D_A,75.0,6.10447051,0.005454049999999988,0.001732514535687956
A,D_A,75.0,6.12538157,-0.0003516800000000764,0.001732514535687956
A,D_A,75.0,6.14660689,-0.0039127999999999385,0.001732514535687956
A,D_A,75.0,6.16752321,0.0011393400000001552,0.001732514535687956
A,D_A,75.0,6.18833806,-0.002257069999999972,0.001732514535687956
A,D_A,75.0,6.20938667,0.005831160000000057,0.001732514535687956
A,D_A,75.0,6.23052184,-0.004146959999999922,0.001732514535687956
A,D_A,75.0,6.25137137,-0.0007743999999998419,0.001732514535687956
A,D_A,75.0,6.27204484,-0.00038429999999989306,0.001732514535687956
A,D_A,75.0,6.29290789,-0.0013189200000001122,0.001732514535687956
A,D_A,75.0,6.31382104,0.0006200199999999434,0.001732514535687956
A,D_A,75.0,6.33495691,0.004483529999999902,0.001732514535687956
A,D_A,75.0,6.35600914,-0.002637280000000075,0.001732514535687956
A,D_A,75.0,6.37663869,0.0032120799999999505,0.001732514535687956
A,D_A,75.0,6.39770954,0.002863590000000027,0.001732514535687956
A,D_A,75.0,6.41872759,0.0016030900000001402,0.001732514535687956
A,D_A,75.0,6.43951457,0.0009227700000000727,0.001732514535687956
A,D_A,75.0,6.46033562,0.001608979999999871,0.001732514535687956
A,D_A,75.0,6.4814564,-0.004261290000000084,0.001732514535687956
A,D_A,75.0,6.50265681,0.0014194499999999888,0.001732514535687956
A,D_A,75.0,6.52350383,-0.001337230000000078,0.001732514535687956
A,D_A,75.0,6.54427866,-0.00043415999999996124,0.001732514535687956
A,D_A,75.0,6.56515568,0.0013816600000000623,0.001732514535687956
A,D_A,75.0,6.58628576,-0.0005714299999999284,0.001732514535687956
A,D_A,75.0,6.60749316,0.004051170000000104,0.001732514535687956
A,D_A,75.0,6.62830625,0.005076999999999998,0.001732514535687956
A,D_A,75.0,6.64913567,-0.0003139700000001078,0.001732514535687956
A,D_A,75.0,6.67020149,-0.004748140000000012,0.001732514535687956
A,D_A,75.0,6.69106898,0.0038296700000000072,0.001732514535687956
A,D_A,75.0,6.71185955,5.064999999992992e-05,0.001732514535687956
A,D_A,75.0,6.73264651,0.0021435699999998725,0.001732514535687956
A,D_A,75.0,6.7537045,-0.00024935999999997627,0.001732514535687956
A,D_A,75.0,6.77487174,-0.0014014899999998942,0.001732514535687956
A,D_A,75.0,6.79557562,0.002010410000000018,0.001732514535687956
A,D_A,75.0,6.81648781,0.005618850000000064,0.001732514535687956
A,D_A,75.0,6.83753747,0.0016237500000000349,0.001732514535687956
A,D_A,75.0,6.85867557,-0.00218048000000004,0.001732514535687956
A,D_A,75.0,6.87985316,-0.002392090000000069,0.001732514535687956
A,D_A,75.0,6.90065786,-0.0018732900000000274,0.001732514535687956
A,D_A,75.0,6.92153112,0.002382909999999905,0.001732514535687956
A,D_A,75.0,6.94229803,0.0008213599999999932,0.001732514535687956
A,D_A,75.0,6.9630016,0.0007000600000000023,0.001732514535687956
A,D_A,75.0,6.98416877,0.0028085799999999495,0.001732514535687956
A,D_A,75.0,7.0052781,0.0024931599999999943,0.001732514535687956
A,D_A,75.0,7.02617612,-0.002460139999999944,0.001732514535687956
A,D_A,75.0,7.04699526,-0.0008086700000000668,0.001732514535687956
A,D_A,75.0,7.06761685,-0.0034212599999998705,0.001732514535687956
A,D_A,75.0,7.08873369,-0.0011594500000000618,0.001732514535687956
A,D_A,75.0,7.10994937,-8.399999999997299e-05,0.001732514535687956
A,D_A,75.0,7.13102893,0.0008897800000000622,0.001732514535687956
A,D_A,75.0,7.15201412,-0.002960820000000197,0.001732514535687956
A,D_A,75.0,7.17271336,0.0029787040000001097,0.001732514535687956
A,D_A,75.0,7.19374266,-0.003830895000000112,0.001732514535687956
A,D_A,75.0,7.21473042,0.0009893299999998995,0.001732514535687956
A,D_A,75.0,7.23564263,9.698499999999388e-05,0.001732514535687956
A,D_A,75.0,7.25666289,0.002845569999999853,0.001732514535687956
A,D_A,75.0,7.27757645,-0.00395203799999988,0.001732514535687956
A,D_A,75.0,7.2984411,0.0011899340000000036,0.001732514535687956
A,D_A,75.0,7.31917384,-0.0004669699999999555,0.001732514535687956
A,D_A,75.0,7.34001688,-0.0021760879999999094,0.001732514535687956
A,D_A,75.0,7.3611683,-0.0005859700000001578,0.001732514535687956
A,D_A,75.0,7.38224284,0.0045073340000000295,0.001732514535687956
A,D_A,75.0,7.40324015,-0.0001386449999999373,0.001732514535687956
A,D_A,75.0,7.42408854,0.0008468669999999179,0.001732514535687956
A,D_A,75.0,7.44500634,0.00042840099999996717,0.001732514535687956
A,D_A,75.0,7.46595959,-0.0007693250000000429,0.001732514535687956
A,D_A,75.0,7.48696308,0.0013745569999999985,0.001732514535687956
A,D_A,75.0,7.5079936,0.00024067699999996695,0.001732514535687956
A,D_A,75.0,7.52871967,-0.00022118699999995606,0.001732514535687956
A,D_A,75.0,7.54966921,-0.0009390219999999561,0.001732514535687956
A,D_A,75.0,7.57064902,0.001954750999999977,0.001732514535687956
A,D_A,75.0,7.59151428,-0.0022820470000000093,0.001732514535687956
A,D_A,75.0,7.6123809,-0.004189402000000064,0.001732514535687956
A,D_A,75.0,7.63338324,-0.001096136999999997,0.001732514535687956
A,D_A,75.0,7.65450532,0.002859130000000043,0.001732514535687956
A,D_A,75.0,7.67556944,-0.0005379819999999924,0.001732514535687956
A,D_A,75.0,7.69637751,-0.0020082590000000122,0.001732514535687956
A,D_A,75.0,7.71727216,-0.0013960370000000166,0.001732514535687956
A,D_A,75.0,7.73835725,0.000459568999999993,0.001732514535687956
A,D_A,75.0,7.75934923,0.0031605980000000145,0.001732514535687956
A,D_A,75.0,7.78023116,0.003962589000000016,0.001732514535687956
A,D_A,75.0,7.80098697,0.0005377069999999984,0.001732514535687956
A,D_A,75.0,7.82190677,-0.00483359800000005,0.001732514535687956
A,D_A,75.0,7.84304931,-1.061800000001778e-05,0.001732514535687956
A,D_A,75.0,7.86405132,0.003921215000000089,0.001732514535687956
A,D_A,75.0,7.88484553,-0.002025060000000023,0.001732514535687956
A,D_A,75.0,7.90574885,-0.004865084000000075,0.001732514535687956
A,D_A,75.0,7.9267531,0.0023814859999999882,0.001732514535687956
A,D_A,75.0,7.94765228,-0.0011295440000000934,0.001732514535687956
A,D_A,75.0,7.96842304,0.0057631959999999705,0.001732514535687956
A,D_A,75.0,7.98938616,8.754299999991222e-05,0.001732514535687956
A,D_A,75.0,8.01050815,0.0005762769999999584,0.001732514535687956
A,D_A,75.0,8.03153334,-0.005801029000000013,0.001732514535687956
A,D_A,75.0,8.05240251,-0.0013330440000000054,0.001732514535687956
A,D_A,75.0,8.07332696,-0.004869336000000057,0.001732514535687956
A,D_A,75.0,8.09438514,0.0012251669999999715,0.001732514535687956
A,D_A,75.0,8.11529588,-0.004404775000000027,0.001732514535687956
A,D_A,75.0,8.13618411,-0.0023918840000000108,0.001732514535687956
A,D_A,75.0,8.15717855,-0.0023883150000000297,0.001732514535687956
A,D_A,75.0,8.17807847,-0.0013125729999999836,0.001732514535687956
A,D_A,75.0,8.19905269,0.002024781000000031,0.001732514535687956
A,D_A,75.0,8.21991085,-0.0009807389999999527,0.001732514535687956
A,D_A,75.0,8.24078529,0.0006279529999999589,0.001732514535687956
A,D_A,75.0,8.26195652,0.0015699030000000391,0.001732514535687956
A,D_A,75.0,8.28293039,-0.0017868380000000128,0.001732514535687956
A,D_A,75.0,8.30373423,-0.0018329750000000145,0.001732514535687956
A,D_A,75.0,8.32452583,0.002740307000000053,0.001732514535687956
A,D_A,75.0,8.34556221,-0.002515727999999995,0.001732514535687956
A,D_A,75.0,8.36671927,0.001891572000000008,0.001732514535687956
A,D_A,75.0,8.38757523,0.0013311059999999708,0.001732514535687956
A,D_A,75.0,8.40855808,0.0009212870000000484,0.001732514535687956
A,D_A,75.0,8.42953585,-0.002239489000000039,0.001732514535687956
A,D_A,75.0,8.45042977,-0.0038132680000000363,0.001732514535687956
A,D_A,75.0,8.47138662,-0.0009883270000000666,0.001732514535687956
A,D_A,75.0,8.49217243,0.0012042509999999895,0.001732514535687956
A,D_A,75.0,8.51321806,-0.002552534999999967,0.001732514535687956
A,D_A,75.0,8.53421183,-0.007099890999999969,0.001732514535687956
A,D_A,75.0,8.55508292,-0.0004912820000000373,0.001732514535687956
A,D_A,75.0,8.57598662,-0.0021090370000000913,0.001732514535687956
A,D_A,75.0,8.59679232,0.0018620719999999924,0.001732514535687956
A,D_A,75.0,8.61783107,0.0013603890000000174,0.001732514535687956
A,D_A,75.0,8.63891768,-0.003532448000000077,0.001732514535687956
A,D_A,75.0,8.65972861,-0.002902305000000105,0.001732514535687956
A,D_A,75.0,8.68059853,-0.002233425999999983,0.001732514535687956
A,D_A,75.0,8.70174168,0.00022118799999992778,0.001732514535687956
A,D_A,75.0,8.72279566,-0.001806649000000049,0.001732514535687956
A,D_A,75.0,8.74359241,0.0019034970000000317,0.001732514535687956
A,D_A,75.0,8.76424415,0.001998738999999916,0.001732514535687956
A,D_A,75.0,8.78526729,-0.0026208739999999953,0.001732514535687956
A,D_A,75.0,8.80637189,-0.003217887999999891,0.001732514535687956
A,D_A,75.0,8.82736896,-5.686699999996048e-05,0.001732514535687956
A,D_A,75.0,8.84843212,0.00036928000000002736,0.001732514535687956
A,D_A,75.0,8.86933197,-0.0013789010000000435,0.001732514535687956
A,D_A,75.0,8.89026857,-0.001375506999999998,0.001732514535687956
A,D_A,75.0,8.91123702,0.0014090629999999882,0.001732514535687956
A,D_A,75.0,8.93214776,-0.0014651929999999203,0.001732514535687956
A,D_A,75.0,8.95312097,0.001282765000000019,0.001732514535687956
A,D_A,75.0,8.9741304,0.0018246699999999727,0.001732514535687956
A,D_A,75.0,8.99505705,1.5766999999944353e-05,0.001732514535687956
A,D_A,75.0,9.01571368,0.0032365759999999355,0.001732514535687956
A,D_A,75.0,9.03640927,0.0007335649999999916,0.001732514535687956
A,D_A,75.0,9.05755121,0.0015625899999999193,0.001732514535687956
A,D_A,75.0,9.07868023,-0.002413458000000035,0.001732514535687956
A,D_A,75.0,9.09969513,0.0022439250000000355,0.001732514535687956
A,D_A,75.0,9.1205658,0.0008088659999999637,0.001732514535687956
A,D_A,75.0,9.14137844,-0.0014284889999999217,0.001732514535687956
A,D_A,75.0,9.16237082,-0.0007429960000000513,0.001732514535687956
A,D_A,75.0,9.18339441,-0.004254011999999974,0.001732514535687956
A,D_A,75.0,9.20447395,0.0019046030000000602,0.001732514535687956
A,D_A,75.0,9.22549281,0.002250934999999954,0.001732514535687956
A,D_A,75.0,9.2463962,5.107999999998114e-05,0.001732514535687956
A,D_A,75.0,9.26722673,-0.0004993830000000754,0.001732514535687956
A,D_A,75.0,9.28791689,-0.0015745539999999503,0.001732514535687956
A,D_A,75.0,9.30892724,-0.00016761999999992394,0.001732514535687956
A,D_A,75.0,9.33003065,-0.0013348400000000593,0.001732514535687956
A,D_A,75.0,9.35102864,-0.0010254239999999415,0.001732514535687956
A,D_A,75.0,9.37196601,-0.0004230800000000201,0.001732514535687956
A,D_A,75.0,9.39258783,-0.00025343499999996855,0.001732514535687956
A,D_A,75.0,9.41349621,-0.002157421999999909,0.001732514535687956
A,D_A,75.0,9.4347927,0.00020862200000004716,0.001732514535687956
A,D_A,75.0,9.45587737,-0.001862627000000061,0.001732514535687956
A,D_A,75.0,9.47676866,-0.00216761199999993,0.001732514535687956
A,D_A,75.0,9.49762777,-0.0028130470000000685,0.001732514535687956
A,D_A,75.0,9.51852362,-0.0003034709999999441,0.001732514535687956
A,D_A,75.0,9.53939795,-0.0028660269999999377,0.001732514535687956
A,D_A,75.0,9.56035551,7.987700000000597e-05,0.001732514535687956
A,D_A,75.0,9.58149741,-0.0016806959999999815,0.001732514535687956
A,D_A,75.0,9.60249587,0.00018303899999994044,0.001732514535687956
A,D_A,75.0,9.62336478,-0.004076868000000067,0.001732514535687956
A,D_A,75.0,9.64415055,0.0016480629999999774,0.001732514535687956
A,D_A,75.0,9.66502224,0.0008812559999999969,0.001732514535687956
A,D_A,75.0,9.68597433,0.0015005899999999128,0.001732514535687956
A,D_A,75.0,9.7069728,0.0018933089999999542,0.001732514535687956
A,D_A,75.0,9.72797765,-0.004315343999999999,0.001732514535687956
A,D_A,75.0,9.74896401,-0.00100535700000004,0.001732514535687956
A,D_A,75.0,9.76996217,0.00047594600000000487,0.001732514535687956
A,D_A,75.0,9.79085678,-0.001473473000000003,0.001732514535687956
A,D_A,75.0,9.81166698,0.0006670680000000484,0.001732514535687956
A,D_A,75.0,9.83262494,-0.001091314999999926,0.001732514535687956
A,D_A,75.0,9.85372265,-0.0011063519999999771,0.001732514535687956
A,D_A,75.0,9.87472665,-0.0024711789999999345,0.001732514535687956
A,D_A,75.0,9.89559934,-0.00010451300000002828,0.001732514535687956
A,D_A,75.0,9.91635289,0.002857896000000082,0.001732514535687956
A,D_A,75.0,9.93737645,-0.0020225160000000297,0.001732514535687956
A,D_A,75.0,9.95856995,-0.00111867099999996,0.001732514535687956
A,D_A,75.0,9.97940815,0.0029594609999999966,0.001732514535687956
A,D_A,75.0,10.000082,-0.00036246600000000573,0.001732514535687956
A,D_A,100.0,0.0252815853,0.001133806209,0.0013106707398807369
A,D_A,100.0,0.0486976344,0.00125326709,0.0013106707398807369
A,D_A,100.0,0.0692644017,0.00137674215,0.0013106707398807369
A,D_A,100.0,0.08877835,0.00119544625,0.0013106707398807369
A,D_A,100.0,0.111604297,0.00108038924,0.0013106707398807369
A,D_A,100.0,0.132731806,0.001436264599999999,0.0013106707398807369
A,D_A,100.0,0.153672181,0.0015914832000000004,0.0013106707398807369
A,D_A,100.0,0.175641863,0.0020883075999999987,0.0013106707398807369
A,D_A,100.0,0.196615509,0.002378790999999998,0.0013106707398807369
A,D_A,100.0,0.217326708,0.002838075099999997,0.0013106707398807369
A,D_A,100.0,0.237538457,0.003193030400000005,0.0013106707398807369
A,D_A,100.0,0.258148683,0.005171015399999999,0.0013106707398807369
A,D_A,100.0,0.28040349,0.003079955799999999,0.0013106707398807369
A,D_A,100.0,0.301929084,0.006346430899999991,0.0013106707398807369
A,D_A,100.0,0.322287413,0.00660601059999999,0.0013106707398807369
A,D_A,100.0,0.342663331,0.006433158900000013,0.0013106707398807369
A,D_A,100.0,0.363641289,0.005944802099999993,0.0013106707398807369
A,D_A,100.0,0.385602948,0.006535697999999993,0.0013106707398807369
A,D_A,100.0,0.406737165,0.008941311000000007,0.0013106707398807369
A,D_A,100.0,0.427001871,0.008449716999999995,0.0013106707398807369
A,D_A,100.0,0.448754416,0.007732283999999978,0.0013106707398807369
A,D_A,100.0,0.469601745,0.009206886999999997,0.0013106707398807369
A,D_A,100.0,0.489805379,0.009358846000000004,0.0013106707398807369
A,D_A,100.0,0.510302494,0.007585485000000003,0.0013106707398807369
A,D_A,100.0,0.53178319,0.009963341000000014,0.0013106707398807369
A,D_A,100.0,0.553922362,0.009099823000000007,0.0013106707398807369
A,D_A,100.0,0.574670041,0.01025013700000002,0.0013106707398807369
A,D_A,100.0,0.594645701,0.011211177999999988,0.0013106707398807369
A,D_A,100.0,0.615540037,0.01425710899999999,0.0013106707398807369
A,D_A,100.0,0.636554081,0.00810793700000001,0.0013106707398807369
A,D_A,100.0,0.658102417,0.009603580999999972,0.0013106707398807369
A,D_A,100.0,0.679189641,0.006877676999999971,0.0013106707398807369
A,D_A,100.0,0.700054044,0.012352788000000003,0.0013106707398807369
A,D_A,100.0,0.721329826,0.008490402000000008,0.0013106707398807369
A,D_A,100.0,0.742033923,0.005493337999999959,0.0013106707398807369
A,D_A,100.0,0.762614581,0.008163542000000024,0.0013106707398807369
A,D_A,100.0,0.783270495,0.008125806000000013,0.0013106707398807369
A,D_A,100.0,0.804783918,0.003618791999999982,0.0013106707398807369
A,D_A,100.0,0.826095906,0.006926737000000016,0.0013106707398807369
A,D_A,100.0,0.846303977,-0.0032222880000000176,0.0013106707398807369
A,D_A,100.0,0.867174819,0.010349763999999984,0.0013106707398807369
A,D_A,100.0,0.888413258,0.004098979999999974,0.0013106707398807369
A,D_A,100.0,0.909910564,0.0051044089999999764,0.0013106707398807369
A,D_A,100.0,0.931134698,0.005526043000000036,0.0013106707398807369
A,D_A,100.0,0.951563161,0.0033782950000000866,0.0013106707398807369
A,D_A,100.0,0.972160451,0.0037861329999999693,0.0013106707398807369
A,D_A,100.0,0.993008165,-0.00731795600000007,0.0013106707398807369
A,D_A,100.0,1.0140906,-0.0016506189999999643,0.0013106707398807369
A,D_A,100.0,1.03500338,-0.003713403000000004,0.0013106707398807369
A,D_A,100.0,1.05657413,0.002097424999999986,0.0013106707398807369
A,D_A,100.0,1.07789814,0.00048563899999998217,0.0013106707398807369
A,D_A,100.0,1.09835045,-0.0016923130000000564,0.0013106707398807369
A,D_A,100.0,1.11903902,-0.007388626999999981,0.0013106707398807369
A,D_A,100.0,1.1396405,0.003296736999999994,0.0013106707398807369
A,D_A,100.0,1.16109193,-0.004980790000000068,0.0013106707398807369
A,D_A,100.0,1.18227503,-0.0045953410000000305,0.0013106707398807369
A,D_A,100.0,1.2030555,-0.0003405330000000317,0.0013106707398807369
A,D_A,100.0,1.22375183,0.008464517999999921,0.0013106707398807369
A,D_A,100.0,1.24453484,-0.003131297000000033,0.0013106707398807369
A,D_A,100.0,1.26570671,0.0015436389999999856,0.0013106707398807369
A,D_A,100.0,1.28693994,-0.0012947020000000364,0.0013106707398807369
A,D_A,100.0,1.30807124,0.004834319000000087,0.0013106707398807369
A,D_A,100.0,1.32889646,-0.004893023000000052,0.0013106707398807369
A,D_A,100.0,1.34945121,-0.007452353999999994,0.0013106707398807369
A,D_A,100.0,1.37055188,0.002856780000000003,0.0013106707398807369
A,D_A,100.0,1.39148285,-0.0017549479999999784,0.0013106707398807369
A,D_A,100.0,1.41220445,0.0003055089999999261,0.0013106707398807369
A,D_A,100.0,1.43352474,-0.014112934000000021,0.0013106707398807369
A,D_A,100.0,1.45454751,-0.007283686999999928,0.0013106707398807369
A,D_A,100.0,1.47511055,-0.004652508000000055,0.0013106707398807369
A,D_A,100.0,1.49566583,0.004427744999999983,0.0013106707398807369
A,D_A,100.0,1.51690776,-0.0029287829999999904,0.0013106707398807369
A,D_A,100.0,1.53826425,-0.014587357999999995,0.0013106707398807369
A,D_A,100.0,1.55931449,-0.0005286850000000287,0.0013106707398807369
A,D_A,100.0,1.58012172,-4.88040000000689e-05,0.0013106707398807369
A,D_A,100.0,1.60114355,-0.011604528000000003,0.0013106707398807369
A,D_A,100.0,1.62229155,-0.014906780000000008,0.0013106707398807369
A,D_A,100.0,1.64295947,-0.001218793999999912,0.0013106707398807369
A,D_A,100.0,1.66366432,-0.006154683999999966,0.0013106707398807369
A,D_A,100.0,1.68478217,-0.0010213820000000151,0.0013106707398807369
A,D_A,100.0,1.7057485,-0.0005294630000000078,0.0013106707398807369
A,D_A,100.0,1.72683745,-0.0078105760000000135,0.0013106707398807369
A,D_A,100.0,1.74765849,-0.0033057880000000317,0.0013106707398807369
A,D_A,100.0,1.76847487,-0.005556311999999952,0.0013106707398807369
A,D_A,100.0,1.78961871,-0.007163794000000001,0.0013106707398807369
A,D_A,100.0,1.81086098,0.0006011139999999582,0.0013106707398807369
A,D_A,100.0,1.83179094,0.007939467000000033,0.0013106707398807369
A,D_A,100.0,1.8521746,-0.008182202999999943,0.0013106707398807369
A,D_A,100.0,1.8733654,-0.006087577000000066,0.0013106707398807369
A,D_A,100.0,1.89455538,0.0031947410000000565,0.0013106707398807369
A,D_A,100.0,1.91534795,0.00048509100000004857,0.0013106707398807369
A,D_A,100.0,1.93623233,-0.0037850860000000486,0.0013106707398807369
A,D_A,100.0,1.9571481,-0.0027202910000000413,0.0013106707398807369
A,D_A,100.0,1.97825109,-0.003327648000000072,0.0013106707398807369
A,D_A,100.0,1.99905898,-0.004030618999999902,0.0013106707398807369
A,D_A,100.0,2.01966715,0.005634867000000043,0.0013106707398807369
A,D_A,100.0,2.04082415,-0.0048726550000000035,0.0013106707398807369
A,D_A,100.0,2.06193171,-0.013668636999999983,0.0013106707398807369
A,D_A,100.0,2.08296048,-0.003446159000000004,0.0013106707398807369
A,D_A,100.0,2.10383017,-0.0034539000000000097,0.0013106707398807369
A,D_A,100.0,2.12494312,-0.00192646800000007,0.0013106707398807369
A,D_A,100.0,2.14618475,0.0009585169999999366,0.0013106707398807369
A,D_A,100.0,2.16679298,-0.00393164800000001,0.0013106707398807369
A,D_A,100.0,2.18753482,0.003825226000000015,0.0013106707398807369
A,D_A,100.0,2.20847027,0.004576592000000046,0.0013106707398807369
A,D_A,100.0,2.22955181,0.0033929600000000004,0.0013106707398807369
A,D_A,100.0,2.25078374,-0.0009701830000000689,0.0013106707398807369
A,D_A,100.0,2.27150159,0.0031125389999999697,0.0013106707398807369
A,D_A,100.0,2.29205574,-7.469700000006796e-05,0.0013106707398807369
A,D_A,100.0,2.31294326,-0.002216749000000018,0.0013106707398807369
A,D_A,100.0,2.3340363,-0.0026047579999999293,0.0013106707398807369
A,D_A,100.0,2.35514399,0.003190515000000005,0.0013106707398807369
A,D_A,100.0,2.37607726,-0.0038488549999999844,0.0013106707398807369
A,D_A,100.0,2.39730341,-0.0006804350000000348,0.0013106707398807369
A,D_A,100.0,2.41857203,-0.001972835000000006,0.0013106707398807369
A,D_A,100.0,2.43911056,0.00632801999999999,0.0013106707398807369
A,D_A,100.0,2.45988005,0.00022519199999992967,0.0013106707398807369
A,D_A,100.0,2.48094151,0.0006717529999999972,0.0013106707398807369
A,D_A,100.0,2.50196601,0.0009355750000000773,0.0013106707398807369
A,D_A,100.0,2.52300496,0.00039172299999989946,0.0013106707398807369
A,D_A,100.0,2.54340089,-3.804599999990277e-05,0.0013106707398807369
A,D_A,100.0,2.56415297,0.007410256000000004,0.0013106707398807369
A,D_A,100.0,2.58575836,-0.0006771039999999839,0.0013106707398807369
A,D_A,100.0,2.60684428,0.0028401519999999847,0.0013106707398807369
A,D_A,100.0,2.62775949,0.006246121999999965,0.0013106707398807369
A,D_A,100.0,2.64834355,-0.008985932000000085,0.0013106707398807369
A,D_A,100.0,2.66912062,-0.0006054869999999601,0.0013106707398807369
A,D_A,100.0,2.69039946,-0.003944972999999963,0.0013106707398807369
A,D_A,100.0,2.71121518,0.00389281000000008,0.0013106707398807369
A,D_A,100.0,2.7321837,0.002867959000000031,0.0013106707398807369
A,D_A,100.0,2.75306239,-0.0022169209999999273,0.0013106707398807369
A,D_A,100.0,2.77427049,0.001281386000000051,0.0013106707398807369
A,D_A,100.0,2.79557932,0.00210309799999997,0.0013106707398807369
A,D_A,100.0,2.8160646,-0.0010464980000000068,0.0013106707398807369
A,D_A,100.0,2.83689478,-0.006521659000000013,0.0013106707398807369
A,D_A,100.0,2.85801727,-0.0031163260000000026,0.0013106707398807369
A,D_A,100.0,2.87906973,0.004164473000000002,0.0013106707398807369
A,D_A,100.0,2.89996898,-0.004238748000000014,0.0013106707398807369
A,D_A,100.0,2.92062944,0.001968438000000017,0.0013106707398807369
A,D_A,100.0,2.941605,0.0014913600000000526,0.0013106707398807369
A,D_A,100.0,2.96267076,-0.007137532000000002,0.0013106707398807369
A,D_A,100.0,2.98347442,-0.00459452199999999,0.0013106707398807369
A,D_A,100.0,3.00437656,0.0016751569999999827,0.0013106707398807369
A,D_A,100.0,3.02542142,-0.001598772000000026,0.0013106707398807369
A,D_A,100.0,3.04658726,-0.000950974999999965,0.0013106707398807369
A,D_A,100.0,3.06768101,0.0072011969999999925,0.0013106707398807369
A,D_A,100.0,3.088328,-0.003941566000000063,0.0013106707398807369
A,D_A,100.0,3.10931167,-0.0053259979999999985,0.0013106707398807369
A,D_A,100.0,3.1305457,-0.0008841730000000991,0.0013106707398807369
A,D_A,100.0,3.15150209,-0.000395855000000056,0.0013106707398807369
A,D_A,100.0,3.17219014,0.007861804000000028,0.0013106707398807369
A,D_A,100.0,3.19299024,-0.0017167710000000058,0.0013106707398807369
A,D_A,100.0,3.21390436,-0.007990061999999964,0.0013106707398807369
A,D_A,100.0,3.23506564,0.0038355190000000094,0.0013106707398807369
A,D_A,100.0,3.25605387,-0.0007137459999999596,0.0013106707398807369
A,D_A,100.0,3.27685776,0.0013223249999999576,0.0013106707398807369
A,D_A,100.0,3.29794723,-0.004720225000000022,0.0013106707398807369
A,D_A,100.0,3.31884778,-0.0010817329999999181,0.0013106707398807369
A,D_A,100.0,3.33944269,-0.003780835000000038,0.0013106707398807369
A,D_A,100.0,3.36030612,0.0007252899999999896,0.0013106707398807369
A,D_A,100.0,3.38171654,-0.0023492240000000386,0.0013106707398807369
A,D_A,100.0,3.40297495,-0.0057748699999999875,0.0013106707398807369
A,D_A,100.0,3.42370792,-0.007628130999999927,0.0013106707398807369
A,D_A,100.0,3.44440875,-0.008515122999999902,0.0013106707398807369
A,D_A,100.0,3.465315,-0.0025286850000000305,0.0013106707398807369
A,D_A,100.0,3.4865867,0.005062071999999973,0.0013106707398807369
A,D_A,100.0,3.50751221,-0.005716671000000062,0.0013106707398807369
A,D_A,100.0,3.52796741,-0.0037651989999999413,0.0013106707398807369
A,D_A,100.0,3.5488788,-0.0009548400000000123,0.0013106707398807369
A,D_A,100.0,3.57014151,-0.001946981999999986,0.0013106707398807369
A,D_A,100.0,3.59120365,-0.0019606090000000576,0.0013106707398807369
A,D_A,100.0,3.61190928,0.00037026100000003836,0.0013106707398807369
A,D_A,100.0,3.63300558,0.0021719239999999918,0.0013106707398807369
A,D_A,100.0,3.6541422,-0.0002869360000000709,0.0013106707398807369
A,D_A,100.0,3.67500902,-0.00393717799999993,0.0013106707398807369
A,D_A,100.0,3.69581564,-0.0037016579999999966,0.0013106707398807369
A,D_A,100.0,3.71644729,-0.0039380599999999655,0.0013106707398807369
A,D_A,100.0,3.73749774,-0.003958165999999985,0.0013106707398807369
A,D_A,100.0,3.75868086,-0.00874291599999999,0.0013106707398807369
A,D_A,100.0,3.77950549,0.003907042999999999,0.0013106707398807369
A,D_A,100.0,3.80027286,2.316000000002205e-06,0.0013106707398807369
A,D_A,100.0,3.82143123,-0.0004435569999999833,0.0013106707398807369
A,D_A,100.0,3.84280481,-0.0029114430000000135,0.0013106707398807369
A,D_A,100.0,3.86349282,0.003229766000000023,0.0013106707398807369
A,D_A,100.0,3.88417456,0.004849113999999988,0.0013106707398807369
A,D_A,100.0,3.90535419,0.0019581260000000045,0.0013106707398807369
A,D_A,100.0,3.9264697,-0.0018966390000000333,0.0013106707398807369
A,D_A,100.0,3.94738681,0.002273719000000063,0.0013106707398807369
A,D_A,100.0,3.96810309,0.00494514800000001,0.0013106707398807369
A,D_A,100.0,3.98888694,0.002174653000000082,0.0013106707398807369
A,D_A,100.0,4.00993371,0.00030930800000006364,0.0013106707398807369
A,D_A,100.0,4.03080983,-0.0024286740000000195,0.0013106707398807369
A,D_A,100.0,4.05178039,-0.005456156000000045,0.0013106707398807369
A,D_A,100.0,4.07276799,0.0010669159999999733,0.0013106707398807369
A,D_A,100.0,4.09368684,-0.0015122909999999434,0.0013106707398807369
A,D_A,100.0,4.11485609,-0.0011992149999999757,0.0013106707398807369
A,D_A,100.0,4.13583188,0.0027882220000000624,0.0013106707398807369
A,D_A,100.0,4.15670688,-0.001440643999999991,0.0013106707398807369
A,D_A,100.0,4.17758774,0.001703999000000067,0.0013106707398807369
A,D_A,100.0,4.19867141,-0.003547371999999993,0.0013106707398807369
A,D_A,100.0,4.21961517,-0.0004494800000000021,0.0013106707398807369
A,D_A,100.0,4.24013393,-0.003928017000000006,0.0013106707398807369
A,D_A,100.0,4.26119077,-0.003535017000000029,0.0013106707398807369
A,D_A,100.0,4.28239268,-0.005139562999999958,0.0013106707398807369
A,D_A,100.0,4.30342826,0.0010268129999999598,0.0013106707398807369
A,D_A,100.0,4.32431592,-0.0002726069999999803,0.0013106707398807369
A,D_A,100.0,4.34508479,-0.004498529000000029,0.0013106707398807369
A,D_A,100.0,4.36604259,-0.0006844369999998712,0.0013106707398807369
A,D_A,100.0,4.38708086,0.0006607079999999543,0.0013106707398807369
A,D_A,100.0,4.40778797,0.0001922199999999652,0.0013106707398807369
A,D_A,100.0,4.4288526,-0.0025307780000000113,0.0013106707398807369
A,D_A,100.0,4.44994967,0.001781650000000079,0.0013106707398807369
A,D_A,100.0,4.47085438,0.0034198299999999016,0.0013106707398807369
A,D_A,100.0,4.49188801,9.86000000002818e-06,0.0013106707398807369
A,D_A,100.0,4.51250216,0.0036978800000000422,0.0013106707398807369
A,D_A,100.0,4.5334461,0.0019460500000001435,0.0013106707398807369
A,D_A,100.0,4.55463591,-0.00020180000000014076,0.0013106707398807369
A,D_A,100.0,4.57547609,0.00042103999999998365,0.0013106707398807369
A,D_A,100.0,4.59643311,-0.0021108400000000582,0.0013106707398807369
A,D_A,100.0,4.61732903,0.00668188000000014,0.0013106707398807369
A,D_A,100.0,4.63833098,-0.0009264300000000336,0.0013106707398807369
A,D_A,100.0,4.65949324,-0.00512201000000001,0.0013106707398807369
A,D_A,100.0,4.68039693,0.0010584399999999938,0.0013106707398807369
A,D_A,100.0,4.70136745,-0.006896910000000034,0.0013106707398807369
A,D_A,100.0,4.72221533,-0.006978619999999935,0.0013106707398807369
A,D_A,100.0,4.74309374,6.459999999997024e-05,0.0013106707398807369
A,D_A,100.0,4.76390784,-0.0048813500000000065,0.0013106707398807369
A,D_A,100.0,4.78491795,-0.0006588299999998881,0.0013106707398807369
A,D_A,100.0,4.80636204,0.0037314800000001203,0.0013106707398807369
A,D_A,100.0,4.82728449,0.0011746100000000759,0.0013106707398807369
A,D_A,100.0,4.84785524,-0.004270589999999963,0.0013106707398807369
A,D_A,100.0,4.86859731,-0.004719590000000107,0.0013106707398807369
A,D_A,100.0,4.88954319,0.0007393900000001175,0.0013106707398807369
A,D_A,100.0,4.91078695,-0.0010500499999999136,0.0013106707398807369
A,D_A,100.0,4.93172016,-0.0005865999999998817,0.0013106707398807369
A,D_A,100.0,4.95244063,0.005649490000000146,0.0013106707398807369
A,D_A,100.0,4.97348932,-0.0065617799999999615,0.0013106707398807369
A,D_A,100.0,4.994309,-0.0017338300000000473,0.0013106707398807369
A,D_A,100.0,5.01515697,0.0012484600000000068,0.0013106707398807369
A,D_A,100.0,5.03598003,-0.005098599999999953,0.0013106707398807369
A,D_A,100.0,5.05703237,0.0013670599999999755,0.0013106707398807369
A,D_A,100.0,5.07840332,-0.0018907399999998908,0.0013106707398807369
A,D_A,100.0,5.09943841,-0.0007226199999998961,0.0013106707398807369
A,D_A,100.0,5.12032938,-0.002187249999999974,0.0013106707398807369
A,D_A,100.0,5.14107614,0.004228750000000003,0.0013106707398807369
A,D_A,100.0,5.16214077,-0.00025655999999996126,0.0013106707398807369
A,D_A,100.0,5.18341099,-0.001118280000000027,0.0013106707398807369
A,D_A,100.0,5.2041075,0.003899560000000024,0.0013106707398807369
A,D_A,100.0,5.22477891,0.003275849999999858,0.0013106707398807369
A,D_A,100.0,5.24557967,0.0015488599999999852,0.0013106707398807369
A,D_A,100.0,5.26649236,0.0022798100000001043,0.0013106707398807369
A,D_A,100.0,5.28753131,0.0014636100000000596,0.0013106707398807369
A,D_A,100.0,5.30847064,0.0020826099999999848,0.0013106707398807369
A,D_A,100.0,5.32946745,-0.0022858500000000337,0.0013106707398807369
A,D_A,100.0,5.3506922,0.00013669999999987859,0.0013106707398807369
A,D_A,100.0,5.37158853,0.00349904000000012,0.0013106707398807369
A,D_A,100.0,5.39231925,0.0024317300000000763,0.0013106707398807369
A,D_A,100.0,5.41333352,-0.001995340000000123,0.0013106707398807369
A,D_A,100.0,5.43434316,-0.001061139999999794,0.0013106707398807369
A,D_A,100.0,5.45530659,0.0033496399999999316,0.0013106707398807369
A,D_A,100.0,5.47618498,0.0003601499999998925,0.0013106707398807369
A,D_A,100.0,5.49715755,-0.0006508199999999409,0.0013106707398807369
A,D_A,100.0,5.51801586,0.0038360799999999085,0.0013106707398807369
A,D_A,100.0,5.53881995,0.0019693400000000416,0.0013106707398807369
A,D_A,100.0,5.55992514,-0.0010377900000000384,0.0013106707398807369
A,D_A,100.0,5.58098545,0.000959669999999857,0.0013106707398807369
A,D_A,100.0,5.60183772,0.007173120000000033,0.0013106707398807369
A,D_A,100.0,5.62277584,0.001998660000000152,0.0013106707398807369
A,D_A,100.0,5.64379172,-0.00037442999999992566,0.0013106707398807369
A,D_A,100.0,5.66460817,5.4170000000075547e-05,0.0013106707398807369
A,D_A,100.0,5.68556022,-0.002915430000000052,0.0013106707398807369
A,D_A,100.0,5.7067909,-0.0005882800000001076,0.0013106707398807369
A,D_A,100.0,5.72769317,0.00047376999999992897,0.0013106707398807369
A,D_A,100.0,5.74840017,-0.0007188200000001199,0.0013106707398807369
A,D_A,100.0,5.76938192,0.002622459999999993,0.0013106707398807369
A,D_A,100.0,5.79039764,-0.0032324999999999715,0.0013106707398807369
A,D_A,100.0,5.81144039,0.0032847100000001905,0.0013106707398807369
A,D_A,100.0,5.83232115,-0.0008126900000000603,0.0013106707398807369
A,D_A,100.0,5.85320209,0.0016572999999999727,0.0013106707398807369
A,D_A,100.0,5.87418919,0.001990999999999854,0.0013106707398807369
A,D_A,100.0,5.89509625,-0.0002854199999999807,0.0013106707398807369
A,D_A,100.0,5.9159726,0.001150149999999961,0.0013106707398807369
A,D_A,100.0,5.93682663,0.0034738100000000216,0.0013106707398807369
A,D_A,100.0,5.95791772,0.005765489999999929,0.0013106707398807369
A,D_A,100.0,5.97900675,-0.0006775699999999052,0.0013106707398807369
A,D_A,100.0,5.99978945,0.0010320199999998003,0.0013106707398807369
A,D_A,100.0,6.02063577,0.0035158699999999765,0.0013106707398807369
A,D_A,100.0,6.04156421,-0.0044827800000000195,0.0013106707398807369
A,D_A,100.0,6.06259364,0.0036971699999999164,0.0013106707398807369
A,D_A,100.0,6.08377541,-0.0014730400000000365,0.0013106707398807369
A,D_A,100.0,6.10447051,0.003682339999999895,0.0013106707398807369
A,D_A,100.0,6.12538157,0.0017306699999999342,0.0013106707398807369
A,D_A,100.0,6.14660689,-0.0019132099999998875,0.0013106707398807369
A,D_A,100.0,6.16752321,-0.0026743599999998757,0.0013106707398807369
A,D_A,100.0,6.18833806,-0.0021537899999999333,0.0013106707398807369
A,D_A,100.0,6.20938667,0.0031491699999999234,0.0013106707398807369
A,D_A,100.0,6.23052184,-0.00425160999999985,0.0013106707398807369
A,D_A,100.0,6.25137137,-0.0005794699999999153,0.0013106707398807369
A,D_A,100.0,6.27204484,0.0019386900000000207,0.0013106707398807369
A,D_A,100.0,6.29290789,-0.001631120000000097,0.0013106707398807369
A,D_A,100.0,6.31382104,0.002826030000000035,0.0013106707398807369
A,D_A,100.0,6.33495691,0.0027602099999999297,0.0013106707398807369
A,D_A,100.0,6.35600914,-0.0010996500000000076,0.0013106707398807369
A,D_A,100.0,6.37663869,0.0007684299999999311,0.0013106707398807369
A,D_A,100.0,6.39770954,-0.0008442699999999803,0.0013106707398807369
A,D_A,100.0,6.41872759,-0.0010183099999998557,0.0013106707398807369
A,D_A,100.0,6.43951457,0.002558319999999892,0.0013106707398807369
A,D_A,100.0,6.46033562,0.0011817100000000025,0.0013106707398807369
A,D_A,100.0,6.4814564,-0.00010324999999999918,0.0013106707398807369
A,D_A,100.0,6.50265681,-0.002978079999999883,0.0013106707398807369
A,D_A,100.0,6.52350383,-0.0025432299999998964,0.0013106707398807369
A,D_A,100.0,6.54427866,0.0005665400000001153,0.0013106707398807369
A,D_A,100.0,6.56515568,0.004120390000000196,0.0013106707398807369
A,D_A,100.0,6.58628576,-0.000772549999999983,0.0013106707398807369
A,D_A,100.0,6.60749316,0.006129460000000142,0.0013106707398807369
A,D_A,100.0,6.62830625,0.003373660000000056,0.0013106707398807369
A,D_A,100.0,6.64913567,-0.003184309999999968,0.0013106707398807369
A,D_A,100.0,6.67020149,-0.004505360000000014,0.0013106707398807369
A,D_A,100.0,6.69106898,0.005188410000000143,0.0013106707398807369
A,D_A,100.0,6.71185955,0.0007513100000000605,0.0013106707398807369
A,D_A,100.0,6.73264651,0.00464127999999997,0.0013106707398807369
A,D_A,100.0,6.7537045,0.00013591999999995608,0.0013106707398807369
A,D_A,100.0,6.77487174,0.001241690000000073,0.0013106707398807369
A,D_A,100.0,6.79557562,0.0017642300000000333,0.0013106707398807369
A,D_A,100.0,6.81648781,0.005894600000000194,0.0013106707398807369
A,D_A,100.0,6.83753747,0.002559509999999987,0.0013106707398807369
A,D_A,100.0,6.85867557,-0.004908209999999968,0.0013106707398807369
A,D_A,100.0,6.87985316,-0.002531250000000096,0.0013106707398807369
A,D_A,100.0,6.90065786,-0.0007429400000000808,0.0013106707398807369
A,D_A,100.0,6.92153112,0.001672090000000015,0.0013106707398807369
A,D_A,100.0,6.94229803,-0.0025465600000000865,0.0013106707398807369
A,D_A,100.0,6.9630016,-0.00018761999999994394,0.0013106707398807369
A,D_A,100.0,6.98416877,0.0031000799999998385,0.0013106707398807369
A,D_A,100.0,7.0052781,-0.0005043299999998307,0.0013106707398807369
A,D_A,100.0,7.02617612,0.003053409999999923,0.0013106707398807369
A,D_A,100.0,7.04699526,-0.00041602000000007244,0.0013106707398807369
A,D_A,100.0,7.06761685,-0.0016678999999999444,0.0013106707398807369
A,D_A,100.0,7.08873369,0.0027903199999999018,0.0013106707398807369
A,D_A,100.0,7.10994937,-0.003693329999999939,0.0013106707398807369
A,D_A,100.0,7.13102893,-0.0011659299999999817,0.0013106707398807369
A,D_A,100.0,7.15201412,-0.0008950700000001088,0.0013106707398807369
A,D_A,100.0,7.17271336,0.004796624000000027,0.0013106707398807369
A,D_A,100.0,7.19374266,-0.00042989000000015487,0.0013106707398807369
A,D_A,100.0,7.21473042,-0.0015241700000000469,0.0013106707398807369
A,D_A,100.0,7.23564263,0.004702299000000076,0.0013106707398807369
A,D_A,100.0,7.25666289,-0.002742443000000039,0.0013106707398807369
A,D_A,100.0,7.27757645,-0.0021833999999998355,0.0013106707398807369
A,D_A,100.0,7.2984411,0.0025502849999999855,0.0013106707398807369
A,D_A,100.0,7.31917384,-0.002609096000000033,0.0013106707398807369
A,D_A,100.0,7.34001688,-0.0016334319999999902,0.0013106707398807369
A,D_A,100.0,7.3611683,-3.255000000002006e-05,0.0013106707398807369
A,D_A,100.0,7.38224284,0.0034507520000000014,0.0013106707398807369
A,D_A,100.0,7.40324015,0.000486979000000054,0.0013106707398807369
A,D_A,100.0,7.42408854,0.0027546029999998556,0.0013106707398807369
A,D_A,100.0,7.44500634,-0.00022286999999998613,0.0013106707398807369
A,D_A,100.0,7.46595959,-0.0008674269999999762,0.0013106707398807369
A,D_A,100.0,7.48696308,-0.0015466749999999418,0.0013106707398807369
A,D_A,100.0,7.5079936,0.0014330069999999306,0.0013106707398807369
A,D_A,100.0,7.52871967,0.0001106829999999448,0.0013106707398807369
A,D_A,100.0,7.54966921,-0.0003528569999999842,0.0013106707398807369
A,D_A,100.0,7.57064902,-0.002131970000000094,0.0013106707398807369
A,D_A,100.0,7.59151428,-0.00329610300000005,0.0013106707398807369
A,D_A,100.0,7.6123809,0.0010852209999999696,0.0013106707398807369
A,D_A,100.0,7.63338324,-0.0005698050000000343,0.0013106707398807369
A,D_A,100.0,7.65450532,0.005238560000000003,0.0013106707398807369
A,D_A,100.0,7.67556944,-0.0023186800000000174,0.0013106707398807369
A,D_A,100.0,7.69637751,-0.00342580800000003,0.0013106707398807369
A,D_A,100.0,7.71727216,-0.0017733229999999933,0.0013106707398807369
A,D_A,100.0,7.73835725,-0.00020232700000000214,0.0013106707398807369
A,D_A,100.0,7.75934923,0.002907221000000071,0.0013106707398807369
A,D_A,100.0,7.78023116,0.0046761629999999554,0.0013106707398807369
A,D_A,100.0,7.80098697,0.0004640430000000251,0.0013106707398807369
A,D_A,100.0,7.82190677,-0.0033293869999999615,0.0013106707398807369
A,D_A,100.0,7.84304931,0.0011870999999999965,0.0013106707398807369
A,D_A,100.0,7.86405132,0.004392320000000005,0.0013106707398807369
A,D_A,100.0,7.88484553,-0.00025628600000005,0.0013106707398807369
A,D_A,100.0,7.90574885,-0.0012389160000000343,0.0013106707398807369
A,D_A,100.0,7.9267531,0.0030173660000000213,0.0013106707398807369
A,D_A,100.0,7.94765228,0.0003085629999999284,0.0013106707398807369
A,D_A,100.0,7.96842304,0.0015692779999999518,0.0013106707398807369
A,D_A,100.0,7.98938616,0.0008152229999999205,0.0013106707398807369
A,D_A,100.0,8.01050815,0.003120779999999934,0.0013106707398807369
A,D_A,100.0,8.03153334,-0.0014918059999999844,0.0013106707398807369
A,D_A,100.0,8.05240251,-0.004647319000000039,0.0013106707398807369
A,D_A,100.0,8.07332696,6.444199999999789e-05,0.0013106707398807369
A,D_A,100.0,8.09438514,-0.0004983370000000154,0.0013106707398807369
A,D_A,100.0,8.11529588,-0.0010244059999999777,0.0013106707398807369
A,D_A,100.0,8.13618411,-0.003740863999999955,0.0013106707398807369
A,D_A,100.0,8.15717855,-0.000919301000000039,0.0013106707398807369
A,D_A,100.0,8.17807847,-0.0017318530000000054,0.0013106707398807369
A,D_A,100.0,8.19905269,-0.002150601999999946,0.0013106707398807369
A,D_A,100.0,8.21991085,0.004217224000000019,0.0013106707398807369
A,D_A,100.0,8.24078529,0.000526160999999914,0.0013106707398807369
A,D_A,100.0,8.26195652,0.003408560000000005,0.0013106707398807369
A,D_A,100.0,8.28293039,0.0010800409999999205,0.0013106707398807369
A,D_A,100.0,8.30373423,-0.0021848270000000003,0.0013106707398807369
A,D_A,100.0,8.32452583,0.004056036000000041,0.0013106707398807369
A,D_A,100.0,8.34556221,-0.0033469799999999994,0.0013106707398807369
A,D_A,100.0,8.36671927,-0.0018008630000000414,0.0013106707398807369
A,D_A,100.0,8.38757523,9.554800000000085e-05,0.0013106707398807369
A,D_A,100.0,8.40855808,-0.002540848999999956,0.0013106707398807369
A,D_A,100.0,8.42953585,-0.0007714850000000162,0.0013106707398807369
A,D_A,100.0,8.45042977,-0.00414319800000007,0.0013106707398807369
A,D_A,100.0,8.47138662,-0.0011776130000000773,0.0013106707398807369
A,D_A,100.0,8.49217243,0.0036475410000000874,0.0013106707398807369
A,D_A,100.0,8.51321806,-0.0012078879999999348,0.0013106707398807369
A,D_A,100.0,8.53421183,-0.004571329999999985,0.0013106707398807369
A,D_A,100.0,8.55508292,-0.0021595770000000236,0.0013106707398807369
A,D_A,100.0,8.57598662,-0.0015880400000000128,0.0013106707398807369
A,D_A,100.0,8.59679232,0.002030536999999999,0.0013106707398807369
A,D_A,100.0,8.61783107,0.001827373000000021,0.0013106707398807369
A,D_A,100.0,8.63891768,-0.0008953290000000003,0.0013106707398807369
A,D_A,100.0,8.65972861,-0.0006328130000000654,0.0013106707398807369
A,D_A,100.0,8.68059853,0.00027980900000001974,0.0013106707398807369
A,D_A,100.0,8.70174168,-0.0011342930000000084,0.0013106707398807369
A,D_A,100.0,8.72279566,-0.0019678490000000215,0.0013106707398807369
A,D_A,100.0,8.74359241,0.004012076000000087,0.0013106707398807369
A,D_A,100.0,8.76424415,0.00047530200000001077,0.0013106707398807369
A,D_A,100.0,8.78526729,-0.001677287999999999,0.0013106707398807369
A,D_A,100.0,8.80637189,-0.001680074999999892,0.0013106707398807369
A,D_A,100.0,8.82736896,-0.00020627799999994867,0.0013106707398807369
A,D_A,100.0,8.84843212,-0.0025628139999999133,0.0013106707398807369
A,D_A,100.0,8.86933197,0.00036370499999993644,0.0013106707398807369
A,D_A,100.0,8.89026857,7.326699999998798e-05,0.0013106707398807369
A,D_A,100.0,8.91123702,-0.00048260300000002587,0.0013106707398807369
A,D_A,100.0,8.93214776,-0.0004026219999999636,0.0013106707398807369
A,D_A,100.0,8.95312097,0.004793904999999987,0.0013106707398807369
A,D_A,100.0,8.9741304,-0.0005340200000000239,0.0013106707398807369
A,D_A,100.0,8.99505705,0.0006599449999999951,0.0013106707398807369
A,D_A,100.0,9.01571368,0.0036983429999999373,0.0013106707398807369
A,D_A,100.0,9.03640927,-0.0018972729999999771,0.0013106707398807369
A,D_A,100.0,9.05755121,0.001581229999999989,0.0013106707398807369
A,D_A,100.0,9.07868023,-0.003850177999999982,0.0013106707398807369
A,D_A,100.0,9.09969513,0.002434268000000017,0.0013106707398807369
A,D_A,100.0,9.1205658,0.0013377359999999783,0.0013106707398807369
A,D_A,100.0,9.14137844,-0.0038261319999999266,0.0013106707398807369
A,D_A,100.0,9.16237082,0.0038160400000000205,0.0013106707398807369
A,D_A,100.0,9.18339441,-0.005090559999999966,0.0013106707398807369
A,D_A,100.0,9.20447395,0.004671650999999999,0.0013106707398807369
A,D_A,100.0,9.22549281,0.0021424759999999488,0.0013106707398807369
A,D_A,100.0,9.2463962,-0.002194989000000036,0.0013106707398807369
A,D_A,100.0,9.26722673,-0.0012364910000000062,0.0013106707398807369
A,D_A,100.0,9.28791689,0.0006996140000000706,0.0013106707398807369
A,D_A,100.0,9.30892724,0.0025753570000000003,0.0013106707398807369
A,D_A,100.0,9.33003065,-0.004941383000000021,0.0013106707398807369
A,D_A,100.0,9.35102864,-0.0017666789999999377,0.0013106707398807369
A,D_A,100.0,9.37196601,-0.0015565829999999448,0.0013106707398807369
A,D_A,100.0,9.39258783,0.0032643909999999776,0.0013106707398807369
A,D_A,100.0,9.41349621,0.0017455870000000484,0.0013106707398807369
A,D_A,100.0,9.4347927,0.0015889710000001056,0.0013106707398807369
A,D_A,100.0,9.45587737,-0.0005809199999999848,0.0013106707398807369
A,D_A,100.0,9.47676866,-0.003867057999999979,0.0013106707398807369
A,D_A,100.0,9.49762777,-0.0017424420000000662,0.0013106707398807369
A,D_A,100.0,9.51852362,-0.0015400119999999795,0.0013106707398807369
A,D_A,100.0,9.53939795,0.0013760240000000312,0.0013106707398807369
A,D_A,100.0,9.56035551,-0.00303047100000009,0.0013106707398807369
A,D_A,100.0,9.58149741,-0.002706207000000016,0.0013106707398807369
A,D_A,100.0,9.60249587,0.001003478000000002,0.0013106707398807369
A,D_A,100.0,9.62336478,-0.0024964680000000294,0.0013106707398807369
A,D_A,100.0,9.64415055,-0.00022611100000002882,0.0013106707398807369
A,D_A,100.0,9.66502224,0.0017534479999999908,0.0013106707398807369
A,D_A,100.0,9.68597433,-0.004676977000000027,0.0013106707398807369
A,D_A,100.0,9.7069728,-0.0007951730000000934,0.0013106707398807369
A,D_A,100.0,9.72797765,-0.0011406769999999788,0.0013106707398807369
A,D_A,100.0,9.74896401,0.001075358999999998,0.0013106707398807369
A,D_A,100.0,9.76996217,0.002708824000000054,0.0013106707398807369
A,D_A,100.0,9.79085678,-0.00033002100000001366,0.0013106707398807369
A,D_A,100.0,9.81166698,-0.001691028999999955,0.0013106707398807369
A,D_A,100.0,9.83262494,-0.0021761929999999374,0.0013106707398807369
A,D_A,100.0,9.85372265,-0.004012691000000013,0.0013106707398807369
A,D_A,100.0,9.87472665,0.00013903900000000746,0.0013106707398807369
A,D_A,100.0,9.89559934,0.002211534999999931,0.0013106707398807369
A,D_A,100.0,9.91635289,0.001182045000000076,0.0013106707398807369
A,D_A,100.0,9.93737645,-0.0034378790000000325,0.0013106707398807369
A,D_A,100.0,9.95856995,-0.00034930999999993606,0.0013106707398807369
A,D_A,100.0,9.97940815,0.0014092890000000358,0.0013106707398807369
A,D_A,100.0,10.000082,0.0011464629999999865,0.0013106707398807369
B,h,0.0,0.0252815853,0.0,0.0
B,h,0.0,0.0486976344,0.0,0.0
B,h,0.0,0.0692644017,0.0,0.0
B,h,0.0,0.08877835,0.0,0.0
B,h,0.0,0.111604297,0.0,0.0
B,h,0.0,0.132731806,0.0,0.0
B,h,0.0,0.153672181,0.0,0.0
B,h,0.0,0.175641863,0.0,0.0
B,h,0.0,0.196615509,0.0,0.0
B,h,0.0,0.217326708,0.0,0.0
B,h,0.0,0.237538457,0.0,0.0
B,h,0.0,0.258148683,0.0,0.0
B,h,0.0,0.28040349,0.0,0.0
B,h,0.0,0.301929084,0.0,0.0
B,h,0.0,0.322287413,0.0,0.0
B,h,0.0,0.342663331,0.0,0.0
B,h,0.0,0.363641289,0.0,0.0
B,h,0.0,0.385602948,0.0,0.0
B,h,0.0,0.406737165,0.0,0.0
B,h,0.0,0.427001871,0.0,0.0
B,h,0.0,0.448754416,0.0,0.0
B,h,0.0,0.469601745,0.0,0.0
B,h,0.0,0.489805379,0.0,0.0
B,h,0.0,0.510302494,0.0,0.0
B,h,0.0,0.53178319,0.0,0.0
B,h,0.0,0.553922362,0.0,0.0
B,h,0.0,0.574670041,0.0,0.0
B,h,0.0,0.594645701,0.0,0.0
B,h,0.0,0.615540037,0.0,0.0
B,h,0.0,0.636554081,0.0,0.0
B,h,0.0,0.658102417,0.0,0.0
B,h,0.0,0.679189641,0.0,0.0
B,h,0.0,0.700054044,0.0,0.0
B,h,0.0,0.721329826,0.0,0.0
B,h,0.0,0.742033923,0.0,0.0
B,h,0.0,0.762614581,0.0,0.0
B,h,0.0,0.783270495,0.0,0.0
B,h,0.0,0.804783918,0.0,0.0
B,h,0.0,0.826095906,0.0,0.0
B,h,0.0,0.846303977,0.0,0.0
B,h,0.0,0.867174819,0.0,0.0
B,h,0.0,0.888413258,0.0,0.0
B,h,0.0,0.909910564,0.0,0.0
B,h,0.0,0.931134698,0.0,0.0
B,h,0.0,0.951563161,0.0,0.0
B,h,0.0,0.972160451,0.0,0.0
B,h,0.0,0.993008165,0.0,0.0
B,h,0.0,1.0140906,0.0,0.0
B,h,0.0,1.03500338,0.0,0.0
B,h,0.0,1.05657413,0.0,0.0
B,h,0.0,1.07789814,0.0,0.0
B,h,0.0,1.09835045,0.0,0.0
B,h,0.0,1.11903902,0.0,0.0
B,h,0.0,1.1396405,0.0,0.0
B,h,0.0,1.16109193,0.0,0.0
B,h,0.0,1.18227503,0.0,0.0
B,h,0.0,1.2030555,0.0,0.0
B,h,0.0,1.22375183,0.0,0.0
B,h,0.0,1.24453484,0.0,0.0
B,h,0.0,1.26570671,0.0,0.0
B,h,0.0,1.28693994,0.0,0.0
B,h,0.0,1.30807124,0.0,0.0
B,h,0.0,1.32889646,0.0,0.0
B,h,0.0,1.34945121,0.0,0.0
B,h,0.0,1.37055188,0.0,0.0
B,h,0.0,1.39148285,0.0,0.0
B,h,0.0,1.41220445,0.0,0.0
B,h,0.0,1.43352474,0.0,0.0
B,h,0.0,1.45454751,0.0,0.0
B,h,0.0,1.47511055,0.0,0.0
B,h,0.0,1.49566583,0.0,0.0
B,h,0.0,1.51690776,0.0,0.0
B,h,0.0,1.53826425,0.0,0.0
B,h,0.0,1.55931449,0.0,0.0
B,h,0.0,1.58012172,0.0,0.0
B,h,0.0,1.60114355,0.0,0.0
B,h,0.0,1.62229155,0.0,0.0
B,h,0.0,1.64295947,0.0,0.0
B,h,0.0,1.66366432,0.0,0.0
B,h,0.0,1.68478217,0.0,0.0
B,h,0.0,1.7057485,0.0,0.0
B,h,0.0,1.72683745,0.0,0.0
B,h,0.0,1.74765849,0.0,0.0
B,h,0.0,1.76847487,0.0,0.0
B,h,0.0,1.78961871,0.0,0.0
B,h,0.0,1.81086098,0.0,0.0
B,h,0.0,1.83179094,0.0,0.0
B,h,0.0,1.8521746,0.0,0.0
B,h,0.0,1.8733654,0.0,0.0
B,h,0.0,1.89455538,0.0,0.0
B,h,0.0,1.91534795,0.0,0.0
B,h,0.0,1.93623233,0.0,0.0
B,h,0.0,1.9571481,0.0,0.0
B,h,0.0,1.97825109,0.0,0.0
B,h,0.0,1.99905898,0.0,0.0
B,h,0.0,2.01966715,0.0,0.0
B,h,0.0,2.04082415,0.0,0.0
B,h,0.0,2.06193171,0.0,0.0
B,h,0.0,2.08296048,0.0,0.0
B,h,0.0,2.10383017,0.0,0.0
B,h,0.0,2.12494312,0.0,0.0
B,h,0.0,2.14618475,0.0,0.0
B,h,0.0,2.16679298,0.0,0.0
B,h,0.0,2.18753482,0.0,0.0
B,h,0.0,2.20847027,0.0,0.0
B,h,0.0,2.22955181,0.0,0.0
B,h,0.0,2.25078374,0.0,0.0
B,h,0.0,2.27150159,0.0,0.0
B,h,0.0,2.29205574,0.0,0.0
B,h,0.0,2.31294326,0.0,0.0
B,h,0.0,2.3340363,0.0,0.0
B,h,0.0,2.35514399,0.0,0.0
B,h,0.0,2.37607726,0.0,0.0
B,h,0.0,2.39730341,0.0,0.0
B,h,0.0,2.41857203,0.0,0.0
B,h,0.0,2.43911056,0.0,0.0
B,h,0.0,2.45988005,0.0,0.0
B,h,0.0,2.48094151,0.0,0.0
B,h,0.0,2.50196601,0.0,0.0
B,h,0.0,2.52300496,0.0,0.0
B,h,0.0,2.54340089,0.0,0.0
B,h,0.0,2.56415297,0.0,0.0
B,h,0.0,2.58575836,0.0,0.0
B,h,0.0,2.60684428,0.0,0.0
B,h,0.0,2.62775949,0.0,0.0
B,h,0.0,2.64834355,0.0,0.0
B,h,0.0,2.66912062,0.0,0.0
B,h,0.0,2.69039946,0.0,0.0
B,h,0.0,2.71121518,0.0,0.0
B,h,0.0,2.7321837,0.0,0.0
B,h,0.0,2.75306239,0.0,0.0
B,h,0.0,2.77427049,0.0,0.0
B,h,0.0,2.79557932,0.0,0.0
B,h,0.0,2.8160646,0.0,0.0
B,h,0.0,2.83689478,0.0,0.0
B,h,0.0,2.85801727,0.0,0.0
B,h,0.0,2.87906973,0.0,0.0
B,h,0.0,2.89996898,0.0,0.0
B,h,0.0,2.92062944,0.0,0.0
B,h,0.0,2.941605,0.0,0.0
B,h,0.0,2.96267076,0.0,0.0
B,h,0.0,2.98347442,0.0,0.0
B,h,0.0,3.00437656,0.0,0.0
B,h,0.0,3.02542142,0.0,0.0
B,h,0.0,3.04658726,0.0,0.0
B,h,0.0,3.06768101,0.0,0.0
B,h,0.0,3.088328,0.0,0.0
B,h,0.0,3.10931167,0.0,0.0
B,h,0.0,3.1305457,0.0,0.0
B,h,0.0,3.15150209,0.0,0.0
B,h,0.0,3.17219014,0.0,0.0
B,h,0.0,3.19299024,0.0,0.0
B,h,0.0,3.21390436,0.0,0.0
B,h,0.0,3.23506564,0.0,0.0
B,h,0.0,3.25605387,0.0,0.0
B,h,0.0,3.27685776,0.0,0.0
B,h,0.0,3.29794723,0.0,0.0
B,h,0.0,3.31884778,0.0,0.0
B,h,0.0,3.33944269,0.0,0.0
B,h,0.0,3.36030612,0.0,0.0
B,h,0.0,3.38171654,0.0,0.0
B,h,0.0,3.40297495,0.0,0.0
B,h,0.0,3.42370792,0.0,0.0
B,h,0.0,3.44440875,0.0,0.0
B,h,0.0,3.465315,0.0,0.0
B,h,0.0,3.4865867,0.0,0.0
B,h,0.0,3.50751221,0.0,0.0
B,h,0.0,3.52796741,0.0,0.0
B,h,0.0,3.5488788,0.0,0.0
B,h,0.0,3.57014151,0.0,0.0
B,h,0.0,3.59120365,0.0,0.0
B,h,0.0,3.61190928,0.0,0.0
B,h,0.0,3.63300558,0.0,0.0
B,h,0.0,3.6541422,0.0,0.0
B,h,0.0,3.67500902,0.0,0.0
B,h,0.0,3.69581564,0.0,0.0
B,h,0.0,3.71644729,0.0,0.0
B,h,0.0,3.73749774,0.0,0.0
B,h,0.0,3.75868086,0.0,0.0
B,h,0.0,3.77950549,0.0,0.0
B,h,0.0,3.80027286,0.0,0.0
B,h,0.0,3.82143123,0.0,0.0
B,h,0.0,3.84280481,0.0,0.0
B,h,0.0,3.86349282,0.0,0.0
B,h,0.0,3.88417456,0.0,0.0
B,h,0.0,3.90535419,0.0,0.0
B,h,0.0,3.9264697,0.0,0.0
B,h,0.0,3.94738681,0.0,0.0
B,h,0.0,3.96810309,0.0,0.0
B,h,0.0,3.98888694,0.0,0.0
B,h,0.0,4.00993371,0.0,0.0
B,h,0.0,4.03080983,0.0,0.0
B,h,0.0,4.05178039,0.0,0.0
B,h,0.0,4.07276799,0.0,0.0
B,h,0.0,4.09368684,0.0,0.0
B,h,0.0,4.11485609,0.0,0.0
B,h,0.0,4.13583188,0.0,0.0
B,h,0.0,4.15670688,0.0,0.0
B,h,0.0,4.17758774,0.0,0.0
B,h,0.0,4.19867141,0.0,0.0
B,h,0.0,4.21961517,0.0,0.0
B,h,0.0,4.24013393,0.0,0.0
B,h,0.0,4.26119077,0.0,0.0
B,h,0.0,4.28239268,0.0,0.0
B,h,0.0,4.30342826,0.0,0.0
B,h,0.0,4.32431592,0.0,0.0
B,h,0.0,4.34508479,0.0,0.0
B,h,0.0,4.36604259,0.0,0.0
B,h,0.0,4.38708086,0.0,0.0
B,h,0.0,4.40778797,0.0,0.0
B,h,0.0,4.4288526,0.0,0.0
B,h,0.0,4.44994967,0.0,0.0
B,h,0.0,4.47085438,0.0,0.0
B,h,0.0,4.49188801,0.0,0.0
B,h,0.0,4.51250216,0.0,0.0
B,h,0.0,4.5334461,0.0,0.0
B,h,0.0,4.55463591,0.0,0.0
B,h,0.0,4.57547609,0.0,0.0
B,h,0.0,4.59643311,0.0,0.0
B,h,0.0,4.61732903,0.0,0.0
B,h,0.0,4.63833098,0.0,0.0
B,h,0.0,4.65949324,0.0,0.0
B,h,0.0,4.68039693,0.0,0.0
B,h,0.0,4.70136745,0.0,0.0
B,h,0.0,4.72221533,0.0,0.0
B,h,0.0,4.74309374,0.0,0.0
B,h,0.0,4.76390784,0.0,0.0
B,h,0.0,4.78491795,0.0,0.0
B,h,0.0,4.80636204,0.0,0.0
B,h,0.0,4.82728449,0.0,0.0
B,h,0.0,4.84785524,0.0,0.0
B,h,0.0,4.86859731,0.0,0.0
B,h,0.0,4.88954319,0.0,0.0
B,h,0.0,4.91078695,0.0,0.0
B,h,0.0,4.93172016,0.0,0.0
B,h,0.0,4.95244063,0.0,0.0
B,h,0.0,4.97348932,0.0,0.0
B,h,0.0,4.994309,0.0,0.0
B,h,0.0,5.01515697,0.0,0.0
B,h,0.0,5.03598003,0.0,0.0
B,h,0.0,5.05703237,0.0,0.0
B,h,0.0,5.07840332,0.0,0.0
B,h,0.0,5.09943841,0.0,0.0
B,h,0.0,5.12032938,0.0,0.0
B,h,0.0,5.14107614,0.0,0.0
B,h,0.0,5.16214077,0.0,0.0
B,h,0.0,5.18341099,0.0,0.0
B,h,0.0,5.2041075,0.0,0.0
B,h,0.0,5.22477891,0.0,0.0
B,h,0.0,5.24557967,0.0,0.0
B,h,0.0,5.26649236,0.0,0.0
B,h,0.0,5.28753131,0.0,0.0
B,h,0.0,5.30847064,0.0,0.0
B,h,0.0,5.32946745,0.0,0.0
B,h,0.0,5.3506922,0.0,0.0
B,h,0.0,5.37158853,0.0,0.0
B,h,0.0,5.39231925,0.0,0.0
B,h,0.0,5.41333352,0.0,0.0
B,h,0.0,5.43434316,0.0,0.0
B,h,0.0,5.45530659,0.0,0.0
B,h,0.0,5.47618498,0.0,0.0
B,h,0.0,5.49715755,0.0,0.0
B,h,0.0,5.51801586,0.0,0.0
B,h,0.0,5.53881995,0.0,0.0
B,h,0.0,5.55992514,0.0,0.0
B,h,0.0,5.58098545,0.0,0.0
B,h,0.0,5.60183772,0.0,0.0
B,h,0.0,5.62277584,0.0,0.0
B,h,0.0,5.64379172,0.0,0.0
B,h,0.0,5.66460817,0.0,0.0
B,h,0.0,5.68556022,0.0,0.0
B,h,0.0,5.7067909,0.0,0.0
B,h,0.0,5.72769317,0.0,0.0
B,h,0.0,5.74840017,0.0,0.0
B,h,0.0,5.76938192,0.0,0.0
B,h,0.0,5.79039764,0.0,0.0
B,h,0.0,5.81144039,0.0,0.0
B,h,0.0,5.83232115,0.0,0.0
B,h,0.0,5.85320209,0.0,0.0
B,h,0.0,5.87418919,0.0,0.0
B,h,0.0,5.89509625,0.0,0.0
B,h,0.0,5.9159726,0.0,0.0
B,h,0.0,5.93682663,0.0,0.0
B,h,0.0,5.95791772,0.0,0.0
B,h,0.0,5.97900675,0.0,0.0
B,h,0.0,5.99978945,0.0,0.0
B,h,0.0,6.02063577,0.0,0.0
B,h,0.0,6.04156421,0.0,0.0
B,h,0.0,6.06259364,0.0,0.0
B,h,0.0,6.08377541,0.0,0.0
B,h,0.0,6.10447051,0.0,0.0
B,h,0.0,6.12538157,0.0,0.0
B,h,0.0,6.14660689,0.0,0.0
B,h,0.0,6.16752321,0.0,0.0
B,h,0.0,6.18833806,0.0,0.0
B,h,0.0,6.20938667,0.0,0.0
B,h,0.0,6.23052184,0.0,0.0
B,h,0.0,6.25137137,0.0,0.0
B,h,0.0,6.27204484,0.0,0.0
B,h,0.0,6.29290789,0.0,0.0
B,h,0.0,6.31382104,0.0,0.0
B,h,0.0,6.33495691,0.0,0.0
B,h,0.0,6.35600914,0.0,0.0
B,h,0.0,6.37663869,0.0,0.0
B,h,0.0,6.39770954,0.0,0.0
B,h,0.0,6.41872759,0.0,0.0
B,h,0.0,6.43951457,0.0,0.0
B,h,0.0,6.46033562,0.0,0.0
B,h,0.0,6.4814564,0.0,0.0
B,h,0.0,6.50265681,0.0,0.0
B,h,0.0,6.52350383,0.0,0.0
B,h,0.0,6.54427866,0.0,0.0
B,h,0.0,6.56515568,0.0,0.0
B,h,0.0,6.58628576,0.0,0.0
B,h,0.0,6.60749316,0.0,0.0
B,h,0.0,6.62830625,0.0,0.0
B,h,0.0,6.64913567,0.0,0.0
B,h,0.0,6.67020149,0.0,0.0
B,h,0.0,6.69106898,0.0,0.0
B,h,0.0,6.71185955,0.0,0.0
B,h,0.0,6.73264651,0.0,0.0
B,h,0.0,6.7537045,0.0,0.0
B,h,0.0,6.77487174,0.0,0.0
B,h,0.0,6.79557562,0.0,0.0
B,h,0.0,6.81648781,0.0,0.0
B,h,0.0,6.83753747,0.0,0.0
B,h,0.0,6.85867557,0.0,0.0
B,h,0.0,6.87985316,0.0,0.0
B,h,0.0,6.90065786,0.0,0.0
B,h,0.0,6.92153112,0.0,0.0
B,h,0.0,6.94229803,0.0,0.0
B,h,0.0,6.9630016,0.0,0.0
B,h,0.0,6.98416877,0.0,0.0
B,h,0.0,7.0052781,0.0,0.0
B,h,0.0,7.02617612,0.0,0.0
B,h,0.0,7.04699526,0.0,0.0
B,h,0.0,7.06761685,0.0,0.0
B,h,0.0,7.08873369,0.0,0.0
B,h,0.0,7.10994937,0.0,0.0
B,h,0.0,7.13102893,0.0,0.0
B,h,0.0,7.15201412,0.0,0.0
B,h,0.0,7.17271336,0.0,0.0
B,h,0.0,7.19374266,0.0,0.0
B,h,0.0,7.21473042,0.0,0.0
B,h,0.0,7.23564263,0.0,0.0
B,h,0.0,7.25666289,0.0,0.0
B,h,0.0,7.27757645,0.0,0.0
B,h,0.0,7.2984411,0.0,0.0
B,h,0.0,7.31917384,0.0,0.0
B,h,0.0,7.34001688,0.0,0.0
B,h,0.0,7.3611683,0.0,0.0
B,h,0.0,7.38224284,0.0,0.0
B,h,0.0,7.40324015,0.0,0.0
B,h,0.0,7.42408854,0.0,0.0
B,h,0.0,7.44500634,0.0,0.0
B,h,0.0,7.46595959,0.0,0.0
B,h,0.0,7.48696308,0.0,0.0
B,h,0.0,7.5079936,0.0,0.0
B,h,0.0,7.52871967,0.0,0.0
B,h,0.0,7.54966921,0.0,0.0
B,h,0.0,7.57064902,0.0,0.0
B,h,0.0,7.59151428,0.0,0.0
B,h,0.0,7.6123809,0.0,0.0
B,h,0.0,7.63338324,0.0,0.0
B,h,0.0,7.65450532,0.0,0.0
B,h,0.0,7.67556944,0.0,0.0
B,h,0.0,7.69637751,0.0,0.0
B,h,0.0,7.71727216,0.0,0.0
B,h,0.0,7.73835725,0.0,0.0
B,h,0.0,7.75934923,0.0,0.0
B,h,0.0,7.78023116,0.0,0.0
B,h,0.0,7.80098697,0.0,0.0
B,h,0.0,7.82190677,0.0,0.0
B,h,0.0,7.84304931,0.0,0.0
B,h,0.0,7.86405132,0.0,0.0
B,h,0.0,7.88484553,0.0,0.0
B,h,0.0,7.90574885,0.0,0.0
B,h,0.0,7.9267531,0.0,0.0
B,h,0.0,7.94765228,0.0,0.0
B,h,0.0,7.96842304,0.0,0.0
B,h,0.0,7.98938616,0.0,0.0
B,h,0.0,8.01050815,0.0,0.0
B,h,0.0,8.03153334,0.0,0.0
B,h,0.0,8.05240251,0.0,0.0
B,h,0.0,8.07332696,0.0,0.0
B,h,0.0,8.09438514,0.0,0.0
B,h,0.0,8.11529588,0.0,0.0
B,h,0.0,8.13618411,0.0,0.0
B,h,0.0,8.15717855,0.0,0.0
B,h,0.0,8.17807847,0.0,0.0
B,h,0.0,8.19905269,0.0,0.0
B,h,0.0,8.21991085,0.0,0.0
B,h,0.0,8.24078529,0.0,0.0
B,h,0.0,8.26195652,0.0,0.0
B,h,0.0,8.28293039,0.0,0.0
B,h,0.0,8.30373423,0.0,0.0
B,h,0.0,8.32452583,0.0,0.0
B,h,0.0,8.34556221,0.0,0.0
B,h,0.0,8.36671927,0.0,0.0
B,h,0.0,8.38757523,0.0,0.0
B,h,0.0,8.40855808,0.0,0.0
B,h,0.0,8.42953585,0.0,0.0
B,h,0.0,8.45042977,0.0,0.0
B,h,0.0,8.47138662,0.0,0.0
B,h,0.0,8.49217243,0.0,0.0
B,h,0.0,8.51321806,0.0,0.0
B,h,0.0,8.53421183,0.0,0.0
B,h,0.0,8.55508292,0.0,0.0
B,h,0.0,8.57598662,0.0,0.0
B,h,0.0,8.59679232,0.0,0.0
B,h,0.0,8.61783107,0.0,0.0
B,h,0.0,8.63891768,0.0,0.0
B,h,0.0,8.65972861,0.0,0.0
B,h,0.0,8.68059853,0.0,0.0
B,h,0.0,8.70174168,0.0,0.0
B,h,0.0,8.72279566,0.0,0.0
B,h,0.0,8.74359241,0.0,0.0
B,h,0.0,8.76424415,0.0,0.0
B,h,0.0,8.78526729,0.0,0.0
B,h,0.0,8.80637189,0.0,0.0
B,h,0.0,8.82736896,0.0,0.0
B,h,0.0,8.84843212,0.0,0.0
B,h,0.0,8.86933197,0.0,0.0
B,h,0.0,8.89026857,0.0,0.0
B,h,0.0,8.91123702,0.0,0.0
B,h,0.0,8.93214776,0.0,0.0
B,h,0.0,8.95312097,0.0,0.0
B,h,0.0,8.9741304,0.0,0.0
B,h,0.0,8.99505705,0.0,0.0
B,h,0.0,9.01571368,0.0,0.0
B,h,0.0,9.03640927,0.0,0.0
B,h,0.0,9.05755121,0.0,0.0
B,h,0.0,9.07868023,0.0,0.0
B,h,0.0,9.09969513,0.0,0.0
B,h,0.0,9.1205658,0.0,0.0
B,h,0.0,9.14137844,0.0,0.0
B,h,0.0,9.16237082,0.0,0.0
B,h,0.0,9.18339441,0.0,0.0
B,h,0.0,9.20447395,0.0,0.0
B,h,0.0,9.22549281,0.0,0.0
B,h,0.0,9.2463962,0.0,0.0
B,h,0.0,9.26722673,0.0,0.0
B,h,0.0,9.28791689,0.0,0.0
B,h,0.0,9.30892724,0.0,0.0
B,h,0.0,9.33003065,0.0,0.0
B,h,0.0,9.35102864,0.0,0.0
B,h,0.0,9.37196601,0.0,0.0
B,h,0.0,9.39258783,0.0,0.0
B,h,0.0,9.41349621,0.0,0.0
B,h,0.0,9.4347927,0.0,0.0
B,h,0.0,9.45587737,0.0,0.0
B,h,0.0,9.47676866,0.0,0.0
B,h,0.0,9.49762777,0.0,0.0
B,h,0.0,9.51852362,0.0,0.0
B,h,0.0,9.53939795,0.0,0.0
B,h,0.0,9.56035551,0.0,0.0
B,h,0.0,9.58149741,0.0,0.0
B,h,0.0,9.60249587,0.0,0.0
B,h,0.0,9.62336478,0.0,0.0
B,h,0.0,9.64415055,0.0,0.0
B,h,0.0,9.66502224,0.0,0.0
B,h,0.0,9.68597433,0.0,0.0
B,h,0.0,9.7069728,0.0,0.0
B,h,0.0,9.72797765,0.0,0.0
B,h,0.0,9.74896401,0.0,0.0
B,h,0.0,9.76996217,0.0,0.0
B,h,0.0,9.79085678,0.0,0.0
B,h,0.0,9.81166698,0.0,0.0
B,h,0.0,9.83262494,0.0,0.0
B,h,0.0,9.85372265,0.0,0.0
B,h,0.0,9.87472665,0.0,0.0
B,h,0.0,9.89559934,0.0,0.0
B,h,0.0,9.91635289,0.0,0.0
B,h,0.0,9.93737645,0.0,0.0
B,h,0.0,9.95856995,0.0,0.0
B,h,0.0,9.97940815,0.0,0.0
B,h,0.0,10.000082,0.0,0.0
B,h,0.2,0.0252815853,0.001572289279,0.0018510629607517743
B,h,0.2,0.0486976344,0.00188171947,0.0018510629607517743
B,h,0.2,0.0692644017,0.0018129964400000003,0.0018510629607517743
B,h,0.2,0.08877835,0.0019771445799999995,0.0018510629607517743
B,h,0.2,0.111604297,0.0013352203400000002,0.0018510629607517743
B,h,0.2,0.132731806,0.0014208533999999998,0.0018510629607517743
B,h,0.2,0.153672181,0.0011263177000000006,0.0018510629607517743
B,h,0.2,0.175641863,0.0016927433000000006,0.0018510629607517743
B,h,0.2,0.196615509,0.0020050673,0.0018510629607517743
B,h,0.2,0.217326708,0.0019458436999999981,0.0018510629607517743
B,h,0.2,0.237538457,0.0015162868000000024,0.0018510629607517743
B,h,0.2,0.258148683,0.0010952554000000017,0.0018510629607517743
B,h,0.2,0.28040349,0.0010646644999999996,0.0018510629607517743
B,h,0.2,0.301929084,0.0017646198999999863,0.0018510629607517743
B,h,0.2,0.322287413,0.002587338099999989,0.0018510629607517743
B,h,0.2,0.342663331,0.0011229396000000114,0.0018510629607517743
B,h,0.2,0.363641289,0.0005002744000000003,0.0018510629607517743
B,h,0.2,0.385602948,0.00020534699999999462,0.0018510629607517743
B,h,0.2,0.406737165,0.0014201030000000059,0.0018510629607517743
B,h,0.2,0.427001871,0.000807471000000004,0.0018510629607517743
B,h,0.2,0.448754416,0.00013395099999999327,0.0018510629607517743
B,h,0.2,0.469601745,0.0032108190000000036,0.0018510629607517743
B,h,0.2,0.489805379,0.0003442110000000109,0.0018510629607517743
B,h,0.2,0.510302494,0.0006876880000000196,0.0018510629607517743
B,h,0.2,0.53178319,0.0015291000000000055,0.0018510629607517743
B,h,0.2,0.553922362,-0.0018287569999999864,0.0018510629607517743
B,h,0.2,0.574670041,-0.0018555599999999783,0.0018510629607517743
B,h,0.2,0.594645701,0.0011117350000000026,0.0018510629607517743
B,h,0.2,0.615540037,0.002821126000000007,0.0018510629607517743
B,h,0.2,0.636554081,-0.000239284999999978,0.0018510629607517743
B,h,0.2,0.658102417,0.00023803599999999703,0.0018510629607517743
B,h,0.2,0.679189641,-0.0025683040000000212,0.0018510629607517743
B,h,0.2,0.700054044,0.005194672000000011,0.0018510629607517743
B,h,0.2,0.721329826,-0.0030224909999999605,0.0018510629607517743
B,h,0.2,0.742033923,-0.0014678820000000314,0.0018510629607517743
B,h,0.2,0.762614581,0.003169880000000014,0.0018510629607517743
B,h,0.2,0.783270495,0.002551289999999984,0.0018510629607517743
B,h,0.2,0.804783918,-0.00014393100000004155,0.0018510629607517743
B,h,0.2,0.826095906,0.002366772000000017,0.0018510629607517743
B,h,0.2,0.846303977,0.00041286299999998555,0.0018510629607517743
B,h,0.2,0.867174819,-0.0016854920000000106,0.0018510629607517743
B,h,0.2,0.888413258,0.0027110750000000072,0.0018510629607517743
B,h,0.2,0.909910564,0.001126764999999974,0.0018510629607517743
B,h,0.2,0.931134698,-0.0025763020000000303,0.0018510629607517743
B,h,0.2,0.951563161,-0.0016928819999999511,0.0018510629607517743
B,h,0.2,0.972160451,0.0031364830000000232,0.0018510629607517743
B,h,0.2,0.993008165,-0.0038920730000000514,0.0018510629607517743
B,h,0.2,1.0140906,-0.004335874999999989,0.0018510629607517743
B,h,0.2,1.03500338,-0.0031968989999999753,0.0018510629607517743
B,h,0.2,1.05657413,-0.0003975250000000097,0.0018510629607517743
B,h,0.2,1.07789814,0.0013795149999999978,0.0018510629607517743
B,h,0.2,1.09835045,-0.0011115609999999831,0.0018510629607517743
B,h,0.2,1.11903902,-0.0041933940000000725,0.0018510629607517743
B,h,0.2,1.1396405,-0.0007258489999999451,0.0018510629607517743
B,h,0.2,1.16109193,0.004421777000000016,0.0018510629607517743
B,h,0.2,1.18227503,-0.00030602400000001584,0.0018510629607517743
B,h,0.2,1.2030555,0.0007967540000000106,0.0018510629607517743
B,h,0.2,1.22375183,0.004640031999999961,0.0018510629607517743
B,h,0.2,1.24453484,0.002585928000000015,0.0018510629607517743
B,h,0.2,1.26570671,0.003249422000000002,0.0018510629607517743
B,h,0.2,1.28693994,0.004377681000000022,0.0018510629607517743
B,h,0.2,1.30807124,0.0019175399999999954,0.0018510629607517743
B,h,0.2,1.32889646,0.0007963250000000421,0.0018510629607517743
B,h,0.2,1.34945121,-0.005210669999999973,0.0018510629607517743
B,h,0.2,1.37055188,0.0052325029999999995,0.0018510629607517743
B,h,0.2,1.39148285,-0.0008041109999999962,0.0018510629607517743
B,h,0.2,1.41220445,0.010618652999999978,0.0018510629607517743
B,h,0.2,1.43352474,-0.006099999000000023,0.0018510629607517743
B,h,0.2,1.45454751,-0.012929846999999994,0.0018510629607517743
B,h,0.2,1.47511055,-0.004263287999999976,0.0018510629607517743
B,h,0.2,1.49566583,0.004952647999999948,0.0018510629607517743
B,h,0.2,1.51690776,0.0017306740000000431,0.0018510629607517743
B,h,0.2,1.53826425,-0.010053867999999966,0.0018510629607517743
B,h,0.2,1.55931449,0.0016270409999999957,0.0018510629607517743
B,h,0.2,1.58012172,0.004916483999999999,0.0018510629607517743
B,h,0.2,1.60114355,-0.011638938999999904,0.0018510629607517743
B,h,0.2,1.62229155,-0.004914069999999993,0.0018510629607517743
B,h,0.2,1.64295947,0.0025384689999999877,0.0018510629607517743
B,h,0.2,1.66366432,-0.003876494000000008,0.0018510629607517743
B,h,0.2,1.68478217,0.005699388000000027,0.0018510629607517743
B,h,0.2,1.7057485,0.0007123909999999789,0.0018510629607517743
B,h,0.2,1.72683745,-0.005988884000000083,0.0018510629607517743
B,h,0.2,1.74765849,-0.002751861999999994,0.0018510629607517743
B,h,0.2,1.76847487,-0.0019841319999999163,0.0018510629607517743
B,h,0.2,1.78961871,-0.006063899000000039,0.0018510629607517743
B,h,0.2,1.81086098,0.0003459630000000047,0.0018510629607517743
B,h,0.2,1.83179094,0.012324604000000017,0.0018510629607517743
B,h,0.2,1.8521746,-0.004367588000000033,0.0018510629607517743
B,h,0.2,1.8733654,-0.0008484260000000132,0.0018510629607517743
B,h,0.2,1.89455538,0.007236262000000049,0.0018510629607517743
B,h,0.2,1.91534795,0.0008085820000000021,0.0018510629607517743
B,h,0.2,1.93623233,-0.0034237470000000325,0.0018510629607517743
B,h,0.2,1.9571481,-0.0008566709999999755,0.0018510629607517743
B,h,0.2,1.97825109,0.002708410999999966,0.0018510629607517743
B,h,0.2,1.99905898,-0.0034179619999999966,0.0018510629607517743
B,h,0.2,2.01966715,0.001049017000000041,0.0018510629607517743
B,h,0.2,2.04082415,-0.0036640949999999783,0.0018510629607517743
B,h,0.2,2.06193171,-0.005556175000000052,0.0018510629607517743
B,h,0.2,2.08296048,-0.0027592469999999647,0.0018510629607517743
B,h,0.2,2.10383017,-0.004885687999999999,0.0018510629607517743
B,h,0.2,2.12494312,0.003945413999999925,0.0018510629607517743
B,h,0.2,2.14618475,3.573999999995081e-05,0.0018510629607517743
B,h,0.2,2.16679298,-0.004141286000000077,0.0018510629607517743
B,h,0.2,2.18753482,-0.00184692799999997,0.0018510629607517743
B,h,0.2,2.20847027,0.0038722420000000257,0.0018510629607517743
B,h,0.2,2.22955181,0.0002697269999999419,0.0018510629607517743
B,h,0.2,2.25078374,-0.007122834999999994,0.0018510629607517743
B,h,0.2,2.27150159,0.0005402989999999663,0.0018510629607517743
B,h,0.2,2.29205574,-0.0014427490000000764,0.0018510629607517743
B,h,0.2,2.31294326,-0.002734656000000002,0.0018510629607517743
B,h,0.2,2.3340363,0.0013168370000000706,0.0018510629607517743
B,h,0.2,2.35514399,0.00013697000000001402,0.0018510629607517743
B,h,0.2,2.37607726,-0.0066717309999999586,0.0018510629607517743
B,h,0.2,2.39730341,0.0027354760000000145,0.0018510629607517743
B,h,0.2,2.41857203,-0.0009730589999999983,0.0018510629607517743
B,h,0.2,2.43911056,0.006333310000000036,0.0018510629607517743
B,h,0.2,2.45988005,-0.003915773999999983,0.0018510629607517743
B,h,0.2,2.48094151,0.0049650350000000065,0.0018510629607517743
B,h,0.2,2.50196601,0.005123996999999991,0.0018510629607517743
B,h,0.2,2.52300496,-0.0015431000000000195,0.0018510629607517743
B,h,0.2,2.54340089,-0.006609863999999965,0.0018510629607517743
B,h,0.2,2.56415297,0.0014605590000000834,0.0018510629607517743
B,h,0.2,2.58575836,0.0031710910000000148,0.0018510629607517743
B,h,0.2,2.60684428,0.0064412190000000535,0.0018510629607517743
B,h,0.2,2.62775949,0.002439502999999954,0.0018510629607517743
B,h,0.2,2.64834355,0.000380607999999949,0.0018510629607517743
B,h,0.2,2.66912062,0.003532179999999996,0.0018510629607517743
B,h,0.2,2.69039946,-0.001848266999999959,0.0018510629607517743
B,h,0.2,2.71121518,0.0010134969999999743,0.0018510629607517743
B,h,0.2,2.7321837,0.0002841220000000533,0.0018510629607517743
B,h,0.2,2.75306239,0.001383746000000019,0.0018510629607517743
B,h,0.2,2.77427049,0.0031521989999999667,0.0018510629607517743
B,h,0.2,2.79557932,-0.0027544069999999587,0.0018510629607517743
B,h,0.2,2.8160646,0.0008644709999999778,0.0018510629607517743
B,h,0.2,2.83689478,-0.004123120000000036,0.0018510629607517743
B,h,0.2,2.85801727,0.00047912800000005085,0.0018510629607517743
B,h,0.2,2.87906973,0.002249453999999984,0.0018510629607517743
B,h,0.2,2.89996898,0.00175150699999993,0.0018510629607517743
B,h,0.2,2.92062944,-0.0034821789999999186,0.0018510629607517743
B,h,0.2,2.941605,0.0013985749999999575,0.0018510629607517743
B,h,0.2,2.96267076,-0.00570768899999996,0.0018510629607517743
B,h,0.2,2.98347442,-0.0027750160000000745,0.0018510629607517743
B,h,0.2,3.00437656,0.0013045149999999506,0.0018510629607517743
B,h,0.2,3.02542142,0.0023654570000000152,0.0018510629607517743
B,h,0.2,3.04658726,-0.0005775209999999698,0.0018510629607517743
B,h,0.2,3.06768101,-0.0010900939999999304,0.0018510629607517743
B,h,0.2,3.088328,0.0028782119999999356,0.0018510629607517743
B,h,0.2,3.10931167,0.00045116599999994733,0.0018510629607517743
B,h,0.2,3.1305457,-0.0008358760000000132,0.0018510629607517743
B,h,0.2,3.15150209,0.0064909060000000185,0.0018510629607517743
B,h,0.2,3.17219014,0.001972065000000023,0.0018510629607517743
B,h,0.2,3.19299024,-0.003548219000000019,0.0018510629607517743
B,h,0.2,3.21390436,-0.0016797329999999056,0.0018510629607517743
B,h,0.2,3.23506564,0.002211639999999959,0.0018510629607517743
B,h,0.2,3.25605387,0.002736194999999997,0.0018510629607517743
B,h,0.2,3.27685776,0.005820720999999973,0.0018510629607517743
B,h,0.2,3.29794723,2.9740000000000322e-05,0.0018510629607517743
B,h,0.2,3.31884778,0.002806059000000083,0.0018510629607517743
B,h,0.2,3.33944269,0.003814369999999956,0.0018510629607517743
B,h,0.2,3.36030612,0.0012324320000000055,0.0018510629607517743
B,h,0.2,3.38171654,-0.0037721410000000066,0.0018510629607517743
B,h,0.2,3.40297495,-0.003975979000000018,0.0018510629607517743
B,h,0.2,3.42370792,-0.0017414019999999475,0.0018510629607517743
B,h,0.2,3.44440875,-0.00895162599999999,0.0018510629607517743
B,h,0.2,3.465315,-0.0007753739999999398,0.0018510629607517743
B,h,0.2,3.4865867,3.254299999999599e-05,0.0018510629607517743
B,h,0.2,3.50751221,0.0019466910000000004,0.0018510629607517743
B,h,0.2,3.52796741,-0.0018417739999999627,0.0018510629607517743
B,h,0.2,3.5488788,-0.0006044539999999765,0.0018510629607517743
B,h,0.2,3.57014151,0.00010213199999997702,0.0018510629607517743
B,h,0.2,3.59120365,0.00017941600000004332,0.0018510629607517743
B,h,0.2,3.61190928,0.002348773999999998,0.0018510629607517743
B,h,0.2,3.63300558,0.0011601330000000631,0.0018510629607517743
B,h,0.2,3.6541422,-0.0015246790000000843,0.0018510629607517743
B,h,0.2,3.67500902,-0.004102764999999953,0.0018510629607517743
B,h,0.2,3.69581564,-0.005372343999999973,0.0018510629607517743
B,h,0.2,3.71644729,-0.010106508999999986,0.0018510629607517743
B,h,0.2,3.73749774,0.0021019239999999773,0.0018510629607517743
B,h,0.2,3.75868086,-0.00718038700000001,0.0018510629607517743
B,h,0.2,3.77950549,-0.0019267079999999437,0.0018510629607517743
B,h,0.2,3.80027286,0.0014489229999999909,0.0018510629607517743
B,h,0.2,3.82143123,-0.0023634770000000582,0.0018510629607517743
B,h,0.2,3.84280481,0.001983288999999999,0.0018510629607517743
B,h,0.2,3.86349282,-0.003321287999999978,0.0018510629607517743
B,h,0.2,3.88417456,0.0009181059999999741,0.0018510629607517743
B,h,0.2,3.90535419,0.00041830799999997836,0.0018510629607517743
B,h,0.2,3.9264697,-0.0018861510000000026,0.0018510629607517743
B,h,0.2,3.94738681,-0.0005909109999999718,0.0018510629607517743
B,h,0.2,3.96810309,0.0010477690000000317,0.0018510629607517743
B,h,0.2,3.98888694,0.000645712000000076,0.0018510629607517743
B,h,0.2,4.00993371,0.003234942000000074,0.0018510629607517743
B,h,0.2,4.03080983,0.0012559099999999157,0.0018510629607517743
B,h,0.2,4.05178039,-0.0012342590000000708,0.0018510629607517743
B,h,0.2,4.07276799,0.001975264000000032,0.0018510629607517743
B,h,0.2,4.09368684,-0.0030832699999999713,0.0018510629607517743
B,h,0.2,4.11485609,-0.001508633000000037,0.0018510629607517743
B,h,0.2,4.13583188,0.0013375050000000721,0.0018510629607517743
B,h,0.2,4.15670688,0.004772998000000084,0.0018510629607517743
B,h,0.2,4.17758774,0.00788412999999999,0.0018510629607517743
B,h,0.2,4.19867141,0.00264779599999998,0.0018510629607517743
B,h,0.2,4.21961517,-0.0011789580000000077,0.0018510629607517743
B,h,0.2,4.24013393,0.003305482999999998,0.0018510629607517743
B,h,0.2,4.26119077,-0.0026542550000000498,0.0018510629607517743
B,h,0.2,4.28239268,-0.003198792999999922,0.0018510629607517743
B,h,0.2,4.30342826,-0.002687105000000023,0.0018510629607517743
B,h,0.2,4.32431592,-0.0016492399999999963,0.0018510629607517743
B,h,0.2,4.34508479,-0.0019983529999999528,0.0018510629607517743
B,h,0.2,4.36604259,-0.001031184999999879,0.0018510629607517743
B,h,0.2,4.38708086,-0.00031419300000001815,0.0018510629607517743
B,h,0.2,4.40778797,-0.0026117540000000217,0.0018510629607517743
B,h,0.2,4.4288526,-0.001029397000000043,0.0018510629607517743
B,h,0.2,4.44994967,-0.005460250999999916,0.0018510629607517743
B,h,0.2,4.47085438,-0.0021365629999999802,0.0018510629607517743
B,h,0.2,4.49188801,-0.0017927100000001417,0.0018510629607517743
B,h,0.2,4.51250216,0.0006327799999998884,0.0018510629607517743
B,h,0.2,4.5334461,-0.0003308300000000042,0.0018510629607517743
B,h,0.2,4.55463591,-0.00026860000000006323,0.0018510629607517743
B,h,0.2,4.57547609,0.0035148499999999583,0.0018510629607517743
B,h,0.2,4.59643311,0.0021125699999999803,0.0018510629607517743
B,h,0.2,4.61732903,0.004525789999999974,0.0018510629607517743
B,h,0.2,4.63833098,-0.0016324400000000683,0.0018510629607517743
B,h,0.2,4.65949324,-0.005197440000000109,0.0018510629607517743
B,h,0.2,4.68039693,0.0005320900000000961,0.0018510629607517743
B,h,0.2,4.70136745,-0.003498840000000003,0.0018510629607517743
B,h,0.2,4.72221533,0.00028388999999995335,0.0018510629607517743
B,h,0.2,4.74309374,0.00023097000000005252,0.0018510629607517743
B,h,0.2,4.76390784,0.0001687500000000508,0.0018510629607517743
B,h,0.2,4.78491795,0.00391236000000017,0.0018510629607517743
B,h,0.2,4.80636204,0.0016545500000000324,0.0018510629607517743
B,h,0.2,4.82728449,-0.0004547599999999985,0.0018510629607517743
B,h,0.2,4.84785524,-0.003123500000000057,0.0018510629607517743
B,h,0.2,4.86859731,-0.003933449999999894,0.0018510629607517743
B,h,0.2,4.88954319,-0.00463900000000006,0.0018510629607517743
B,h,0.2,4.91078695,-0.0006634699999998883,0.0018510629607517743
B,h,0.2,4.93172016,-0.0016749000000000347,0.0018510629607517743
B,h,0.2,4.95244063,-0.0009148299999999221,0.0018510629607517743
B,h,0.2,4.97348932,-0.0063284299999999405,0.0018510629607517743
B,h,0.2,4.994309,-0.003743980000000091,0.0018510629607517743
B,h,0.2,5.01515697,-0.0008439700000000272,0.0018510629607517743
B,h,0.2,5.03598003,-0.005186959999999852,0.0018510629607517743
B,h,0.2,5.05703237,-0.0008787599999999784,0.0018510629607517743
B,h,0.2,5.07840332,-0.0016619799999999518,0.0018510629607517743
B,h,0.2,5.09943841,-0.0014971699999999366,0.0018510629607517743
B,h,0.2,5.12032938,-0.00017999999999984695,0.0018510629607517743
B,h,0.2,5.14107614,0.0007542900000001573,0.0018510629607517743
B,h,0.2,5.16214077,0.0017535800000001434,0.0018510629607517743
B,h,0.2,5.18341099,0.0016017999999999866,0.0018510629607517743
B,h,0.2,5.2041075,0.0028940200000000527,0.0018510629607517743
B,h,0.2,5.22477891,-0.0009331300000001708,0.0018510629607517743
B,h,0.2,5.24557967,0.0015299499999998911,0.0018510629607517743
B,h,0.2,5.26649236,0.0005865800000000032,0.0018510629607517743
B,h,0.2,5.28753131,0.0006555700000001607,0.0018510629607517743
B,h,0.2,5.30847064,0.0009862299999998658,0.0018510629607517743
B,h,0.2,5.32946745,-0.0007931199999999805,0.0018510629607517743
B,h,0.2,5.3506922,0.006922899999999954,0.0018510629607517743
B,h,0.2,5.37158853,0.0029893100000000228,0.0018510629607517743
B,h,0.2,5.39231925,0.0028971200000000863,0.0018510629607517743
B,h,0.2,5.41333352,-0.004724750000000055,0.0018510629607517743
B,h,0.2,5.43434316,-0.0022753699999999988,0.0018510629607517743
B,h,0.2,5.45530659,0.0030523300000000475,0.0018510629607517743
B,h,0.2,5.47618498,-0.003579420000000111,0.0018510629607517743
B,h,0.2,5.49715755,0.000520590000000043,0.0018510629607517743
B,h,0.2,5.51801586,0.003542579999999962,0.0018510629607517743
B,h,0.2,5.53881995,-0.0004487099999999078,0.0018510629607517743
B,h,0.2,5.55992514,-0.002391930000000153,0.0018510629607517743
B,h,0.2,5.58098545,0.0026525899999998437,0.0018510629607517743
B,h,0.2,5.60183772,0.00344224999999998,0.0018510629607517743
B,h,0.2,5.62277584,0.0027528300000001504,0.0018510629607517743
B,h,0.2,5.64379172,0.002491800000000044,0.0018510629607517743
B,h,0.2,5.66460817,0.0008595499999999312,0.0018510629607517743
B,h,0.2,5.68556022,-0.004482419999999987,0.0018510629607517743
B,h,0.2,5.7067909,-0.0005198399999999381,0.0018510629607517743
B,h,0.2,5.72769317,4.180999999991997e-05,0.0018510629607517743
B,h,0.2,5.74840017,0.001354999999999995,0.0018510629607517743
B,h,0.2,5.76938192,0.00424651999999992,0.0018510629607517743
B,h,0.2,5.79039764,-0.0025773499999999228,0.0018510629607517743
B,h,0.2,5.81144039,-0.0007736599999998983,0.0018510629607517743
B,h,0.2,5.83232115,-0.00471853000000011,0.0018510629607517743
B,h,0.2,5.85320209,-9.294000000004132e-05,0.0018510629607517743
B,h,0.2,5.87418919,0.007107570000000063,0.0018510629607517743
B,h,0.2,5.89509625,0.002586999999999895,0.0018510629607517743
B,h,0.2,5.9159726,0.0001861699999998745,0.0018510629607517743
B,h,0.2,5.93682663,-0.0007056699999998806,0.0018510629607517743
B,h,0.2,5.95791772,0.004416109999999973,0.0018510629607517743
B,h,0.2,5.97900675,-0.00042564999999994413,0.0018510629607517743
B,h,0.2,5.99978945,-0.00039274000000011355,0.0018510629607517743
B,h,0.2,6.02063577,0.004366109999999868,0.0018510629607517743
B,h,0.2,6.04156421,-0.0025798599999999894,0.0018510629607517743
B,h,0.2,6.06259364,-0.0018659300000001267,0.0018510629607517743
B,h,0.2,6.08377541,-0.001587800000000028,0.0018510629607517743
B,h,0.2,6.10447051,0.006366309999999986,0.0018510629607517743
B,h,0.2,6.12538157,0.0012124899999998995,0.0018510629607517743
B,h,0.2,6.14660689,-0.001039119999999949,0.0018510629607517743
B,h,0.2,6.16752321,-0.003461610000000004,0.0018510629607517743
B,h,0.2,6.18833806,-0.0012992199999999343,0.0018510629607517743
B,h,0.2,6.20938667,0.0032081100000000973,0.0018510629607517743
B,h,0.2,6.23052184,-0.005587409999999959,0.0018510629607517743
B,h,0.2,6.25137137,0.0002230900000002034,0.0018510629607517743
B,h,0.2,6.27204484,-0.0005193500000000295,0.0018510629607517743
B,h,0.2,6.29290789,0.0002528899999998391,0.0018510629607517743
B,h,0.2,6.31382104,0.0002177100000000376,0.0018510629607517743
B,h,0.2,6.33495691,0.0002966499999998984,0.0018510629607517743
B,h,0.2,6.35600914,-0.0004889100000000646,0.0018510629607517743
B,h,0.2,6.37663869,-0.0019057399999999891,0.0018510629607517743
B,h,0.2,6.39770954,-4.4280000000007647e-05,0.0018510629607517743
B,h,0.2,6.41872759,0.0019560400000000477,0.0018510629607517743
B,h,0.2,6.43951457,-0.0011026100000000039,0.0018510629607517743
B,h,0.2,6.46033562,0.003608819999999957,0.0018510629607517743
B,h,0.2,6.4814564,0.000435159999999879,0.0018510629607517743
B,h,0.2,6.50265681,9.491000000005911e-05,0.0018510629607517743
B,h,0.2,6.52350383,0.0053743200000000435,0.0018510629607517743
B,h,0.2,6.54427866,-0.004532360000000013,0.0018510629607517743
B,h,0.2,6.56515568,0.001239290000000004,0.0018510629607517743
B,h,0.2,6.58628576,-0.0022298499999999777,0.0018510629607517743
B,h,0.2,6.60749316,0.0011817499999999814,0.0018510629607517743
B,h,0.2,6.62830625,0.0009331800000000889,0.0018510629607517743
B,h,0.2,6.64913567,-0.00042828000000016964,0.0018510629607517743
B,h,0.2,6.67020149,-0.003881159999999939,0.0018510629607517743
B,h,0.2,6.69106898,0.0035645500000001107,0.0018510629607517743
B,h,0.2,6.71185955,0.0001447500000000268,0.0018510629607517743
B,h,0.2,6.73264651,0.004219269999999886,0.0018510629607517743
B,h,0.2,6.7537045,-0.002504129999999938,0.0018510629607517743
B,h,0.2,6.77487174,0.0007499300000000098,0.0018510629607517743
B,h,0.2,6.79557562,0.0012954400000000366,0.0018510629607517743
B,h,0.2,6.81648781,0.0033578900000001966,0.0018510629607517743
B,h,0.2,6.83753747,-0.0014025199999998517,0.0018510629607517743
B,h,0.2,6.85867557,-0.0014642000000000266,0.0018510629607517743
B,h,0.2,6.87985316,-0.0008590600000000226,0.0018510629607517743
B,h,0.2,6.90065786,-0.0005816800000000288,0.0018510629607517743
B,h,0.2,6.92153112,-0.0016550500000001023,0.0018510629607517743
B,h,0.2,6.94229803,-0.003370070000000114,0.0018510629607517743
B,h,0.2,6.9630016,-0.0002302499999999874,0.0018510629607517743
B,h,0.2,6.98416877,0.0013619599999998844,0.0018510629607517743
B,h,0.2,7.0052781,0.00167512000000003,0.0018510629607517743
B,h,0.2,7.02617612,-0.0009868500000000946,0.0018510629607517743
B,h,0.2,7.04699526,-0.002956190000000136,0.0018510629607517743
B,h,0.2,7.06761685,-0.003051979999999954,0.0018510629607517743
B,h,0.2,7.08873369,-0.0032340530000001255,0.0018510629607517743
B,h,0.2,7.10994937,-0.0017563700000000626,0.0018510629607517743
B,h,0.2,7.13102893,-0.0028473749999999853,0.0018510629607517743
B,h,0.2,7.15201412,-0.002859429999999996,0.0018510629607517743
B,h,0.2,7.17271336,0.0032252240000000265,0.0018510629607517743
B,h,0.2,7.19374266,-0.0010006600000000976,0.0018510629607517743
B,h,0.2,7.21473042,0.0017436600000000357,0.0018510629607517743
B,h,0.2,7.23564263,0.002880709000000037,0.0018510629607517743
B,h,0.2,7.25666289,-0.003401236000000085,0.0018510629607517743
B,h,0.2,7.27757645,-0.00647703299999991,0.0018510629607517743
B,h,0.2,7.2984411,0.007218229999999881,0.0018510629607517743
B,h,0.2,7.31917384,-0.0053734440000000605,0.0018510629607517743
B,h,0.2,7.34001688,-0.0024968469999999687,0.0018510629607517743
B,h,0.2,7.3611683,0.0016256999999999522,0.0018510629607517743
B,h,0.2,7.38224284,0.0033369170000000503,0.0018510629607517743
B,h,0.2,7.40324015,0.00010204400000002334,0.0018510629607517743
B,h,0.2,7.42408854,0.0013067329999999489,0.0018510629607517743
B,h,0.2,7.44500634,-0.0002574330000000291,0.0018510629607517743
B,h,0.2,7.46595959,-0.0013575140000000596,0.0018510629607517743
B,h,0.2,7.48696308,-0.001322167999999957,0.0018510629607517743
B,h,0.2,7.5079936,0.0006226339999999553,0.0018510629607517743
B,h,0.2,7.52871967,0.00024606599999998924,0.0018510629607517743
B,h,0.2,7.54966921,0.0034178500000000556,0.0018510629607517743
B,h,0.2,7.57064902,-0.0018483620000000478,0.0018510629607517743
B,h,0.2,7.59151428,-0.0036127999999999716,0.0018510629607517743
B,h,0.2,7.6123809,-0.003540799000000039,0.0018510629607517743
B,h,0.2,7.63338324,0.00036261900000000846,0.0018510629607517743
B,h,0.2,7.65450532,0.005835556000000075,0.0018510629607517743
B,h,0.2,7.67556944,-0.0011414229999999748,0.0018510629607517743
B,h,0.2,7.69637751,-0.0014461249999999648,0.0018510629607517743
B,h,0.2,7.71727216,0.00041229099999995356,0.0018510629607517743
B,h,0.2,7.73835725,-0.0005802360000000117,0.0018510629607517743
B,h,0.2,7.75934923,0.0017682930000000319,0.0018510629607517743
B,h,0.2,7.78023116,0.00033861800000001274,0.0018510629607517743
B,h,0.2,7.80098697,0.0008688620000000258,0.0018510629607517743
B,h,0.2,7.82190677,-0.004339465000000042,0.0018510629607517743
B,h,0.2,7.84304931,0.001923973999999995,0.0018510629607517743
B,h,0.2,7.86405132,0.005379334999999985,0.0018510629607517743
B,h,0.2,7.88484553,0.0006414649999999522,0.0018510629607517743
B,h,0.2,7.90574885,-0.0020157880000000183,0.0018510629607517743
B,h,0.2,7.9267531,-0.0014604320000000115,0.0018510629607517743
B,h,0.2,7.94765228,0.002935165999999989,0.0018510629607517743
B,h,0.2,7.96842304,0.003720489999999965,0.0018510629607517743
B,h,0.2,7.98938616,0.0008509119999999815,0.0018510629607517743
B,h,0.2,8.01050815,0.0036296829999999947,0.0018510629607517743
B,h,0.2,8.03153334,-0.0005288419999999183,0.0018510629607517743
B,h,0.2,8.05240251,-0.0036821860000000317,0.0018510629607517743
B,h,0.2,8.07332696,-0.0019578359999999906,0.0018510629607517743
B,h,0.2,8.09438514,0.0007464219999999688,0.0018510629607517743
B,h,0.2,8.11529588,-0.0038951640000000065,0.0018510629607517743
B,h,0.2,8.13618411,0.00031406300000003107,0.0018510629607517743
B,h,0.2,8.15717855,-0.0009202799999999955,0.0018510629607517743
B,h,0.2,8.17807847,-0.00490881700000001,0.0018510629607517743
B,h,0.2,8.19905269,0.0024306550000000593,0.0018510629607517743
B,h,0.2,8.21991085,0.005371451999999999,0.0018510629607517743
B,h,0.2,8.24078529,0.00021360299999995114,0.0018510629607517743
B,h,0.2,8.26195652,0.0032926659999999996,0.0018510629607517743
B,h,0.2,8.28293039,-0.0005315240000000054,0.0018510629607517743
B,h,0.2,8.30373423,-0.0022575209999999846,0.0018510629607517743
B,h,0.2,8.32452583,0.0015545510000000151,0.0018510629607517743
B,h,0.2,8.34556221,-0.002107683999999943,0.0018510629607517743
B,h,0.2,8.36671927,0.002892233999999938,0.0018510629607517743
B,h,0.2,8.38757523,1.388899999998916e-05,0.0018510629607517743
B,h,0.2,8.40855808,0.00034060800000002,0.0018510629607517743
B,h,0.2,8.42953585,-0.0024136150000000356,0.0018510629607517743
B,h,0.2,8.45042977,-0.002924498000000053,0.0018510629607517743
B,h,0.2,8.47138662,0.0008988779999999919,0.0018510629607517743
B,h,0.2,8.49217243,0.003350264000000047,0.0018510629607517743
B,h,0.2,8.51321806,-0.001052270999999938,0.0018510629607517743
B,h,0.2,8.53421183,-0.0042891259999999765,0.0018510629607517743
B,h,0.2,8.55508292,-0.0007471399999999795,0.0018510629607517743
B,h,0.2,8.57598662,-0.0009806960000000586,0.0018510629607517743
B,h,0.2,8.59679232,0.0016226759999999896,0.0018510629607517743
B,h,0.2,8.61783107,0.004416940000000036,0.0018510629607517743
B,h,0.2,8.63891768,0.0005142859999999194,0.0018510629607517743
B,h,0.2,8.65972861,-0.002390674000000037,0.0018510629607517743
B,h,0.2,8.68059853,-0.001550859000000071,0.0018510629607517743
B,h,0.2,8.70174168,-0.0008827120000000077,0.0018510629607517743
B,h,0.2,8.72279566,-0.0006741230000000265,0.0018510629607517743
B,h,0.2,8.74359241,0.0027738210000000096,0.0018510629607517743
B,h,0.2,8.76424415,0.0030384660000000174,0.0018510629607517743
B,h,0.2,8.78526729,-0.0031966050000000745,0.0018510629607517743
B,h,0.2,8.80637189,-0.0039420859999999,0.0018510629607517743
B,h,0.2,8.82736896,-0.003899501999999999,0.0018510629607517743
B,h,0.2,8.84843212,0.0005109090000000593,0.0018510629607517743
B,h,0.2,8.86933197,0.0022009100000000004,0.0018510629607517743
B,h,0.2,8.89026857,-8.74990000000464e-05,0.0018510629607517743
B,h,0.2,8.91123702,0.0010509630000000714,0.0018510629607517743
B,h,0.2,8.93214776,-0.0004008810000000196,0.0018510629607517743
B,h,0.2,8.95312097,0.00495860299999995,0.0018510629607517743
B,h,0.2,8.9741304,-0.0012936700000000245,0.0018510629607517743
B,h,0.2,8.99505705,7.005999999998291e-05,0.0018510629607517743
B,h,0.2,9.01571368,0.003129732999999968,0.0018510629607517743
B,h,0.2,9.03640927,0.0012256219999999818,0.0018510629607517743
B,h,0.2,9.05755121,-0.00012820400000002063,0.0018510629607517743
B,h,0.2,9.07868023,-0.0021346220000000304,0.0018510629607517743
B,h,0.2,9.09969513,0.000655826000000026,0.0018510629607517743
B,h,0.2,9.1205658,0.002136071999999989,0.0018510629607517743
B,h,0.2,9.14137844,-0.0020003589999999516,0.0018510629607517743
B,h,0.2,9.16237082,-0.00034025599999998324,0.0018510629607517743
B,h,0.2,9.18339441,-0.0035637389999999547,0.0018510629607517743
B,h,0.2,9.20447395,0.003241131000000008,0.0018510629607517743
B,h,0.2,9.22549281,-0.00011953600000003117,0.0018510629607517743
B,h,0.2,9.2463962,0.0006471120000000052,0.0018510629607517743
B,h,0.2,9.26722673,0.0007933519999999694,0.0018510629607517743
B,h,0.2,9.28791689,-0.0007049749999999966,0.0018510629607517743
B,h,0.2,9.30892724,0.0011741000000000668,0.0018510629607517743
B,h,0.2,9.33003065,0.00047956299999996066,0.0018510629607517743
B,h,0.2,9.35102864,-0.0018364979999999642,0.0018510629607517743
B,h,0.2,9.37196601,-0.0013709760000000237,0.0018510629607517743
B,h,0.2,9.39258783,0.0037819519999999773,0.0018510629607517743
B,h,0.2,9.41349621,0.0008490580000000136,0.0018510629607517743
B,h,0.2,9.4347927,0.0009744310000000533,0.0018510629607517743
B,h,0.2,9.45587737,0.0009018290000000206,0.0018510629607517743
B,h,0.2,9.47676866,-0.0006689739999999889,0.0018510629607517743
B,h,0.2,9.49762777,0.0010057310000000097,0.0018510629607517743
B,h,0.2,9.51852362,-0.0006896209999999181,0.0018510629607517743
B,h,0.2,9.53939795,-0.0007679170000000068,0.0018510629607517743
B,h,0.2,9.56035551,-0.0009641150000000431,0.0018510629607517743
B,h,0.2,9.58149741,0.0019148860000000045,0.0018510629607517743
B,h,0.2,9.60249587,0.0010366809999999838,0.0018510629607517743
B,h,0.2,9.62336478,-0.004947678000000066,0.0018510629607517743
B,h,0.2,9.64415055,0.0033825159999999466,0.0018510629607517743
B,h,0.2,9.66502224,-0.000337892999999978,0.0018510629607517743
B,h,0.2,9.68597433,-0.0010316420000000548,0.0018510629607517743
B,h,0.2,9.7069728,-3.664200000008666e-05,0.0018510629607517743
B,h,0.2,9.72797765,-0.0039288869999999365,0.0018510629607517743
B,h,0.2,9.74896401,-0.001956383000000006,0.0018510629607517743
B,h,0.2,9.76996217,0.0005006899999999703,0.0018510629607517743
B,h,0.2,9.79085678,-0.0005098980000000086,0.0018510629607517743
B,h,0.2,9.81166698,0.003045229000000038,0.0018510629607517743
B,h,0.2,9.83262494,0.0018478840000000218,0.0018510629607517743
B,h,0.2,9.85372265,-0.000760749000000005,0.0018510629607517743
B,h,0.2,9.87472665,-0.002578398999999898,0.0018510629607517743
B,h,0.2,9.89559934,0.0034566779999999353,0.0018510629607517743
B,h,0.2,9.91635289,0.000826512000000057,0.0018510629607517743
B,h,0.2,9.93737645,0.0008715040000000229,0.0018510629607517743
B,h,0.2,9.95856995,-0.0005341219999999147,0.0018510629607517743
B,h,0.2,9.97940815,0.0015380759999999993,0.0018510629607517743
B,h,0.2,10.000082,0.0008578380000000552,0.0018510629607517743
B,h,0.4,0.0252815853,0.008059669209,0.007404251843007097
B,h,0.4,0.0486976344,0.00726858866,0.007404251843007097
B,h,0.4,0.0692644017,0.006965797380000001,0.007404251843007097
B,h,0.4,0.08877835,0.007242564619999999,0.007404251843007097
B,h,0.4,0.111604297,0.006770398240000001,0.007404251843007097
B,h,0.4,0.132731806,0.007202583200000001,0.007404251843007097
B,h,0.4,0.153672181,0.006870863000000001,0.007404251843007097
B,h,0.4,0.175641863,0.0068305928,0.007404251843007097
B,h,0.4,0.196615509,0.006669413599999997,0.007404251843007097
B,h,0.4,0.217326708,0.006749388500000002,0.007404251843007097
B,h,0.4,0.237538457,0.005945058000000003,0.007404251843007097
B,h,0.4,0.258148683,0.007712183800000001,0.007404251843007097
B,h,0.4,0.28040349,0.005021953099999997,0.007404251843007097
B,h,0.4,0.301929084,0.006598999899999999,0.007404251843007097
B,h,0.4,0.322287413,0.0055291591999999945,0.007404251843007097
B,h,0.4,0.342663331,0.006333603500000007,0.007404251843007097
B,h,0.4,0.363641289,0.004550993899999994,0.007404251843007097
B,h,0.4,0.385602948,0.0068243469999999945,0.007404251843007097
B,h,0.4,0.406737165,0.005025076000000003,0.007404251843007097
B,h,0.4,0.427001871,0.0033402210000000043,0.007404251843007097
B,h,0.4,0.448754416,0.004100274999999987,0.007404251843007097
B,h,0.4,0.469601745,0.0049006460000000085,0.007404251843007097
B,h,0.4,0.489805379,0.004204988000000021,0.007404251843007097
B,h,0.4,0.510302494,0.0025046170000000145,0.007404251843007097
B,h,0.4,0.53178319,0.0034239090000000028,0.007404251843007097
B,h,0.4,0.553922362,0.004085999000000007,0.007404251843007097
B,h,0.4,0.574670041,0.002148180999999999,0.007404251843007097
B,h,0.4,0.594645701,0.0032737079999999863,0.007404251843007097
B,h,0.4,0.615540037,0.005910185000000012,0.007404251843007097
B,h,0.4,0.636554081,0.0015102700000000358,0.007404251843007097
B,h,0.4,0.658102417,-0.0008427800000000429,0.007404251843007097
B,h,0.4,0.679189641,-0.0012889380000000172,0.007404251843007097
B,h,0.4,0.700054044,0.0032700270000000087,0.007404251843007097
B,h,0.4,0.721329826,-0.0011084269999999674,0.007404251843007097
B,h,0.4,0.742033923,4.993399999997372e-05,0.007404251843007097
B,h,0.4,0.762614581,0.0032749990000000007,0.007404251843007097
B,h,0.4,0.783270495,0.003967355000000006,0.007404251843007097
B,h,0.4,0.804783918,-0.001938405000000032,0.007404251843007097
B,h,0.4,0.826095906,4.261300000002466e-05,0.007404251843007097
B,h,0.4,0.846303977,0.00014196199999999548,0.007404251843007097
B,h,0.4,0.867174819,0.001235792999999985,0.007404251843007097
B,h,0.4,0.888413258,0.0035960629999999827,0.007404251843007097
B,h,0.4,0.909910564,0.005911353000000008,0.007404251843007097
B,h,0.4,0.931134698,-0.0017922449999999701,0.007404251843007097
B,h,0.4,0.951563161,0.0001600340000000866,0.007404251843007097
B,h,0.4,0.972160451,-0.0008347380000000015,0.007404251843007097
B,h,0.4,0.993008165,-0.009810166000000065,0.007404251843007097
B,h,0.4,1.0140906,-0.00840084200000002,0.007404251843007097
B,h,0.4,1.03500338,-0.005156349999999921,0.007404251843007097
B,h,0.4,1.05657413,-0.003695969999999993,0.007404251843007097
B,h,0.4,1.07789814,-0.0056936499999999945,0.007404251843007097
B,h,0.4,1.09835045,0.0005355059999999634,0.007404251843007097
B,h,0.4,1.11903902,-0.005298888999999973,0.007404251843007097
B,h,0.4,1.1396405,0.004979402999999993,0.007404251843007097
B,h,0.4,1.16109193,0.00486044200000002,0.007404251843007097
B,h,0.4,1.18227503,-0.00511709199999999,0.007404251843007097
B,h,0.4,1.2030555,-3.755800000004861e-05,0.007404251843007097
B,h,0.4,1.22375183,0.00446896199999991,0.007404251843007097
B,h,0.4,1.24453484,-0.0036585630000000036,0.007404251843007097
B,h,0.4,1.26570671,-0.0038071680000000274,0.007404251843007097
B,h,0.4,1.28693994,0.0026580379999999737,0.007404251843007097
B,h,0.4,1.30807124,0.00589034300000002,0.007404251843007097
B,h,0.4,1.32889646,-0.0015321999999999836,0.007404251843007097
B,h,0.4,1.34945121,-0.005089844999999982,0.007404251843007097
B,h,0.4,1.37055188,0.004129837999999997,0.007404251843007097
B,h,0.4,1.39148285,0.0012721800000000671,0.007404251843007097
B,h,0.4,1.41220445,0.00030012099999998654,0.007404251843007097
B,h,0.4,1.43352474,-0.014281043999999965,0.007404251843007097
B,h,0.4,1.45454751,-0.0020361139999999223,0.007404251843007097
B,h,0.4,1.47511055,-0.003022030000000009,0.007404251843007097
B,h,0.4,1.49566583,0.007805759000000023,0.007404251843007097
B,h,0.4,1.51690776,-0.0018532669999999918,0.007404251843007097
B,h,0.4,1.53826425,-0.0003880389999999512,0.007404251843007097
B,h,0.4,1.55931449,0.006792059000000017,0.007404251843007097
B,h,0.4,1.58012172,0.0023008079999999875,0.007404251843007097
B,h,0.4,1.60114355,-0.005637297999999902,0.007404251843007097
B,h,0.4,1.62229155,-0.005280860000000054,0.007404251843007097
B,h,0.4,1.64295947,-0.003797395999999953,0.007404251843007097
B,h,0.4,1.66366432,0.0032901720000000356,0.007404251843007097
B,h,0.4,1.68478217,0.0056955469999999675,0.007404251843007097
B,h,0.4,1.7057485,0.003199528000000007,0.007404251843007097
B,h,0.4,1.72683745,-0.008351934999999977,0.007404251843007097
B,h,0.4,1.74765849,-0.0012064330000000067,0.007404251843007097
B,h,0.4,1.76847487,0.003024393000000014,0.007404251843007097
B,h,0.4,1.78961871,-0.0015619090000000835,0.007404251843007097
B,h,0.4,1.81086098,0.006022494999999961,0.007404251843007097
B,h,0.4,1.83179094,0.011821635999999969,0.007404251843007097
B,h,0.4,1.8521746,0.0009338949999999624,0.007404251843007097
B,h,0.4,1.8733654,0.0016044019999998937,0.007404251843007097
B,h,0.4,1.89455538,0.0055580810000001035,0.007404251843007097
B,h,0.4,1.91534795,0.005528433000000055,0.007404251843007097
B,h,0.4,1.93623233,-0.0027701660000000183,0.007404251843007097
B,h,0.4,1.9571481,-0.0023031399999999813,0.007404251843007097
B,h,0.4,1.97825109,0.0027513279999999973,0.007404251843007097
B,h,0.4,1.99905898,-0.0020299409999999796,0.007404251843007097
B,h,0.4,2.01966715,-3.3090000000068898e-06,0.007404251843007097
B,h,0.4,2.04082415,-0.0025112449999999953,0.007404251843007097
B,h,0.4,2.06193171,-0.00989348000000001,0.007404251843007097
B,h,0.4,2.08296048,-0.005134717000000011,0.007404251843007097
B,h,0.4,2.10383017,0.0070875499999999425,0.007404251843007097
B,h,0.4,2.12494312,0.007373655999999951,0.007404251843007097
B,h,0.4,2.14618475,0.004329824999999898,0.007404251843007097
B,h,0.4,2.16679298,0.002972797999999943,0.007404251843007097
B,h,0.4,2.18753482,-0.0028831759999999873,0.007404251843007097
B,h,0.4,2.20847027,0.0034942780000000173,0.007404251843007097
B,h,0.4,2.22955181,-0.0011618660000000114,0.007404251843007097
B,h,0.4,2.25078374,-0.004867503000000051,0.007404251843007097
B,h,0.4,2.27150159,0.0038260669999999886,0.007404251843007097
B,h,0.4,2.29205574,0.0007977249999999714,0.007404251843007097
B,h,0.4,2.31294326,0.0030605769999999533,0.007404251843007097
B,h,0.4,2.3340363,0.00513550500000004,0.007404251843007097
B,h,0.4,2.35514399,-0.0012978499999999338,0.007404251843007097
B,h,0.4,2.37607726,-0.00220620699999996,0.007404251843007097
B,h,0.4,2.39730341,0.003968569999999949,0.007404251843007097
B,h,0.4,2.41857203,0.000531253999999981,0.007404251843007097
B,h,0.4,2.43911056,0.003983897999999986,0.007404251843007097
B,h,0.4,2.45988005,0.0010967229999999661,0.007404251843007097
B,h,0.4,2.48094151,0.003979574000000041,0.007404251843007097
B,h,0.4,2.50196601,0.007233883000000052,0.007404251843007097
B,h,0.4,2.52300496,-0.005127288000000063,0.007404251843007097
B,h,0.4,2.54340089,-0.008940415999999951,0.007404251843007097
B,h,0.4,2.56415297,0.005536274000000008,0.007404251843007097
B,h,0.4,2.58575836,-0.0014859339999999666,0.007404251843007097
B,h,0.4,2.60684428,0.00383947699999998,0.007404251843007097
B,h,0.4,2.62775949,0.004983207999999961,0.007404251843007097
B,h,0.4,2.64834355,-0.011403816000000067,0.007404251843007097
B,h,0.4,2.66912062,0.0004184569999999832,0.007404251843007097
B,h,0.4,2.69039946,-0.0022414130000000254,0.007404251843007097
B,h,0.4,2.71121518,0.004462450999999978,0.007404251843007097
B,h,0.4,2.7321837,0.004083507000000042,0.007404251843007097
B,h,0.4,2.75306239,-0.00871198399999995,0.007404251843007097
B,h,0.4,2.77427049,0.003493572999999972,0.007404251843007097
B,h,0.4,2.79557932,-0.003074098000000025,0.007404251843007097
B,h,0.4,2.8160646,0.0017960080000000156,0.007404251843007097
B,h,0.4,2.83689478,-0.005877569999999999,0.007404251843007097
B,h,0.4,2.85801727,-0.0014001699999999229,0.007404251843007097
B,h,0.4,2.87906973,-0.0014026510000000325,0.007404251843007097
B,h,0.4,2.89996898,0.0020658109999999175,0.007404251843007097
B,h,0.4,2.92062944,-0.007160049000000002,0.007404251843007097
B,h,0.4,2.941605,-0.0008624320000000241,0.007404251843007097
B,h,0.4,2.96267076,-0.006511625000000021,0.007404251843007097
B,h,0.4,2.98347442,-0.0015877509999999706,0.007404251843007097
B,h,0.4,3.00437656,-0.0012203820000000754,0.007404251843007097
B,h,0.4,3.02542142,-0.0014141939999999797,0.007404251843007097
B,h,0.4,3.04658726,-0.004642715999999991,0.007404251843007097
B,h,0.4,3.06768101,0.004154419999999992,0.007404251843007097
B,h,0.4,3.088328,-0.0017056349999999831,0.007404251843007097
B,h,0.4,3.10931167,0.0017819009999999746,0.007404251843007097
B,h,0.4,3.1305457,0.0006031449999999161,0.007404251843007097
B,h,0.4,3.15150209,-0.0036594290000000473,0.007404251843007097
B,h,0.4,3.17219014,0.0021026320000000487,0.007404251843007097
B,h,0.4,3.19299024,-0.0014592580000000188,0.007404251843007097
B,h,0.4,3.21390436,-0.00039119299999990087,0.007404251843007097
B,h,0.4,3.23506564,-0.0016445120000000424,0.007404251843007097
B,h,0.4,3.25605387,0.0040339440000000115,0.007404251843007097
B,h,0.4,3.27685776,0.004726197999999959,0.007404251843007097
B,h,0.4,3.29794723,-0.0005830299999999289,0.007404251843007097
B,h,0.4,3.31884778,0.004116448000000106,0.007404251843007097
B,h,0.4,3.33944269,-0.0017492610000000575,0.007404251843007097
B,h,0.4,3.36030612,-0.001577001999999994,0.007404251843007097
B,h,0.4,3.38171654,-0.006712386000000015,0.007404251843007097
B,h,0.4,3.40297495,0.0015190819999999494,0.007404251843007097
B,h,0.4,3.42370792,-0.0035555800000000026,0.007404251843007097
B,h,0.4,3.44440875,-0.008691410999999927,0.007404251843007097
B,h,0.4,3.465315,0.0010103230000000352,0.007404251843007097
B,h,0.4,3.4865867,0.0006518979999999841,0.007404251843007097
B,h,0.4,3.50751221,0.0026336160000000053,0.007404251843007097
B,h,0.4,3.52796741,-0.0022039859999999356,0.007404251843007097
B,h,0.4,3.5488788,0.0020431709999999548,0.007404251843007097
B,h,0.4,3.57014151,-0.0023893619999999505,0.007404251843007097
B,h,0.4,3.59120365,0.00021808199999995281,0.007404251843007097
B,h,0.4,3.61190928,0.0056597460000000765,0.007404251843007097
B,h,0.4,3.63300558,0.00204325400000005,0.007404251843007097
B,h,0.4,3.6541422,0.007316730999999965,0.007404251843007097
B,h,0.4,3.67500902,-0.004998834999999979,0.007404251843007097
B,h,0.4,3.69581564,-0.006071366999999994,0.007404251843007097
B,h,0.4,3.71644729,-0.004860387999999993,0.007404251843007097
B,h,0.4,3.73749774,0.0014787269999999575,0.007404251843007097
B,h,0.4,3.75868086,-0.003514083000000001,0.007404251843007097
B,h,0.4,3.77950549,-0.0001388509999999954,0.007404251843007097
B,h,0.4,3.80027286,0.002320523999999935,0.007404251843007097
B,h,0.4,3.82143123,-0.006420776999999989,0.007404251843007097
B,h,0.4,3.84280481,0.0030432249999999827,0.007404251843007097
B,h,0.4,3.86349282,-0.0006598789999999743,0.007404251843007097
B,h,0.4,3.88417456,-0.0035176409999999603,0.007404251843007097
B,h,0.4,3.90535419,0.004194566999999982,0.007404251843007097
B,h,0.4,3.9264697,-0.0012217160000000948,0.007404251843007097
B,h,0.4,3.94738681,0.004807964000000053,0.007404251843007097
B,h,0.4,3.96810309,0.0009111260000000954,0.007404251843007097
B,h,0.4,3.98888694,0.0006693469999999868,0.007404251843007097
B,h,0.4,4.00993371,0.003337388000000052,0.007404251843007097
B,h,0.4,4.03080983,0.0008437329999999577,0.007404251843007097
B,h,0.4,4.05178039,-0.001554490000000075,0.007404251843007097
B,h,0.4,4.07276799,0.002016415000000049,0.007404251843007097
B,h,0.4,4.09368684,-0.005130272000000047,0.007404251843007097
B,h,0.4,4.11485609,-0.002808244999999987,0.007404251843007097
B,h,0.4,4.13583188,0.002381617000000058,0.007404251843007097
B,h,0.4,4.15670688,-0.0005898659999999945,0.007404251843007097
B,h,0.4,4.17758774,0.005290486000000039,0.007404251843007097
B,h,0.4,4.19867141,0.0010677559999999753,0.007404251843007097
B,h,0.4,4.21961517,-0.0025430749999999502,0.007404251843007097
B,h,0.4,4.24013393,0.002547051000000078,0.007404251843007097
B,h,0.4,4.26119077,-0.0019074450000000631,0.007404251843007097
B,h,0.4,4.28239268,-0.004297354999999947,0.007404251843007097
B,h,0.4,4.30342826,0.0025778610000000146,0.007404251843007097
B,h,0.4,4.32431592,0.0027851110000000068,0.007404251843007097
B,h,0.4,4.34508479,-0.0059213169999999815,0.007404251843007097
B,h,0.4,4.36604259,-8.449999999937674e-06,0.007404251843007097
B,h,0.4,4.38708086,-0.0009206990000000248,0.007404251843007097
B,h,0.4,4.40778797,-0.002583440999999964,0.007404251843007097
B,h,0.4,4.4288526,-0.0028145590000000498,0.007404251843007097
B,h,0.4,4.44994967,-0.0009127599999998459,0.007404251843007097
B,h,0.4,4.47085438,0.0019437300000000324,0.007404251843007097
B,h,0.4,4.49188801,0.001293609999999834,0.007404251843007097
B,h,0.4,4.51250216,0.002225739999999865,0.007404251843007097
B,h,0.4,4.5334461,0.0018008600000001262,0.007404251843007097
B,h,0.4,4.55463591,-0.0024490400000001245,0.007404251843007097
B,h,0.4,4.57547609,-0.0002518799999999821,0.007404251843007097
B,h,0.4,4.59643311,-0.0034941100000001057,0.007404251843007097
B,h,0.4,4.61732903,0.004150910000000119,0.007404251843007097
B,h,0.4,4.63833098,-0.0019640200000001773,0.007404251843007097
B,h,0.4,4.65949324,-0.000186189999999975,0.007404251843007097
B,h,0.4,4.68039693,-0.00025276999999990224,0.007404251843007097
B,h,0.4,4.70136745,-0.0038648700000001313,0.007404251843007097
B,h,0.4,4.72221533,-0.002033310000000066,0.007404251843007097
B,h,0.4,4.74309374,-0.003283600000000053,0.007404251843007097
B,h,0.4,4.76390784,-0.003093959999999951,0.007404251843007097
B,h,0.4,4.78491795,0.004365930000000073,0.007404251843007097
B,h,0.4,4.80636204,0.0011017100000001445,0.007404251843007097
B,h,0.4,4.82728449,0.002371470000000153,0.007404251843007097
B,h,0.4,4.84785524,-0.005957910000000011,0.007404251843007097
B,h,0.4,4.86859731,-0.0038191100000000144,0.007404251843007097
B,h,0.4,4.88954319,0.0007753100000000845,0.007404251843007097
B,h,0.4,4.91078695,-0.0008346799999998655,0.007404251843007097
B,h,0.4,4.93172016,0.0009932599999999958,0.007404251843007097
B,h,0.4,4.95244063,0.006241680000000027,0.007404251843007097
B,h,0.4,4.97348932,-0.004124559999999944,0.007404251843007097
B,h,0.4,4.994309,0.0003666499999999129,0.007404251843007097
B,h,0.4,5.01515697,0.00392806999999995,0.007404251843007097
B,h,0.4,5.03598003,-0.0010633899999998864,0.007404251843007097
B,h,0.4,5.05703237,-0.0019384799999999647,0.007404251843007097
B,h,0.4,5.07840332,0.001031580000000032,0.007404251843007097
B,h,0.4,5.09943841,-0.003091589999999922,0.007404251843007097
B,h,0.4,5.12032938,-0.0011822999999999695,0.007404251843007097
B,h,0.4,5.14107614,0.00399792000000021,0.007404251843007097
B,h,0.4,5.16214077,-0.0029327999999999577,0.007404251843007097
B,h,0.4,5.18341099,-0.0021689099999999684,0.007404251843007097
B,h,0.4,5.2041075,0.0007751400000000075,0.007404251843007097
B,h,0.4,5.22477891,0.0024975899999999385,0.007404251843007097
B,h,0.4,5.24557967,-0.0005866500000000219,0.007404251843007097
B,h,0.4,5.26649236,0.003010920000000139,0.007404251843007097
B,h,0.4,5.28753131,-0.002058409999999844,0.007404251843007097
B,h,0.4,5.30847064,-0.0017406900000001002,0.007404251843007097
B,h,0.4,5.32946745,-0.001305690000000137,0.007404251843007097
B,h,0.4,5.3506922,-0.0008502100000000734,0.007404251843007097
B,h,0.4,5.37158853,0.0033983600000000447,0.007404251843007097
B,h,0.4,5.39231925,0.004370460000000076,0.007404251843007097
B,h,0.4,5.41333352,-0.00041594000000011455,0.007404251843007097
B,h,0.4,5.43434316,-0.0051095599999999575,0.007404251843007097
B,h,0.4,5.45530659,0.004846279999999981,0.007404251843007097
B,h,0.4,5.47618498,-0.006857690000000138,0.007404251843007097
B,h,0.4,5.49715755,-0.0023528299999999724,0.007404251843007097
B,h,0.4,5.51801586,0.0013666799999998425,0.007404251843007097
B,h,0.4,5.53881995,0.0030111999999999917,0.007404251843007097
B,h,0.4,5.55992514,-0.0024052199999999857,0.007404251843007097
B,h,0.4,5.58098545,-0.003443340000000017,0.007404251843007097
B,h,0.4,5.60183772,-0.0010816300000000556,0.007404251843007097
B,h,0.4,5.62277584,0.0014062300000001748,0.007404251843007097
B,h,0.4,5.64379172,0.00199179000000016,0.007404251843007097
B,h,0.4,5.66460817,-0.0023053499999998728,0.007404251843007097
B,h,0.4,5.68556022,-0.005409540000000046,0.007404251843007097
B,h,0.4,5.7067909,0.00021881000000001372,0.007404251843007097
B,h,0.4,5.72769317,0.001084509999999872,0.007404251843007097
B,h,0.4,5.74840017,0.00015036999999984424,0.007404251843007097
B,h,0.4,5.76938192,0.0035977199999999154,0.007404251843007097
B,h,0.4,5.79039764,-0.002801199999999948,0.007404251843007097
B,h,0.4,5.81144039,0.001432600000000006,0.007404251843007097
B,h,0.4,5.83232115,-0.0042734700000000014,0.007404251843007097
B,h,0.4,5.85320209,0.0009370300000000054,0.007404251843007097
B,h,0.4,5.87418919,0.0022857199999999356,0.007404251843007097
B,h,0.4,5.89509625,-9.264000000008821e-05,0.007404251843007097
B,h,0.4,5.9159726,-0.0008066700000000093,0.007404251843007097
B,h,0.4,5.93682663,0.0054021500000001055,0.007404251843007097
B,h,0.4,5.95791772,0.006005419999999928,0.007404251843007097
B,h,0.4,5.97900675,-0.0007206499999998783,0.007404251843007097
B,h,0.4,5.99978945,-0.001686830000000139,0.007404251843007097
B,h,0.4,6.02063577,0.002287329999999921,0.007404251843007097
B,h,0.4,6.04156421,-0.003779390000000049,0.007404251843007097
B,h,0.4,6.06259364,0.003289859999999978,0.007404251843007097
B,h,0.4,6.08377541,-0.0037787700000000424,0.007404251843007097
B,h,0.4,6.10447051,0.0024892599999999376,0.007404251843007097
B,h,0.4,6.12538157,-0.002084650000000021,0.007404251843007097
B,h,0.4,6.14660689,-0.0009354599999999991,0.007404251843007097
B,h,0.4,6.16752321,-0.0021308499999999064,0.007404251843007097
B,h,0.4,6.18833806,-0.0032724899999998502,0.007404251843007097
B,h,0.4,6.20938667,0.008398359999999938,0.007404251843007097
B,h,0.4,6.23052184,-0.007604249999999979,0.007404251843007097
B,h,0.4,6.25137137,0.0017943300000000661,0.007404251843007097
B,h,0.4,6.27204484,-0.0019324999999998926,0.007404251843007097
B,h,0.4,6.29290789,0.0002945999999999227,0.007404251843007097
B,h,0.4,6.31382104,0.0033221400000000845,0.007404251843007097
B,h,0.4,6.33495691,0.000991579999999992,0.007404251843007097
B,h,0.4,6.35600914,-0.0022351400000000243,0.007404251843007097
B,h,0.4,6.37663869,0.0005339100000001373,0.007404251843007097
B,h,0.4,6.39770954,-0.0022777699999998458,0.007404251843007097
B,h,0.4,6.41872759,-0.0016453299999998894,0.007404251843007097
B,h,0.4,6.43951457,0.0025736800000000226,0.007404251843007097
B,h,0.4,6.46033562,0.003162339999999819,0.007404251843007097
B,h,0.4,6.4814564,-0.004177160000000013,0.007404251843007097
B,h,0.4,6.50265681,0.003976100000000038,0.007404251843007097
B,h,0.4,6.52350383,-0.004612199999999955,0.007404251843007097
B,h,0.4,6.54427866,-0.004665359999999952,0.007404251843007097
B,h,0.4,6.56515568,-9.262999999992694e-05,0.007404251843007097
B,h,0.4,6.58628576,-0.0007099900000000492,0.007404251843007097
B,h,0.4,6.60749316,0.002005110000000032,0.007404251843007097
B,h,0.4,6.62830625,0.005431300000000139,0.007404251843007097
B,h,0.4,6.64913567,0.001452549999999997,0.007404251843007097
B,h,0.4,6.67020149,-0.005315720000000024,0.007404251843007097
B,h,0.4,6.69106898,0.0040018900000000635,0.007404251843007097
B,h,0.4,6.71185955,-0.0014781600000000061,0.007404251843007097
B,h,0.4,6.73264651,0.0058954600000000745,0.007404251843007097
B,h,0.4,6.7537045,0.00016505000000011094,0.007404251843007097
B,h,0.4,6.77487174,0.0015745200000001347,0.007404251843007097
B,h,0.4,6.79557562,-0.0011039999999999939,0.007404251843007097
B,h,0.4,6.81648781,0.0033282500000000326,0.007404251843007097
B,h,0.4,6.83753747,0.0006300700000001491,0.007404251843007097
B,h,0.4,6.85867557,-0.001546529999999935,0.007404251843007097
B,h,0.4,6.87985316,-0.000531959999999998,0.007404251843007097
B,h,0.4,6.90065786,-0.0011594100000000829,0.007404251843007097
B,h,0.4,6.92153112,-0.0014297400000000682,0.007404251843007097
B,h,0.4,6.94229803,-0.0046929700000000185,0.007404251843007097
B,h,0.4,6.9630016,0.000541940000000185,0.007404251843007097
B,h,0.4,6.98416877,0.0030945699999997967,0.007404251843007097
B,h,0.4,7.0052781,0.0025616400000001427,0.007404251843007097
B,h,0.4,7.02617612,0.00351057999999993,0.007404251843007097
B,h,0.4,7.04699526,-0.004407831000000084,0.007404251843007097
B,h,0.4,7.06761685,-0.003305829999999954,0.007404251843007097
B,h,0.4,7.08873369,0.0031282899999998115,0.007404251843007097
B,h,0.4,7.10994937,-0.00401035999999988,0.007404251843007097
B,h,0.4,7.13102893,-0.0018525449999999832,0.007404251843007097
B,h,0.4,7.15201412,-0.004356470000000057,0.007404251843007097
B,h,0.4,7.17271336,0.0017009140000000533,0.007404251843007097
B,h,0.4,7.19374266,-0.002558934000000068,0.007404251843007097
B,h,0.4,7.21473042,0.0022903100000000176,0.007404251843007097
B,h,0.4,7.23564263,-0.0001393269999999669,0.007404251843007097
B,h,0.4,7.25666289,-0.0018895750000000877,0.007404251843007097
B,h,0.4,7.27757645,-0.0034979109999999647,0.007404251843007097
B,h,0.4,7.2984411,0.004672878999999908,0.007404251843007097
B,h,0.4,7.31917384,-0.003635480999999996,0.007404251843007097
B,h,0.4,7.34001688,-0.0011930739999999052,0.007404251843007097
B,h,0.4,7.3611683,-0.002325596000000041,0.007404251843007097
B,h,0.4,7.38224284,0.0015505500000000394,0.007404251843007097
B,h,0.4,7.40324015,-0.002634756999999932,0.007404251843007097
B,h,0.4,7.42408854,-0.0019363530000000573,0.007404251843007097
B,h,0.4,7.44500634,-0.0003535980000000105,0.007404251843007097
B,h,0.4,7.46595959,4.0762999999999217e-05,0.007404251843007097
B,h,0.4,7.48696308,0.0008833460000000626,0.007404251843007097
B,h,0.4,7.5079936,-0.0008616660000000387,0.007404251843007097
B,h,0.4,7.52871967,1.5702000000006322e-05,0.007404251843007097
B,h,0.4,7.54966921,0.0017388680000000045,0.007404251843007097
B,h,0.4,7.57064902,0.0029277259999999083,0.007404251843007097
B,h,0.4,7.59151428,-0.0028090790000000476,0.007404251843007097
B,h,0.4,7.6123809,-0.0012389040000000406,0.007404251843007097
B,h,0.4,7.63338324,-0.0027548459999999775,0.007404251843007097
B,h,0.4,7.65450532,0.0032893250000000096,0.007404251843007097
B,h,0.4,7.67556944,-0.00019234700000003713,0.007404251843007097
B,h,0.4,7.69637751,-0.0007220319999999836,0.007404251843007097
B,h,0.4,7.71727216,0.001738387999999924,0.007404251843007097
B,h,0.4,7.73835725,-0.0001857650000000044,0.007404251843007097
B,h,0.4,7.75934923,0.004505446000000024,0.007404251843007097
B,h,0.4,7.78023116,0.0024853719999999857,0.007404251843007097
B,h,0.4,7.80098697,-0.00019577500000000914,0.007404251843007097
B,h,0.4,7.82190677,-0.005901875000000056,0.007404251843007097
B,h,0.4,7.84304931,0.0015026839999999764,0.007404251843007097
B,h,0.4,7.86405132,0.004192730000000089,0.007404251843007097
B,h,0.4,7.88484553,-9.756599999999338e-05,0.007404251843007097
B,h,0.4,7.90574885,-0.0032888540000000077,0.007404251843007097
B,h,0.4,7.9267531,0.0032155520000000104,0.007404251843007097
B,h,0.4,7.94765228,0.0028380099999999464,0.007404251843007097
B,h,0.4,7.96842304,0.00025760699999999304,0.007404251843007097
B,h,0.4,7.98938616,-0.0005061890000001013,0.007404251843007097
B,h,0.4,8.01050815,0.0019555889999999243,0.007404251843007097
B,h,0.4,8.03153334,-0.002685595999999957,0.007404251843007097
B,h,0.4,8.05240251,-0.0049947510000000195,0.007404251843007097
B,h,0.4,8.07332696,-0.002102782999999997,0.007404251843007097
B,h,0.4,8.09438514,-0.0008001930000000046,0.007404251843007097
B,h,0.4,8.11529588,-0.0038398050000000294,0.007404251843007097
B,h,0.4,8.13618411,0.0010758000000000711,0.007404251843007097
B,h,0.4,8.15717855,-0.00016947199999994833,0.007404251843007097
B,h,0.4,8.17807847,0.001103054999999964,0.007404251843007097
B,h,0.4,8.19905269,-0.0026099989999999185,0.007404251843007097
B,h,0.4,8.21991085,0.0018061510000000336,0.007404251843007097
B,h,0.4,8.24078529,0.0009440490000000024,0.007404251843007097
B,h,0.4,8.26195652,0.002333168000000052,0.007404251843007097
B,h,0.4,8.28293039,-0.0026251740000000634,0.007404251843007097
B,h,0.4,8.30373423,-0.0025422010000000217,0.007404251843007097
B,h,0.4,8.32452583,0.002525060000000079,0.007404251843007097
B,h,0.4,8.34556221,-0.0015905099999999894,0.007404251843007097
B,h,0.4,8.36671927,0.0011141620000000296,0.007404251843007097
B,h,0.4,8.38757523,-0.0008836880000000491,0.007404251843007097
B,h,0.4,8.40855808,-0.003052805999999908,0.007404251843007097
B,h,0.4,8.42953585,-0.0017368770000000255,0.007404251843007097
B,h,0.4,8.45042977,-0.0017954460000000338,0.007404251843007097
B,h,0.4,8.47138662,0.0022231819999999347,0.007404251843007097
B,h,0.4,8.49217243,0.0041332130000000245,0.007404251843007097
B,h,0.4,8.51321806,-0.0037263019999999036,0.007404251843007097
B,h,0.4,8.53421183,-0.0008586080000000385,0.007404251843007097
B,h,0.4,8.55508292,-0.0015974539999999982,0.007404251843007097
B,h,0.4,8.57598662,-0.0016141689999999986,0.007404251843007097
B,h,0.4,8.59679232,0.004881397999999981,0.007404251843007097
B,h,0.4,8.61783107,0.003442567999999979,0.007404251843007097
B,h,0.4,8.63891768,-0.003294830000000082,0.007404251843007097
B,h,0.4,8.65972861,-0.002966920000000095,0.007404251843007097
B,h,0.4,8.68059853,-0.0026047000000000153,0.007404251843007097
B,h,0.4,8.70174168,-0.00010767799999999994,0.007404251843007097
B,h,0.4,8.72279566,-0.0013300179999999884,0.007404251843007097
B,h,0.4,8.74359241,0.002220477000000054,0.007404251843007097
B,h,0.4,8.76424415,0.00044767099999998283,0.007404251843007097
B,h,0.4,8.78526729,-0.0015543100000000587,0.007404251843007097
B,h,0.4,8.80637189,-0.0016634409999999322,0.007404251843007097
B,h,0.4,8.82736896,-0.004149180999999946,0.007404251843007097
B,h,0.4,8.84843212,0.001225240999999988,0.007404251843007097
B,h,0.4,8.86933197,-0.00208331500000003,0.007404251843007097
B,h,0.4,8.89026857,-0.000761816999999998,0.007404251843007097
B,h,0.4,8.91123702,-0.00151292599999997,0.007404251843007097
B,h,0.4,8.93214776,-0.001124929999999913,0.007404251843007097
B,h,0.4,8.95312097,0.004885504999999957,0.007404251843007097
B,h,0.4,8.9741304,-0.0030218640000000407,0.007404251843007097
B,h,0.4,8.99505705,0.0011209089999999478,0.007404251843007097
B,h,0.4,9.01571368,0.001272983999999977,0.007404251843007097
B,h,0.4,9.03640927,-0.0009829260000000506,0.007404251843007097
B,h,0.4,9.05755121,-0.00015777400000005493,0.007404251843007097
B,h,0.4,9.07868023,-0.004478961999999975,0.007404251843007097
B,h,0.4,9.09969513,0.0015427820000000203,0.007404251843007097
B,h,0.4,9.1205658,0.0021018109999999535,0.007404251843007097
B,h,0.4,9.14137844,-0.0008047319999999747,0.007404251843007097
B,h,0.4,9.16237082,-0.0014785569999999915,0.007404251843007097
B,h,0.4,9.18339441,-0.0029948629999999588,0.007404251843007097
B,h,0.4,9.20447395,0.0018658209999999897,0.007404251843007097
B,h,0.4,9.22549281,0.0026263759999999303,0.007404251843007097
B,h,0.4,9.2463962,-0.0008115039999999629,0.007404251843007097
B,h,0.4,9.26722673,0.0029412199999999666,0.007404251843007097
B,h,0.4,9.28791689,-0.0001586319999999919,0.007404251843007097
B,h,0.4,9.30892724,-0.0016403199999999174,0.007404251843007097
B,h,0.4,9.33003065,-0.0022977889999999945,0.007404251843007097
B,h,0.4,9.35102864,-0.00024345299999994907,0.007404251843007097
B,h,0.4,9.37196601,-0.0005307559999999656,0.007404251843007097
B,h,0.4,9.39258783,0.0027270590000000317,0.007404251843007097
B,h,0.4,9.41349621,0.0041801090000000984,0.007404251843007097
B,h,0.4,9.4347927,0.003483192000000024,0.007404251843007097
B,h,0.4,9.45587737,0.0012153139999999674,0.007404251843007097
B,h,0.4,9.47676866,-0.0021064149999999726,0.007404251843007097
B,h,0.4,9.49762777,-0.00413155300000001,0.007404251843007097
B,h,0.4,9.51852362,-0.0017968709999999222,0.007404251843007097
B,h,0.4,9.53939795,-0.0006277949999999866,0.007404251843007097
B,h,0.4,9.56035551,-0.0014611960000000535,0.007404251843007097
B,h,0.4,9.58149741,-0.0004794009999999904,0.007404251843007097
B,h,0.4,9.60249587,0.0020425609999999983,0.007404251843007097
B,h,0.4,9.62336478,-0.003277273000000025,0.007404251843007097
B,h,0.4,9.64415055,0.0010530410000000323,0.007404251843007097
B,h,0.4,9.66502224,-0.00270964600000001,0.007404251843007097
B,h,0.4,9.68597433,-0.003662974000000041,0.007404251843007097
B,h,0.4,9.7069728,0.001630362999999968,0.007404251843007097
B,h,0.4,9.72797765,-0.0031003330000000107,0.007404251843007097
B,h,0.4,9.74896401,0.0011885000000000367,0.007404251843007097
B,h,0.4,9.76996217,-0.00046226100000001935,0.007404251843007097
B,h,0.4,9.79085678,0.0008306319999999978,0.007404251843007097
B,h,0.4,9.81166698,-0.0028601959999999815,0.007404251843007097
B,h,0.4,9.83262494,-0.0008977339999999279,0.007404251843007097
B,h,0.4,9.85372265,-6.180799999999653e-05,0.007404251843007097
B,h,0.4,9.87472665,-0.003494315999999942,0.007404251843007097
B,h,0.4,9.89559934,-0.0016119110000000214,0.007404251843007097
B,h,0.4,9.91635289,-0.0017775439999999643,0.007404251843007097
B,h,0.4,9.93737645,-0.0013983899999999716,0.007404251843007097
B,h,0.4,9.95856995,-0.00274095799999996,0.007404251843007097
B,h,0.4,9.97940815,0.0023498579999999825,0.007404251843007097
B,h,0.4,10.000082,-0.004208071999999952,0.007404251843007097
B,h,0.6,0.0252815853,0.016143787609,0.016659566646765968
B,h,0.6,0.0486976344,0.014955383049999998,0.016659566646765968
B,h,0.6,0.0692644017,0.01544788258,0.016659566646765968
B,h,0.6,0.08877835,0.01641335592,0.016659566646765968
B,h,0.6,0.111604297,0.015862422039999997,0.016659566646765968
B,h,0.6,0.132731806,0.0157379621,0.016659566646765968
B,h,0.6,0.153672181,0.015267999099999999,0.016659566646765968
B,h,0.6,0.175641863,0.015601220099999997,0.016659566646765968
B,h,0.6,0.196615509,0.014423148,0.016659566646765968
B,h,0.6,0.217326708,0.013513791099999999,0.016659566646765968
B,h,0.6,0.237538457,0.014375618,0.016659566646765968
B,h,0.6,0.258148683,0.015063074199999998,0.016659566646765968
B,h,0.6,0.28040349,0.012334661400000002,0.016659566646765968
B,h,0.6,0.301929084,0.014755055499999989,0.016659566646765968
B,h,0.6,0.322287413,0.012769288199999992,0.016659566646765968
B,h,0.6,0.342663331,0.011963448900000007,0.016659566646765968
B,h,0.6,0.363641289,0.011208909399999994,0.016659566646765968
B,h,0.6,0.385602948,0.010761775000000001,0.016659566646765968
B,h,0.6,0.406737165,0.011390604999999998,0.016659566646765968
B,h,0.6,0.427001871,0.009954489999999983,0.016659566646765968
B,h,0.6,0.448754416,0.009882974999999988,0.016659566646765968
B,h,0.6,0.469601745,0.011169211000000012,0.016659566646765968
B,h,0.6,0.489805379,0.008778476000000007,0.016659566646765968
B,h,0.6,0.510302494,0.009285233000000004,0.016659566646765968
B,h,0.6,0.53178319,0.009540097000000025,0.016659566646765968
B,h,0.6,0.553922362,0.006579329999999994,0.016659566646765968
B,h,0.6,0.574670041,0.005050926000000011,0.016659566646765968
B,h,0.6,0.594645701,0.007228409999999991,0.016659566646765968
B,h,0.6,0.615540037,0.006115641000000005,0.016659566646765968
B,h,0.6,0.636554081,0.005647290000000027,0.016659566646765968
B,h,0.6,0.658102417,0.0049083979999999805,0.016659566646765968
B,h,0.6,0.679189641,0.001993940999999999,0.016659566646765968
B,h,0.6,0.700054044,0.009174774999999968,0.016659566646765968
B,h,0.6,0.721329826,-0.0005982190000000109,0.016659566646765968
B,h,0.6,0.742033923,0.0019437119999999863,0.016659566646765968
B,h,0.6,0.762614581,0.007378945999999997,0.016659566646765968
B,h,0.6,0.783270495,0.004864484000000002,0.016659566646765968
B,h,0.6,0.804783918,0.0026844479999999504,0.016659566646765968
B,h,0.6,0.826095906,0.004515006000000044,0.016659566646765968
B,h,0.6,0.846303977,-0.0013552199999999903,0.016659566646765968
B,h,0.6,0.867174819,0.005814682999999987,0.016659566646765968
B,h,0.6,0.888413258,0.00012208599999996572,0.016659566646765968
B,h,0.6,0.909910564,0.0054592829999999815,0.016659566646765968
B,h,0.6,0.931134698,-0.004430986999999997,0.016659566646765968
B,h,0.6,0.951563161,0.0032049450000000146,0.016659566646765968
B,h,0.6,0.972160451,-0.0026471900000000215,0.016659566646765968
B,h,0.6,0.993008165,-0.007695788000000037,0.016659566646765968
B,h,0.6,1.0140906,-0.003651491000000062,0.016659566646765968
B,h,0.6,1.03500338,-0.004414048000000004,0.016659566646765968
B,h,0.6,1.05657413,0.002146670000000017,0.016659566646765968
B,h,0.6,1.07789814,-0.00020986800000000194,0.016659566646765968
B,h,0.6,1.09835045,-0.0017441430000000313,0.016659566646765968
B,h,0.6,1.11903902,-0.003907999000000051,0.016659566646765968
B,h,0.6,1.1396405,0.0007788309999999798,0.016659566646765968
B,h,0.6,1.16109193,0.002725881000000041,0.016659566646765968
B,h,0.6,1.18227503,-0.00348780999999998,0.016659566646765968
B,h,0.6,1.2030555,0.0041486880000000115,0.016659566646765968
B,h,0.6,1.22375183,0.004018949999999966,0.016659566646765968
B,h,0.6,1.24453484,0.0032469219999999854,0.016659566646765968
B,h,0.6,1.26570671,0.0009760020000000313,0.016659566646765968
B,h,0.6,1.28693994,-0.0011385790000000284,0.016659566646765968
B,h,0.6,1.30807124,0.0053624830000000845,0.016659566646765968
B,h,0.6,1.32889646,-0.003817771999999997,0.016659566646765968
B,h,0.6,1.34945121,-0.006346948999999991,0.016659566646765968
B,h,0.6,1.37055188,0.005585808999999942,0.016659566646765968
B,h,0.6,1.39148285,-0.005741828999999976,0.016659566646765968
B,h,0.6,1.41220445,0.0012958459999999894,0.016659566646765968
B,h,0.6,1.43352474,-0.012998203999999958,0.016659566646765968
B,h,0.6,1.45454751,-0.006374852999999958,0.016659566646765968
B,h,0.6,1.47511055,-0.006109572000000063,0.016659566646765968
B,h,0.6,1.49566583,0.005364182999999967,0.016659566646765968
B,h,0.6,1.51690776,-0.0029749789999999887,0.016659566646765968
B,h,0.6,1.53826425,-0.002752564000000013,0.016659566646765968
B,h,0.6,1.55931449,0.003103816999999953,0.016659566646765968
B,h,0.6,1.58012172,-0.0005115709999999885,0.016659566646765968
B,h,0.6,1.60114355,-0.007231054999999986,0.016659566646765968
B,h,0.6,1.62229155,-0.0063744790000000995,0.016659566646765968
B,h,0.6,1.64295947,-0.0013752309999999213,0.016659566646765968
B,h,0.6,1.66366432,0.0035793490000000094,0.016659566646765968
B,h,0.6,1.68478217,0.0032286019999999693,0.016659566646765968
B,h,0.6,1.7057485,0.0011996839999999231,0.016659566646765968
B,h,0.6,1.72683745,0.0009055319999999867,0.016659566646765968
B,h,0.6,1.74765849,-0.007970868999999992,0.016659566646765968
B,h,0.6,1.76847487,-0.002987661999999891,0.016659566646765968
B,h,0.6,1.78961871,-0.005565133000000055,0.016659566646765968
B,h,0.6,1.81086098,0.004574639999999963,0.016659566646765968
B,h,0.6,1.83179094,0.014586639000000012,0.016659566646765968
B,h,0.6,1.8521746,0.0007860610000000046,0.016659566646765968
B,h,0.6,1.8733654,-0.003999419000000004,0.016659566646765968
B,h,0.6,1.89455538,0.005162095000000089,0.016659566646765968
B,h,0.6,1.91534795,0.010014183999999982,0.016659566646765968
B,h,0.6,1.93623233,-0.004467893000000056,0.016659566646765968
B,h,0.6,1.9571481,-0.0029454309999999984,0.016659566646765968
B,h,0.6,1.97825109,-0.0002651290000000861,0.016659566646765968
B,h,0.6,1.99905898,-0.0007127609999999507,0.016659566646765968
B,h,0.6,2.01966715,-0.0007405929999999561,0.016659566646765968
B,h,0.6,2.04082415,0.0029734770000000577,0.016659566646765968
B,h,0.6,2.06193171,-0.010104249000000065,0.016659566646765968
B,h,0.6,2.08296048,-0.007742167999999938,0.016659566646765968
B,h,0.6,2.10383017,-0.0021530429999999656,0.016659566646765968
B,h,0.6,2.12494312,0.000713070999999954,0.016659566646765968
B,h,0.6,2.14618475,0.0012971089999999075,0.016659566646765968
B,h,0.6,2.16679298,0.0016055499999999556,0.016659566646765968
B,h,0.6,2.18753482,0.00227467800000003,0.016659566646765968
B,h,0.6,2.20847027,0.006403102000000049,0.016659566646765968
B,h,0.6,2.22955181,-0.0007629350000000201,0.016659566646765968
B,h,0.6,2.25078374,-0.0023966460000000023,0.016659566646765968
B,h,0.6,2.27150159,-0.00038335599999994585,0.016659566646765968
B,h,0.6,2.29205574,9.121499999997784e-05,0.016659566646765968
B,h,0.6,2.31294326,-0.00012284399999995532,0.016659566646765968
B,h,0.6,2.3340363,-0.003554614999999983,0.016659566646765968
B,h,0.6,2.35514399,0.002512726000000076,0.016659566646765968
B,h,0.6,2.37607726,-0.005493065000000019,0.016659566646765968
B,h,0.6,2.39730341,0.0039163660000000045,0.016659566646765968
B,h,0.6,2.41857203,-0.0030042359999999935,0.016659566646765968
B,h,0.6,2.43911056,0.00996024299999998,0.016659566646765968
B,h,0.6,2.45988005,-0.0035897340000000666,0.016659566646765968
B,h,0.6,2.48094151,0.000926331000000058,0.016659566646765968
B,h,0.6,2.50196601,0.003945179000000021,0.016659566646765968
B,h,0.6,2.52300496,0.0010481809999999259,0.016659566646765968
B,h,0.6,2.54340089,-0.0069636949999999365,0.016659566646765968
B,h,0.6,2.56415297,0.00969200300000006,0.016659566646765968
B,h,0.6,2.58575836,-0.0024805900000000047,0.016659566646765968
B,h,0.6,2.60684428,-0.00033608499999993047,0.016659566646765968
B,h,0.6,2.62775949,0.0050237319999999475,0.016659566646765968
B,h,0.6,2.64834355,-0.0032995869999999927,0.016659566646765968
B,h,0.6,2.66912062,6.130000000004188e-05,0.016659566646765968
B,h,0.6,2.69039946,-0.0003373779999999993,0.016659566646765968
B,h,0.6,2.71121518,0.004730608000000025,0.016659566646765968
B,h,0.6,2.7321837,0.0016441460000000685,0.016659566646765968
B,h,0.6,2.75306239,0.005657980000000062,0.016659566646765968
B,h,0.6,2.77427049,9.449800000005393e-05,0.016659566646765968
B,h,0.6,2.79557932,-0.001723676999999979,0.016659566646765968
B,h,0.6,2.8160646,-0.002699158999999951,0.016659566646765968
B,h,0.6,2.83689478,-0.001760213000000066,0.016659566646765968
B,h,0.6,2.85801727,0.0037488430000000017,0.016659566646765968
B,h,0.6,2.87906973,0.0016030169999999844,0.016659566646765968
B,h,0.6,2.89996898,0.003938382999999934,0.016659566646765968
B,h,0.6,2.92062944,-0.00448356399999994,0.016659566646765968
B,h,0.6,2.941605,-0.0023666500000000257,0.016659566646765968
B,h,0.6,2.96267076,-0.003917472000000033,0.016659566646765968
B,h,0.6,2.98347442,-0.004621976999999999,0.016659566646765968
B,h,0.6,3.00437656,-0.0015800590000000225,0.016659566646765968
B,h,0.6,3.02542142,0.0008653579999999828,0.016659566646765968
B,h,0.6,3.04658726,-0.0006958700000000428,0.016659566646765968
B,h,0.6,3.06768101,0.0007881320000000525,0.016659566646765968
B,h,0.6,3.088328,0.0018727039999999473,0.016659566646765968
B,h,0.6,3.10931167,0.003463578999999939,0.016659566646765968
B,h,0.6,3.1305457,-0.005244575000000085,0.016659566646765968
B,h,0.6,3.15150209,0.003188744999999993,0.016659566646765968
B,h,0.6,3.17219014,0.004537584000000039,0.016659566646765968
B,h,0.6,3.19299024,-0.001725578000000061,0.016659566646765968
B,h,0.6,3.21390436,-0.001196277999999995,0.016659566646765968
B,h,0.6,3.23506564,-0.00013680599999998933,0.016659566646765968
B,h,0.6,3.25605387,0.0023250570000000748,0.016659566646765968
B,h,0.6,3.27685776,0.003666520999999978,0.016659566646765968
B,h,0.6,3.29794723,0.00024656800000000256,0.016659566646765968
B,h,0.6,3.31884778,0.002725306000000094,0.016659566646765968
B,h,0.6,3.33944269,-0.0013774010000000558,0.016659566646765968
B,h,0.6,3.36030612,-0.002706315999999931,0.016659566646765968
B,h,0.6,3.38171654,-0.003919197999999957,0.016659566646765968
B,h,0.6,3.40297495,0.0012779790000000402,0.016659566646765968
B,h,0.6,3.42370792,-0.003197907,0.016659566646765968
B,h,0.6,3.44440875,-0.005834765999999991,0.016659566646765968
B,h,0.6,3.465315,0.0008141980000000437,0.016659566646765968
B,h,0.6,3.4865867,-8.998500000001464e-05,0.016659566646765968
B,h,0.6,3.50751221,-0.0027748570000000194,0.016659566646765968
B,h,0.6,3.52796741,-0.00299999899999992,0.016659566646765968
B,h,0.6,3.5488788,0.0001434619999999276,0.016659566646765968
B,h,0.6,3.57014151,0.0044880980000000514,0.016659566646765968
B,h,0.6,3.59120365,0.00341016999999999,0.016659566646765968
B,h,0.6,3.61190928,-0.0035577409999999476,0.016659566646765968
B,h,0.6,3.63300558,-0.006436755999999932,0.016659566646765968
B,h,0.6,3.6541422,0.0006582529999999975,0.016659566646765968
B,h,0.6,3.67500902,-0.0023475309999999583,0.016659566646765968
B,h,0.6,3.69581564,0.001524195000000006,0.016659566646765968
B,h,0.6,3.71644729,-0.0012394949999999794,0.016659566646765968
B,h,0.6,3.73749774,-0.0017473989999999828,0.016659566646765968
B,h,0.6,3.75868086,-0.0020685950000000064,0.016659566646765968
B,h,0.6,3.77950549,0.0007773260000000226,0.016659566646765968
B,h,0.6,3.80027286,0.004049006000000022,0.016659566646765968
B,h,0.6,3.82143123,0.0019040379999999413,0.016659566646765968
B,h,0.6,3.84280481,0.0012069879999999644,0.016659566646765968
B,h,0.6,3.86349282,0.0033030119999999386,0.016659566646765968
B,h,0.6,3.88417456,0.001827652000000013,0.016659566646765968
B,h,0.6,3.90535419,0.00042196199999999795,0.016659566646765968
B,h,0.6,3.9264697,-0.004022328999999991,0.016659566646765968
B,h,0.6,3.94738681,-0.0047983529999999774,0.016659566646765968
B,h,0.6,3.96810309,-6.559999999999899e-05,0.016659566646765968
B,h,0.6,3.98888694,-4.3574999999962394e-05,0.016659566646765968
B,h,0.6,4.00993371,-0.0014696519999999325,0.016659566646765968
B,h,0.6,4.03080983,-0.0012292750000000296,0.016659566646765968
B,h,0.6,4.05178039,0.0005485939999999578,0.016659566646765968
B,h,0.6,4.07276799,0.0012465720000000013,0.016659566646765968
B,h,0.6,4.09368684,-0.006260860000000035,0.016659566646765968
B,h,0.6,4.11485609,0.005890931000000044,0.016659566646765968
B,h,0.6,4.13583188,-0.0015736769999999956,0.016659566646765968
B,h,0.6,4.15670688,0.00407020300000005,0.016659566646765968
B,h,0.6,4.17758774,0.0052713990000000654,0.016659566646765968
B,h,0.6,4.19867141,-0.0009073279999999295,0.016659566646765968
B,h,0.6,4.21961517,0.0015774100000000013,0.016659566646765968
B,h,0.6,4.24013393,0.00013613000000001207,0.016659566646765968
B,h,0.6,4.26119077,-0.0014201810000000759,0.016659566646765968
B,h,0.6,4.28239268,-0.0003685919999999454,0.016659566646765968
B,h,0.6,4.30342826,0.0024399750000000386,0.016659566646765968
B,h,0.6,4.32431592,0.001877240999999974,0.016659566646765968
B,h,0.6,4.34508479,-0.002550745999999937,0.016659566646765968
B,h,0.6,4.36604259,-0.0014876859999999326,0.016659566646765968
B,h,0.6,4.38708086,-0.00112587800000008,0.016659566646765968
B,h,0.6,4.40778797,0.0024220969999999564,0.016659566646765968
B,h,0.6,4.4288526,-0.001059710000000047,0.016659566646765968
B,h,0.6,4.44994967,-0.0009382000000000001,0.016659566646765968
B,h,0.6,4.47085438,0.0003621700000000505,0.016659566646765968
B,h,0.6,4.49188801,-0.0005962699999999543,0.016659566646765968
B,h,0.6,4.51250216,0.007618009999999842,0.016659566646765968
B,h,0.6,4.5334461,-0.000835709999999823,0.016659566646765968
B,h,0.6,4.55463591,-6.716000000017708e-05,0.016659566646765968
B,h,0.6,4.57547609,-0.0001901399999999498,0.016659566646765968
B,h,0.6,4.59643311,0.0006950900000000093,0.016659566646765968
B,h,0.6,4.61732903,0.001275630000000083,0.016659566646765968
B,h,0.6,4.63833098,-0.0008650900000000128,0.016659566646765968
B,h,0.6,4.65949324,-0.005843870000000084,0.016659566646765968
B,h,0.6,4.68039693,-0.003318120000000091,0.016659566646765968
B,h,0.6,4.70136745,-0.00915796000000002,0.016659566646765968
B,h,0.6,4.72221533,-0.00218556999999997,0.016659566646765968
B,h,0.6,4.74309374,-0.002479090000000017,0.016659566646765968
B,h,0.6,4.76390784,-0.004334669999999985,0.016659566646765968
B,h,0.6,4.78491795,-0.001822580000000018,0.016659566646765968
B,h,0.6,4.80636204,-0.0014304199999999323,0.016659566646765968
B,h,0.6,4.82728449,0.0015400600000001763,0.016659566646765968
B,h,0.6,4.84785524,-0.006458230000000009,0.016659566646765968
B,h,0.6,4.86859731,-0.0022554900000000266,0.016659566646765968
B,h,0.6,4.88954319,0.001110029999999984,0.016659566646765968
B,h,0.6,4.91078695,0.0011128200000001254,0.016659566646765968
B,h,0.6,4.93172016,-0.0023560700000000434,0.016659566646765968
B,h,0.6,4.95244063,0.0007384599999999963,0.016659566646765968
B,h,0.6,4.97348932,-0.0058370599999999495,0.016659566646765968
B,h,0.6,4.994309,-0.003329020000000016,0.016659566646765968
B,h,0.6,5.01515697,0.000981860000000001,0.016659566646765968
B,h,0.6,5.03598003,-0.0022529099999999413,0.016659566646765968
B,h,0.6,5.05703237,-0.0004367699999998642,0.016659566646765968
B,h,0.6,5.07840332,-0.001498529999999887,0.016659566646765968
B,h,0.6,5.09943841,-0.003966919999999874,0.016659566646765968
B,h,0.6,5.12032938,-0.004213349999999894,0.016659566646765968
B,h,0.6,5.14107614,-0.001144889999999954,0.016659566646765968
B,h,0.6,5.16214077,0.0008592800000000178,0.016659566646765968
B,h,0.6,5.18341099,0.0031725499999999407,0.016659566646765968
B,h,0.6,5.2041075,0.000117389999999995,0.016659566646765968
B,h,0.6,5.22477891,0.0018921100000000024,0.016659566646765968
B,h,0.6,5.24557967,-0.0002709400000000528,0.016659566646765968
B,h,0.6,5.26649236,0.0016795099999999952,0.016659566646765968
B,h,0.6,5.28753131,0.0021677799999999525,0.016659566646765968
B,h,0.6,5.30847064,-0.0025214600000000864,0.016659566646765968
B,h,0.6,5.32946745,-0.0005671099999999818,0.016659566646765968
B,h,0.6,5.3506922,0.0008961799999998021,0.016659566646765968
B,h,0.6,5.37158853,0.0027498500000000536,0.016659566646765968
B,h,0.6,5.39231925,0.002577819999999953,0.016659566646765968
B,h,0.6,5.41333352,-0.0009147300000000858,0.016659566646765968
B,h,0.6,5.43434316,-0.002281029999999795,0.016659566646765968
B,h,0.6,5.45530659,0.0010396999999999768,0.016659566646765968
B,h,0.6,5.47618498,-0.005878610000000117,0.016659566646765968
B,h,0.6,5.49715755,8.801999999996646e-05,0.016659566646765968
B,h,0.6,5.51801586,0.003022709999999984,0.016659566646765968
B,h,0.6,5.53881995,0.0005261400000000638,0.016659566646765968
B,h,0.6,5.55992514,-0.0002475500000000963,0.016659566646765968
B,h,0.6,5.58098545,0.0029481199999998875,0.016659566646765968
B,h,0.6,5.60183772,0.007392150000000042,0.016659566646765968
B,h,0.6,5.62277584,-0.0027170099999997976,0.016659566646765968
B,h,0.6,5.64379172,-0.00352127999999996,0.016659566646765968
B,h,0.6,5.66460817,0.0008307199999999515,0.016659566646765968
B,h,0.6,5.68556022,-0.005052480000000026,0.016659566646765968
B,h,0.6,5.7067909,-0.003401280000000062,0.016659566646765968
B,h,0.6,5.72769317,0.001305859999999992,0.016659566646765968
B,h,0.6,5.74840017,-0.0008780600000000138,0.016659566646765968
B,h,0.6,5.76938192,0.0023102999999999874,0.016659566646765968
B,h,0.6,5.79039764,-0.0025176700000000274,0.016659566646765968
B,h,0.6,5.81144039,0.0010078900000001223,0.016659566646765968
B,h,0.6,5.83232115,-0.003259169999999978,0.016659566646765968
B,h,0.6,5.85320209,0.0029601699999999287,0.016659566646765968
B,h,0.6,5.87418919,0.0035372999999998544,0.016659566646765968
B,h,0.6,5.89509625,0.004610180000000019,0.016659566646765968
B,h,0.6,5.9159726,-0.00069975000000011,0.016659566646765968
B,h,0.6,5.93682663,0.0069169800000001835,0.016659566646765968
B,h,0.6,5.95791772,0.0018811299999998976,0.016659566646765968
B,h,0.6,5.97900675,-0.00032615000000002503,0.016659566646765968
B,h,0.6,5.99978945,-0.0007033600000001528,0.016659566646765968
B,h,0.6,6.02063577,0.0022848799999999336,0.016659566646765968
B,h,0.6,6.04156421,-0.0021531699999999265,0.016659566646765968
B,h,0.6,6.06259364,0.0036484099999998243,0.016659566646765968
B,h,0.6,6.08377541,-0.0016659300000001487,0.016659566646765968
B,h,0.6,6.10447051,0.006683329999999987,0.016659566646765968
B,h,0.6,6.12538157,0.0016498400000000135,0.016659566646765968
B,h,0.6,6.14660689,0.0018908399999999492,0.016659566646765968
B,h,0.6,6.16752321,0.0006497000000000863,0.016659566646765968
B,h,0.6,6.18833806,-0.003746159999999943,0.016659566646765968
B,h,0.6,6.20938667,0.002497189999999927,0.016659566646765968
B,h,0.6,6.23052184,-0.0031172600000000106,0.016659566646765968
B,h,0.6,6.25137137,0.0016425800000001711,0.016659566646765968
B,h,0.6,6.27204484,-0.0015655800000000664,0.016659566646765968
B,h,0.6,6.29290789,-0.00015116000000015006,0.016659566646765968
B,h,0.6,6.31382104,-0.0006125699999999235,0.016659566646765968
B,h,0.6,6.33495691,0.004930099999999937,0.016659566646765968
B,h,0.6,6.35600914,-0.0026467800000000707,0.016659566646765968
B,h,0.6,6.37663869,0.0018403399999999959,0.016659566646765968
B,h,0.6,6.39770954,-0.001848850000000013,0.016659566646765968
B,h,0.6,6.41872759,0.0007872300000000276,0.016659566646765968
B,h,0.6,6.43951457,-0.00017602000000005447,0.016659566646765968
B,h,0.6,6.46033562,-0.00033031000000005584,0.016659566646765968
B,h,0.6,6.4814564,-0.002043170000000094,0.016659566646765968
B,h,0.6,6.50265681,0.003314540000000088,0.016659566646765968
B,h,0.6,6.52350383,0.00046188999999996483,0.016659566646765968
B,h,0.6,6.54427866,-0.0014500900000000705,0.016659566646765968
B,h,0.6,6.56515568,-0.0016961199999998566,0.016659566646765968
B,h,0.6,6.58628576,0.0009720099999999121,0.016659566646765968
B,h,0.6,6.60749316,0.002830960000000049,0.016659566646765968
B,h,0.6,6.62830625,0.004843460000000022,0.016659566646765968
B,h,0.6,6.64913567,0.004484709999999836,0.016659566646765968
B,h,0.6,6.67020149,-0.002037279999999919,0.016659566646765968
B,h,0.6,6.69106898,0.0037659800000000576,0.016659566646765968
B,h,0.6,6.71185955,0.0022997900000001348,0.016659566646765968
B,h,0.6,6.73264651,-0.0005140800000000834,0.016659566646765968
B,h,0.6,6.7537045,-0.001661479999999882,0.016659566646765968
B,h,0.6,6.77487174,-0.0037001599999999524,0.016659566646765968
B,h,0.6,6.79557562,0.0014168599999999643,0.016659566646765968
B,h,0.6,6.81648781,0.006324800000000019,0.016659566646765968
B,h,0.6,6.83753747,0.00018304000000002318,0.016659566646765968
B,h,0.6,6.85867557,-0.0024119000000000224,0.016659566646765968
B,h,0.6,6.87985316,-0.0018246900000000732,0.016659566646765968
B,h,0.6,6.90065786,-0.0035740500000001063,0.016659566646765968
B,h,0.6,6.92153112,0.00045786000000003213,0.016659566646765968
B,h,0.6,6.94229803,-0.005183249999999973,0.016659566646765968
B,h,0.6,6.9630016,0.005450520000000125,0.016659566646765968
B,h,0.6,6.98416877,-0.003273117000000103,0.016659566646765968
B,h,0.6,7.0052781,0.0011333399999999827,0.016659566646765968
B,h,0.6,7.02617612,0.002628509999999862,0.016659566646765968
B,h,0.6,7.04699526,-0.0011420200000000769,0.016659566646765968
B,h,0.6,7.06761685,-0.0033196499999998963,0.016659566646765968
B,h,0.6,7.08873369,0.0016532799999999792,0.016659566646765968
B,h,0.6,7.10994937,-0.0013164399999998633,0.016659566646765968
B,h,0.6,7.13102893,0.00047861999999998517,0.016659566646765968
B,h,0.6,7.15201412,3.9199999999350865e-06,0.016659566646765968
B,h,0.6,7.17271336,0.0030501139999999927,0.016659566646765968
B,h,0.6,7.19374266,-0.0008644800000001673,0.016659566646765968
B,h,0.6,7.21473042,-0.00150393400000004,0.016659566646765968
B,h,0.6,7.23564263,-0.0022917540000000347,0.016659566646765968
B,h,0.6,7.25666289,0.002261480000000038,0.016659566646765968
B,h,0.6,7.27757645,-0.00494290399999997,0.016659566646765968
B,h,0.6,7.2984411,0.005350089999999863,0.016659566646765968
B,h,0.6,7.31917384,0.004029019999999939,0.016659566646765968
B,h,0.6,7.34001688,-0.0018444249999999274,0.016659566646765968
B,h,0.6,7.3611683,-0.0012900310000000248,0.016659566646765968
B,h,0.6,7.38224284,0.004208372000000016,0.016659566646765968
B,h,0.6,7.40324015,-0.001645106999999979,0.016659566646765968
B,h,0.6,7.42408854,-1.961500000002836e-05,0.016659566646765968
B,h,0.6,7.44500634,0.0009192809999999385,0.016659566646765968
B,h,0.6,7.46595959,0.0017541949999999584,0.016659566646765968
B,h,0.6,7.48696308,-1.0243999999937081e-05,0.016659566646765968
B,h,0.6,7.5079936,0.0009624309999999303,0.016659566646765968
B,h,0.6,7.52871967,0.0016411950000000397,0.016659566646765968
B,h,0.6,7.54966921,-0.0013472129999999582,0.016659566646765968
B,h,0.6,7.57064902,-0.00013622700000004428,0.016659566646765968
B,h,0.6,7.59151428,-0.0007149170000000371,0.016659566646765968
B,h,0.6,7.6123809,-0.003129555999999978,0.016659566646765968
B,h,0.6,7.63338324,-0.0007041049999999549,0.016659566646765968
B,h,0.6,7.65450532,-4.676599999997588e-05,0.016659566646765968
B,h,0.6,7.67556944,0.0002045019999999953,0.016659566646765968
B,h,0.6,7.69637751,-0.0022974949999999827,0.016659566646765968
B,h,0.6,7.71727216,-0.0015307910000000868,0.016659566646765968
B,h,0.6,7.73835725,0.0002803540000000382,0.016659566646765968
B,h,0.6,7.75934923,0.0017126350000000734,0.016659566646765968
B,h,0.6,7.78023116,0.002547195000000002,0.016659566646765968
B,h,0.6,7.80098697,0.0012588620000000272,0.016659566646765968
B,h,0.6,7.82190677,-0.0037623140000000443,0.016659566646765968
B,h,0.6,7.84304931,0.0026982769999999157,0.016659566646765968
B,h,0.6,7.86405132,0.0038912360000000756,0.016659566646765968
B,h,0.6,7.88484553,-0.0009520769999999956,0.016659566646765968
B,h,0.6,7.90574885,-0.0023869010000000523,0.016659566646765968
B,h,0.6,7.9267531,0.002644234000000023,0.016659566646765968
B,h,0.6,7.94765228,0.0004136229999999186,0.016659566646765968
B,h,0.6,7.96842304,-0.0009883500000000822,0.016659566646765968
B,h,0.6,7.98938616,0.0009191549999999493,0.016659566646765968
B,h,0.6,8.01050815,0.0009069039999999307,0.016659566646765968
B,h,0.6,8.03153334,-0.003436349000000005,0.016659566646765968
B,h,0.6,8.05240251,-0.005478262999999983,0.016659566646765968
B,h,0.6,8.07332696,-0.0034883119999999934,0.016659566646765968
B,h,0.6,8.09438514,-0.0007794690000000326,0.016659566646765968
B,h,0.6,8.11529588,-0.0007352809999999765,0.016659566646765968
B,h,0.6,8.13618411,0.0021630120000000197,0.016659566646765968
B,h,0.6,8.15717855,-0.0025526769999999477,0.016659566646765968
B,h,0.6,8.17807847,-0.005149084999999998,0.016659566646765968
B,h,0.6,8.19905269,0.0013308710000000668,0.016659566646765968
B,h,0.6,8.21991085,0.0019061660000000424,0.016659566646765968
B,h,0.6,8.24078529,-0.0022658030000000107,0.016659566646765968
B,h,0.6,8.26195652,0.0035105160000000746,0.016659566646765968
B,h,0.6,8.28293039,-0.0025153460000000294,0.016659566646765968
B,h,0.6,8.30373423,-0.00163188000000003,0.016659566646765968
B,h,0.6,8.32452583,0.0030950189999999766,0.016659566646765968
B,h,0.6,8.34556221,0.0003273289999999873,0.016659566646765968
B,h,0.6,8.36671927,-0.0011359520000000511,0.016659566646765968
B,h,0.6,8.38757523,0.0025682579999999344,0.016659566646765968
B,h,0.6,8.40855808,0.0007112110000000449,0.016659566646765968
B,h,0.6,8.42953585,-0.0019065420000000666,0.016659566646765968
B,h,0.6,8.45042977,-0.0017187820000000853,0.016659566646765968
B,h,0.6,8.47138662,0.002105828000000032,0.016659566646765968
B,h,0.6,8.49217243,0.0037103090000000227,0.016659566646765968
B,h,0.6,8.51321806,-0.003101146999999971,0.016659566646765968
B,h,0.6,8.53421183,-0.00440828400000004,0.016659566646765968
B,h,0.6,8.55508292,0.0004358540000000133,0.016659566646765968
B,h,0.6,8.57598662,-0.004503875000000046,0.016659566646765968
B,h,0.6,8.59679232,0.0018460310000000257,0.016659566646765968
B,h,0.6,8.61783107,0.0016613629999999713,0.016659566646765968
B,h,0.6,8.63891768,-0.00111164500000005,0.016659566646765968
B,h,0.6,8.65972861,-0.001539746000000064,0.016659566646765968
B,h,0.6,8.68059853,5.06029999999269e-05,0.016659566646765968
B,h,0.6,8.70174168,0.002379762999999979,0.016659566646765968
B,h,0.6,8.72279566,-0.0009442090000000292,0.016659566646765968
B,h,0.6,8.74359241,0.00036453400000002745,0.016659566646765968
B,h,0.6,8.76424415,-0.00015233200000008829,0.016659566646765968
B,h,0.6,8.78526729,-0.0020910880000000187,0.016659566646765968
B,h,0.6,8.80637189,-0.0022643949999999746,0.016659566646765968
B,h,0.6,8.82736896,-0.002008958000000005,0.016659566646765968
B,h,0.6,8.84843212,-0.0040569629999999135,0.016659566646765968
B,h,0.6,8.86933197,-0.0014931370000000888,0.016659566646765968
B,h,0.6,8.89026857,0.0010857039999999651,0.016659566646765968
B,h,0.6,8.91123702,0.0005310560000000297,0.016659566646765968
B,h,0.6,8.93214776,-0.0019379459999999682,0.016659566646765968
B,h,0.6,8.95312097,3.307200000002286e-05,0.016659566646765968
B,h,0.6,8.9741304,-0.001685549000000064,0.016659566646765968
B,h,0.6,8.99505705,-0.001577668000000032,0.016659566646765968
B,h,0.6,9.01571368,0.006254921999999996,0.016659566646765968
B,h,0.6,9.03640927,0.0012996960000000168,0.016659566646765968
B,h,0.6,9.05755121,0.001719980999999926,0.016659566646765968
B,h,0.6,9.07868023,0.0007733930000000111,0.016659566646765968
B,h,0.6,9.09969513,0.0006427879999999497,0.016659566646765968
B,h,0.6,9.1205658,0.0008128749999999352,0.016659566646765968
B,h,0.6,9.14137844,-0.0027856799999999016,0.016659566646765968
B,h,0.6,9.16237082,0.0009540829999999945,0.016659566646765968
B,h,0.6,9.18339441,-0.0018753209999999854,0.016659566646765968
B,h,0.6,9.20447395,0.0031595990000000684,0.016659566646765968
B,h,0.6,9.22549281,0.004167457999999957,0.016659566646765968
B,h,0.6,9.2463962,0.00115589100000002,0.016659566646765968
B,h,0.6,9.26722673,0.0023678339999999576,0.016659566646765968
B,h,0.6,9.28791689,-0.004228405999999962,0.016659566646765968
B,h,0.6,9.30892724,0.0004292519999999911,0.016659566646765968
B,h,0.6,9.33003065,0.001211680999999909,0.016659566646765968
B,h,0.6,9.35102864,-0.003164551999999987,0.016659566646765968
B,h,0.6,9.37196601,-0.0008989320000000189,0.016659566646765968
B,h,0.6,9.39258783,0.0021848690000000337,0.016659566646765968
B,h,0.6,9.41349621,-0.0017809899999999823,0.016659566646765968
B,h,0.6,9.4347927,-0.0018808469999999078,0.016659566646765968
B,h,0.6,9.45587737,-0.0003542870000000642,0.016659566646765968
B,h,0.6,9.47676866,-0.006030201999999929,0.016659566646765968
B,h,0.6,9.49762777,-0.003024447000000041,0.016659566646765968
B,h,0.6,9.51852362,-0.003575683999999968,0.016659566646765968
B,h,0.6,9.53939795,-0.00013437199999999372,0.016659566646765968
B,h,0.6,9.56035551,0.000772911999999959,0.016659566646765968
B,h,0.6,9.58149741,0.0006500109999999504,0.016659566646765968
B,h,0.6,9.60249587,0.003043943999999965,0.016659566646765968
B,h,0.6,9.62336478,-0.001375239000000028,0.016659566646765968
B,h,0.6,9.64415055,0.00012001999999999846,0.016659566646765968
B,h,0.6,9.66502224,-0.000960842999999989,0.016659566646765968
B,h,0.6,9.68597433,0.0014529899999999873,0.016659566646765968
B,h,0.6,9.7069728,0.003811766999999966,0.016659566646765968
B,h,0.6,9.72797765,0.0017447440000000203,0.016659566646765968
B,h,0.6,9.74896401,-0.00042600500000000707,0.016659566646765968
B,h,0.6,9.76996217,0.00044086300000001355,0.016659566646765968
B,h,0.6,9.79085678,0.0013672160000000044,0.016659566646765968
B,h,0.6,9.81166698,0.0008306200000000041,0.016659566646765968
B,h,0.6,9.83262494,-0.0009725919999999943,0.016659566646765968
B,h,0.6,9.85372265,0.00017881400000008263,0.016659566646765968
B,h,0.6,9.87472665,2.590500000010376e-05,0.016659566646765968
B,h,0.6,9.89559934,0.001564310999999985,0.016659566646765968
B,h,0.6,9.91635289,0.002224198000000066,0.016659566646765968
B,h,0.6,9.93737645,-0.0005387359999999841,0.016659566646765968
B,h,0.6,9.95856995,-0.0011277149999999736,0.016659566646765968
B,h,0.6,9.97940815,0.001399572000000071,0.016659566646765968
B,h,0.6,10.000082,0.004826103999999942,0.016659566646765968
B,h,0.8,0.0252815853,0.023714983309,0.029617007372028388
B,h,0.8,0.0486976344,0.027757288050000002,0.029617007372028388
B,h,0.8,0.0692644017,0.02795245628,0.029617007372028388
B,h,0.8,0.08877835,0.029068114620000002,0.029617007372028388
B,h,0.8,0.111604297,0.02863112734,0.029617007372028388
B,h,0.8,0.132731806,0.0281116224,0.029617007372028388
B,h,0.8,0.153672181,0.0271864675,0.029617007372028388
B,h,0.8,0.175641863,0.026981482399999996,0.029617007372028388
B,h,0.8,0.196615509,0.026302929,0.029617007372028388
B,h,0.8,0.217326708,0.026199021999999995,0.029617007372028388
B,h,0.8,0.237538457,0.024475459800000002,0.029617007372028388
B,h,0.8,0.258148683,0.0245171665,0.029617007372028388
B,h,0.8,0.28040349,0.0231709249,0.029617007372028388
B,h,0.8,0.301929084,0.023973095599999994,0.029617007372028388
B,h,0.8,0.322287413,0.02362165999999999,0.029617007372028388
B,h,0.8,0.342663331,0.022868047900000008,0.029617007372028388
B,h,0.8,0.363641289,0.020424065399999997,0.029617007372028388
B,h,0.8,0.385602948,0.01991958199999999,0.029617007372028388
B,h,0.8,0.406737165,0.020196376999999988,0.029617007372028388
B,h,0.8,0.427001871,0.017520889999999983,0.029617007372028388
B,h,0.8,0.448754416,0.016377208000000004,0.029617007372028388
B,h,0.8,0.469601745,0.016468643000000005,0.029617007372028388
B,h,0.8,0.489805379,0.014573885000000009,0.029617007372028388
B,h,0.8,0.510302494,0.014751248000000022,0.029617007372028388
B,h,0.8,0.53178319,0.015879965000000024,0.029617007372028388
B,h,0.8,0.553922362,0.011372684999999993,0.029617007372028388
B,h,0.8,0.574670041,0.01350448700000001,0.029617007372028388
B,h,0.8,0.594645701,0.012082766999999994,0.029617007372028388
B,h,0.8,0.615540037,0.011715401999999986,0.029617007372028388
B,h,0.8,0.636554081,0.00534692600000003,0.029617007372028388
B,h,0.8,0.658102417,0.005700402999999965,0.029617007372028388
B,h,0.8,0.679189641,0.0070152860000000095,0.029617007372028388
B,h,0.8,0.700054044,0.00868635299999998,0.029617007372028388
B,h,0.8,0.721329826,0.004948031999999991,0.029617007372028388
B,h,0.8,0.742033923,0.0061821950000000014,0.029617007372028388
B,h,0.8,0.762614581,0.0073210160000000135,0.029617007372028388
B,h,0.8,0.783270495,0.004536965000000004,0.029617007372028388
B,h,0.8,0.804783918,0.0019505879999999753,0.029617007372028388
B,h,0.8,0.826095906,0.0030313980000000185,0.029617007372028388
B,h,0.8,0.846303977,0.000326093999999999,0.029617007372028388
B,h,0.8,0.867174819,0.006220288000000018,0.029617007372028388
B,h,0.8,0.888413258,0.0024128110000000147,0.029617007372028388
B,h,0.8,0.909910564,-4.2160999999985016e-05,0.029617007372028388
B,h,0.8,0.931134698,-0.0006387799999999499,0.029617007372028388
B,h,0.8,0.951563161,0.0021930950000000893,0.029617007372028388
B,h,0.8,0.972160451,-0.0012891090000000105,0.029617007372028388
B,h,0.8,0.993008165,-0.010517680000000085,0.029617007372028388
B,h,0.8,1.0140906,-0.0048195039999999745,0.029617007372028388
B,h,0.8,1.03500338,-0.005616080000000023,0.029617007372028388
B,h,0.8,1.05657413,-0.0033105919999999456,0.029617007372028388
B,h,0.8,1.07789814,-0.004501203000000009,0.029617007372028388
B,h,0.8,1.09835045,-0.0023472700000000124,0.029617007372028388
B,h,0.8,1.11903902,-0.007482077000000031,0.029617007372028388
B,h,0.8,1.1396405,-0.002778593999999912,0.029617007372028388
B,h,0.8,1.16109193,-0.007166466000000038,0.029617007372028388
B,h,0.8,1.18227503,-0.0026957149999999874,0.029617007372028388
B,h,0.8,1.2030555,-0.0018309400000000586,0.029617007372028388
B,h,0.8,1.22375183,0.005516809999999928,0.029617007372028388
B,h,0.8,1.24453484,-0.005599471999999994,0.029617007372028388
B,h,0.8,1.26570671,0.001219662999999982,0.029617007372028388
B,h,0.8,1.28693994,-0.004558300000000015,0.029617007372028388
B,h,0.8,1.30807124,0.0009530800000000506,0.029617007372028388
B,h,0.8,1.32889646,-0.007220972000000048,0.029617007372028388
B,h,0.8,1.34945121,-0.012746597000000026,0.029617007372028388
B,h,0.8,1.37055188,0.0011692979999999853,0.029617007372028388
B,h,0.8,1.39148285,-0.0009355559999999485,0.029617007372028388
B,h,0.8,1.41220445,-0.0003705999999999987,0.029617007372028388
B,h,0.8,1.43352474,-0.013891486000000008,0.029617007372028388
B,h,0.8,1.45454751,-0.003597004999999931,0.029617007372028388
B,h,0.8,1.47511055,-0.005911567000000062,0.029617007372028388
B,h,0.8,1.49566583,0.006181054000000019,0.029617007372028388
B,h,0.8,1.51690776,-0.001205667999999993,0.029617007372028388
B,h,0.8,1.53826425,-0.00775045799999996,0.029617007372028388
B,h,0.8,1.55931449,0.0014776930000000021,0.029617007372028388
B,h,0.8,1.58012172,-0.001015406000000052,0.029617007372028388
B,h,0.8,1.60114355,-0.009231674999999995,0.029617007372028388
B,h,0.8,1.62229155,-0.009791617000000086,0.029617007372028388
B,h,0.8,1.64295947,-0.0022685120000000003,0.029617007372028388
B,h,0.8,1.66366432,0.001438798000000019,0.029617007372028388
B,h,0.8,1.68478217,0.007602255000000002,0.029617007372028388
B,h,0.8,1.7057485,-0.004988855999999986,0.029617007372028388
B,h,0.8,1.72683745,-0.010477697000000008,0.029617007372028388
B,h,0.8,1.74765849,0.0014448369999999766,0.029617007372028388
B,h,0.8,1.76847487,0.0011850760000000626,0.029617007372028388
B,h,0.8,1.78961871,-0.005303385000000049,0.029617007372028388
B,h,0.8,1.81086098,-0.001874761000000058,0.029617007372028388
B,h,0.8,1.83179094,0.007538785000000048,0.029617007372028388
B,h,0.8,1.8521746,0.001852885999999998,0.029617007372028388
B,h,0.8,1.8733654,-0.005987625000000052,0.029617007372028388
B,h,0.8,1.89455538,0.0015751510000000524,0.029617007372028388
B,h,0.8,1.91534795,0.005645149999999988,0.029617007372028388
B,h,0.8,1.93623233,0.00034356099999999223,0.029617007372028388
B,h,0.8,1.9571481,-0.008650134000000032,0.029617007372028388
B,h,0.8,1.97825109,0.006780766999999965,0.029617007372028388
B,h,0.8,1.99905898,-0.004649793999999985,0.029617007372028388
B,h,0.8,2.01966715,0.002132419000000052,0.029617007372028388
B,h,0.8,2.04082415,-0.003199230999999969,0.029617007372028388
B,h,0.8,2.06193171,-0.007767133000000093,0.029617007372028388
B,h,0.8,2.08296048,-0.004114623999999956,0.029617007372028388
B,h,0.8,2.10383017,-0.006744807000000019,0.029617007372028388
B,h,0.8,2.12494312,-0.00145927899999998,0.029617007372028388
B,h,0.8,2.14618475,0.0002897959999998978,0.029617007372028388
B,h,0.8,2.16679298,0.0002673249999999294,0.029617007372028388
B,h,0.8,2.18753482,-0.0010856750000000082,0.029617007372028388
B,h,0.8,2.20847027,0.008966189000000013,0.029617007372028388
B,h,0.8,2.22955181,-0.0011154990000000753,0.029617007372028388
B,h,0.8,2.25078374,-0.0035279420000000616,0.029617007372028388
B,h,0.8,2.27150159,0.0028657739999999876,0.029617007372028388
B,h,0.8,2.29205574,-0.0048267110000000946,0.029617007372028388
B,h,0.8,2.31294326,-0.0016148270000000409,0.029617007372028388
B,h,0.8,2.3340363,-0.0006199769999999383,0.029617007372028388
B,h,0.8,2.35514399,0.0009241370000000471,0.029617007372028388
B,h,0.8,2.37607726,-0.002396626000000013,0.029617007372028388
B,h,0.8,2.39730341,-0.0015971510000000189,0.029617007372028388
B,h,0.8,2.41857203,-0.007338448000000053,0.029617007372028388
B,h,0.8,2.43911056,0.006379036000000005,0.029617007372028388
B,h,0.8,2.45988005,0.0035810459999999766,0.029617007372028388
B,h,0.8,2.48094151,0.003893626999999955,0.029617007372028388
B,h,0.8,2.50196601,0.0034695650000000633,0.029617007372028388
B,h,0.8,2.52300496,-0.0014785890000000856,0.029617007372028388
B,h,0.8,2.54340089,-0.005230282999999947,0.029617007372028388
B,h,0.8,2.56415297,0.006764486999999986,0.029617007372028388
B,h,0.8,2.58575836,0.00423581400000006,0.029617007372028388
B,h,0.8,2.60684428,0.0016018400000000765,0.029617007372028388
B,h,0.8,2.62775949,0.0017494319999999952,0.029617007372028388
B,h,0.8,2.64834355,-0.0031600550000000505,0.029617007372028388
B,h,0.8,2.66912062,0.001279757000000048,0.029617007372028388
B,h,0.8,2.69039946,0.0036335390000000745,0.029617007372028388
B,h,0.8,2.71121518,-0.002049226000000015,0.029617007372028388
B,h,0.8,2.7321837,0.0040375280000000124,0.029617007372028388
B,h,0.8,2.75306239,0.0018415180000000975,0.029617007372028388
B,h,0.8,2.77427049,0.0012625499999999734,0.029617007372028388
B,h,0.8,2.79557932,0.0008773869999999517,0.029617007372028388
B,h,0.8,2.8160646,-0.0007384449999999765,0.029617007372028388
B,h,0.8,2.83689478,-0.0009684480000000661,0.029617007372028388
B,h,0.8,2.85801727,-7.373300000002025e-05,0.029617007372028388
B,h,0.8,2.87906973,0.0038268089999999866,0.029617007372028388
B,h,0.8,2.89996898,-0.0022687680000000876,0.029617007372028388
B,h,0.8,2.92062944,-0.0027038999999999813,0.029617007372028388
B,h,0.8,2.941605,-0.002371446000000055,0.029617007372028388
B,h,0.8,2.96267076,-0.007001107000000006,0.029617007372028388
B,h,0.8,2.98347442,-0.004431955000000043,0.029617007372028388
B,h,0.8,3.00437656,-0.004188354000000061,0.029617007372028388
B,h,0.8,3.02542142,-0.004640274,0.029617007372028388
B,h,0.8,3.04658726,-0.003205616999999994,0.029617007372028388
B,h,0.8,3.06768101,4.119999999996349e-05,0.029617007372028388
B,h,0.8,3.088328,-0.0023736480000000615,0.029617007372028388
B,h,0.8,3.10931167,-0.0007130340000000013,0.029617007372028388
B,h,0.8,3.1305457,-0.006182683000000022,0.029617007372028388
B,h,0.8,3.15150209,0.00268721999999999,0.029617007372028388
B,h,0.8,3.17219014,0.005800252000000006,0.029617007372028388
B,h,0.8,3.19299024,-0.00300651399999996,0.029617007372028388
B,h,0.8,3.21390436,-0.0016189559999999492,0.029617007372028388
B,h,0.8,3.23506564,-0.0007613069999999889,0.029617007372028388
B,h,0.8,3.25605387,-0.0019023129999999888,0.029617007372028388
B,h,0.8,3.27685776,0.004617859000000002,0.029617007372028388
B,h,0.8,3.29794723,0.00032217600000006286,0.029617007372028388
B,h,0.8,3.31884778,-0.0012256979999999418,0.029617007372028388
B,h,0.8,3.33944269,0.000804089999999924,0.029617007372028388
B,h,0.8,3.36030612,-0.0017539089999999424,0.029617007372028388
B,h,0.8,3.38171654,-0.0018405179999999577,0.029617007372028388
B,h,0.8,3.40297495,0.000400426999999981,0.029617007372028388
B,h,0.8,3.42370792,-0.005055570999999981,0.029617007372028388
B,h,0.8,3.44440875,-0.00622321299999995,0.029617007372028388
B,h,0.8,3.465315,-0.000732434000000004,0.029617007372028388
B,h,0.8,3.4865867,-0.0026792700000000114,0.029617007372028388
B,h,0.8,3.50751221,0.00027025199999997085,0.029617007372028388
B,h,0.8,3.52796741,-0.004314916000000002,0.029617007372028388
B,h,0.8,3.5488788,0.003940101999999945,0.029617007372028388
B,h,0.8,3.57014151,-0.00033519199999998417,0.029617007372028388
B,h,0.8,3.59120365,-0.0025582699999999736,0.029617007372028388
B,h,0.8,3.61190928,-0.005813874999999968,0.029617007372028388
B,h,0.8,3.63300558,0.004440446000000042,0.029617007372028388
B,h,0.8,3.6541422,0.0037255899999999453,0.029617007372028388
B,h,0.8,3.67500902,-0.0024356610000000334,0.029617007372028388
B,h,0.8,3.69581564,-0.005090638999999952,0.029617007372028388
B,h,0.8,3.71644729,0.0008705800000000652,0.029617007372028388
B,h,0.8,3.73749774,-0.0014637520000000404,0.029617007372028388
B,h,0.8,3.75868086,-0.008412101000000005,0.029617007372028388
B,h,0.8,3.77950549,0.0002258320000000369,0.029617007372028388
B,h,0.8,3.80027286,0.0037449010000000227,0.029617007372028388
B,h,0.8,3.82143123,-0.005540115000000068,0.029617007372028388
B,h,0.8,3.84280481,0.0009022960000000246,0.029617007372028388
B,h,0.8,3.86349282,0.0022826009999999952,0.029617007372028388
B,h,0.8,3.88417456,0.0037620859999999423,0.029617007372028388
B,h,0.8,3.90535419,-0.0028224550000000015,0.029617007372028388
B,h,0.8,3.9264697,0.0012291660000000038,0.029617007372028388
B,h,0.8,3.94738681,0.00047037100000002496,0.029617007372028388
B,h,0.8,3.96810309,0.005624391000000006,0.029617007372028388
B,h,0.8,3.98888694,0.002494323000000076,0.029617007372028388
B,h,0.8,4.00993371,-0.0018249609999999583,0.029617007372028388
B,h,0.8,4.03080983,-0.002915880000000093,0.029617007372028388
B,h,0.8,4.05178039,-0.0026664220000000016,0.029617007372028388
B,h,0.8,4.07276799,0.0029934369999999877,0.029617007372028388
B,h,0.8,4.09368684,-0.002673999999999954,0.029617007372028388
B,h,0.8,4.11485609,0.002623252999999992,0.029617007372028388
B,h,0.8,4.13583188,0.0019581810000000033,0.029617007372028388
B,h,0.8,4.15670688,0.0003725820000000102,0.029617007372028388
B,h,0.8,4.17758774,0.003984820999999972,0.029617007372028388
B,h,0.8,4.19867141,0.003960623999999968,0.029617007372028388
B,h,0.8,4.21961517,-0.00046770900000003834,0.029617007372028388
B,h,0.8,4.24013393,-0.0019529709999999145,0.029617007372028388
B,h,0.8,4.26119077,-0.0031032410000000343,0.029617007372028388
B,h,0.8,4.28239268,-0.0047257119999999375,0.029617007372028388
B,h,0.8,4.30342826,-0.00029557700000004683,0.029617007372028388
B,h,0.8,4.32431592,0.005319571999999995,0.029617007372028388
B,h,0.8,4.34508479,0.004631802000000018,0.029617007372028388
B,h,0.8,4.36604259,-0.002723230999999937,0.029617007372028388
B,h,0.8,4.38708086,0.0002846589999999649,0.029617007372028388
B,h,0.8,4.40778797,0.005661087000000009,0.029617007372028388
B,h,0.8,4.4288526,0.0019430099999999673,0.029617007372028388
B,h,0.8,4.44994967,-0.00033954999999985525,0.029617007372028388
B,h,0.8,4.47085438,0.0019167600000000728,0.029617007372028388
B,h,0.8,4.49188801,0.0013642000000000376,0.029617007372028388
B,h,0.8,4.51250216,0.002985059999999873,0.029617007372028388
B,h,0.8,4.5334461,0.0012504700000000035,0.029617007372028388
B,h,0.8,4.55463591,-0.002761020000000114,0.029617007372028388
B,h,0.8,4.57547609,0.0014033399999999752,0.029617007372028388
B,h,0.8,4.59643311,0.0012897999999998966,0.029617007372028388
B,h,0.8,4.61732903,0.005468360000000061,0.029617007372028388
B,h,0.8,4.63833098,0.0027453299999999903,0.029617007372028388
B,h,0.8,4.65949324,-0.0016609600000001556,0.029617007372028388
B,h,0.8,4.68039693,0.0011402300000000753,0.029617007372028388
B,h,0.8,4.70136745,-0.004556680000000091,0.029617007372028388
B,h,0.8,4.72221533,-0.002497830000000034,0.029617007372028388
B,h,0.8,4.74309374,-0.003804730000000145,0.029617007372028388
B,h,0.8,4.76390784,-0.0007777499999999105,0.029617007372028388
B,h,0.8,4.78491795,0.002526790000000112,0.029617007372028388
B,h,0.8,4.80636204,0.001992390000000066,0.029617007372028388
B,h,0.8,4.82728449,0.0034320400000000806,0.029617007372028388
B,h,0.8,4.84785524,-0.0032589800000000224,0.029617007372028388
B,h,0.8,4.86859731,-0.005963319999999994,0.029617007372028388
B,h,0.8,4.88954319,-0.0030739300000000025,0.029617007372028388
B,h,0.8,4.91078695,-0.0015767700000000051,0.029617007372028388
B,h,0.8,4.93172016,-0.001071799999999845,0.029617007372028388
B,h,0.8,4.95244063,0.0023922499999999847,0.029617007372028388
B,h,0.8,4.97348932,-0.004924689999999954,0.029617007372028388
B,h,0.8,4.994309,0.0005972299999998931,0.029617007372028388
B,h,0.8,5.01515697,0.0010968199999998873,0.029617007372028388
B,h,0.8,5.03598003,-0.0006907899999999412,0.029617007372028388
B,h,0.8,5.05703237,-0.0017909899999999368,0.029617007372028388
B,h,0.8,5.07840332,0.0003474500000000269,0.029617007372028388
B,h,0.8,5.09943841,-0.00034800000000001496,0.029617007372028388
B,h,0.8,5.12032938,-0.0010147499999999532,0.029617007372028388
B,h,0.8,5.14107614,6.181999999999022e-05,0.029617007372028388
B,h,0.8,5.16214077,0.003674340000000109,0.029617007372028388
B,h,0.8,5.18341099,0.0015629900000000418,0.029617007372028388
B,h,0.8,5.2041075,-0.00035741000000011347,0.029617007372028388
B,h,0.8,5.22477891,-0.0010650899999999908,0.029617007372028388
B,h,0.8,5.24557967,-0.0023610099999999967,0.029617007372028388
B,h,0.8,5.26649236,0.0032091600000001552,0.029617007372028388
B,h,0.8,5.28753131,0.0012085800000001257,0.029617007372028388
B,h,0.8,5.30847064,0.0003378399999998116,0.029617007372028388
B,h,0.8,5.32946745,0.0018738000000000365,0.029617007372028388
B,h,0.8,5.3506922,-0.0009876000000001994,0.029617007372028388
B,h,0.8,5.37158853,0.0017442800000000425,0.029617007372028388
B,h,0.8,5.39231925,0.0019920200000000943,0.029617007372028388
B,h,0.8,5.41333352,-0.0011630600000001046,0.029617007372028388
B,h,0.8,5.43434316,-0.0025704799999999306,0.029617007372028388
B,h,0.8,5.45530659,0.0020485399999998766,0.029617007372028388
B,h,0.8,5.47618498,0.0003254799999998781,0.029617007372028388
B,h,0.8,5.49715755,0.0015411999999999093,0.029617007372028388
B,h,0.8,5.51801586,0.0022685000000000066,0.029617007372028388
B,h,0.8,5.53881995,-0.002610280000000076,0.029617007372028388
B,h,0.8,5.55992514,-0.0010015300000001393,0.029617007372028388
B,h,0.8,5.58098545,-0.0034902800000000678,0.029617007372028388
B,h,0.8,5.60183772,-0.0012387499999999552,0.029617007372028388
B,h,0.8,5.62277584,-0.0007147999999999044,0.029617007372028388
B,h,0.8,5.64379172,-0.0012627699999998576,0.029617007372028388
B,h,0.8,5.66460817,0.0003260600000001279,0.029617007372028388
B,h,0.8,5.68556022,-0.0032489099999999382,0.029617007372028388
B,h,0.8,5.7067909,-0.0037004099999999873,0.029617007372028388
B,h,0.8,5.72769317,-0.004362430000000028,0.029617007372028388
B,h,0.8,5.74840017,-0.0010934300000000619,0.029617007372028388
B,h,0.8,5.76938192,0.00045874999999995225,0.029617007372028388
B,h,0.8,5.79039764,0.0006840200000000074,0.029617007372028388
B,h,0.8,5.81144039,0.004764910000000011,0.029617007372028388
B,h,0.8,5.83232115,0.0003340999999998928,0.029617007372028388
B,h,0.8,5.85320209,0.0020554399999999085,0.029617007372028388
B,h,0.8,5.87418919,0.005234189999999916,0.029617007372028388
B,h,0.8,5.89509625,-0.0007420700000000391,0.029617007372028388
B,h,0.8,5.9159726,0.000646699999999889,0.029617007372028388
B,h,0.8,5.93682663,-0.0009348799999999713,0.029617007372028388
B,h,0.8,5.95791772,0.0047329700000000585,0.029617007372028388
B,h,0.8,5.97900675,0.0019925400000000426,0.029617007372028388
B,h,0.8,5.99978945,0.004342879999999827,0.029617007372028388
B,h,0.8,6.02063577,0.006976609999999939,0.029617007372028388
B,h,0.8,6.04156421,-0.004256030000000077,0.029617007372028388
B,h,0.8,6.06259364,-0.0022057200000000776,0.029617007372028388
B,h,0.8,6.08377541,-0.00031178000000009476,0.029617007372028388
B,h,0.8,6.10447051,0.002690999999999999,0.029617007372028388
B,h,0.8,6.12538157,-0.0025799100000001296,0.029617007372028388
B,h,0.8,6.14660689,-0.002812309999999929,0.029617007372028388
B,h,0.8,6.16752321,-0.0018093099999998419,0.029617007372028388
B,h,0.8,6.18833806,-0.0015135099999998847,0.029617007372028388
B,h,0.8,6.20938667,0.003855170000000019,0.029617007372028388
B,h,0.8,6.23052184,-0.008930189999999838,0.029617007372028388
B,h,0.8,6.25137137,5.7570000000062294e-05,0.029617007372028388
B,h,0.8,6.27204484,0.005586300000000044,0.029617007372028388
B,h,0.8,6.29290789,-0.00042775000000006,0.029617007372028388
B,h,0.8,6.31382104,-1.2000000000345068e-06,0.029617007372028388
B,h,0.8,6.33495691,0.0013949799999999346,0.029617007372028388
B,h,0.8,6.35600914,-0.0033270199999999583,0.029617007372028388
B,h,0.8,6.37663869,0.004031569999999984,0.029617007372028388
B,h,0.8,6.39770954,-0.0027873599999999055,0.029617007372028388
B,h,0.8,6.41872759,-0.003691549999999877,0.029617007372028388
B,h,0.8,6.43951457,0.002382920000000066,0.029617007372028388
B,h,0.8,6.46033562,0.004283099999999873,0.029617007372028388
B,h,0.8,6.4814564,0.000428759999999917,0.029617007372028388
B,h,0.8,6.50265681,0.0021468500000001445,0.029617007372028388
B,h,0.8,6.52350383,0.00161188000000001,0.029617007372028388
B,h,0.8,6.54427866,-0.0021632400000000107,0.029617007372028388
B,h,0.8,6.56515568,-0.0010755299999998247,0.029617007372028388
B,h,0.8,6.58628576,-0.003025819999999957,0.029617007372028388
B,h,0.8,6.60749316,0.006241080000000121,0.029617007372028388
B,h,0.8,6.62830625,0.0031471000000000693,0.029617007372028388
B,h,0.8,6.64913567,0.0002866099999998539,0.029617007372028388
B,h,0.8,6.67020149,-0.004866320000000091,0.029617007372028388
B,h,0.8,6.69106898,0.0025077300000000413,0.029617007372028388
B,h,0.8,6.71185955,-0.0013462300000000038,0.029617007372028388
B,h,0.8,6.73264651,-0.002185899999999963,0.029617007372028388
B,h,0.8,6.7537045,-0.0018834100000000298,0.029617007372028388
B,h,0.8,6.77487174,-0.00012517000000000778,0.029617007372028388
B,h,0.8,6.79557562,0.0019343499999999736,0.029617007372028388
B,h,0.8,6.81648781,0.0020817200000000646,0.029617007372028388
B,h,0.8,6.83753747,-0.0032826799999998713,0.029617007372028388
B,h,0.8,6.85867557,4.41000000006575e-06,0.029617007372028388
B,h,0.8,6.87985316,-0.003137399999999957,0.029617007372028388
B,h,0.8,6.90065786,-0.00042739000000002747,0.029617007372028388
B,h,0.8,6.92153112,-6.344000000013672e-05,0.029617007372028388
B,h,0.8,6.94229803,-0.00047831000000009283,0.029617007372028388
B,h,0.8,6.9630016,0.000784930000000017,0.029617007372028388
B,h,0.8,6.98416877,0.0015171599999999064,0.029617007372028388
B,h,0.8,7.0052781,0.004088830000000154,0.029617007372028388
B,h,0.8,7.02617612,0.0010700900000000235,0.029617007372028388
B,h,0.8,7.04699526,0.0004233399999999943,0.029617007372028388
B,h,0.8,7.06761685,-0.0032401099999999072,0.029617007372028388
B,h,0.8,7.08873369,-0.0005219100000000143,0.029617007372028388
B,h,0.8,7.10994937,-0.0038527999999999896,0.029617007372028388
B,h,0.8,7.13102893,0.001712179999999952,0.029617007372028388
B,h,0.8,7.15201412,-0.002625730000000104,0.029617007372028388
B,h,0.8,7.17271336,0.0016254340000000367,0.029617007372028388
B,h,0.8,7.19374266,0.00018063000000001495,0.029617007372028388
B,h,0.8,7.21473042,7.12999999996633e-06,0.029617007372028388
B,h,0.8,7.23564263,0.003995669000000035,0.029617007372028388
B,h,0.8,7.25666289,-0.001989490000000038,0.029617007372028388
B,h,0.8,7.27757645,0.0035255000000000702,0.029617007372028388
B,h,0.8,7.2984411,0.003672045999999929,0.029617007372028388
B,h,0.8,7.31917384,-0.004175519000000016,0.029617007372028388
B,h,0.8,7.34001688,0.0013983420000001079,0.029617007372028388
B,h,0.8,7.3611683,-0.0015619460000000362,0.029617007372028388
B,h,0.8,7.38224284,0.002129479000000045,0.029617007372028388
B,h,0.8,7.40324015,-0.002620867999999943,0.029617007372028388
B,h,0.8,7.42408854,-0.00029933400000003996,0.029617007372028388
B,h,0.8,7.44500634,-0.0008692200000000039,0.029617007372028388
B,h,0.8,7.46595959,-0.0022621299999999733,0.029617007372028388
B,h,0.8,7.48696308,-0.0006779239999999964,0.029617007372028388
B,h,0.8,7.5079936,0.0026674549999999853,0.029617007372028388
B,h,0.8,7.52871967,-0.00030677499999998137,0.029617007372028388
B,h,0.8,7.54966921,-0.0004920929999999712,0.029617007372028388
B,h,0.8,7.57064902,-0.0006516550000000843,0.029617007372028388
B,h,0.8,7.59151428,-0.004091580999999955,0.029617007372028388
B,h,0.8,7.6123809,-0.0026002900000000606,0.029617007372028388
B,h,0.8,7.63338324,-0.00045506400000006053,0.029617007372028388
B,h,0.8,7.65450532,-0.0020325259999999234,0.029617007372028388
B,h,0.8,7.67556944,-0.0014076729999999982,0.029617007372028388
B,h,0.8,7.69637751,0.0003487380000000151,0.029617007372028388
B,h,0.8,7.71727216,-0.005372305000000077,0.029617007372028388
B,h,0.8,7.73835725,0.0009289789999999964,0.029617007372028388
B,h,0.8,7.75934923,0.002536810000000056,0.029617007372028388
B,h,0.8,7.78023116,0.0020527439999999952,0.029617007372028388
B,h,0.8,7.80098697,0.0010733800000000127,0.029617007372028388
B,h,0.8,7.82190677,-0.0032839650000000553,0.029617007372028388
B,h,0.8,7.84304931,0.0031506000000000034,0.029617007372028388
B,h,0.8,7.86405132,0.0012602609999999848,0.029617007372028388
B,h,0.8,7.88484553,0.0030634829999999225,0.029617007372028388
B,h,0.8,7.90574885,-0.007874290000000062,0.029617007372028388
B,h,0.8,7.9267531,-0.0007489339999999789,0.029617007372028388
B,h,0.8,7.94765228,-0.00020416100000009152,0.029617007372028388
B,h,0.8,7.96842304,0.0003439729999999974,0.029617007372028388
B,h,0.8,7.98938616,-0.002553172000000048,0.029617007372028388
B,h,0.8,8.01050815,0.002081461999999923,0.029617007372028388
B,h,0.8,8.03153334,-0.003532200999999957,0.029617007372028388
B,h,0.8,8.05240251,-0.0025080880000000194,0.029617007372028388
B,h,0.8,8.07332696,-0.0027360229999999763,0.029617007372028388
B,h,0.8,8.09438514,0.0017538750000000158,0.029617007372028388
B,h,0.8,8.11529588,-0.0005033920000000469,0.029617007372028388
B,h,0.8,8.13618411,0.0009677340000000534,0.029617007372028388
B,h,0.8,8.15717855,0.0015458860000000518,0.029617007372028388
B,h,0.8,8.17807847,-0.0018353469999999872,0.029617007372028388
B,h,0.8,8.19905269,-0.0024691299999999305,0.029617007372028388
B,h,0.8,8.21991085,0.0012062099999999853,0.029617007372028388
B,h,0.8,8.24078529,-0.0015654090000000176,0.029617007372028388
B,h,0.8,8.26195652,0.0010436980000000373,0.029617007372028388
B,h,0.8,8.28293039,-0.0014974450000000417,0.029617007372028388
B,h,0.8,8.30373423,-0.002023561000000007,0.029617007372028388
B,h,0.8,8.32452583,0.0043715330000000385,0.029617007372028388
B,h,0.8,8.34556221,-0.002962177999999982,0.029617007372028388
B,h,0.8,8.36671927,0.00030104399999997256,0.029617007372028388
B,h,0.8,8.38757523,0.0004311269999999201,0.029617007372028388
B,h,0.8,8.40855808,-0.0022037719999999927,0.029617007372028388
B,h,0.8,8.42953585,-0.0018849520000000508,0.029617007372028388
B,h,0.8,8.45042977,-0.0028973150000000114,0.029617007372028388
B,h,0.8,8.47138662,0.0012951909999999733,0.029617007372028388
B,h,0.8,8.49217243,0.0029761919999999886,0.029617007372028388
B,h,0.8,8.51321806,-0.001854083999999978,0.029617007372028388
B,h,0.8,8.53421183,-0.002685630999999966,0.029617007372028388
B,h,0.8,8.55508292,-0.0038919969999999804,0.029617007372028388
B,h,0.8,8.57598662,-0.0020327180000000444,0.029617007372028388
B,h,0.8,8.59679232,-0.00017853499999997968,0.029617007372028388
B,h,0.8,8.61783107,0.0033257749999999753,0.029617007372028388
B,h,0.8,8.63891768,-0.002860358000000063,0.029617007372028388
B,h,0.8,8.65972861,-0.0008483140000000722,0.029617007372028388
B,h,0.8,8.68059853,0.000666932000000009,0.029617007372028388
B,h,0.8,8.70174168,0.00024261399999991884,0.029617007372028388
B,h,0.8,8.72279566,0.000431597999999922,0.029617007372028388
B,h,0.8,8.74359241,0.003100258999999994,0.029617007372028388
B,h,0.8,8.76424415,-0.0018682880000000512,0.029617007372028388
B,h,0.8,8.78526729,-0.0007548910000000353,0.029617007372028388
B,h,0.8,8.80637189,-0.0035161819999999233,0.029617007372028388
B,h,0.8,8.82736896,-0.0036018249999999474,0.029617007372028388
B,h,0.8,8.84843212,-0.0026946649999999295,0.029617007372028388
B,h,0.8,8.86933197,0.0030440939999999417,0.029617007372028388
B,h,0.8,8.89026857,-0.0005445849999999863,0.029617007372028388
B,h,0.8,8.91123702,0.0030131480000000765,0.029617007372028388
B,h,0.8,8.93214776,-2.6129999999957576e-05,0.029617007372028388
B,h,0.8,8.95312097,0.0029926350000000213,0.029617007372028388
B,h,0.8,8.9741304,-0.0007253310000000512,0.029617007372028388
B,h,0.8,8.99505705,0.001709989999999939,0.029617007372028388
B,h,0.8,9.01571368,0.0016865339999999618,0.029617007372028388
B,h,0.8,9.03640927,0.0013050940000000066,0.029617007372028388
B,h,0.8,9.05755121,-0.004004527000000091,0.029617007372028388
B,h,0.8,9.07868023,-0.0006356929999999927,0.029617007372028388
B,h,0.8,9.09969513,0.002287460000000019,0.029617007372028388
B,h,0.8,9.1205658,-0.0014213080000000655,0.029617007372028388
B,h,0.8,9.14137844,-0.0012642989999999132,0.029617007372028388
B,h,0.8,9.16237082,0.0010227560000000135,0.029617007372028388
B,h,0.8,9.18339441,-0.002341425000000008,0.029617007372028388
B,h,0.8,9.20447395,0.0015195989999999826,0.029617007372028388
B,h,0.8,9.22549281,0.0024448269999999273,0.029617007372028388
B,h,0.8,9.2463962,0.0009238740000000467,0.029617007372028388
B,h,0.8,9.26722673,0.00279658100000002,0.029617007372028388
B,h,0.8,9.28791689,-0.003363781999999982,0.029617007372028388
B,h,0.8,9.30892724,0.004925575000000015,0.029617007372028388
B,h,0.8,9.33003065,-0.005182801999999986,0.029617007372028388
B,h,0.8,9.35102864,0.0017533630000000633,0.029617007372028388
B,h,0.8,9.37196601,-0.0027258650000000495,0.029617007372028388
B,h,0.8,9.39258783,0.0029590080000000407,0.029617007372028388
B,h,0.8,9.41349621,0.0022717910000000785,0.029617007372028388
B,h,0.8,9.4347927,0.001091019000000082,0.029617007372028388
B,h,0.8,9.45587737,-0.000234342000000054,0.029617007372028388
B,h,0.8,9.47676866,-0.0036896759999999196,0.029617007372028388
B,h,0.8,9.49762777,-0.0022897130000000265,0.029617007372028388
B,h,0.8,9.51852362,-7.361699999997029e-05,0.029617007372028388
B,h,0.8,9.53939795,-0.0016275229999999086,0.029617007372028388
B,h,0.8,9.56035551,0.0009640919999999165,0.029617007372028388
B,h,0.8,9.58149741,0.0002877919999999534,0.029617007372028388
B,h,0.8,9.60249587,-0.0021099620000000208,0.029617007372028388
B,h,0.8,9.62336478,-0.001467388000000014,0.029617007372028388
B,h,0.8,9.64415055,0.003170655999999994,0.029617007372028388
B,h,0.8,9.66502224,0.0011072869999999568,0.029617007372028388
B,h,0.8,9.68597433,1.150199999999657e-05,0.029617007372028388
B,h,0.8,9.7069728,-0.0011885770000000795,0.029617007372028388
B,h,0.8,9.72797765,-0.002455079999999943,0.029617007372028388
B,h,0.8,9.74896401,-0.001333212000000028,0.029617007372028388
B,h,0.8,9.76996217,0.0008203599999999645,0.029617007372028388
B,h,0.8,9.79085678,-0.002822694999999986,0.029617007372028388
B,h,0.8,9.81166698,-0.0013304129999999192,0.029617007372028388
B,h,0.8,9.83262494,-0.0035124460000000024,0.029617007372028388
B,h,0.8,9.85372265,-0.00045457799999992776,0.029617007372028388
B,h,0.8,9.87472665,-0.002577163999999965,0.029617007372028388
B,h,0.8,9.89559934,0.0008854360000000172,0.029617007372028388
B,h,0.8,9.91635289,-0.0004859859999999383,0.029617007372028388
B,h,0.8,9.93737645,-0.0014551440000000193,0.029617007372028388
B,h,0.8,9.95856995,0.000607996000000055,0.029617007372028388
B,h,0.8,9.97940815,0.0028932270000000537,0.029617007372028388
B,h,0.8,10.000082,0.0006578470000000447,0.029617007372028388
B,h,1.0,0.0252815853,0.042447268609,0.046276574018794356
B,h,1.0,0.0486976344,0.047593586449999996,0.046276574018794356
B,h,1.0,0.0692644017,0.04387762338,0.046276574018794356
B,h,1.0,0.08877835,0.044238304219999997,0.046276574018794356
B,h,1.0,0.111604297,0.04404397064,0.046276574018794356
B,h,1.0,0.132731806,0.0439236711,0.046276574018794356
B,h,1.0,0.153672181,0.043330664,0.046276574018794356
B,h,1.0,0.175641863,0.0421519642,0.046276574018794356
B,h,1.0,0.196615509,0.04157665819999999,0.046276574018794356
B,h,1.0,0.217326708,0.039789467999999995,0.046276574018794356
B,h,1.0,0.237538457,0.03976965910000001,0.046276574018794356
B,h,1.0,0.258148683,0.0403705819,0.046276574018794356
B,h,1.0,0.28040349,0.036470350900000004,0.046276574018794356
B,h,1.0,0.301929084,0.0379894809,0.046276574018794356
B,h,1.0,0.322287413,0.03442847569999999,0.046276574018794356
B,h,1.0,0.342663331,0.0328291099,0.046276574018794356
B,h,1.0,0.363641289,0.0303124454,0.046276574018794356
B,h,1.0,0.385602948,0.03331931399999999,0.046276574018794356
B,h,1.0,0.406737165,0.02991650400000001,0.046276574018794356
B,h,1.0,0.427001871,0.026983618999999986,0.046276574018794356
B,h,1.0,0.448754416,0.025851865,0.046276574018794356
B,h,1.0,0.469601745,0.027139616000000005,0.046276574018794356
B,h,1.0,0.489805379,0.022572161000000007,0.046276574018794356
B,h,1.0,0.510302494,0.020511716000000013,0.046276574018794356
B,h,1.0,0.53178319,0.022311207,0.046276574018794356
B,h,1.0,0.553922362,0.018983498000000015,0.046276574018794356
B,h,1.0,0.574670041,0.018760475999999998,0.046276574018794356
B,h,1.0,0.594645701,0.018511368999999972,0.046276574018794356
B,h,1.0,0.615540037,0.01737575600000002,0.046276574018794356
B,h,1.0,0.636554081,0.013141283000000004,0.046276574018794356
B,h,1.0,0.658102417,0.0077721959999999535,0.046276574018794356
B,h,1.0,0.679189641,0.012891329000000007,0.046276574018794356
B,h,1.0,0.700054044,0.012613366999999986,0.046276574018794356
B,h,1.0,0.721329826,0.006773281999999992,0.046276574018794356
B,h,1.0,0.742033923,0.00899973599999998,0.046276574018794356
B,h,1.0,0.762614581,0.012646747999999985,0.046276574018794356
B,h,1.0,0.783270495,0.011032662999999998,0.046276574018794356
B,h,1.0,0.804783918,0.007941752999999996,0.046276574018794356
B,h,1.0,0.826095906,0.0008899370000000073,0.046276574018794356
B,h,1.0,0.846303977,0.0002655160000000212,0.046276574018794356
B,h,1.0,0.867174819,0.0018572410000000095,0.046276574018794356
B,h,1.0,0.888413258,0.004978568999999988,0.046276574018794356
B,h,1.0,0.909910564,0.005701756999999974,0.046276574018794356
B,h,1.0,0.931134698,0.0003718500000000624,0.046276574018794356
B,h,1.0,0.951563161,0.0008523040000000259,0.046276574018794356
B,h,1.0,0.972160451,0.006450968000000001,0.046276574018794356
B,h,1.0,0.993008165,-0.010581665000000018,0.046276574018794356
B,h,1.0,1.0140906,-0.009560844000000013,0.046276574018794356
B,h,1.0,1.03500338,-0.005032460999999988,0.046276574018794356
B,h,1.0,1.05657413,7.869599999998922e-05,0.046276574018794356
B,h,1.0,1.07789814,-0.0024943830000000444,0.046276574018794356
B,h,1.0,1.09835045,-0.0023101330000000475,0.046276574018794356
B,h,1.0,1.11903902,-0.007693379,0.046276574018794356
B,h,1.0,1.1396405,-0.005026784000000006,0.046276574018794356
B,h,1.0,1.16109193,-0.003382887999999973,0.046276574018794356
B,h,1.0,1.18227503,-0.0067249510000000345,0.046276574018794356
B,h,1.0,1.2030555,-0.0017271950000000702,0.046276574018794356
B,h,1.0,1.22375183,-0.0015161310000000316,0.046276574018794356
B,h,1.0,1.24453484,-0.006554830999999983,0.046276574018794356
B,h,1.0,1.26570671,-0.003870731999999988,0.046276574018794356
B,h,1.0,1.28693994,-0.005376394999999978,0.046276574018794356
B,h,1.0,1.30807124,0.002527558000000041,0.046276574018794356
B,h,1.0,1.32889646,-0.003675187000000024,0.046276574018794356
B,h,1.0,1.34945121,-0.006679128000000034,0.046276574018794356
B,h,1.0,1.37055188,0.004258119999999921,0.046276574018794356
B,h,1.0,1.39148285,-0.006994559999999983,0.046276574018794356
B,h,1.0,1.41220445,0.0005994400000000066,0.046276574018794356
B,h,1.0,1.43352474,-0.010667360000000015,0.046276574018794356
B,h,1.0,1.45454751,-0.01467814699999992,0.046276574018794356
B,h,1.0,1.47511055,-0.013357720000000017,0.046276574018794356
B,h,1.0,1.49566583,0.004454336999999975,0.046276574018794356
B,h,1.0,1.51690776,-0.0010723499999999442,0.046276574018794356
B,h,1.0,1.53826425,-0.015358309000000014,0.046276574018794356
B,h,1.0,1.55931449,-0.0027771340000000144,0.046276574018794356
B,h,1.0,1.58012172,-0.0074309489999999645,0.046276574018794356
B,h,1.0,1.60114355,-0.014102752999999968,0.046276574018794356
B,h,1.0,1.62229155,-0.012646058000000071,0.046276574018794356
B,h,1.0,1.64295947,-0.0012945109999999982,0.046276574018794356
B,h,1.0,1.66366432,-0.00042977700000002006,0.046276574018794356
B,h,1.0,1.68478217,0.001622561999999994,0.046276574018794356
B,h,1.0,1.7057485,-0.003258500000000053,0.046276574018794356
B,h,1.0,1.72683745,-0.009943737000000064,0.046276574018794356
B,h,1.0,1.74765849,-0.004514980000000057,0.046276574018794356
B,h,1.0,1.76847487,-0.004638385999999994,0.046276574018794356
B,h,1.0,1.78961871,-0.008694590000000058,0.046276574018794356
B,h,1.0,1.81086098,0.001626449999999946,0.046276574018794356
B,h,1.0,1.83179094,-0.0012022680000000063,0.046276574018794356
B,h,1.0,1.8521746,0.003577532999999966,0.046276574018794356
B,h,1.0,1.8733654,-0.008174721000000051,0.046276574018794356
B,h,1.0,1.89455538,0.0019552340000000834,0.046276574018794356
B,h,1.0,1.91534795,-0.001336427000000029,0.046276574018794356
B,h,1.0,1.93623233,-0.007934510000000006,0.046276574018794356
B,h,1.0,1.9571481,-7.696599999995613e-05,0.046276574018794356
B,h,1.0,1.97825109,0.0023140099999999775,0.046276574018794356
B,h,1.0,1.99905898,-0.005651306999999939,0.046276574018794356
B,h,1.0,2.01966715,-0.0032430009999999676,0.046276574018794356
B,h,1.0,2.04082415,0.0010956389999999816,0.046276574018794356
B,h,1.0,2.06193171,-0.01057280599999999,0.046276574018794356
B,h,1.0,2.08296048,-0.0016791729999999783,0.046276574018794356
B,h,1.0,2.10383017,0.0007475430000000172,0.046276574018794356
B,h,1.0,2.12494312,-0.0029976980000000486,0.046276574018794356
B,h,1.0,2.14618475,0.00037026199999989906,0.046276574018794356
B,h,1.0,2.16679298,-0.0051302659999999944,0.046276574018794356
B,h,1.0,2.18753482,-0.002727844000000035,0.046276574018794356
B,h,1.0,2.20847027,0.005006884000000045,0.046276574018794356
B,h,1.0,2.22955181,0.003517163999999906,0.046276574018794356
B,h,1.0,2.25078374,-0.0007365980000000327,0.046276574018794356
B,h,1.0,2.27150159,0.005463186000000064,0.046276574018794356
B,h,1.0,2.29205574,-0.0015915550000000778,0.046276574018794356
B,h,1.0,2.31294326,-0.0011064920000000145,0.046276574018794356
B,h,1.0,2.3340363,-0.0020501760000000147,0.046276574018794356
B,h,1.0,2.35514399,0.003355235000000012,0.046276574018794356
B,h,1.0,2.37607726,-0.004693783999999979,0.046276574018794356
B,h,1.0,2.39730341,9.946399999993805e-05,0.046276574018794356
B,h,1.0,2.41857203,-0.002730174000000085,0.046276574018794356
B,h,1.0,2.43911056,0.004246331000000048,0.046276574018794356
B,h,1.0,2.45988005,-0.0019142640000000544,0.046276574018794356
B,h,1.0,2.48094151,0.003777786000000005,0.046276574018794356
B,h,1.0,2.50196601,0.002410215000000049,0.046276574018794356
B,h,1.0,2.52300496,-0.0004984270000000235,0.046276574018794356
B,h,1.0,2.54340089,-0.008417872999999965,0.046276574018794356
B,h,1.0,2.56415297,0.007744760999999989,0.046276574018794356
B,h,1.0,2.58575836,0.001672027999999992,0.046276574018794356
B,h,1.0,2.60684428,0.00026948900000001164,0.046276574018794356
B,h,1.0,2.62775949,0.0020255729999999472,0.046276574018794356
B,h,1.0,2.64834355,-0.008457195000000084,0.046276574018794356
B,h,1.0,2.66912062,0.004745883999999978,0.046276574018794356
B,h,1.0,2.69039946,0.0010398310000000466,0.046276574018794356
B,h,1.0,2.71121518,-0.0013990239999999154,0.046276574018794356
B,h,1.0,2.7321837,0.0021593090000000537,0.046276574018794356
B,h,1.0,2.75306239,0.0014765760000000627,0.046276574018794356
B,h,1.0,2.77427049,0.0020945249999999582,0.046276574018794356
B,h,1.0,2.79557932,-0.00012017699999999909,0.046276574018794356
B,h,1.0,2.8160646,-0.0007143800000000144,0.046276574018794356
B,h,1.0,2.83689478,-0.000992592999999986,0.046276574018794356
B,h,1.0,2.85801727,-0.0015691230000000056,0.046276574018794356
B,h,1.0,2.87906973,-0.0029782600000000103,0.046276574018794356
B,h,1.0,2.89996898,-0.0012258300000000943,0.046276574018794356
B,h,1.0,2.92062944,-0.001948400999999933,0.046276574018794356
B,h,1.0,2.941605,0.0030718619999999808,0.046276574018794356
B,h,1.0,2.96267076,-0.005259639000000038,0.046276574018794356
B,h,1.0,2.98347442,-0.002091065000000003,0.046276574018794356
B,h,1.0,3.00437656,-0.004008597999999974,0.046276574018794356
B,h,1.0,3.02542142,-0.0022260539999999773,0.046276574018794356
B,h,1.0,3.04658726,-0.007928963999999983,0.046276574018794356
B,h,1.0,3.06768101,0.006491307999999973,0.046276574018794356
B,h,1.0,3.088328,0.002066879999999993,0.046276574018794356
B,h,1.0,3.10931167,-0.0031833629999999946,0.046276574018794356
B,h,1.0,3.1305457,-0.0045817630000000165,0.046276574018794356
B,h,1.0,3.15150209,-0.0010302830000000762,0.046276574018794356
B,h,1.0,3.17219014,-0.0010112459999999102,0.046276574018794356
B,h,1.0,3.19299024,8.819500000001312e-05,0.046276574018794356
B,h,1.0,3.21390436,0.00010070500000003424,0.046276574018794356
B,h,1.0,3.23506564,-0.0006928259999999797,0.046276574018794356
B,h,1.0,3.25605387,0.0005924569999999907,0.046276574018794356
B,h,1.0,3.27685776,0.0009186789999999778,0.046276574018794356
B,h,1.0,3.29794723,0.0020389690000000016,0.046276574018794356
B,h,1.0,3.31884778,-0.0009431009999999462,0.046276574018794356
B,h,1.0,3.33944269,0.002627104999999963,0.046276574018794356
B,h,1.0,3.36030612,-0.0011913940000000123,0.046276574018794356
B,h,1.0,3.38171654,-0.0014519299999999902,0.046276574018794356
B,h,1.0,3.40297495,-0.0028742849999999764,0.046276574018794356
B,h,1.0,3.42370792,-0.0014852359999999454,0.046276574018794356
B,h,1.0,3.44440875,-0.008065012999999954,0.046276574018794356
B,h,1.0,3.465315,-0.0007276320000000336,0.046276574018794356
B,h,1.0,3.4865867,-0.0012082650000000417,0.046276574018794356
B,h,1.0,3.50751221,0.001385309999999973,0.046276574018794356
B,h,1.0,3.52796741,-0.001226485999999971,0.046276574018794356
B,h,1.0,3.5488788,0.0006598089999999557,0.046276574018794356
B,h,1.0,3.57014151,-7.845799999994796e-05,0.046276574018794356
B,h,1.0,3.59120365,-0.004166981000000014,0.046276574018794356
B,h,1.0,3.61190928,0.0028486659999999997,0.046276574018794356
B,h,1.0,3.63300558,-0.0005800639999999913,0.046276574018794356
B,h,1.0,3.6541422,-0.0001770780000001082,0.046276574018794356
B,h,1.0,3.67500902,-0.0035953020000000224,0.046276574018794356
B,h,1.0,3.69581564,-0.0016676979999999952,0.046276574018794356
B,h,1.0,3.71644729,0.0006742360000000502,0.046276574018794356
B,h,1.0,3.73749774,0.00011845799999998796,0.046276574018794356
B,h,1.0,3.75868086,-0.005663469000000032,0.046276574018794356
B,h,1.0,3.77950549,-0.0028781469999999976,0.046276574018794356
B,h,1.0,3.80027286,0.002920484000000001,0.046276574018794356
B,h,1.0,3.82143123,-0.004071351000000001,0.046276574018794356
B,h,1.0,3.84280481,-0.00014753899999997433,0.046276574018794356
B,h,1.0,3.86349282,-0.0008918030000000243,0.046276574018794356
B,h,1.0,3.88417456,0.0012777170000000115,0.046276574018794356
B,h,1.0,3.90535419,0.002315632999999928,0.046276574018794356
B,h,1.0,3.9264697,-0.004040358999999993,0.046276574018794356
B,h,1.0,3.94738681,0.002517751000000068,0.046276574018794356
B,h,1.0,3.96810309,0.0015417280000000755,0.046276574018794356
B,h,1.0,3.98888694,0.0025258750000000108,0.046276574018794356
B,h,1.0,4.00993371,0.005303292000000015,0.046276574018794356
B,h,1.0,4.03080983,-0.00636055000000002,0.046276574018794356
B,h,1.0,4.05178039,0.0007503729999999154,0.046276574018794356
B,h,1.0,4.07276799,0.0030137230000000237,0.046276574018794356
B,h,1.0,4.09368684,-0.0014216670000000153,0.046276574018794356
B,h,1.0,4.11485609,0.0007131070000000461,0.046276574018794356
B,h,1.0,4.13583188,-0.000272922999999925,0.046276574018794356
B,h,1.0,4.15670688,-0.0018137639999999955,0.046276574018794356
B,h,1.0,4.17758774,0.0049165140000000385,0.046276574018794356
B,h,1.0,4.19867141,0.002719290000000041,0.046276574018794356
B,h,1.0,4.21961517,-0.0002894709999999856,0.046276574018794356
B,h,1.0,4.24013393,-0.0003254999999999786,0.046276574018794356
B,h,1.0,4.26119077,-0.0020603599999999833,0.046276574018794356
B,h,1.0,4.28239268,-0.007002095999999902,0.046276574018794356
B,h,1.0,4.30342826,0.00028356200000001497,0.046276574018794356
B,h,1.0,4.32431592,0.0037713990000000086,0.046276574018794356
B,h,1.0,4.34508479,-0.004824355000000002,0.046276574018794356
B,h,1.0,4.36604259,-0.00754039899999992,0.046276574018794356
B,h,1.0,4.38708086,-0.0009422010000000869,0.046276574018794356
B,h,1.0,4.40778797,0.00042056400000001215,0.046276574018794356
B,h,1.0,4.4288526,-0.004100184000000007,0.046276574018794356
B,h,1.0,4.44994967,-0.0018177339999998487,0.046276574018794356
B,h,1.0,4.47085438,-0.0019046419999999564,0.046276574018794356
B,h,1.0,4.49188801,0.000850319999999849,0.046276574018794356
B,h,1.0,4.51250216,0.0007906799999999325,0.046276574018794356
B,h,1.0,4.5334461,-0.0013071000000000055,0.046276574018794356
B,h,1.0,4.55463591,-0.0006690200000001312,0.046276574018794356
B,h,1.0,4.57547609,0.0031722899999999665,0.046276574018794356
B,h,1.0,4.59643311,0.0002781099999999981,0.046276574018794356
B,h,1.0,4.61732903,0.0014730400000000365,0.046276574018794356
B,h,1.0,4.63833098,0.00235149999999984,0.046276574018794356
B,h,1.0,4.65949324,-0.0005376800000000959,0.046276574018794356
B,h,1.0,4.68039693,-0.0004568099999999742,0.046276574018794356
B,h,1.0,4.70136745,-0.001166240000000096,0.046276574018794356
B,h,1.0,4.72221533,0.0021719000000000044,0.046276574018794356
B,h,1.0,4.74309374,0.0029380999999999435,0.046276574018794356
B,h,1.0,4.76390784,0.0010774700000000248,0.046276574018794356
B,h,1.0,4.78491795,0.0002216800000001129,0.046276574018794356
B,h,1.0,4.80636204,0.002391299999999985,0.046276574018794356
B,h,1.0,4.82728449,-2.4519999999972342e-05,0.046276574018794356
B,h,1.0,4.84785524,-0.0017067200000000504,0.046276574018794356
B,h,1.0,4.86859731,-0.00354641,0.046276574018794356
B,h,1.0,4.88954319,0.000804930000000148,0.046276574018794356
B,h,1.0,4.91078695,-0.0014741699999998303,0.046276574018794356
B,h,1.0,4.93172016,-0.0009911400000000015,0.046276574018794356
B,h,1.0,4.95244063,0.002527160000000084,0.046276574018794356
B,h,1.0,4.97348932,-0.0010416300000000156,0.046276574018794356
B,h,1.0,4.994309,-0.0009142200000000766,0.046276574018794356
B,h,1.0,5.01515697,0.0002903899999999737,0.046276574018794356
B,h,1.0,5.03598003,-0.005519789999999913,0.046276574018794356
B,h,1.0,5.05703237,0.00015446000000007842,0.046276574018794356
B,h,1.0,5.07840332,-0.00046042999999995615,0.046276574018794356
B,h,1.0,5.09943841,0.0024034900000000636,0.046276574018794356
B,h,1.0,5.12032938,-0.0004446499999999354,0.046276574018794356
B,h,1.0,5.14107614,0.0031663400000001563,0.046276574018794356
B,h,1.0,5.16214077,-0.0020162799999998704,0.046276574018794356
B,h,1.0,5.18341099,0.0002671899999999727,0.046276574018794356
B,h,1.0,5.2041075,0.0018094099999999003,0.046276574018794356
B,h,1.0,5.22477891,-0.0008216600000001684,0.046276574018794356
B,h,1.0,5.24557967,0.0029750699999999686,0.046276574018794356
B,h,1.0,5.26649236,0.0046061500000000866,0.046276574018794356
B,h,1.0,5.28753131,0.0009048799999999968,0.046276574018794356
B,h,1.0,5.30847064,-0.00043469000000007085,0.046276574018794356
B,h,1.0,5.32946745,0.004044720000000002,0.046276574018794356
B,h,1.0,5.3506922,0.0007612299999999461,0.046276574018794356
B,h,1.0,5.37158853,-0.0005803699999999967,0.046276574018794356
B,h,1.0,5.39231925,0.0027734299999999656,0.046276574018794356
B,h,1.0,5.41333352,-0.0019422200000001055,0.046276574018794356
B,h,1.0,5.43434316,-0.0021845399999997905,0.046276574018794356
B,h,1.0,5.45530659,0.0007103399999999205,0.046276574018794356
B,h,1.0,5.47618498,-0.0035987800000001346,0.046276574018794356
B,h,1.0,5.49715755,0.0026770499999999586,0.046276574018794356
B,h,1.0,5.51801586,0.0013273400000000102,0.046276574018794356
B,h,1.0,5.53881995,-0.0008775999999999229,0.046276574018794356
B,h,1.0,5.55992514,-0.004710870000000034,0.046276574018794356
B,h,1.0,5.58098545,-0.00027575000000013006,0.046276574018794356
B,h,1.0,5.60183772,0.0038154099999998525,0.046276574018794356
B,h,1.0,5.62277584,-0.0006745899999998084,0.046276574018794356
B,h,1.0,5.64379172,-0.0014534199999998165,0.046276574018794356
B,h,1.0,5.66460817,-0.0025886600000000204,0.046276574018794356
B,h,1.0,5.68556022,-0.002829989999999949,0.046276574018794356
B,h,1.0,5.7067909,-0.0003926000000000762,0.046276574018794356
B,h,1.0,5.72769317,-0.001067670000000076,0.046276574018794356
B,h,1.0,5.74840017,0.002227709999999883,0.046276574018794356
B,h,1.0,5.76938192,0.004363969999999995,0.046276574018794356
B,h,1.0,5.79039764,-0.002052519999999891,0.046276574018794356
B,h,1.0,5.81144039,0.0009044100000001887,0.046276574018794356
B,h,1.0,5.83232115,-0.0006400799999999318,0.046276574018794356
B,h,1.0,5.85320209,0.00171086999999992,0.046276574018794356
B,h,1.0,5.87418919,0.0038189499999998766,0.046276574018794356
B,h,1.0,5.89509625,0.006082230000000077,0.046276574018794356
B,h,1.0,5.9159726,0.0007496799999999748,0.046276574018794356
B,h,1.0,5.93682663,0.0021714800000001144,0.046276574018794356
B,h,1.0,5.95791772,0.007023789999999863,0.046276574018794356
B,h,1.0,5.97900675,0.0011283300000000107,0.046276574018794356
B,h,1.0,5.99978945,-0.00501702000000015,0.046276574018794356
B,h,1.0,6.02063577,-0.0006153900000001045,0.046276574018794356
B,h,1.0,6.04156421,-0.002451549999999969,0.046276574018794356
B,h,1.0,6.06259364,0.0005920799999998838,0.046276574018794356
B,h,1.0,6.08377541,0.00034296000000000326,0.046276574018794356
B,h,1.0,6.10447051,0.0035255100000000095,0.046276574018794356
B,h,1.0,6.12538157,-0.0006699600000001915,0.046276574018794356
B,h,1.0,6.14660689,-0.0012735900000000466,0.046276574018794356
B,h,1.0,6.16752321,-0.0014841999999999356,0.046276574018794356
B,h,1.0,6.18833806,-0.001515419999999823,0.046276574018794356
B,h,1.0,6.20938667,0.003897280000000114,0.046276574018794356
B,h,1.0,6.23052184,-0.003014879999999831,0.046276574018794356
B,h,1.0,6.25137137,-0.003201269999999923,0.046276574018794356
B,h,1.0,6.27204484,0.0021181900000000198,0.046276574018794356
B,h,1.0,6.29290789,0.001044889999999965,0.046276574018794356
B,h,1.0,6.31382104,0.0013799599999999579,0.046276574018794356
B,h,1.0,6.33495691,0.0028719900000000465,0.046276574018794356
B,h,1.0,6.35600914,0.0008437900000000109,0.046276574018794356
B,h,1.0,6.37663869,0.0021953999999999585,0.046276574018794356
B,h,1.0,6.39770954,-0.002994549999999929,0.046276574018794356
B,h,1.0,6.41872759,0.002092179999999999,0.046276574018794356
B,h,1.0,6.43951457,0.00326746,0.046276574018794356
B,h,1.0,6.46033562,0.0027083599999999652,0.046276574018794356
B,h,1.0,6.4814564,-0.00030503999999997866,0.046276574018794356
B,h,1.0,6.50265681,0.00405505000000006,0.046276574018794356
B,h,1.0,6.52350383,5.882000000001497e-05,0.046276574018794356
B,h,1.0,6.54427866,-0.002060970000000051,0.046276574018794356
B,h,1.0,6.56515568,-0.0034898999999999347,0.046276574018794356
B,h,1.0,6.58628576,-0.006598609999999949,0.046276574018794356
B,h,1.0,6.60749316,0.0022754300000000782,0.046276574018794356
B,h,1.0,6.62830625,0.0012112300000000076,0.046276574018794356
B,h,1.0,6.64913567,0.0026804099999999664,0.046276574018794356
B,h,1.0,6.67020149,-0.0063592500000000385,0.046276574018794356
B,h,1.0,6.69106898,0.003652180000000005,0.046276574018794356
B,h,1.0,6.71185955,-0.0037448300000000323,0.046276574018794356
B,h,1.0,6.73264651,-0.0004554599999999631,0.046276574018794356
B,h,1.0,6.7537045,-0.0011934000000000111,0.046276574018794356
B,h,1.0,6.77487174,-0.0009641899999999204,0.046276574018794356
B,h,1.0,6.79557562,0.0008772599999999908,0.046276574018794356
B,h,1.0,6.81648781,0.0015058800000000705,0.046276574018794356
B,h,1.0,6.83753747,-0.002107839999999861,0.046276574018794356
B,h,1.0,6.85867557,-0.0014845699999999074,0.046276574018794356
B,h,1.0,6.87985316,0.0004114099999998899,0.046276574018794356
B,h,1.0,6.90065786,0.0008115799999999229,0.046276574018794356
B,h,1.0,6.92153112,0.003192609999999929,0.046276574018794356
B,h,1.0,6.94229803,0.0006722399999998796,0.046276574018794356
B,h,1.0,6.9630016,0.0004474500000000159,0.046276574018794356
B,h,1.0,6.98416877,-1.8310000000187898e-05,0.046276574018794356
B,h,1.0,7.0052781,0.003900730000000019,0.046276574018794356
B,h,1.0,7.02617612,-0.0004422400000001492,0.046276574018794356
B,h,1.0,7.04699526,0.00011857999999986824,0.046276574018794356
B,h,1.0,7.06761685,-0.004363490000000025,0.046276574018794356
B,h,1.0,7.08873369,-0.0006957800000000347,0.046276574018794356
B,h,1.0,7.10994937,-0.002868859999999973,0.046276574018794356
B,h,1.0,7.13102893,0.002728510000000073,0.046276574018794356
B,h,1.0,7.15201412,-0.00013540000000000774,0.046276574018794356
B,h,1.0,7.17271336,0.0016233940000000002,0.046276574018794356
B,h,1.0,7.19374266,-0.0011825600000001657,0.046276574018794356
B,h,1.0,7.21473042,-3.265000000007845e-05,0.046276574018794356
B,h,1.0,7.23564263,-0.00011645199999998912,0.046276574018794356
B,h,1.0,7.25666289,-0.0008937100000001585,0.046276574018794356
B,h,1.0,7.27757645,-0.0020195699999998595,0.046276574018794356
B,h,1.0,7.2984411,0.006450700000000031,0.046276574018794356
B,h,1.0,7.31917384,-2.827000000005242e-05,0.046276574018794356
B,h,1.0,7.34001688,-0.000671662999999989,0.046276574018794356
B,h,1.0,7.3611683,-0.004895280000000057,0.046276574018794356
B,h,1.0,7.38224284,0.0058335020000001014,0.046276574018794356
B,h,1.0,7.40324015,-0.0009481439999999841,0.046276574018794356
B,h,1.0,7.42408854,-0.0017399590000000131,0.046276574018794356
B,h,1.0,7.44500634,-0.00035050100000000306,0.046276574018794356
B,h,1.0,7.46595959,6.948600000000749e-05,0.046276574018794356
B,h,1.0,7.48696308,0.00023195500000006142,0.046276574018794356
B,h,1.0,7.5079936,2.6756999999988373e-05,0.046276574018794356
B,h,1.0,7.52871967,0.0004082260000000115,0.046276574018794356
B,h,1.0,7.54966921,0.0013617310000000327,0.046276574018794356
B,h,1.0,7.57064902,-0.003989687999999991,0.046276574018794356
B,h,1.0,7.59151428,-0.002275292999999956,0.046276574018794356
B,h,1.0,7.6123809,-0.002036235000000053,0.046276574018794356
B,h,1.0,7.63338324,0.0015260550000000261,0.046276574018794356
B,h,1.0,7.65450532,0.002723275000000025,0.046276574018794356
B,h,1.0,7.67556944,0.0011556030000000606,0.046276574018794356
B,h,1.0,7.69637751,-0.0025322610000000356,0.046276574018794356
B,h,1.0,7.71727216,-0.004224294999999989,0.046276574018794356
B,h,1.0,7.73835725,-0.0005268709999999288,0.046276574018794356
B,h,1.0,7.75934923,0.002756733000000011,0.046276574018794356
B,h,1.0,7.78023116,0.004934894000000023,0.046276574018794356
B,h,1.0,7.80098697,0.0002253700000000025,0.046276574018794356
B,h,1.0,7.82190677,-0.0027857169999999654,0.046276574018794356
B,h,1.0,7.84304931,-0.0016190350000000464,0.046276574018794356
B,h,1.0,7.86405132,0.0004107939999999921,0.046276574018794356
B,h,1.0,7.88484553,-0.0015460670000000398,0.046276574018794356
B,h,1.0,7.90574885,-0.002579311000000084,0.046276574018794356
B,h,1.0,7.9267531,0.004195756999999967,0.046276574018794356
B,h,1.0,7.94765228,0.0018505399999999561,0.046276574018794356
B,h,1.0,7.96842304,0.0011063369999999573,0.046276574018794356
B,h,1.0,7.98938616,-0.0018692920000000779,0.046276574018794356
B,h,1.0,8.01050815,-0.00039506900000008116,0.046276574018794356
B,h,1.0,8.03153334,-0.0006333490000000053,0.046276574018794356
B,h,1.0,8.05240251,-0.004839715999999994,0.046276574018794356
B,h,1.0,8.07332696,-0.003310535999999975,0.046276574018794356
B,h,1.0,8.09438514,-0.000355941999999998,0.046276574018794356
B,h,1.0,8.11529588,-0.0013460350000000787,0.046276574018794356
B,h,1.0,8.13618411,-0.0004338799999999976,0.046276574018794356
B,h,1.0,8.15717855,-0.0011831860000000027,0.046276574018794356
B,h,1.0,8.17807847,-0.004815221999999952,0.046276574018794356
B,h,1.0,8.19905269,0.0007388430000000445,0.046276574018794356
B,h,1.0,8.21991085,0.0023139050000000605,0.046276574018794356
B,h,1.0,8.24078529,-0.0015151830000000865,0.046276574018794356
B,h,1.0,8.26195652,-0.0048213609999999685,0.046276574018794356
B,h,1.0,8.28293039,-0.0004389120000000135,0.046276574018794356
B,h,1.0,8.30373423,-0.0025431430000000255,0.046276574018794356
B,h,1.0,8.32452583,0.004670235000000078,0.046276574018794356
B,h,1.0,8.34556221,-0.0013766629999999447,0.046276574018794356
B,h,1.0,8.36671927,-0.0005477000000000398,0.046276574018794356
B,h,1.0,8.38757523,-0.00047517900000004776,0.046276574018794356
B,h,1.0,8.40855808,-0.0036378239999999007,0.046276574018794356
B,h,1.0,8.42953585,0.0034782230000000025,0.046276574018794356
B,h,1.0,8.45042977,-0.0006859559999999876,0.046276574018794356
B,h,1.0,8.47138662,-0.0006283260000000679,0.046276574018794356
B,h,1.0,8.49217243,0.007014234000000008,0.046276574018794356
B,h,1.0,8.51321806,-0.002319344000000001,0.046276574018794356
B,h,1.0,8.53421183,-0.0044917610000000385,0.046276574018794356
B,h,1.0,8.55508292,-0.0006074339999999623,0.046276574018794356
B,h,1.0,8.57598662,-0.00025469000000000186,0.046276574018794356
B,h,1.0,8.59679232,0.002497258999999974,0.046276574018794356
B,h,1.0,8.61783107,0.0008504489999999754,0.046276574018794356
B,h,1.0,8.63891768,-0.00404137800000004,0.046276574018794356
B,h,1.0,8.65972861,-0.0035569120000000787,0.046276574018794356
B,h,1.0,8.68059853,-0.0033676169999999894,0.046276574018794356
B,h,1.0,8.70174168,0.0003642889999999621,0.046276574018794356
B,h,1.0,8.72279566,0.0017273669999999797,0.046276574018794356
B,h,1.0,8.74359241,0.0033018580000000464,0.046276574018794356
B,h,1.0,8.76424415,0.0028411309999999412,0.046276574018794356
B,h,1.0,8.78526729,-0.0009335270000000451,0.046276574018794356
B,h,1.0,8.80637189,-0.003454894999999958,0.046276574018794356
B,h,1.0,8.82736896,-0.0015236610000000095,0.046276574018794356
B,h,1.0,8.84843212,0.000865064000000082,0.046276574018794356
B,h,1.0,8.86933197,-0.0009367890000000489,0.046276574018794356
B,h,1.0,8.89026857,-0.0013193919999999748,0.046276574018794356
B,h,1.0,8.91123702,0.0034719420000000056,0.046276574018794356
B,h,1.0,8.93214776,-0.000723206999999948,0.046276574018794356
B,h,1.0,8.95312097,0.0022107329999999648,0.046276574018794356
B,h,1.0,8.9741304,0.0013933939999999367,0.046276574018794356
B,h,1.0,8.99505705,-0.001151587000000065,0.046276574018794356
B,h,1.0,9.01571368,0.001821247999999942,0.046276574018794356
B,h,1.0,9.03640927,0.0005229049999999624,0.046276574018794356
B,h,1.0,9.05755121,-0.0006658259999999805,0.046276574018794356
B,h,1.0,9.07868023,-0.0016665559999999857,0.046276574018794356
B,h,1.0,9.09969513,0.003722525000000032,0.046276574018794356
B,h,1.0,9.1205658,-0.000738885000000078,0.046276574018794356
B,h,1.0,9.14137844,-0.0014744349999999962,0.046276574018794356
B,h,1.0,9.16237082,0.0011290910000000265,0.046276574018794356
B,h,1.0,9.18339441,-0.0025154099999999957,0.046276574018794356
B,h,1.0,9.20447395,0.0011971170000000253,0.046276574018794356
B,h,1.0,9.22549281,0.0016043369999999557,0.046276574018794356
B,h,1.0,9.2463962,0.0004544189999999837,0.046276574018794356
B,h,1.0,9.26722673,0.0006916390000000217,0.046276574018794356
B,h,1.0,9.28791689,-0.00043178999999993195,0.046276574018794356
B,h,1.0,9.30892724,0.0018500000000000183,0.046276574018794356
B,h,1.0,9.33003065,-0.003563647000000003,0.046276574018794356
B,h,1.0,9.35102864,-0.002057139000000041,0.046276574018794356
B,h,1.0,9.37196601,0.00029085799999994943,0.046276574018794356
B,h,1.0,9.39258783,0.0004708570000000467,0.046276574018794356
B,h,1.0,9.41349621,-0.0010060169999999147,0.046276574018794356
B,h,1.0,9.4347927,-0.000980987999999905,0.046276574018794356
B,h,1.0,9.45587737,-0.0007166100000000064,0.046276574018794356
B,h,1.0,9.47676866,-0.002503031999999905,0.046276574018794356
B,h,1.0,9.49762777,-0.005084885000000039,0.046276574018794356
B,h,1.0,9.51852362,-0.00244507099999991,0.046276574018794356
B,h,1.0,9.53939795,-0.00046267899999996587,0.046276574018794356
B,h,1.0,9.56035551,-0.0006378870000000036,0.046276574018794356
B,h,1.0,9.58149741,-0.002102052000000021,0.046276574018794356
B,h,1.0,9.60249587,0.0007292509999999863,0.046276574018794356
B,h,1.0,9.62336478,-0.0026865999999999834,0.046276574018794356
B,h,1.0,9.64415055,6.55459999999719e-05,0.046276574018794356
B,h,1.0,9.66502224,0.00027900899999999673,0.046276574018794356
B,h,1.0,9.68597433,6.597899999993828e-05,0.046276574018794356
B,h,1.0,9.7069728,7.409899999999414e-05,0.046276574018794356
B,h,1.0,9.72797765,-0.0016504989999999164,0.046276574018794356
B,h,1.0,9.74896401,0.0010722499999999968,0.046276574018794356
B,h,1.0,9.76996217,0.001080731000000057,0.046276574018794356
B,h,1.0,9.79085678,-0.004100733000000023,0.046276574018794356
B,h,1.0,9.81166698,0.0013099340000000126,0.046276574018794356
B,h,1.0,9.83262494,-0.0028225199999999395,0.046276574018794356
B,h,1.0,9.85372265,-0.000913765999999927,0.046276574018794356
B,h,1.0,9.87472665,-0.0038763469999999467,0.046276574018794356
B,h,1.0,9.89559934,0.0024034939999999505,0.046276574018794356
B,h,1.0,9.91635289,0.0004721540000000024,0.046276574018794356
B,h,1.0,9.93737645,4.161000000002524e-05,0.046276574018794356
B,h,1.0,9.95856995,-0.003496175999999962,0.046276574018794356
B,h,1.0,9.97940815,0.0007106319999999888,0.046276574018794356
B,h,1.0,10.000082,0.00031316100000000624,0.046276574018794356
B,h,1.2,0.0252815853,0.07674720620900001,0.06663826658706387
B,h,1.2,0.0486976344,0.06294109075,0.06663826658706387
B,h,1.2,0.0692644017,0.06831756688,0.06663826658706387
B,h,1.2,0.08877835,0.06510092322,0.06663826658706387
B,h,1.2,0.111604297,0.06385168204,0.06663826658706387
B,h,1.2,0.132731806,0.0629372231,0.06663826658706387
B,h,1.2,0.153672181,0.0621079106,0.06663826658706387
B,h,1.2,0.175641863,0.06079799920000001,0.06663826658706387
B,h,1.2,0.196615509,0.05993342039999999,0.06663826658706387
B,h,1.2,0.217326708,0.0578556378,0.06663826658706387
B,h,1.2,0.237538457,0.057495080500000004,0.06663826658706387
B,h,1.2,0.258148683,0.0562129961,0.06663826658706387
B,h,1.2,0.28040349,0.052455617499999996,0.06663826658706387
B,h,1.2,0.301929084,0.05310634789999999,0.06663826658706387
B,h,1.2,0.322287413,0.05118757169999999,0.06663826658706387
B,h,1.2,0.342663331,0.045959786899999994,0.06663826658706387
B,h,1.2,0.363641289,0.0470257944,0.06663826658706387
B,h,1.2,0.385602948,0.04595238800000001,0.06663826658706387
B,h,1.2,0.406737165,0.041325639,0.06663826658706387
B,h,1.2,0.427001871,0.038816771,0.06663826658706387
B,h,1.2,0.448754416,0.03582602899999998,0.06663826658706387
B,h,1.2,0.469601745,0.036442817000000016,0.06663826658706387
B,h,1.2,0.489805379,0.033718918000000014,0.06663826658706387
B,h,1.2,0.510302494,0.031772647000000015,0.06663826658706387
B,h,1.2,0.53178319,0.03255297400000001,0.06663826658706387
B,h,1.2,0.553922362,0.024220537000000014,0.06663826658706387
B,h,1.2,0.574670041,0.025565617000000013,0.06663826658706387
B,h,1.2,0.594645701,0.026101981000000024,0.06663826658706387
B,h,1.2,0.615540037,0.027211863999999975,0.06663826658706387
B,h,1.2,0.636554081,0.01953608200000001,0.06663826658706387
B,h,1.2,0.658102417,0.017787355000000005,0.06663826658706387
B,h,1.2,0.679189641,0.016411903999999977,0.06663826658706387
B,h,1.2,0.700054044,0.014106426000000005,0.06663826658706387
B,h,1.2,0.721329826,0.00976360100000001,0.06663826658706387
B,h,1.2,0.742033923,0.012536783999999968,0.06663826658706387
B,h,1.2,0.762614581,0.014047619999999983,0.06663826658706387
B,h,1.2,0.783270495,0.011371827000000001,0.06663826658706387
B,h,1.2,0.804783918,0.0045546859999999745,0.06663826658706387
B,h,1.2,0.826095906,0.00992057900000004,0.06663826658706387
B,h,1.2,0.846303977,0.005082725999999982,0.06663826658706387
B,h,1.2,0.867174819,0.0031432610000000083,0.06663826658706387
B,h,1.2,0.888413258,0.008442339999999993,0.06663826658706387
B,h,1.2,0.909910564,0.0033562099999999706,0.06663826658706387
B,h,1.2,0.931134698,0.0001613099999999701,0.06663826658706387
B,h,1.2,0.951563161,0.0015413890000000041,0.06663826658706387
B,h,1.2,0.972160451,0.00037278200000001593,0.06663826658706387
B,h,1.2,0.993008165,-0.004076951000000051,0.06663826658706387
B,h,1.2,1.0140906,-0.005392998000000038,0.06663826658706387
B,h,1.2,1.03500338,-0.0057597169999999975,0.06663826658706387
B,h,1.2,1.05657413,-0.008916221999999974,0.06663826658706387
B,h,1.2,1.07789814,-0.010010355999999998,0.06663826658706387
B,h,1.2,1.09835045,-0.009241426999999969,0.06663826658706387
B,h,1.2,1.11903902,-0.007506596000000032,0.06663826658706387
B,h,1.2,1.1396405,-0.004152979000000001,0.06663826658706387
B,h,1.2,1.16109193,-0.005467022000000044,0.06663826658706387
B,h,1.2,1.18227503,-0.005237001999999991,0.06663826658706387
B,h,1.2,1.2030555,-0.004351671999999973,0.06663826658706387
B,h,1.2,1.22375183,0.002250529000000001,0.06663826658706387
B,h,1.2,1.24453484,-0.012714908999999941,0.06663826658706387
B,h,1.2,1.26570671,-0.0075311409999999634,0.06663826658706387
B,h,1.2,1.28693994,-0.0015927540000000295,0.06663826658706387
B,h,1.2,1.30807124,0.0027491980000000638,0.06663826658706387
B,h,1.2,1.32889646,-0.00608464799999997,0.06663826658706387
B,h,1.2,1.34945121,-0.013398083000000005,0.06663826658706387
B,h,1.2,1.37055188,-0.0034556860000000134,0.06663826658706387
B,h,1.2,1.39148285,-0.009576487999999994,0.06663826658706387
B,h,1.2,1.41220445,-0.003783386000000055,0.06663826658706387
B,h,1.2,1.43352474,-0.01593755699999999,0.06663826658706387
B,h,1.2,1.45454751,-0.015328502999999993,0.06663826658706387
B,h,1.2,1.47511055,-0.005610132000000045,0.06663826658706387
B,h,1.2,1.49566583,-0.005563337999999973,0.06663826658706387
B,h,1.2,1.51690776,-0.007397317999999986,0.06663826658706387
B,h,1.2,1.53826425,-0.015446724999999994,0.06663826658706387
B,h,1.2,1.55931449,-0.00890004600000005,0.06663826658706387
B,h,1.2,1.58012172,-0.005711299999999975,0.06663826658706387
B,h,1.2,1.60114355,-0.009674452999999916,0.06663826658706387
B,h,1.2,1.62229155,-0.02173982299999999,0.06663826658706387
B,h,1.2,1.64295947,-0.007383044999999977,0.06663826658706387
B,h,1.2,1.66366432,-0.00040775900000000753,0.06663826658706387
B,h,1.2,1.68478217,0.0005898420000000071,0.06663826658706387
B,h,1.2,1.7057485,-0.007726023999999998,0.06663826658706387
B,h,1.2,1.72683745,-0.013231301000000029,0.06663826658706387
B,h,1.2,1.74765849,-0.00501045500000008,0.06663826658706387
B,h,1.2,1.76847487,-0.008641167999999921,0.06663826658706387
B,h,1.2,1.78961871,-0.008068815000000007,0.06663826658706387
B,h,1.2,1.81086098,-0.00011630100000004084,0.06663826658706387
B,h,1.2,1.83179094,0.0004181699999999955,0.06663826658706387
B,h,1.2,1.8521746,-0.0030431650000000143,0.06663826658706387
B,h,1.2,1.8733654,-0.0027684090000000827,0.06663826658706387
B,h,1.2,1.89455538,0.0027218580000000214,0.06663826658706387
B,h,1.2,1.91534795,0.003527090000000066,0.06663826658706387
B,h,1.2,1.93623233,-0.0076907860000000605,0.06663826658706387
B,h,1.2,1.9571481,-0.0028846780000000294,0.06663826658706387
B,h,1.2,1.97825109,0.00042539499999993957,0.06663826658706387
B,h,1.2,1.99905898,-0.0033789209999999237,0.06663826658706387
B,h,1.2,2.01966715,-0.0010297569999999645,0.06663826658706387
B,h,1.2,2.04082415,0.0015392149999999827,0.06663826658706387
B,h,1.2,2.06193171,-0.009047321000000053,0.06663826658706387
B,h,1.2,2.08296048,-0.00029482100000000067,0.06663826658706387
B,h,1.2,2.10383017,-0.0023847390000000246,0.06663826658706387
B,h,1.2,2.12494312,-0.0007885130000000462,0.06663826658706387
B,h,1.2,2.14618475,0.0017184919999999604,0.06663826658706387
B,h,1.2,2.16679298,-0.0006104279999999962,0.06663826658706387
B,h,1.2,2.18753482,-0.002573483000000043,0.06663826658706387
B,h,1.2,2.20847027,0.0005353580000000413,0.06663826658706387
B,h,1.2,2.22955181,-0.0026178430000000086,0.06663826658706387
B,h,1.2,2.25078374,0.004836756999999969,0.06663826658706387
B,h,1.2,2.27150159,0.00401569700000004,0.06663826658706387
B,h,1.2,2.29205574,-0.00022174100000005303,0.06663826658706387
B,h,1.2,2.31294326,0.00037025199999995984,0.06663826658706387
B,h,1.2,2.3340363,-0.001912307000000002,0.06663826658706387
B,h,1.2,2.35514399,-0.0005163449999999736,0.06663826658706387
B,h,1.2,2.37607726,-0.0025357759999999896,0.06663826658706387
B,h,1.2,2.39730341,0.004895758999999944,0.06663826658706387
B,h,1.2,2.41857203,-0.0014742240000000795,0.06663826658706387
B,h,1.2,2.43911056,0.004171276999999973,0.06663826658706387
B,h,1.2,2.45988005,-0.0012935390000000657,0.06663826658706387
B,h,1.2,2.48094151,0.008823169999999991,0.06663826658706387
B,h,1.2,2.50196601,0.006701351999999994,0.06663826658706387
B,h,1.2,2.52300496,0.002064752000000003,0.06663826658706387
B,h,1.2,2.54340089,-0.004786022000000001,0.06663826658706387
B,h,1.2,2.56415297,0.003468570000000004,0.06663826658706387
B,h,1.2,2.58575836,-0.0013881540000000303,0.06663826658706387
B,h,1.2,2.60684428,0.002454155999999985,0.06663826658706387
B,h,1.2,2.62775949,0.0009173529999999541,0.06663826658706387
B,h,1.2,2.64834355,-0.0013110120000000558,0.06663826658706387
B,h,1.2,2.66912062,0.0014816309999999833,0.06663826658706387
B,h,1.2,2.69039946,0.0018169580000000352,0.06663826658706387
B,h,1.2,2.71121518,-0.002338757999999941,0.06663826658706387
B,h,1.2,2.7321837,0.003875516999999995,0.06663826658706387
B,h,1.2,2.75306239,0.0014600880000000815,0.06663826658706387
B,h,1.2,2.77427049,0.0034302149999999587,0.06663826658706387
B,h,1.2,2.79557932,-0.0038371980000000416,0.06663826658706387
B,h,1.2,2.8160646,0.0029888829999999977,0.06663826658706387
B,h,1.2,2.83689478,-0.0014286930000000364,0.06663826658706387
B,h,1.2,2.85801727,0.003632587999999992,0.06663826658706387
B,h,1.2,2.87906973,0.0017684799999999612,0.06663826658706387
B,h,1.2,2.89996898,7.596799999998183e-05,0.06663826658706387
B,h,1.2,2.92062944,0.000524257000000028,0.06663826658706387
B,h,1.2,2.941605,0.0018529569999999884,0.06663826658706387
B,h,1.2,2.96267076,-0.005306409999999984,0.06663826658706387
B,h,1.2,2.98347442,-0.006948675000000071,0.06663826658706387
B,h,1.2,3.00437656,0.00016927399999999704,0.06663826658706387
B,h,1.2,3.02542142,0.0001634660000000565,0.06663826658706387
B,h,1.2,3.04658726,-0.00017759600000000209,0.06663826658706387
B,h,1.2,3.06768101,0.0021919040000000223,0.06663826658706387
B,h,1.2,3.088328,-0.0031672870000000186,0.06663826658706387
B,h,1.2,3.10931167,0.004489290999999951,0.06663826658706387
B,h,1.2,3.1305457,-0.003554941000000089,0.06663826658706387
B,h,1.2,3.15150209,0.0026056839999999415,0.06663826658706387
B,h,1.2,3.17219014,0.0004619420000000485,0.06663826658706387
B,h,1.2,3.19299024,-0.0023419959999999573,0.06663826658706387
B,h,1.2,3.21390436,-0.005798057999999995,0.06663826658706387
B,h,1.2,3.23506564,-0.0018342390000000153,0.06663826658706387
B,h,1.2,3.25605387,-0.0014102809999999577,0.06663826658706387
B,h,1.2,3.27685776,-0.0002687430000000157,0.06663826658706387
B,h,1.2,3.29794723,-0.005238801999999931,0.06663826658706387
B,h,1.2,3.31884778,-0.0015429979999999066,0.06663826658706387
B,h,1.2,3.33944269,0.0004186429999999408,0.06663826658706387
B,h,1.2,3.36030612,-0.0026954750000000027,0.06663826658706387
B,h,1.2,3.38171654,-0.00658300200000006,0.06663826658706387
B,h,1.2,3.40297495,-0.0013549290000000047,0.06663826658706387
B,h,1.2,3.42370792,-0.006792620999999999,0.06663826658706387
B,h,1.2,3.44440875,-0.004558070999999941,0.06663826658706387
B,h,1.2,3.465315,0.004131546999999958,0.06663826658706387
B,h,1.2,3.4865867,-0.003095838999999989,0.06663826658706387
B,h,1.2,3.50751221,-0.003000965999999994,0.06663826658706387
B,h,1.2,3.52796741,-0.0030005730000000064,0.06663826658706387
B,h,1.2,3.5488788,-0.0017871150000000613,0.06663826658706387
B,h,1.2,3.57014151,-0.0002474489999999552,0.06663826658706387
B,h,1.2,3.59120365,0.004147680999999959,0.06663826658706387
B,h,1.2,3.61190928,0.004786612000000079,0.06663826658706387
B,h,1.2,3.63300558,0.0011936670000000094,0.06663826658706387
B,h,1.2,3.6541422,0.0012961579999999362,0.06663826658706387
B,h,1.2,3.67500902,0.000684538999999984,0.06663826658706387
B,h,1.2,3.69581564,-0.005629412999999972,0.06663826658706387
B,h,1.2,3.71644729,-0.0018292039999999732,0.06663826658706387
B,h,1.2,3.73749774,-0.002484264000000014,0.06663826658706387
B,h,1.2,3.75868086,-0.003878695000000043,0.06663826658706387
B,h,1.2,3.77950549,-0.002096842000000043,0.06663826658706387
B,h,1.2,3.80027286,-0.0005356800000000383,0.06663826658706387
B,h,1.2,3.82143123,-0.0010500530000000508,0.06663826658706387
B,h,1.2,3.84280481,0.0006473240000000047,0.06663826658706387
B,h,1.2,3.86349282,0.004251879000000014,0.06663826658706387
B,h,1.2,3.88417456,0.0038255449999999858,0.06663826658706387
B,h,1.2,3.90535419,0.0005596230000000091,0.06663826658706387
B,h,1.2,3.9264697,0.0008922279999999949,0.06663826658706387
B,h,1.2,3.94738681,0.0010594470000000467,0.06663826658706387
B,h,1.2,3.96810309,0.0038331870000000157,0.06663826658706387
B,h,1.2,3.98888694,0.0028270740000000405,0.06663826658706387
B,h,1.2,4.00993371,0.00655488500000001,0.06663826658706387
B,h,1.2,4.03080983,-0.0013821230000000684,0.06663826658706387
B,h,1.2,4.05178039,-0.0019123380000000134,0.06663826658706387
B,h,1.2,4.07276799,0.0060223339999999626,0.06663826658706387
B,h,1.2,4.09368684,-0.0002867669999999656,0.06663826658706387
B,h,1.2,4.11485609,-0.0002975050000000312,0.06663826658706387
B,h,1.2,4.13583188,0.0013162939999999956,0.06663826658706387
B,h,1.2,4.15670688,0.0028810390000000297,0.06663826658706387
B,h,1.2,4.17758774,0.005423301999999963,0.06663826658706387
B,h,1.2,4.19867141,-0.0021094959999999885,0.06663826658706387
B,h,1.2,4.21961517,0.000994114000000046,0.06663826658706387
B,h,1.2,4.24013393,0.0025539810000000385,0.06663826658706387
B,h,1.2,4.26119077,0.000527579999999972,0.06663826658706387
B,h,1.2,4.28239268,-0.003867577999999927,0.06663826658706387
B,h,1.2,4.30342826,0.0031329669999999865,0.06663826658706387
B,h,1.2,4.32431592,-0.0001150199999999657,0.06663826658706387
B,h,1.2,4.34508479,-0.00037338599999992006,0.06663826658706387
B,h,1.2,4.36604259,-0.004060530999999923,0.06663826658706387
B,h,1.2,4.38708086,0.0008758660000000029,0.06663826658706387
B,h,1.2,4.40778797,-0.0003446740000000448,0.06663826658706387
B,h,1.2,4.4288526,0.001193559999999927,0.06663826658706387
B,h,1.2,4.44994967,0.0015955100000000222,0.06663826658706387
B,h,1.2,4.47085438,-0.0003543500000000588,0.06663826658706387
B,h,1.2,4.49188801,0.0018349799999999306,0.06663826658706387
B,h,1.2,4.51250216,0.0018351899999999866,0.06663826658706387
B,h,1.2,4.5334461,-0.003170339999999827,0.06663826658706387
B,h,1.2,4.55463591,0.0005266799999998906,0.06663826658706387
B,h,1.2,4.57547609,-0.0025206200000000845,0.06663826658706387
B,h,1.2,4.59643311,-0.0005604300000001672,0.06663826658706387
B,h,1.2,4.61732903,0.0020016600000001272,0.06663826658706387
B,h,1.2,4.63833098,0.0050675799999999604,0.06663826658706387
B,h,1.2,4.65949324,-0.0030328299999999864,0.06663826658706387
B,h,1.2,4.68039693,0.0013962499999999878,0.06663826658706387
B,h,1.2,4.70136745,-0.008563920000000058,0.06663826658706387
B,h,1.2,4.72221533,-0.0023465600000001086,0.06663826658706387
B,h,1.2,4.74309374,-0.0011798100000000034,0.06663826658706387
B,h,1.2,4.76390784,-0.0009113899999999564,0.06663826658706387
B,h,1.2,4.78491795,-0.0009805400000000297,0.06663826658706387
B,h,1.2,4.80636204,0.0014625100000000835,0.06663826658706387
B,h,1.2,4.82728449,0.00016324000000000893,0.06663826658706387
B,h,1.2,4.84785524,-0.0038807599999999276,0.06663826658706387
B,h,1.2,4.86859731,-0.004135049999999918,0.06663826658706387
B,h,1.2,4.88954319,-0.0004789299999998775,0.06663826658706387
B,h,1.2,4.91078695,-0.003377870000000005,0.06663826658706387
B,h,1.2,4.93172016,0.006173530000000094,0.06663826658706387
B,h,1.2,4.95244063,0.0003182500000000754,0.06663826658706387
B,h,1.2,4.97348932,-0.004190689999999941,0.06663826658706387
B,h,1.2,4.994309,0.0023417100000000524,0.06663826658706387
B,h,1.2,5.01515697,0.0016795999999998923,0.06663826658706387
B,h,1.2,5.03598003,-0.0006637800000000027,0.06663826658706387
B,h,1.2,5.05703237,-0.0005521399999999232,0.06663826658706387
B,h,1.2,5.07840332,0.0005875500000001033,0.06663826658706387
B,h,1.2,5.09943841,-0.0019552800000000037,0.06663826658706387
B,h,1.2,5.12032938,-0.0028900899999999563,0.06663826658706387
B,h,1.2,5.14107614,0.0037607200000000507,0.06663826658706387
B,h,1.2,5.16214077,0.0020913200000001186,0.06663826658706387
B,h,1.2,5.18341099,0.001654489999999953,0.06663826658706387
B,h,1.2,5.2041075,0.002905610000000003,0.06663826658706387
B,h,1.2,5.22477891,-0.0005698000000000647,0.06663826658706387
B,h,1.2,5.24557967,-0.0018134600000001555,0.06663826658706387
B,h,1.2,5.26649236,0.0005339300000000158,0.06663826658706387
B,h,1.2,5.28753131,-1.9459999999860145e-05,0.06663826658706387
B,h,1.2,5.30847064,-0.0018427200000001864,0.06663826658706387
B,h,1.2,5.32946745,-0.0015708500000000125,0.06663826658706387
B,h,1.2,5.3506922,0.0018394699999999542,0.06663826658706387
B,h,1.2,5.37158853,0.0043468600000000635,0.06663826658706387
B,h,1.2,5.39231925,0.002881310000000026,0.06663826658706387
B,h,1.2,5.41333352,-0.0024398599999999604,0.06663826658706387
B,h,1.2,5.43434316,0.0006673600000000057,0.06663826658706387
B,h,1.2,5.45530659,-0.0011782600000000976,0.06663826658706387
B,h,1.2,5.47618498,0.0005005399999999938,0.06663826658706387
B,h,1.2,5.49715755,0.004023670000000035,0.06663826658706387
B,h,1.2,5.51801586,0.00500759999999989,0.06663826658706387
B,h,1.2,5.53881995,-0.0002762199999999382,0.06663826658706387
B,h,1.2,5.55992514,-0.0009716300000000011,0.06663826658706387
B,h,1.2,5.58098545,-0.001361860000000048,0.06663826658706387
B,h,1.2,5.60183772,0.010099649999999905,0.06663826658706387
B,h,1.2,5.62277584,-0.002378629999999937,0.06663826658706387
B,h,1.2,5.64379172,-0.0013079599999998859,0.06663826658706387
B,h,1.2,5.66460817,-0.005139779999999927,0.06663826658706387
B,h,1.2,5.68556022,-0.005606929999999899,0.06663826658706387
B,h,1.2,5.7067909,0.0004126799999999431,0.06663826658706387
B,h,1.2,5.72769317,-0.0001882699999999904,0.06663826658706387
B,h,1.2,5.74840017,2.2109999999964103e-05,0.06663826658706387
B,h,1.2,5.76938192,0.001152509999999829,0.06663826658706387
B,h,1.2,5.79039764,-0.002600009999999875,0.06663826658706387
B,h,1.2,5.81144039,0.004693880000000039,0.06663826658706387
B,h,1.2,5.83232115,-0.003897790000000123,0.06663826658706387
B,h,1.2,5.85320209,-0.0032381500000000507,0.06663826658706387
B,h,1.2,5.87418919,0.004946450000000047,0.06663826658706387
B,h,1.2,5.89509625,0.00012969000000007114,0.06663826658706387
B,h,1.2,5.9159726,0.0007459999999999134,0.06663826658706387
B,h,1.2,5.93682663,0.002082960000000078,0.06663826658706387
B,h,1.2,5.95791772,0.00568600000000008,0.06663826658706387
B,h,1.2,5.97900675,-0.0019721600000000006,0.06663826658706387
B,h,1.2,5.99978945,-0.0026534300000000677,0.06663826658706387
B,h,1.2,6.02063577,0.004391319999999865,0.06663826658706387
B,h,1.2,6.04156421,-0.0018814700000000517,0.06663826658706387
B,h,1.2,6.06259364,0.0013810099999997938,0.06663826658706387
B,h,1.2,6.08377541,-0.0032240400000000946,0.06663826658706387
B,h,1.2,6.10447051,0.004631009999999991,0.06663826658706387
B,h,1.2,6.12538157,-0.0029943199999999948,0.06663826658706387
B,h,1.2,6.14660689,0.0023894700000000046,0.06663826658706387
B,h,1.2,6.16752321,0.003807210000000172,0.06663826658706387
B,h,1.2,6.18833806,-0.0019055299999999331,0.06663826658706387
B,h,1.2,6.20938667,0.004629889999999914,0.06663826658706387
B,h,1.2,6.23052184,-0.00502199999999986,0.06663826658706387
B,h,1.2,6.25137137,0.0015022300000000488,0.06663826658706387
B,h,1.2,6.27204484,0.001937190000000033,0.06663826658706387
B,h,1.2,6.29290789,-0.0012779300000000937,0.06663826658706387
B,h,1.2,6.31382104,-0.0007958599999999816,0.06663826658706387
B,h,1.2,6.33495691,0.002617309999999984,0.06663826658706387
B,h,1.2,6.35600914,-0.0022147999999999612,0.06663826658706387
B,h,1.2,6.37663869,0.0008580200000001259,0.06663826658706387
B,h,1.2,6.39770954,0.0028024400000001837,0.06663826658706387
B,h,1.2,6.41872759,-0.000980129999999857,0.06663826658706387
B,h,1.2,6.43951457,0.004820629999999992,0.06663826658706387
B,h,1.2,6.46033562,0.0017578099999999708,0.06663826658706387
B,h,1.2,6.4814564,-0.0016794900000001167,0.06663826658706387
B,h,1.2,6.50265681,0.0022922499999999957,0.06663826658706387
B,h,1.2,6.52350383,-0.0027569199999999405,0.06663826658706387
B,h,1.2,6.54427866,-0.00632056999999997,0.06663826658706387
B,h,1.2,6.56515568,-0.0016015799999999913,0.06663826658706387
B,h,1.2,6.58628576,-3.859999999988872e-05,0.06663826658706387
B,h,1.2,6.60749316,0.003466970000000069,0.06663826658706387
B,h,1.2,6.62830625,0.006118900000000149,0.06663826658706387
B,h,1.2,6.64913567,0.0034628599999999565,0.06663826658706387
B,h,1.2,6.67020149,-0.0067611899999999725,0.06663826658706387
B,h,1.2,6.69106898,0.005217220000000022,0.06663826658706387
B,h,1.2,6.71185955,0.0009842200000000911,0.06663826658706387
B,h,1.2,6.73264651,0.0012557799999999286,0.06663826658706387
B,h,1.2,6.7537045,-0.0012271399999999044,0.06663826658706387
B,h,1.2,6.77487174,0.0019464300000000545,0.06663826658706387
B,h,1.2,6.79557562,0.000399749999999921,0.06663826658706387
B,h,1.2,6.81648781,0.004688090000000145,0.06663826658706387
B,h,1.2,6.83753747,-0.003455009999999925,0.06663826658706387
B,h,1.2,6.85867557,-0.0014691700000000196,0.06663826658706387
B,h,1.2,6.87985316,-0.0021306899999999906,0.06663826658706387
B,h,1.2,6.90065786,-0.0027223100000000056,0.06663826658706387
B,h,1.2,6.92153112,0.0013186800000000165,0.06663826658706387
B,h,1.2,6.94229803,-0.0015005900000000238,0.06663826658706387
B,h,1.2,6.9630016,0.0011101300000000425,0.06663826658706387
B,h,1.2,6.98416877,0.00241937999999986,0.06663826658706387
B,h,1.2,7.0052781,0.001996679999999973,0.06663826658706387
B,h,1.2,7.02617612,-0.001562910000000084,0.06663826658706387
B,h,1.2,7.04699526,-0.0006918500000001604,0.06663826658706387
B,h,1.2,7.06761685,-0.003110549999999934,0.06663826658706387
B,h,1.2,7.08873369,0.0005748500000000156,0.06663826658706387
B,h,1.2,7.10994937,-0.002821369999999934,0.06663826658706387
B,h,1.2,7.13102893,0.0024524599999999896,0.06663826658706387
B,h,1.2,7.15201412,-0.003670163000000115,0.06663826658706387
B,h,1.2,7.17271336,0.0042381539999999385,0.06663826658706387
B,h,1.2,7.19374266,-0.0014323700000000716,0.06663826658706387
B,h,1.2,7.21473042,0.000655159999999988,0.06663826658706387
B,h,1.2,7.23564263,0.003534869000000107,0.06663826658706387
B,h,1.2,7.25666289,-0.002201298000000018,0.06663826658706387
B,h,1.2,7.27757645,-0.002326959999999989,0.06663826658706387
B,h,1.2,7.2984411,0.00434072799999996,0.06663826658706387
B,h,1.2,7.31917384,-0.0017928740000000554,0.06663826658706387
B,h,1.2,7.34001688,0.0001327280000000819,0.06663826658706387
B,h,1.2,7.3611683,-0.0034836850000000696,0.06663826658706387
B,h,1.2,7.38224284,0.0031334419999999863,0.06663826658706387
B,h,1.2,7.40324015,3.581500000005011e-05,0.06663826658706387
B,h,1.2,7.42408854,0.00266098299999995,0.06663826658706387
B,h,1.2,7.44500634,0.0001570029999999889,0.06663826658706387
B,h,1.2,7.46595959,-0.001985334999999977,0.06663826658706387
B,h,1.2,7.48696308,0.00019544800000004248,0.06663826658706387
B,h,1.2,7.5079936,0.0012051319999999421,0.06663826658706387
B,h,1.2,7.52871967,-0.0010239079999999623,0.06663826658706387
B,h,1.2,7.54966921,0.0002689860000000266,0.06663826658706387
B,h,1.2,7.57064902,0.0025706279999999637,0.06663826658706387
B,h,1.2,7.59151428,-0.003073736000000049,0.06663826658706387
B,h,1.2,7.6123809,-0.002046757999999982,0.06663826658706387
B,h,1.2,7.63338324,-0.0008460949999999912,0.06663826658706387
B,h,1.2,7.65450532,0.00010319999999996998,0.06663826658706387
B,h,1.2,7.67556944,-0.0002897539999999754,0.06663826658706387
B,h,1.2,7.69637751,0.0008191389999999688,0.06663826658706387
B,h,1.2,7.71727216,-0.0030777590000000687,0.06663826658706387
B,h,1.2,7.73835725,-0.002575090999999974,0.06663826658706387
B,h,1.2,7.75934923,0.0032506750000000917,0.06663826658706387
B,h,1.2,7.78023116,0.005220318999999973,0.06663826658706387
B,h,1.2,7.80098697,0.0032674280000000167,0.06663826658706387
B,h,1.2,7.82190677,-0.0016431040000000063,0.06663826658706387
B,h,1.2,7.84304931,-0.0005476870000000744,0.06663826658706387
B,h,1.2,7.86405132,0.004015688000000073,0.06663826658706387
B,h,1.2,7.88484553,0.0005526040000000121,0.06663826658706387
B,h,1.2,7.90574885,-0.0003951979999999855,0.06663826658706387
B,h,1.2,7.9267531,0.003909162999999993,0.06663826658706387
B,h,1.2,7.94765228,0.001849562999999943,0.06663826658706387
B,h,1.2,7.96842304,0.0015878839999999839,0.06663826658706387
B,h,1.2,7.98938616,-0.00494441000000001,0.06663826658706387
B,h,1.2,8.01050815,9.867799999996318e-05,0.06663826658706387
B,h,1.2,8.03153334,-0.003624294999999944,0.06663826658706387
B,h,1.2,8.05240251,-0.00296463300000005,0.06663826658706387
B,h,1.2,8.07332696,-0.0021185719999999852,0.06663826658706387
B,h,1.2,8.09438514,0.0012537059999999656,0.06663826658706387
B,h,1.2,8.11529588,-0.0016352170000000221,0.06663826658706387
B,h,1.2,8.13618411,0.00024129600000000195,0.06663826658706387
B,h,1.2,8.15717855,-0.0002297439999999762,0.06663826658706387
B,h,1.2,8.17807847,-0.002039879000000022,0.06663826658706387
B,h,1.2,8.19905269,0.0014365219999999956,0.06663826658706387
B,h,1.2,8.21991085,0.0005230480000000259,0.06663826658706387
B,h,1.2,8.24078529,-0.004298792000000051,0.06663826658706387
B,h,1.2,8.26195652,0.0014132000000000033,0.06663826658706387
B,h,1.2,8.28293039,-0.001997262000000055,0.06663826658706387
B,h,1.2,8.30373423,-0.0021997470000000297,0.06663826658706387
B,h,1.2,8.32452583,0.003410840000000026,0.06663826658706387
B,h,1.2,8.34556221,-0.002517996999999994,0.06663826658706387
B,h,1.2,8.36671927,-0.0005881730000000251,0.06663826658706387
B,h,1.2,8.38757523,-0.0006802160000000113,0.06663826658706387
B,h,1.2,8.40855808,-0.0012326819999999294,0.06663826658706387
B,h,1.2,8.42953585,-0.0006809709999999747,0.06663826658706387
B,h,1.2,8.45042977,-0.00028718599999999483,0.06663826658706387
B,h,1.2,8.47138662,0.0003521169999999296,0.06663826658706387
B,h,1.2,8.49217243,0.0023648910000000356,0.06663826658706387
B,h,1.2,8.51321806,-0.002958445999999948,0.06663826658706387
B,h,1.2,8.53421183,-0.00372913500000005,0.06663826658706387
B,h,1.2,8.55508292,-0.0008275330000000469,0.06663826658706387
B,h,1.2,8.57598662,-0.001070794000000097,0.06663826658706387
B,h,1.2,8.59679232,0.001748038999999979,0.06663826658706387
B,h,1.2,8.61783107,0.0020721900000000293,0.06663826658706387
B,h,1.2,8.63891768,-0.005084081000000018,0.06663826658706387
B,h,1.2,8.65972861,0.0027151239999999577,0.06663826658706387
B,h,1.2,8.68059853,0.000711271999999985,0.06663826658706387
B,h,1.2,8.70174168,-0.0006287209999999988,0.06663826658706387
B,h,1.2,8.72279566,-0.00037856700000005183,0.06663826658706387
B,h,1.2,8.74359241,0.003787737999999985,0.06663826658706387
B,h,1.2,8.76424415,0.00211285299999997,0.06663826658706387
B,h,1.2,8.78526729,0.0003539129999999835,0.06663826658706387
B,h,1.2,8.80637189,-0.0032586609999999405,0.06663826658706387
B,h,1.2,8.82736896,-0.002217583999999939,0.06663826658706387
B,h,1.2,8.84843212,-0.0018112309999999132,0.06663826658706387
B,h,1.2,8.86933197,0.0005951859999999698,0.06663826658706387
B,h,1.2,8.89026857,0.0004589919999999914,0.06663826658706387
B,h,1.2,8.91123702,0.0004096690000000569,0.06663826658706387
B,h,1.2,8.93214776,0.0017337339999999868,0.06663826658706387
B,h,1.2,8.95312097,0.004792280999999954,0.06663826658706387
B,h,1.2,8.9741304,0.0015788420000000247,0.06663826658706387
B,h,1.2,8.99505705,0.000573519999999994,0.06663826658706387
B,h,1.2,9.01571368,0.0012179329999999489,0.06663826658706387
B,h,1.2,9.03640927,-0.0002451009999999698,0.06663826658706387
B,h,1.2,9.05755121,-0.0015780710000000697,0.06663826658706387
B,h,1.2,9.07868023,-2.8156000000056913e-05,0.06663826658706387
B,h,1.2,9.09969513,0.0031610039999999673,0.06663826658706387
B,h,1.2,9.1205658,-0.0032042640000000677,0.06663826658706387
B,h,1.2,9.14137844,0.0011834180000001027,0.06663826658706387
B,h,1.2,9.16237082,0.0015591510000000364,0.06663826658706387
B,h,1.2,9.18339441,-0.0023003660000000536,0.06663826658706387
B,h,1.2,9.20447395,0.0008570749999999849,0.06663826658706387
B,h,1.2,9.22549281,0.003099564999999971,0.06663826658706387
B,h,1.2,9.2463962,0.00017192399999998997,0.06663826658706387
B,h,1.2,9.26722673,0.0025466799999999123,0.06663826658706387
B,h,1.2,9.28791689,-0.002861181999999962,0.06663826658706387
B,h,1.2,9.30892724,0.000232047000000013,0.06663826658706387
B,h,1.2,9.33003065,-0.0013976350000000082,0.06663826658706387
B,h,1.2,9.35102864,-0.0016020070000000164,0.06663826658706387
B,h,1.2,9.37196601,-0.0016565800000000186,0.06663826658706387
B,h,1.2,9.39258783,0.0025618459999999788,0.06663826658706387
B,h,1.2,9.41349621,0.0012853420000000781,0.06663826658706387
B,h,1.2,9.4347927,-0.0020650369999999363,0.06663826658706387
B,h,1.2,9.45587737,0.0005051670000000286,0.06663826658706387
B,h,1.2,9.47676866,-0.001807593999999968,0.06663826658706387
B,h,1.2,9.49762777,-0.003173117000000003,0.06663826658706387
B,h,1.2,9.51852362,-0.0030798449999999145,0.06663826658706387
B,h,1.2,9.53939795,0.0018128310000000702,0.06663826658706387
B,h,1.2,9.56035551,0.001376441000000006,0.06663826658706387
B,h,1.2,9.58149741,0.0007738680000000109,0.06663826658706387
B,h,1.2,9.60249587,0.001302939000000003,0.06663826658706387
B,h,1.2,9.62336478,-0.002158399000000033,0.06663826658706387
B,h,1.2,9.64415055,-0.0009470719999999933,0.06663826658706387
B,h,1.2,9.66502224,0.0028530690000000414,0.06663826658706387
B,h,1.2,9.68597433,0.001300549999999956,0.06663826658706387
B,h,1.2,9.7069728,0.001999101000000003,0.06663826658706387
B,h,1.2,9.72797765,0.0007736510000000418,0.06663826658706387
B,h,1.2,9.74896401,-0.0006721490000000108,0.06663826658706387
B,h,1.2,9.76996217,0.0015347510000000009,0.06663826658706387
B,h,1.2,9.79085678,-0.003515977000000059,0.06663826658706387
B,h,1.2,9.81166698,-0.0007152440000000038,0.06663826658706387
B,h,1.2,9.83262494,-0.0017780179999999923,0.06663826658706387
B,h,1.2,9.85372265,-0.0005586029999999909,0.06663826658706387
B,h,1.2,9.87472665,-0.002739104999999964,0.06663826658706387
B,h,1.2,9.89559934,0.0010974529999999705,0.06663826658706387
B,h,1.2,9.91635289,0.0025186440000000143,0.06663826658706387
B,h,1.2,9.93737645,-0.0013033359999999883,0.06663826658706387
B,h,1.2,9.95856995,-0.0018864289999999118,0.06663826658706387
B,h,1.2,9.97940815,0.0006774040000000481,0.06663826658706387
B,h,1.2,10.000082,-0.0005137209999999115,0.06663826658706387
B,h,1.4,0.0252815853,0.067499536309,0.0907020850768369
B,h,1.4,0.0486976344,0.08609842275,0.0907020850768369
B,h,1.4,0.0692644017,0.08554667858,0.0907020850768369
B,h,1.4,0.08877835,0.08627926612,0.0907020850768369
B,h,1.4,0.111604297,0.08745739894,0.0907020850768369
B,h,1.4,0.132731806,0.08595231210000001,0.0907020850768369
B,h,1.4,0.153672181,0.0857642633,0.0907020850768369
B,h,1.4,0.175641863,0.0827909937,0.0907020850768369
B,h,1.4,0.196615509,0.0783033261,0.0907020850768369
B,h,1.4,0.217326708,0.0800965926,0.0907020850768369
B,h,1.4,0.237538457,0.0751973609,0.0907020850768369
B,h,1.4,0.258148683,0.07483374009999999,0.0907020850768369
B,h,1.4,0.28040349,0.0711343915,0.0907020850768369
B,h,1.4,0.301929084,0.07068963289999998,0.0907020850768369
B,h,1.4,0.322287413,0.06844693669999999,0.0907020850768369
B,h,1.4,0.342663331,0.0658874199,0.0907020850768369
B,h,1.4,0.363641289,0.0632853104,0.0907020850768369
B,h,1.4,0.385602948,0.06067442000000001,0.0907020850768369
B,h,1.4,0.406737165,0.05625196900000001,0.0907020850768369
B,h,1.4,0.427001871,0.055023301999999996,0.0907020850768369
B,h,1.4,0.448754416,0.05262775,0.0907020850768369
B,h,1.4,0.469601745,0.05138292999999999,0.0907020850768369
B,h,1.4,0.489805379,0.04577895200000001,0.0907020850768369
B,h,1.4,0.510302494,0.04282543600000002,0.0907020850768369
B,h,1.4,0.53178319,0.043691778000000014,0.0907020850768369
B,h,1.4,0.553922362,0.039499755,0.0907020850768369
B,h,1.4,0.574670041,0.033256327,0.0907020850768369
B,h,1.4,0.594645701,0.03720611999999998,0.0907020850768369
B,h,1.4,0.615540037,0.03018934299999998,0.0907020850768369
B,h,1.4,0.636554081,0.029226061000000025,0.0907020850768369
B,h,1.4,0.658102417,0.026243819,0.0907020850768369
B,h,1.4,0.679189641,0.024058533999999965,0.0907020850768369
B,h,1.4,0.700054044,0.028586316999999972,0.0907020850768369
B,h,1.4,0.721329826,0.01685594400000001,0.0907020850768369
B,h,1.4,0.742033923,0.018565269999999967,0.0907020850768369
B,h,1.4,0.762614581,0.017495274999999977,0.0907020850768369
B,h,1.4,0.783270495,0.01778311399999999,0.0907020850768369
B,h,1.4,0.804783918,0.009455455000000001,0.0907020850768369
B,h,1.4,0.826095906,0.011108090000000015,0.0907020850768369
B,h,1.4,0.846303977,0.008195785000000011,0.0907020850768369
B,h,1.4,0.867174819,0.006779203000000011,0.0907020850768369
B,h,1.4,0.888413258,0.008811466999999962,0.0907020850768369
B,h,1.4,0.909910564,0.007868456999999995,0.0907020850768369
B,h,1.4,0.931134698,-0.0007831569999999788,0.0907020850768369
B,h,1.4,0.951563161,0.0031049530000000214,0.0907020850768369
B,h,1.4,0.972160451,0.005405749000000015,0.0907020850768369
B,h,1.4,0.993008165,-0.007351331000000072,0.0907020850768369
B,h,1.4,1.0140906,-0.012507691000000043,0.0907020850768369
B,h,1.4,1.03500338,-0.009667651,0.0907020850768369
B,h,1.4,1.05657413,-0.002540545999999977,0.0907020850768369
B,h,1.4,1.07789814,-0.006947512999999961,0.0907020850768369
B,h,1.4,1.09835045,-0.009406332000000073,0.0907020850768369
B,h,1.4,1.11903902,-0.009077015000000022,0.0907020850768369
B,h,1.4,1.1396405,0.0006133310000000503,0.0907020850768369
B,h,1.4,1.16109193,-0.011633565000000012,0.0907020850768369
B,h,1.4,1.18227503,-0.011622691000000018,0.0907020850768369
B,h,1.4,1.2030555,-0.007455388000000007,0.0907020850768369
B,h,1.4,1.22375183,-0.005096890999999992,0.0907020850768369
B,h,1.4,1.24453484,-0.006658637000000023,0.0907020850768369
B,h,1.4,1.26570671,-0.007389088000000044,0.0907020850768369
B,h,1.4,1.28693994,-0.010004796000000038,0.0907020850768369
B,h,1.4,1.30807124,-0.00571002899999995,0.0907020850768369
B,h,1.4,1.32889646,-0.01036172599999996,0.0907020850768369
B,h,1.4,1.34945121,-0.014067022999999956,0.0907020850768369
B,h,1.4,1.37055188,-0.005213051000000024,0.0907020850768369
B,h,1.4,1.39148285,-0.010405217999999938,0.0907020850768369
B,h,1.4,1.41220445,-0.005017545000000068,0.0907020850768369
B,h,1.4,1.43352474,-0.022002081000000007,0.0907020850768369
B,h,1.4,1.45454751,-0.011706810999999928,0.0907020850768369
B,h,1.4,1.47511055,-0.012948870000000001,0.0907020850768369
B,h,1.4,1.49566583,-0.008164147999999982,0.0907020850768369
B,h,1.4,1.51690776,-0.01333764599999998,0.0907020850768369
B,h,1.4,1.53826425,-0.015611684999999986,0.0907020850768369
B,h,1.4,1.55931449,-0.004196465000000038,0.0907020850768369
B,h,1.4,1.58012172,-0.007541710000000035,0.0907020850768369
B,h,1.4,1.60114355,-0.0179910459999999,0.0907020850768369
B,h,1.4,1.62229155,-0.01573314300000006,0.0907020850768369
B,h,1.4,1.64295947,-0.003239571999999913,0.0907020850768369
B,h,1.4,1.66366432,-0.010384375000000001,0.0907020850768369
B,h,1.4,1.68478217,-0.005934753000000015,0.0907020850768369
B,h,1.4,1.7057485,-0.002634986000000006,0.0907020850768369
B,h,1.4,1.72683745,-0.008087994000000043,0.0907020850768369
B,h,1.4,1.74765849,-0.009426031000000057,0.0907020850768369
B,h,1.4,1.76847487,-0.003306502999999905,0.0907020850768369
B,h,1.4,1.78961871,-0.005708766000000032,0.0907020850768369
B,h,1.4,1.81086098,-0.006976004000000091,0.0907020850768369
B,h,1.4,1.83179094,0.00047711999999999755,0.0907020850768369
B,h,1.4,1.8521746,0.00013679099999996946,0.0907020850768369
B,h,1.4,1.8733654,-0.005404486000000097,0.0907020850768369
B,h,1.4,1.89455538,0.00035294200000002274,0.0907020850768369
B,h,1.4,1.91534795,0.0013512690000000438,0.0907020850768369
B,h,1.4,1.93623233,-0.0063502109999999945,0.0907020850768369
B,h,1.4,1.9571481,-0.006004236999999968,0.0907020850768369
B,h,1.4,1.97825109,0.0024684249999999963,0.0907020850768369
B,h,1.4,1.99905898,-0.010358062000000001,0.0907020850768369
B,h,1.4,2.01966715,-0.0028813249999999346,0.0907020850768369
B,h,1.4,2.04082415,-0.005467885999999922,0.0907020850768369
B,h,1.4,2.06193171,-0.005767398000000035,0.0907020850768369
B,h,1.4,2.08296048,-0.0059589639999999555,0.0907020850768369
B,h,1.4,2.10383017,-0.00540524600000003,0.0907020850768369
B,h,1.4,2.12494312,0.0018244909999999281,0.0907020850768369
B,h,1.4,2.14618475,-0.0016637250000000048,0.0907020850768369
B,h,1.4,2.16679298,-0.0011259260000000548,0.0907020850768369
B,h,1.4,2.18753482,-0.006260353000000052,0.0907020850768369
B,h,1.4,2.20847027,-0.0009026370000000394,0.0907020850768369
B,h,1.4,2.22955181,-0.005034624000000099,0.0907020850768369
B,h,1.4,2.25078374,-0.0013058679999999878,0.0907020850768369
B,h,1.4,2.27150159,-1.4969999999614458e-06,0.0907020850768369
B,h,1.4,2.29205574,1.646799999999171e-05,0.0907020850768369
B,h,1.4,2.31294326,-0.00415990799999999,0.0907020850768369
B,h,1.4,2.3340363,-0.0006252279999999777,0.0907020850768369
B,h,1.4,2.35514399,0.004030058999999975,0.0907020850768369
B,h,1.4,2.37607726,-0.0056859360000000025,0.0907020850768369
B,h,1.4,2.39730341,0.007069412999999969,0.0907020850768369
B,h,1.4,2.41857203,0.0002956979999999554,0.0907020850768369
B,h,1.4,2.43911056,0.005649884999999966,0.0907020850768369
B,h,1.4,2.45988005,0.0042283260000000045,0.0907020850768369
B,h,1.4,2.48094151,0.005677644000000037,0.0907020850768369
B,h,1.4,2.50196601,0.001840861000000027,0.0907020850768369
B,h,1.4,2.52300496,-0.0034757040000000794,0.0907020850768369
B,h,1.4,2.54340089,-0.0002061449999999354,0.0907020850768369
B,h,1.4,2.56415297,0.006897709000000085,0.0907020850768369
B,h,1.4,2.58575836,-0.0014212909999999912,0.0907020850768369
B,h,1.4,2.60684428,0.004901396000000058,0.0907020850768369
B,h,1.4,2.62775949,0.004818231999999978,0.0907020850768369
B,h,1.4,2.64834355,-0.0025473560000000006,0.0907020850768369
B,h,1.4,2.66912062,0.0005834829999999958,0.0907020850768369
B,h,1.4,2.69039946,0.002456061000000065,0.0907020850768369
B,h,1.4,2.71121518,0.0037125170000000818,0.0907020850768369
B,h,1.4,2.7321837,0.001780238000000045,0.0907020850768369
B,h,1.4,2.75306239,-0.003459046999999993,0.0907020850768369
B,h,1.4,2.77427049,0.0012401490000000237,0.0907020850768369
B,h,1.4,2.79557932,0.0009686450000000457,0.0907020850768369
B,h,1.4,2.8160646,-0.00017710900000000862,0.0907020850768369
B,h,1.4,2.83689478,-0.0014819790000000221,0.0907020850768369
B,h,1.4,2.85801727,0.0045416690000000814,0.0907020850768369
B,h,1.4,2.87906973,0.002595205999999961,0.0907020850768369
B,h,1.4,2.89996898,-0.0016370340000000372,0.0907020850768369
B,h,1.4,2.92062944,-0.0036140059999999474,0.0907020850768369
B,h,1.4,2.941605,-0.0016357190000000355,0.0907020850768369
B,h,1.4,2.96267076,-0.007716897999999972,0.0907020850768369
B,h,1.4,2.98347442,-0.0015210190000000123,0.0907020850768369
B,h,1.4,3.00437656,-0.008551417000000061,0.0907020850768369
B,h,1.4,3.02542142,0.0032039249999999964,0.0907020850768369
B,h,1.4,3.04658726,-0.005217103999999972,0.0907020850768369
B,h,1.4,3.06768101,0.001707032999999969,0.0907020850768369
B,h,1.4,3.088328,-0.00010814500000000393,0.0907020850768369
B,h,1.4,3.10931167,0.0017027800000000148,0.0907020850768369
B,h,1.4,3.1305457,-0.0023974090000000725,0.0907020850768369
B,h,1.4,3.15150209,4.015000000001656e-05,0.0907020850768369
B,h,1.4,3.17219014,-0.003161319999999912,0.0907020850768369
B,h,1.4,3.19299024,-0.0036962529999999827,0.0907020850768369
B,h,1.4,3.21390436,-0.00609189099999996,0.0907020850768369
B,h,1.4,3.23506564,-0.0022469609999999918,0.0907020850768369
B,h,1.4,3.25605387,0.0036593460000000633,0.0907020850768369
B,h,1.4,3.27685776,0.004791295999999945,0.0907020850768369
B,h,1.4,3.29794723,0.0025423100000000476,0.0907020850768369
B,h,1.4,3.31884778,0.0010616550000001057,0.0907020850768369
B,h,1.4,3.33944269,0.00010395299999998997,0.0907020850768369
B,h,1.4,3.36030612,-0.005756224999999948,0.0907020850768369
B,h,1.4,3.38171654,-0.003589067000000057,0.0907020850768369
B,h,1.4,3.40297495,-0.0036059370000000035,0.0907020850768369
B,h,1.4,3.42370792,-0.0048420339999999396,0.0907020850768369
B,h,1.4,3.44440875,-0.005425160999999901,0.0907020850768369
B,h,1.4,3.465315,-0.002003090999999957,0.0907020850768369
B,h,1.4,3.4865867,-0.006139627000000036,0.0907020850768369
B,h,1.4,3.50751221,-0.0027207500000000495,0.0907020850768369
B,h,1.4,3.52796741,-0.0028310489999999744,0.0907020850768369
B,h,1.4,3.5488788,-0.0013511580000000745,0.0907020850768369
B,h,1.4,3.57014151,-0.0014277809999999613,0.0907020850768369
B,h,1.4,3.59120365,0.002894010999999974,0.0907020850768369
B,h,1.4,3.61190928,-0.0001187879999999808,0.0907020850768369
B,h,1.4,3.63300558,-0.0010238179999999542,0.0907020850768369
B,h,1.4,3.6541422,0.0046868379999999155,0.0907020850768369
B,h,1.4,3.67500902,-0.003988976000000033,0.0907020850768369
B,h,1.4,3.69581564,-0.005553107999999973,0.0907020850768369
B,h,1.4,3.71644729,-0.0069340009999999674,0.0907020850768369
B,h,1.4,3.73749774,-0.001720545999999934,0.0907020850768369
B,h,1.4,3.75868086,-0.008201122999999977,0.0907020850768369
B,h,1.4,3.77950549,-0.0003331469999999781,0.0907020850768369
B,h,1.4,3.80027286,0.0009160489999999744,0.0907020850768369
B,h,1.4,3.82143123,-0.004376817000000033,0.0907020850768369
B,h,1.4,3.84280481,0.003899589999999953,0.0907020850768369
B,h,1.4,3.86349282,0.0008026110000000086,0.0907020850768369
B,h,1.4,3.88417456,0.001310570000000011,0.0907020850768369
B,h,1.4,3.90535419,0.00013733399999993345,0.0907020850768369
B,h,1.4,3.9264697,-0.00164620400000004,0.0907020850768369
B,h,1.4,3.94738681,0.004862557000000045,0.0907020850768369
B,h,1.4,3.96810309,0.005752911000000083,0.0907020850768369
B,h,1.4,3.98888694,-0.0006368879999999466,0.0907020850768369
B,h,1.4,4.00993371,0.0024682400000000104,0.0907020850768369
B,h,1.4,4.03080983,0.0009741539999998938,0.0907020850768369
B,h,1.4,4.05178039,-0.002148244999999993,0.0907020850768369
B,h,1.4,4.07276799,0.00411888699999996,0.0907020850768369
B,h,1.4,4.09368684,-0.004168159000000005,0.0907020850768369
B,h,1.4,4.11485609,0.0032846260000000127,0.0907020850768369
B,h,1.4,4.13583188,0.0016186790000000117,0.0907020850768369
B,h,1.4,4.15670688,0.0014290580000000386,0.0907020850768369
B,h,1.4,4.17758774,0.006535801000000063,0.0907020850768369
B,h,1.4,4.19867141,0.002685327999999987,0.0907020850768369
B,h,1.4,4.21961517,0.0007888339999999605,0.0907020850768369
B,h,1.4,4.24013393,-0.0036764609999999642,0.0907020850768369
B,h,1.4,4.26119077,-0.0012861700000000864,0.0907020850768369
B,h,1.4,4.28239268,-0.005149775999999995,0.0907020850768369
B,h,1.4,4.30342826,-0.001254953000000003,0.0907020850768369
B,h,1.4,4.32431592,-0.00039632800000000135,0.0907020850768369
B,h,1.4,4.34508479,-0.004933803999999986,0.0907020850768369
B,h,1.4,4.36604259,0.00014537000000003353,0.0907020850768369
B,h,1.4,4.38708086,-0.001259604999999997,0.0907020850768369
B,h,1.4,4.40778797,0.0026338169999999828,0.0907020850768369
B,h,1.4,4.4288526,0.0012632800000000888,0.0907020850768369
B,h,1.4,4.44994967,3.879000000006627e-05,0.0907020850768369
B,h,1.4,4.47085438,-0.0005162400000000567,0.0907020850768369
B,h,1.4,4.49188801,-0.00020938999999997598,0.0907020850768369
B,h,1.4,4.51250216,-0.002225288000000103,0.0907020850768369
B,h,1.4,4.5334461,-0.003118280000000029,0.0907020850768369
B,h,1.4,4.55463591,0.00031989999999981755,0.0907020850768369
B,h,1.4,4.57547609,0.001484339999999973,0.0907020850768369
B,h,1.4,4.59643311,-0.0012474100000001709,0.0907020850768369
B,h,1.4,4.61732903,0.004805630000000116,0.0907020850768369
B,h,1.4,4.63833098,0.003214029999999868,0.0907020850768369
B,h,1.4,4.65949324,-0.0022130600000001,0.0907020850768369
B,h,1.4,4.68039693,0.0003371599999999475,0.0907020850768369
B,h,1.4,4.70136745,-0.006458470000000105,0.0907020850768369
B,h,1.4,4.72221533,-0.0012663900000000616,0.0907020850768369
B,h,1.4,4.74309374,-0.001799840000000108,0.0907020850768369
B,h,1.4,4.76390784,-0.003635719999999898,0.0907020850768369
B,h,1.4,4.78491795,-0.00021810999999982705,0.0907020850768369
B,h,1.4,4.80636204,0.0004490600000000011,0.0907020850768369
B,h,1.4,4.82728449,-0.0006998000000000282,0.0907020850768369
B,h,1.4,4.84785524,-0.006198839999999928,0.0907020850768369
B,h,1.4,4.86859731,-0.004075529999999938,0.0907020850768369
B,h,1.4,4.88954319,0.003494160000000024,0.0907020850768369
B,h,1.4,4.91078695,-0.00381226999999984,0.0907020850768369
B,h,1.4,4.93172016,-0.00026719999999991195,0.0907020850768369
B,h,1.4,4.95244063,0.003660530000000106,0.0907020850768369
B,h,1.4,4.97348932,-0.004128780000000054,0.0907020850768369
B,h,1.4,4.994309,0.0027871900000000505,0.0907020850768369
B,h,1.4,5.01515697,-0.0013839500000001337,0.0907020850768369
B,h,1.4,5.03598003,0.0012365700000001034,0.0907020850768369
B,h,1.4,5.05703237,-0.0001675299999999158,0.0907020850768369
B,h,1.4,5.07840332,0.0013665000000000482,0.0907020850768369
B,h,1.4,5.09943841,-0.000604509999999836,0.0907020850768369
B,h,1.4,5.12032938,0.002343540000000033,0.0907020850768369
B,h,1.4,5.14107614,0.0018523800000000978,0.0907020850768369
B,h,1.4,5.16214077,0.00013742000000016574,0.0907020850768369
B,h,1.4,5.18341099,0.001900470000000043,0.0907020850768369
B,h,1.4,5.2041075,0.0032333899999998916,0.0907020850768369
B,h,1.4,5.22477891,0.004045439999999845,0.0907020850768369
B,h,1.4,5.24557967,0.0030027799999998717,0.0907020850768369
B,h,1.4,5.26649236,0.0042360400000001075,0.0907020850768369
B,h,1.4,5.28753131,-0.00021399999999993646,0.0907020850768369
B,h,1.4,5.30847064,0.002084549999999963,0.0907020850768369
B,h,1.4,5.32946745,0.0019101299999999544,0.0907020850768369
B,h,1.4,5.3506922,0.000893729999999815,0.0907020850768369
B,h,1.4,5.37158853,0.0020024700000000895,0.0907020850768369
B,h,1.4,5.39231925,0.004037330000000061,0.0907020850768369
B,h,1.4,5.41333352,-0.0031728300000000154,0.0907020850768369
B,h,1.4,5.43434316,-0.0008689099999998895,0.0907020850768369
B,h,1.4,5.45530659,-0.0025597800000001225,0.0907020850768369
B,h,1.4,5.47618498,-0.007688530000000027,0.0907020850768369
B,h,1.4,5.49715755,-0.0023052100000000575,0.0907020850768369
B,h,1.4,5.51801586,0.0029331200000000113,0.0907020850768369
B,h,1.4,5.53881995,-0.0017007399999999784,0.0907020850768369
B,h,1.4,5.55992514,-0.0003240500000001312,0.0907020850768369
B,h,1.4,5.58098545,-0.0001400500000001692,0.0907020850768369
B,h,1.4,5.60183772,0.002632729999999972,0.0907020850768369
B,h,1.4,5.62277584,0.0030019800000000707,0.0907020850768369
B,h,1.4,5.64379172,-0.001299589999999906,0.0907020850768369
B,h,1.4,5.66460817,-0.00015842999999993168,0.0907020850768369
B,h,1.4,5.68556022,-0.0034783000000000452,0.0907020850768369
B,h,1.4,5.7067909,-0.001019040000000082,0.0907020850768369
B,h,1.4,5.72769317,-0.0010140800000000283,0.0907020850768369
B,h,1.4,5.74840017,-0.0015465800000000751,0.0907020850768369
B,h,1.4,5.76938192,0.0014005299999999554,0.0907020850768369
B,h,1.4,5.79039764,-2.334000000003833e-05,0.0907020850768369
B,h,1.4,5.81144039,0.0026527600000001428,0.0907020850768369
B,h,1.4,5.83232115,-0.0007128199999999474,0.0907020850768369
B,h,1.4,5.85320209,0.004517829999999945,0.0907020850768369
B,h,1.4,5.87418919,0.0019792400000000487,0.0907020850768369
B,h,1.4,5.89509625,0.0034896499999998998,0.0907020850768369
B,h,1.4,5.9159726,0.002364859999999913,0.0907020850768369
B,h,1.4,5.93682663,0.0017501200000000772,0.0907020850768369
B,h,1.4,5.95791772,0.005299029999999982,0.0907020850768369
B,h,1.4,5.97900675,0.0009628600000000098,0.0907020850768369
B,h,1.4,5.99978945,0.0022556599999998816,0.0907020850768369
B,h,1.4,6.02063577,0.0026997699999999902,0.0907020850768369
B,h,1.4,6.04156421,-0.0038026500000001295,0.0907020850768369
B,h,1.4,6.06259364,-0.00021266000000008667,0.0907020850768369
B,h,1.4,6.08377541,-0.004196920000000048,0.0907020850768369
B,h,1.4,6.10447051,0.003795769999999976,0.0907020850768369
B,h,1.4,6.12538157,-0.0020554800000001094,0.0907020850768369
B,h,1.4,6.14660689,-0.001398110000000008,0.0907020850768369
B,h,1.4,6.16752321,-0.001342739999999898,0.0907020850768369
B,h,1.4,6.18833806,0.00044675000000005127,0.0907020850768369
B,h,1.4,6.20938667,0.007589049999999986,0.0907020850768369
B,h,1.4,6.23052184,-0.0009187799999998969,0.0907020850768369
B,h,1.4,6.25137137,-0.0008321499999999205,0.0907020850768369
B,h,1.4,6.27204484,0.0010204099999999716,0.0907020850768369
B,h,1.4,6.29290789,0.00026727999999986984,0.0907020850768369
B,h,1.4,6.31382104,0.002270149999999971,0.0907020850768369
B,h,1.4,6.33495691,0.0025632799999999456,0.0907020850768369
B,h,1.4,6.35600914,-0.0009488100000001332,0.0907020850768369
B,h,1.4,6.37663869,-0.0014707800000000049,0.0907020850768369
B,h,1.4,6.39770954,0.0002953600000001888,0.0907020850768369
B,h,1.4,6.41872759,0.003216939999999946,0.0907020850768369
B,h,1.4,6.43951457,0.00012484999999995416,0.0907020850768369
B,h,1.4,6.46033562,0.0009590399999999111,0.0907020850768369
B,h,1.4,6.4814564,0.0020964599999999667,0.0907020850768369
B,h,1.4,6.50265681,0.00236086000000002,0.0907020850768369
B,h,1.4,6.52350383,0.0016106799999999755,0.0907020850768369
B,h,1.4,6.54427866,-0.003237149999999911,0.0907020850768369
B,h,1.4,6.56515568,-0.0009441499999998104,0.0907020850768369
B,h,1.4,6.58628576,-0.0005985799999999042,0.0907020850768369
B,h,1.4,6.60749316,0.002731680000000125,0.0907020850768369
B,h,1.4,6.62830625,0.00360873000000006,0.0907020850768369
B,h,1.4,6.64913567,0.000549769999999894,0.0907020850768369
B,h,1.4,6.67020149,-0.0026387599999999622,0.0907020850768369
B,h,1.4,6.69106898,0.004163180000000155,0.0907020850768369
B,h,1.4,6.71185955,0.0011301299999999515,0.0907020850768369
B,h,1.4,6.73264651,0.0029881999999998854,0.0907020850768369
B,h,1.4,6.7537045,0.0016421499999998979,0.0907020850768369
B,h,1.4,6.77487174,-0.000842699999999974,0.0907020850768369
B,h,1.4,6.79557562,0.001450659999999937,0.0907020850768369
B,h,1.4,6.81648781,0.0020367800000000713,0.0907020850768369
B,h,1.4,6.83753747,0.0006236000000001685,0.0907020850768369
B,h,1.4,6.85867557,-0.0010017799999999522,0.0907020850768369
B,h,1.4,6.87985316,-0.0031183900000000264,0.0907020850768369
B,h,1.4,6.90065786,0.00014040999999997972,0.0907020850768369
B,h,1.4,6.92153112,0.0008641899999999314,0.0907020850768369
B,h,1.4,6.94229803,0.00046741999999988515,0.0907020850768369
B,h,1.4,6.9630016,0.0018603700000001666,0.0907020850768369
B,h,1.4,6.98416877,0.0006458399999997866,0.0907020850768369
B,h,1.4,7.0052781,0.001764770000000082,0.0907020850768369
B,h,1.4,7.02617612,-2.2670000000113433e-05,0.0907020850768369
B,h,1.4,7.04699526,0.0010332499999998745,0.0907020850768369
B,h,1.4,7.06761685,-0.0027586399999999234,0.0907020850768369
B,h,1.4,7.08873369,0.00034575999999986173,0.0907020850768369
B,h,1.4,7.10994937,-0.003538660000000027,0.0907020850768369
B,h,1.4,7.13102893,0.00034759000000006424,0.0907020850768369
B,h,1.4,7.15201412,-0.0005964300000000922,0.0907020850768369
B,h,1.4,7.17271336,0.0011035640000000013,0.0907020850768369
B,h,1.4,7.19374266,-0.0018342600000000875,0.0907020850768369
B,h,1.4,7.21473042,-0.003858837000000004,0.0907020850768369
B,h,1.4,7.23564263,-0.00035353599999998764,0.0907020850768369
B,h,1.4,7.25666289,-0.00025887000000013316,0.0907020850768369
B,h,1.4,7.27757645,-0.0015763399999999539,0.0907020850768369
B,h,1.4,7.2984411,0.002062807999999916,0.0907020850768369
B,h,1.4,7.31917384,-0.0005465799999999632,0.0907020850768369
B,h,1.4,7.34001688,0.001369632000000065,0.0907020850768369
B,h,1.4,7.3611683,-0.004149690000000095,0.0907020850768369
B,h,1.4,7.38224284,0.004730098000000016,0.0907020850768369
B,h,1.4,7.40324015,0.0007526810000000328,0.0907020850768369
B,h,1.4,7.42408854,0.00022971799999993436,0.0907020850768369
B,h,1.4,7.44500634,-0.0008706310000000661,0.0907020850768369
B,h,1.4,7.46595959,-0.0001290529999999901,0.0907020850768369
B,h,1.4,7.48696308,0.0016465159999999868,0.0907020850768369
B,h,1.4,7.5079936,0.0021940019999999727,0.0907020850768369
B,h,1.4,7.52871967,-0.0019290859999999688,0.0907020850768369
B,h,1.4,7.54966921,-0.00043759599999992904,0.0907020850768369
B,h,1.4,7.57064902,-0.0007926430000000373,0.0907020850768369
B,h,1.4,7.59151428,-0.0011295060000000579,0.0907020850768369
B,h,1.4,7.6123809,-0.00041841600000003254,0.0907020850768369
B,h,1.4,7.63338324,0.0004704140000000301,0.0907020850768369
B,h,1.4,7.65450532,0.002722826000000067,0.0907020850768369
B,h,1.4,7.67556944,-0.0018586729999999774,0.0907020850768369
B,h,1.4,7.69637751,-0.0022317179999999937,0.0907020850768369
B,h,1.4,7.71727216,-0.004025812000000073,0.0907020850768369
B,h,1.4,7.73835725,0.00039197800000001504,0.0907020850768369
B,h,1.4,7.75934923,0.003552078000000014,0.0907020850768369
B,h,1.4,7.78023116,0.00525967000000005,0.0907020850768369
B,h,1.4,7.80098697,0.0024572760000000082,0.0907020850768369
B,h,1.4,7.82190677,-0.002365342000000048,0.0907020850768369
B,h,1.4,7.84304931,0.0002573999999999632,0.0907020850768369
B,h,1.4,7.86405132,0.001720476999999998,0.0907020850768369
B,h,1.4,7.88484553,-0.0011194549999999914,0.0907020850768369
B,h,1.4,7.90574885,-0.0054351270000000396,0.0907020850768369
B,h,1.4,7.9267531,0.0038608209999999588,0.0907020850768369
B,h,1.4,7.94765228,0.0014911730000000123,0.0907020850768369
B,h,1.4,7.96842304,-0.0002482990000000074,0.0907020850768369
B,h,1.4,7.98938616,-0.0006427469999999991,0.0907020850768369
B,h,1.4,8.01050815,0.002791849999999929,0.0907020850768369
B,h,1.4,8.03153334,-0.0021352739999999093,0.0907020850768369
B,h,1.4,8.05240251,-0.0025793100000000013,0.0907020850768369
B,h,1.4,8.07332696,-0.003152716,0.0907020850768369
B,h,1.4,8.09438514,0.002045983000000029,0.0907020850768369
B,h,1.4,8.11529588,-0.008297207000000029,0.0907020850768369
B,h,1.4,8.13618411,0.0014823660000000682,0.0907020850768369
B,h,1.4,8.15717855,0.0019617560000000367,0.0907020850768369
B,h,1.4,8.17807847,-0.0021974780000000305,0.0907020850768369
B,h,1.4,8.19905269,0.0010827660000000128,0.0907020850768369
B,h,1.4,8.21991085,0.0034973289999999935,0.0907020850768369
B,h,1.4,8.24078529,-0.0006638350000000015,0.0907020850768369
B,h,1.4,8.26195652,-0.0005800870000000069,0.0907020850768369
B,h,1.4,8.28293039,-0.0028905350000000274,0.0907020850768369
B,h,1.4,8.30373423,-0.0009817690000000212,0.0907020850768369
B,h,1.4,8.32452583,0.0037734890000000743,0.0907020850768369
B,h,1.4,8.34556221,-0.0006106659999999264,0.0907020850768369
B,h,1.4,8.36671927,0.0025836529999999636,0.0907020850768369
B,h,1.4,8.38757523,0.00034011800000000036,0.0907020850768369
B,h,1.4,8.40855808,-0.0022552299999999414,0.0907020850768369
B,h,1.4,8.42953585,0.0014912839999999816,0.0907020850768369
B,h,1.4,8.45042977,-0.0013705569999999945,0.0907020850768369
B,h,1.4,8.47138662,0.0033905189999999807,0.0907020850768369
B,h,1.4,8.49217243,0.002330384000000074,0.0907020850768369
B,h,1.4,8.51321806,-0.0038159649999999212,0.0907020850768369
B,h,1.4,8.53421183,-0.0034716230000000348,0.0907020850768369
B,h,1.4,8.55508292,0.0018082000000000376,0.0907020850768369
B,h,1.4,8.57598662,0.002950279999999972,0.0907020850768369
B,h,1.4,8.59679232,0.00284597200000003,0.0907020850768369
B,h,1.4,8.61783107,0.004072638000000017,0.0907020850768369
B,h,1.4,8.63891768,-0.0008605520000000144,0.0907020850768369
B,h,1.4,8.65972861,-0.0001198020000000577,0.0907020850768369
B,h,1.4,8.68059853,0.0012516529999999637,0.0907020850768369
B,h,1.4,8.70174168,0.00011654899999991031,0.0907020850768369
B,h,1.4,8.72279566,-0.0013854229999999967,0.0907020850768369
B,h,1.4,8.74359241,0.002176723000000047,0.0907020850768369
B,h,1.4,8.76424415,0.002266887999999967,0.0907020850768369
B,h,1.4,8.78526729,-0.002542294000000056,0.0907020850768369
B,h,1.4,8.80637189,-0.0006668409999999181,0.0907020850768369
B,h,1.4,8.82736896,-6.994699999995913e-05,0.0907020850768369
B,h,1.4,8.84843212,-0.0005402759999999507,0.0907020850768369
B,h,1.4,8.86933197,0.0027898319999999366,0.0907020850768369
B,h,1.4,8.89026857,-0.002642887000000038,0.0907020850768369
B,h,1.4,8.91123702,-0.0003907939999999721,0.0907020850768369
B,h,1.4,8.93214776,0.0005844649999999785,0.0907020850768369
B,h,1.4,8.95312097,0.0013663609999999826,0.0907020850768369
B,h,1.4,8.9741304,-0.0006647819999999749,0.0907020850768369
B,h,1.4,8.99505705,-0.002348357000000023,0.0907020850768369
B,h,1.4,9.01571368,0.0007372019999999369,0.0907020850768369
B,h,1.4,9.03640927,0.0008776090000000014,0.0907020850768369
B,h,1.4,9.05755121,-0.0006509150000000297,0.0907020850768369
B,h,1.4,9.07868023,-0.0015511870000000094,0.0907020850768369
B,h,1.4,9.09969513,0.000883359000000028,0.0907020850768369
B,h,1.4,9.1205658,0.0005751579999999645,0.0907020850768369
B,h,1.4,9.14137844,-0.0015652109999999553,0.0907020850768369
B,h,1.4,9.16237082,-0.00010855300000001122,0.0907020850768369
B,h,1.4,9.18339441,0.0015830129999999665,0.0907020850768369
B,h,1.4,9.20447395,0.0024344480000000335,0.0907020850768369
B,h,1.4,9.22549281,0.00492161999999996,0.0907020850768369
B,h,1.4,9.2463962,-0.001852165999999933,0.0907020850768369
B,h,1.4,9.26722673,-0.00022362100000006269,0.0907020850768369
B,h,1.4,9.28791689,-0.0015851519999999786,0.0907020850768369
B,h,1.4,9.30892724,-0.0002813669999999213,0.0907020850768369
B,h,1.4,9.33003065,-0.0017945600000000006,0.0907020850768369
B,h,1.4,9.35102864,-0.0013563749999999652,0.0907020850768369
B,h,1.4,9.37196601,-0.00030638199999999394,0.0907020850768369
B,h,1.4,9.39258783,0.0014126130000000625,0.0907020850768369
B,h,1.4,9.41349621,0.0008350500000000594,0.0907020850768369
B,h,1.4,9.4347927,-0.001788483999999979,0.0907020850768369
B,h,1.4,9.45587737,0.0007481649999999673,0.0907020850768369
B,h,1.4,9.47676866,-0.005167023999999909,0.0907020850768369
B,h,1.4,9.49762777,-0.001988013000000066,0.0907020850768369
B,h,1.4,9.51852362,-0.0011383419999999589,0.0907020850768369
B,h,1.4,9.53939795,0.00046140100000002793,0.0907020850768369
B,h,1.4,9.56035551,0.0034205469999999405,0.0907020850768369
B,h,1.4,9.58149741,-0.0015564089999999808,0.0907020850768369
B,h,1.4,9.60249587,-0.0012310389999999893,0.0907020850768369
B,h,1.4,9.62336478,-0.005943200000000037,0.0907020850768369
B,h,1.4,9.64415055,0.0029977669999999845,0.0907020850768369
B,h,1.4,9.66502224,0.0009446400000000521,0.0907020850768369
B,h,1.4,9.68597433,-0.0014477810000000924,0.0907020850768369
B,h,1.4,9.7069728,-0.000191714000000065,0.0907020850768369
B,h,1.4,9.72797765,-0.0008516789999999386,0.0907020850768369
B,h,1.4,9.74896401,-0.0005170389999999969,0.0907020850768369
B,h,1.4,9.76996217,0.0008835170000000003,0.0907020850768369
B,h,1.4,9.79085678,-0.003453740000000094,0.0907020850768369
B,h,1.4,9.81166698,-0.002212573999999967,0.0907020850768369
B,h,1.4,9.83262494,-0.0027001340000000207,0.0907020850768369
B,h,1.4,9.85372265,-0.0016581909999999755,0.0907020850768369
B,h,1.4,9.87472665,-0.00146047699999996,0.0907020850768369
B,h,1.4,9.89559934,0.0005767220000000295,0.0907020850768369
B,h,1.4,9.91635289,0.0007852649999999795,0.0907020850768369
B,h,1.4,9.93737645,0.0018654609999999572,0.0907020850768369
B,h,1.4,9.95856995,-0.0019093359999999837,0.0907020850768369
B,h,1.4,9.97940815,0.0010558600000000196,0.0907020850768369
B,h,1.4,10.000082,0.00025941400000006887,0.0907020850768369
B,h,1.6,0.0252815853,0.13709010810900002,0.11846802948811355
B,h,1.6,0.0486976344,0.11427916415,0.11846802948811355
B,h,1.6,0.0692644017,0.11015353918,0.11846802948811355
B,h,1.6,0.08877835,0.11777405822,0.11846802948811355
B,h,1.6,0.111604297,0.11651691373999999,0.11846802948811355
B,h,1.6,0.132731806,0.1099070056,0.11846802948811355
B,h,1.6,0.153672181,0.1092483813,0.11846802948811355
B,h,1.6,0.175641863,0.1084924707,0.11846802948811355
B,h,1.6,0.196615509,0.10630229209999999,0.11846802948811355
B,h,1.6,0.217326708,0.10582737360000001,0.11846802948811355
B,h,1.6,0.237538457,0.1021974139,0.11846802948811355
B,h,1.6,0.258148683,0.0988056011,0.11846802948811355
B,h,1.6,0.28040349,0.0931251685,0.11846802948811355
B,h,1.6,0.301929084,0.0941077899,0.11846802948811355
B,h,1.6,0.322287413,0.08961549769999999,0.11846802948811355
B,h,1.6,0.342663331,0.08487601390000002,0.11846802948811355
B,h,1.6,0.363641289,0.08303900139999999,0.11846802948811355
B,h,1.6,0.385602948,0.07807805200000001,0.11846802948811355
B,h,1.6,0.406737165,0.07637431,0.11846802948811355
B,h,1.6,0.427001871,0.07075789399999999,0.11846802948811355
B,h,1.6,0.448754416,0.06741810499999998,0.11846802948811355
B,h,1.6,0.469601745,0.06663471800000001,0.11846802948811355
B,h,1.6,0.489805379,0.05890452900000001,0.11846802948811355
B,h,1.6,0.510302494,0.057681889000000014,0.11846802948811355
B,h,1.6,0.53178319,0.05591548900000001,0.11846802948811355
B,h,1.6,0.553922362,0.04920666000000001,0.11846802948811355
B,h,1.6,0.574670041,0.04589494499999999,0.11846802948811355
B,h,1.6,0.594645701,0.04481797899999998,0.11846802948811355
B,h,1.6,0.615540037,0.040100248000000005,0.11846802948811355
B,h,1.6,0.636554081,0.03544825100000004,0.11846802948811355
B,h,1.6,0.658102417,0.03415219599999997,0.11846802948811355
B,h,1.6,0.679189641,0.026417325999999963,0.11846802948811355
B,h,1.6,0.700054044,0.033253315000000006,0.11846802948811355
B,h,1.6,0.721329826,0.01992849000000002,0.11846802948811355
B,h,1.6,0.742033923,0.026241554,0.11846802948811355
B,h,1.6,0.762614581,0.021924394999999985,0.11846802948811355
B,h,1.6,0.783270495,0.020835859000000012,0.11846802948811355
B,h,1.6,0.804783918,0.013688514999999957,0.11846802948811355
B,h,1.6,0.826095906,0.009029975000000023,0.11846802948811355
B,h,1.6,0.846303977,0.00754912000000002,0.11846802948811355
B,h,1.6,0.867174819,0.011575408999999981,0.11846802948811355
B,h,1.6,0.888413258,0.010022572000000007,0.11846802948811355
B,h,1.6,0.909910564,0.005393413999999985,0.11846802948811355
B,h,1.6,0.931134698,0.003226264000000034,0.11846802948811355
B,h,1.6,0.951563161,-0.0027832919999999373,0.11846802948811355
B,h,1.6,0.972160451,0.001128853999999957,0.11846802948811355
B,h,1.6,0.993008165,-0.009100145000000004,0.11846802948811355
B,h,1.6,1.0140906,-0.006850668999999976,0.11846802948811355
B,h,1.6,1.03500338,-0.0067308549999999245,0.11846802948811355
B,h,1.6,1.05657413,-0.004352986000000003,0.11846802948811355
B,h,1.6,1.07789814,-0.006100930000000004,0.11846802948811355
B,h,1.6,1.09835045,-0.006349727999999999,0.11846802948811355
B,h,1.6,1.11903902,-0.011060705000000004,0.11846802948811355
B,h,1.6,1.1396405,-0.013758904000000016,0.11846802948811355
B,h,1.6,1.16109193,-0.007435787000000027,0.11846802948811355
B,h,1.6,1.18227503,-0.01803185500000004,0.11846802948811355
B,h,1.6,1.2030555,-0.011678041000000028,0.11846802948811355
B,h,1.6,1.22375183,-0.003842879999999993,0.11846802948811355
B,h,1.6,1.24453484,-0.011865172000000035,0.11846802948811355
B,h,1.6,1.26570671,-0.012529182999999944,0.11846802948811355
B,h,1.6,1.28693994,-0.007710391000000039,0.11846802948811355
B,h,1.6,1.30807124,-0.01049793599999993,0.11846802948811355
B,h,1.6,1.32889646,-0.01766772299999997,0.11846802948811355
B,h,1.6,1.34945121,-0.023397898000000028,0.11846802948811355
B,h,1.6,1.37055188,-0.005132113000000049,0.11846802948811355
B,h,1.6,1.39148285,-0.006311418999999985,0.11846802948811355
B,h,1.6,1.41220445,-0.015392988999999968,0.11846802948811355
B,h,1.6,1.43352474,-0.021287064000000022,0.11846802948811355
B,h,1.6,1.45454751,-0.01580598599999994,0.11846802948811355
B,h,1.6,1.47511055,-0.019956229000000048,0.11846802948811355
B,h,1.6,1.49566583,-0.008343826000000054,0.11846802948811355
B,h,1.6,1.51690776,-0.012713239999999959,0.11846802948811355
B,h,1.6,1.53826425,-0.017853286000000024,0.11846802948811355
B,h,1.6,1.55931449,-0.012839221000000012,0.11846802948811355
B,h,1.6,1.58012172,-0.013395677999999966,0.11846802948811355
B,h,1.6,1.60114355,-0.022287403999999955,0.11846802948811355
B,h,1.6,1.62229155,-0.01619736000000005,0.11846802948811355
B,h,1.6,1.64295947,-0.012508650999999982,0.11846802948811355
B,h,1.6,1.66366432,-0.008795639000000022,0.11846802948811355
B,h,1.6,1.68478217,-0.007877789000000024,0.11846802948811355
B,h,1.6,1.7057485,-0.008773791000000086,0.11846802948811355
B,h,1.6,1.72683745,-0.021680517000000066,0.11846802948811355
B,h,1.6,1.74765849,-0.014102389000000048,0.11846802948811355
B,h,1.6,1.76847487,-0.007398535999999956,0.11846802948811355
B,h,1.6,1.78961871,-0.01212639400000004,0.11846802948811355
B,h,1.6,1.81086098,-0.004338417000000039,0.11846802948811355
B,h,1.6,1.83179094,0.00025833200000002776,0.11846802948811355
B,h,1.6,1.8521746,-0.009253571999999988,0.11846802948811355
B,h,1.6,1.8733654,-0.010930693000000047,0.11846802948811355
B,h,1.6,1.89455538,-0.002381229999999901,0.11846802948811355
B,h,1.6,1.91534795,-0.0064750000000000085,0.11846802948811355
B,h,1.6,1.93623233,-0.012410805000000025,0.11846802948811355
B,h,1.6,1.9571481,-0.01457550299999999,0.11846802948811355
B,h,1.6,1.97825109,-0.007182894000000051,0.11846802948811355
B,h,1.6,1.99905898,-0.006471772999999903,0.11846802948811355
B,h,1.6,2.01966715,-0.007465916000000017,0.11846802948811355
B,h,1.6,2.04082415,-0.008526580999999922,0.11846802948811355
B,h,1.6,2.06193171,-0.011960729000000003,0.11846802948811355
B,h,1.6,2.08296048,-0.005217591999999938,0.11846802948811355
B,h,1.6,2.10383017,-0.01026605199999997,0.11846802948811355
B,h,1.6,2.12494312,0.000978798000000003,0.11846802948811355
B,h,1.6,2.14618475,0.0003005649999999749,0.11846802948811355
B,h,1.6,2.16679298,-0.0005812670000000519,0.11846802948811355
B,h,1.6,2.18753482,0.002679576000000017,0.11846802948811355
B,h,1.6,2.20847027,0.006900424999999988,0.11846802948811355
B,h,1.6,2.22955181,-0.0035588090000000516,0.11846802948811355
B,h,1.6,2.25078374,-0.007933069000000015,0.11846802948811355
B,h,1.6,2.27150159,-0.0005758900000000233,0.11846802948811355
B,h,1.6,2.29205574,-0.0008116840000000902,0.11846802948811355
B,h,1.6,2.31294326,-0.005833179999999993,0.11846802948811355
B,h,1.6,2.3340363,-0.0013799660000000102,0.11846802948811355
B,h,1.6,2.35514399,0.004955619000000078,0.11846802948811355
B,h,1.6,2.37607726,-0.0010600269999999634,0.11846802948811355
B,h,1.6,2.39730341,0.00248301399999995,0.11846802948811355
B,h,1.6,2.41857203,-0.00038662799999999997,0.11846802948811355
B,h,1.6,2.43911056,0.0009953470000000353,0.11846802948811355
B,h,1.6,2.45988005,0.0030164779999999336,0.11846802948811355
B,h,1.6,2.48094151,0.005987724000000028,0.11846802948811355
B,h,1.6,2.50196601,0.0035861860000000467,0.11846802948811355
B,h,1.6,2.52300496,-6.580000000000474e-05,0.11846802948811355
B,h,1.6,2.54340089,-0.004776728999999924,0.11846802948811355
B,h,1.6,2.56415297,0.00996418500000007,0.11846802948811355
B,h,1.6,2.58575836,0.001188014000000015,0.11846802948811355
B,h,1.6,2.60684428,0.0059556769999999926,0.11846802948811355
B,h,1.6,2.62775949,0.005457434999999955,0.11846802948811355
B,h,1.6,2.64834355,-0.004219110000000081,0.11846802948811355
B,h,1.6,2.66912062,0.001106362999999999,0.11846802948811355
B,h,1.6,2.69039946,0.005581084000000014,0.11846802948811355
B,h,1.6,2.71121518,-0.0002482499999999499,0.11846802948811355
B,h,1.6,2.7321837,0.003254591000000029,0.11846802948811355
B,h,1.6,2.75306239,-0.0015059959999998984,0.11846802948811355
B,h,1.6,2.77427049,-5.721299999994489e-05,0.11846802948811355
B,h,1.6,2.79557932,0.0009825709999999876,0.11846802948811355
B,h,1.6,2.8160646,0.0027114910000000103,0.11846802948811355
B,h,1.6,2.83689478,0.0005522969999999239,0.11846802948811355
B,h,1.6,2.85801727,-0.00012367499999998977,0.11846802948811355
B,h,1.6,2.87906973,0.001317323999999953,0.11846802948811355
B,h,1.6,2.89996898,-0.0020473250000000442,0.11846802948811355
B,h,1.6,2.92062944,0.0002863810000000022,0.11846802948811355
B,h,1.6,2.941605,-0.0052243579999999845,0.11846802948811355
B,h,1.6,2.96267076,-0.008795259999999971,0.11846802948811355
B,h,1.6,2.98347442,-0.006688895000000028,0.11846802948811355
B,h,1.6,3.00437656,0.0009639099999999567,0.11846802948811355
B,h,1.6,3.02542142,0.002568734000000017,0.11846802948811355
B,h,1.6,3.04658726,-0.004535049999999985,0.11846802948811355
B,h,1.6,3.06768101,0.004332027999999988,0.11846802948811355
B,h,1.6,3.088328,-0.0006119410000000602,0.11846802948811355
B,h,1.6,3.10931167,-0.004628783999999997,0.11846802948811355
B,h,1.6,3.1305457,-0.007369998000000044,0.11846802948811355
B,h,1.6,3.15150209,0.0013076979999999683,0.11846802948811355
B,h,1.6,3.17219014,-0.0016897349999999145,0.11846802948811355
B,h,1.6,3.19299024,-0.006126171000000014,0.11846802948811355
B,h,1.6,3.21390436,-0.006805285999999966,0.11846802948811355
B,h,1.6,3.23506564,0.00164653299999995,0.11846802948811355
B,h,1.6,3.25605387,0.0004910380000000547,0.11846802948811355
B,h,1.6,3.27685776,0.0024218649999999675,0.11846802948811355
B,h,1.6,3.29794723,0.0007904020000000234,0.11846802948811355
B,h,1.6,3.31884778,-0.00024304299999999834,0.11846802948811355
B,h,1.6,3.33944269,-0.0029324130000000226,0.11846802948811355
B,h,1.6,3.36030612,-0.0035671819999999466,0.11846802948811355
B,h,1.6,3.38171654,-0.0010257340000000559,0.11846802948811355
B,h,1.6,3.40297495,0.0009227499999999722,0.11846802948811355
B,h,1.6,3.42370792,-0.006383423999999915,0.11846802948811355
B,h,1.6,3.44440875,-0.009992303999999952,0.11846802948811355
B,h,1.6,3.465315,-0.0035977820000000493,0.11846802948811355
B,h,1.6,3.4865867,-0.00336972499999999,0.11846802948811355
B,h,1.6,3.50751221,-0.0036762220000000623,0.11846802948811355
B,h,1.6,3.52796741,-0.0034249129999999184,0.11846802948811355
B,h,1.6,3.5488788,0.002707891000000018,0.11846802948811355
B,h,1.6,3.57014151,0.0016061760000000147,0.11846802948811355
B,h,1.6,3.59120365,0.0023128740000000203,0.11846802948811355
B,h,1.6,3.61190928,-0.002206003999999928,0.11846802948811355
B,h,1.6,3.63300558,9.671300000002603e-05,0.11846802948811355
B,h,1.6,3.6541422,0.004908703999999986,0.11846802948811355
B,h,1.6,3.67500902,-0.0019243839999999457,0.11846802948811355
B,h,1.6,3.69581564,-0.003294283000000009,0.11846802948811355
B,h,1.6,3.71644729,-0.0038258639999999566,0.11846802948811355
B,h,1.6,3.73749774,-0.005260101999999933,0.11846802948811355
B,h,1.6,3.75868086,-0.005873424999999988,0.11846802948811355
B,h,1.6,3.77950549,0.0002949869999999688,0.11846802948811355
B,h,1.6,3.80027286,0.002716874999999952,0.11846802948811355
B,h,1.6,3.82143123,-0.0008427550000000839,0.11846802948811355
B,h,1.6,3.84280481,0.001294833999999967,0.11846802948811355
B,h,1.6,3.86349282,0.0009370570000000189,0.11846802948811355
B,h,1.6,3.88417456,0.0028618400000000044,0.11846802948811355
B,h,1.6,3.90535419,0.0020574639999999533,0.11846802948811355
B,h,1.6,3.9264697,-0.0029051150000000137,0.11846802948811355
B,h,1.6,3.94738681,0.0011319030000001007,0.11846802948811355
B,h,1.6,3.96810309,0.005222698000000081,0.11846802948811355
B,h,1.6,3.98888694,0.0004825710000000427,0.11846802948811355
B,h,1.6,4.00993371,0.0015611370000000457,0.11846802948811355
B,h,1.6,4.03080983,0.005725556999999992,0.11846802948811355
B,h,1.6,4.05178039,-0.0014258750000000209,0.11846802948811355
B,h,1.6,4.07276799,0.004390416000000008,0.11846802948811355
B,h,1.6,4.09368684,0.002702062000000005,0.11846802948811355
B,h,1.6,4.11485609,0.0016318530000000164,0.11846802948811355
B,h,1.6,4.13583188,0.0016773319999999758,0.11846802948811355
B,h,1.6,4.15670688,0.001888961999999994,0.11846802948811355
B,h,1.6,4.17758774,0.005684935999999974,0.11846802948811355
B,h,1.6,4.19867141,-0.00041828700000001717,0.11846802948811355
B,h,1.6,4.21961517,-0.005315103000000043,0.11846802948811355
B,h,1.6,4.24013393,-0.005201241999999939,0.11846802948811355
B,h,1.6,4.26119077,-0.0030470120000000156,0.11846802948811355
B,h,1.6,4.28239268,-0.005802434999999995,0.11846802948811355
B,h,1.6,4.30342826,-0.0006434699999999793,0.11846802948811355
B,h,1.6,4.32431592,0.004778567999999983,0.11846802948811355
B,h,1.6,4.34508479,-0.0039040430000000237,0.11846802948811355
B,h,1.6,4.36604259,-0.0027426459999999597,0.11846802948811355
B,h,1.6,4.38708086,0.00684577399999986,0.11846802948811355
B,h,1.6,4.40778797,0.0006784859999999782,0.11846802948811355
B,h,1.6,4.4288526,-0.00337914100000003,0.11846802948811355
B,h,1.6,4.44994967,0.0007273500000000155,0.11846802948811355
B,h,1.6,4.47085438,-0.0006150599999998896,0.11846802948811355
B,h,1.6,4.49188801,-0.0002616399999999519,0.11846802948811355
B,h,1.6,4.51250216,0.003712769999999921,0.11846802948811355
B,h,1.6,4.5334461,-0.0032696799999998305,0.11846802948811355
B,h,1.6,4.55463591,0.002879499999999924,0.11846802948811355
B,h,1.6,4.57547609,0.0029419200000000423,0.11846802948811355
B,h,1.6,4.59643311,-0.0007573000000000718,0.11846802948811355
B,h,1.6,4.61732903,0.002195420000000059,0.11846802948811355
B,h,1.6,4.63833098,0.0018631499999999246,0.11846802948811355
B,h,1.6,4.65949324,-0.0021254200000000445,0.11846802948811355
B,h,1.6,4.68039693,0.0005043700000000317,0.11846802948811355
B,h,1.6,4.70136745,-0.006592880000000134,0.11846802948811355
B,h,1.6,4.72221533,-0.0002472399999999819,0.11846802948811355
B,h,1.6,4.74309374,-0.0038783500000001414,0.11846802948811355
B,h,1.6,4.76390784,-0.002023080000000066,0.11846802948811355
B,h,1.6,4.78491795,-0.003545229999999844,0.11846802948811355
B,h,1.6,4.80636204,-0.0007024499999999101,0.11846802948811355
B,h,1.6,4.82728449,0.003202660000000135,0.11846802948811355
B,h,1.6,4.84785524,0.001044590000000012,0.11846802948811355
B,h,1.6,4.86859731,-0.0037444200000000816,0.11846802948811355
B,h,1.6,4.88954319,-0.0014258099999999718,0.11846802948811355
B,h,1.6,4.91078695,0.0011780300000001631,0.11846802948811355
B,h,1.6,4.93172016,-0.002086119999999969,0.11846802948811355
B,h,1.6,4.95244063,0.00237200999999998,0.11846802948811355
B,h,1.6,4.97348932,-0.008070170000000099,0.11846802948811355
B,h,1.6,4.994309,0.0010850000000000026,0.11846802948811355
B,h,1.6,5.01515697,0.0019533899999999438,0.11846802948811355
B,h,1.6,5.03598003,-0.0059716299999998945,0.11846802948811355
B,h,1.6,5.05703237,0.000824930000000057,0.11846802948811355
B,h,1.6,5.07840332,0.00540521000000016,0.11846802948811355
B,h,1.6,5.09943841,0.0006299100000000113,0.11846802948811355
B,h,1.6,5.12032938,0.002882490000000182,0.11846802948811355
B,h,1.6,5.14107614,0.0012154400000001786,0.11846802948811355
B,h,1.6,5.16214077,-0.002417689999999917,0.11846802948811355
B,h,1.6,5.18341099,-0.0006812999999998848,0.11846802948811355
B,h,1.6,5.2041075,0.001326490000000069,0.11846802948811355
B,h,1.6,5.22477891,0.003639559999999875,0.11846802948811355
B,h,1.6,5.24557967,0.002660769999999868,0.11846802948811355
B,h,1.6,5.26649236,0.0034240899999999908,0.11846802948811355
B,h,1.6,5.28753131,0.001995509999999978,0.11846802948811355
B,h,1.6,5.30847064,-0.002703880000000103,0.11846802948811355
B,h,1.6,5.32946745,-0.00386491000000011,0.11846802948811355
B,h,1.6,5.3506922,0.0019099799999999778,0.11846802948811355
B,h,1.6,5.37158853,0.0031105099999999553,0.11846802948811355
B,h,1.6,5.39231925,0.005193039999999982,0.11846802948811355
B,h,1.6,5.41333352,0.002552310000000002,0.11846802948811355
B,h,1.6,5.43434316,0.00012447000000004316,0.11846802948811355
B,h,1.6,5.45530659,0.002614029999999934,0.11846802948811355
B,h,1.6,5.47618498,-0.0029905500000000362,0.11846802948811355
B,h,1.6,5.49715755,0.0003558999999999646,0.11846802948811355
B,h,1.6,5.51801586,0.002589869999999994,0.11846802948811355
B,h,1.6,5.53881995,0.004661899999999886,0.11846802948811355
B,h,1.6,5.55992514,-0.0005018600000001872,0.11846802948811355
B,h,1.6,5.58098545,-0.0019169700000001288,0.11846802948811355
B,h,1.6,5.60183772,0.002965619999999891,0.11846802948811355
B,h,1.6,5.62277584,0.0005902400000001862,0.11846802948811355
B,h,1.6,5.64379172,-0.003610789999999975,0.11846802948811355
B,h,1.6,5.66460817,0.0035769100000000442,0.11846802948811355
B,h,1.6,5.68556022,-0.0039360799999998974,0.11846802948811355
B,h,1.6,5.7067909,-0.0021810399999999674,0.11846802948811355
B,h,1.6,5.72769317,0.0007345999999999187,0.11846802948811355
B,h,1.6,5.74840017,0.0013535599999998649,0.11846802948811355
B,h,1.6,5.76938192,0.006596799999999847,0.11846802948811355
B,h,1.6,5.79039764,-0.004132510000000034,0.11846802948811355
B,h,1.6,5.81144039,0.0023530400000000284,0.11846802948811355
B,h,1.6,5.83232115,-0.002260469999999959,0.11846802948811355
B,h,1.6,5.85320209,0.003720479999999915,0.11846802948811355
B,h,1.6,5.87418919,0.005394729999999903,0.11846802948811355
B,h,1.6,5.89509625,0.0019032400000000838,0.11846802948811355
B,h,1.6,5.9159726,0.0036418899999999255,0.11846802948811355
B,h,1.6,5.93682663,0.0025611700000001125,0.11846802948811355
B,h,1.6,5.95791772,0.007439919999999933,0.11846802948811355
B,h,1.6,5.97900675,-0.0018619099999999111,0.11846802948811355
B,h,1.6,5.99978945,0.0027946499999997876,0.11846802948811355
B,h,1.6,6.02063577,0.0019053700000000173,0.11846802948811355
B,h,1.6,6.04156421,0.0003219899999999942,0.11846802948811355
B,h,1.6,6.06259364,-0.0028674900000000836,0.11846802948811355
B,h,1.6,6.08377541,-0.002423090000000183,0.11846802948811355
B,h,1.6,6.10447051,0.008350119999999794,0.11846802948811355
B,h,1.6,6.12538157,0.0004389799999999777,0.11846802948811355
B,h,1.6,6.14660689,-0.0013940800000000753,0.11846802948811355
B,h,1.6,6.16752321,-0.0018867799999999768,0.11846802948811355
B,h,1.6,6.18833806,-0.0016079299999998131,0.11846802948811355
B,h,1.6,6.20938667,0.0011272700000000135,0.11846802948811355
B,h,1.6,6.23052184,-0.008077829999999953,0.11846802948811355
B,h,1.6,6.25137137,-0.0015232299999998755,0.11846802948811355
B,h,1.6,6.27204484,0.0023605900000001068,0.11846802948811355
B,h,1.6,6.29290789,0.0051955399999998875,0.11846802948811355
B,h,1.6,6.31382104,0.002473659999999933,0.11846802948811355
B,h,1.6,6.33495691,0.0025022599999999784,0.11846802948811355
B,h,1.6,6.35600914,0.001686319999999908,0.11846802948811355
B,h,1.6,6.37663869,0.0053745300000000995,0.11846802948811355
B,h,1.6,6.39770954,-0.0021754800000000074,0.11846802948811355
B,h,1.6,6.41872759,-0.003278169999999969,0.11846802948811355
B,h,1.6,6.43951457,-0.0004186299999999754,0.11846802948811355
B,h,1.6,6.46033562,0.003586789999999951,0.11846802948811355
B,h,1.6,6.4814564,-0.0010592000000000379,0.11846802948811355
B,h,1.6,6.50265681,0.0012442400000001186,0.11846802948811355
B,h,1.6,6.52350383,-0.0006904199999999694,0.11846802948811355
B,h,1.6,6.54427866,-0.0026013400000000075,0.11846802948811355
B,h,1.6,6.56515568,-0.0029935199999999718,0.11846802948811355
B,h,1.6,6.58628576,-0.00018415999999987775,0.11846802948811355
B,h,1.6,6.60749316,-0.002703879999999881,0.11846802948811355
B,h,1.6,6.62830625,0.004426850000000204,0.11846802948811355
B,h,1.6,6.64913567,0.0024783999999999917,0.11846802948811355
B,h,1.6,6.67020149,-0.002126199999999967,0.11846802948811355
B,h,1.6,6.69106898,0.00097314000000015,0.11846802948811355
B,h,1.6,6.71185955,0.000448970000000104,0.11846802948811355
B,h,1.6,6.73264651,0.0036401299999999637,0.11846802948811355
B,h,1.6,6.7537045,0.0004391800000000945,0.11846802948811355
B,h,1.6,6.77487174,0.001636130000000069,0.11846802948811355
B,h,1.6,6.79557562,0.003086029999999962,0.11846802948811355
B,h,1.6,6.81648781,0.004164640000000164,0.11846802948811355
B,h,1.6,6.83753747,0.0017487500000001877,0.11846802948811355
B,h,1.6,6.85867557,-0.002084269999999888,0.11846802948811355
B,h,1.6,6.87985316,0.0023969999999999825,0.11846802948811355
B,h,1.6,6.90065786,0.0017439100000000707,0.11846802948811355
B,h,1.6,6.92153112,-0.003334620000000177,0.11846802948811355
B,h,1.6,6.94229803,-0.0031477900000000947,0.11846802948811355
B,h,1.6,6.9630016,0.0003725700000001275,0.11846802948811355
B,h,1.6,6.98416877,0.005649049999999933,0.11846802948811355
B,h,1.6,7.0052781,0.00343210000000016,0.11846802948811355
B,h,1.6,7.02617612,0.0003489199999999748,0.11846802948811355
B,h,1.6,7.04699526,-0.0010442200000000401,0.11846802948811355
B,h,1.6,7.06761685,0.0006705799999999762,0.11846802948811355
B,h,1.6,7.08873369,0.002470419999999862,0.11846802948811355
B,h,1.6,7.10994937,-0.0012938899999999087,0.11846802948811355
B,h,1.6,7.13102893,0.0009906699999999713,0.11846802948811355
B,h,1.6,7.15201412,-0.0005617200000000988,0.11846802948811355
B,h,1.6,7.17271336,0.0017971840000000627,0.11846802948811355
B,h,1.6,7.19374266,-0.0020996640000000566,0.11846802948811355
B,h,1.6,7.21473042,-0.0028682279999999727,0.11846802948811355
B,h,1.6,7.23564263,-0.000860719999999926,0.11846802948811355
B,h,1.6,7.25666289,-7.390000000007113e-05,0.11846802948811355
B,h,1.6,7.27757645,-0.0028544219999999676,0.11846802948811355
B,h,1.6,7.2984411,0.004298745999999909,0.11846802948811355
B,h,1.6,7.31917384,-0.0028402459999999907,0.11846802948811355
B,h,1.6,7.34001688,0.00020138700000005283,0.11846802948811355
B,h,1.6,7.3611683,-0.004971186000000016,0.11846802948811355
B,h,1.6,7.38224284,0.0068873619999999525,0.11846802948811355
B,h,1.6,7.40324015,0.001218425000000134,0.11846802948811355
B,h,1.6,7.42408854,-0.0021513390000000854,0.11846802948811355
B,h,1.6,7.44500634,0.0033871389999998724,0.11846802948811355
B,h,1.6,7.46595959,0.002053565999999951,0.11846802948811355
B,h,1.6,7.48696308,0.001791886999999992,0.11846802948811355
B,h,1.6,7.5079936,-0.0008209279999999985,0.11846802948811355
B,h,1.6,7.52871967,-0.001480358000000015,0.11846802948811355
B,h,1.6,7.54966921,-0.0004474049999999563,0.11846802948811355
B,h,1.6,7.57064902,-0.0009485200000000082,0.11846802948811355
B,h,1.6,7.59151428,-0.0005306649999999857,0.11846802948811355
B,h,1.6,7.6123809,-0.000713940000000024,0.11846802948811355
B,h,1.6,7.63338324,-0.001686689000000019,0.11846802948811355
B,h,1.6,7.65450532,0.000581672000000033,0.11846802948811355
B,h,1.6,7.67556944,0.0025254630000000056,0.11846802948811355
B,h,1.6,7.69637751,-0.0029129209999999572,0.11846802948811355
B,h,1.6,7.71727216,-0.001862595000000078,0.11846802948811355
B,h,1.6,7.73835725,-0.0009061419999999432,0.11846802948811355
B,h,1.6,7.75934923,0.0015913610000000133,0.11846802948811355
B,h,1.6,7.78023116,0.005037037999999994,0.11846802948811355
B,h,1.6,7.80098697,-0.0009963739999999666,0.11846802948811355
B,h,1.6,7.82190677,-0.0017699639999999572,0.11846802948811355
B,h,1.6,7.84304931,-0.001701131999999994,0.11846802948811355
B,h,1.6,7.86405132,0.0025635489999999983,0.11846802948811355
B,h,1.6,7.88484553,0.0016584370000000126,0.11846802948811355
B,h,1.6,7.90574885,-0.0005416150000000508,0.11846802948811355
B,h,1.6,7.9267531,0.0022407110000000063,0.11846802948811355
B,h,1.6,7.94765228,0.0009243009999999607,0.11846802948811355
B,h,1.6,7.96842304,0.0012590309999999105,0.11846802948811355
B,h,1.6,7.98938616,-0.0014921520000000799,0.11846802948811355
B,h,1.6,8.01050815,0.0021991069999999224,0.11846802948811355
B,h,1.6,8.03153334,-0.00556711700000001,0.11846802948811355
B,h,1.6,8.05240251,-0.00428171300000002,0.11846802948811355
B,h,1.6,8.07332696,-0.003127933999999999,0.11846802948811355
B,h,1.6,8.09438514,0.001326909999999959,0.11846802948811355
B,h,1.6,8.11529588,-0.0025683710000000692,0.11846802948811355
B,h,1.6,8.13618411,0.0008211710000000094,0.11846802948811355
B,h,1.6,8.15717855,0.0006308179999999775,0.11846802948811355
B,h,1.6,8.17807847,-0.003174283,0.11846802948811355
B,h,1.6,8.19905269,-0.0001690239999999621,0.11846802948811355
B,h,1.6,8.21991085,0.0015508360000000554,0.11846802948811355
B,h,1.6,8.24078529,-5.1077000000065986e-05,0.11846802948811355
B,h,1.6,8.26195652,0.0023628600000000777,0.11846802948811355
B,h,1.6,8.28293039,-0.001766461000000108,0.11846802948811355
B,h,1.6,8.30373423,-0.002789099999999989,0.11846802948811355
B,h,1.6,8.32452583,0.006497586000000055,0.11846802948811355
B,h,1.6,8.34556221,-0.001557504999999959,0.11846802948811355
B,h,1.6,8.36671927,0.0007383519999999422,0.11846802948811355
B,h,1.6,8.38757523,0.00020500999999994995,0.11846802948811355
B,h,1.6,8.40855808,-0.0023838749999999242,0.11846802948811355
B,h,1.6,8.42953585,-0.0007675409999999827,0.11846802948811355
B,h,1.6,8.45042977,0.0003893990000000125,0.11846802948811355
B,h,1.6,8.47138662,0.0037956299999999388,0.11846802948811355
B,h,1.6,8.49217243,0.0009237160000000744,0.11846802948811355
B,h,1.6,8.51321806,-0.004637272999999942,0.11846802948811355
B,h,1.6,8.53421183,-0.005236042000000052,0.11846802948811355
B,h,1.6,8.55508292,-0.0011169760000000473,0.11846802948811355
B,h,1.6,8.57598662,-0.0008380390000000126,0.11846802948811355
B,h,1.6,8.59679232,-0.00032641199999994264,0.11846802948811355
B,h,1.6,8.61783107,0.0014056669999999993,0.11846802948811355
B,h,1.6,8.63891768,-0.003087684000000035,0.11846802948811355
B,h,1.6,8.65972861,-0.00606600200000007,0.11846802948811355
B,h,1.6,8.68059853,-0.0031021370000000603,0.11846802948811355
B,h,1.6,8.70174168,-0.0019487790000000116,0.11846802948811355
B,h,1.6,8.72279566,-0.002230280000000029,0.11846802948811355
B,h,1.6,8.74359241,0.0006972090000000319,0.11846802948811355
B,h,1.6,8.76424415,-0.0009403890000000414,0.11846802948811355
B,h,1.6,8.78526729,0.0007726829999999962,0.11846802948811355
B,h,1.6,8.80637189,-0.0026527279999999376,0.11846802948811355
B,h,1.6,8.82736896,-0.003477740000000007,0.11846802948811355
B,h,1.6,8.84843212,-0.0024398339999999186,0.11846802948811355
B,h,1.6,8.86933197,0.0013356359999999734,0.11846802948811355
B,h,1.6,8.89026857,0.00014049999999998786,0.11846802948811355
B,h,1.6,8.91123702,-4.936099999997001e-05,0.11846802948811355
B,h,1.6,8.93214776,0.001048201999999998,0.11846802948811355
B,h,1.6,8.95312097,0.002428106999999957,0.11846802948811355
B,h,1.6,8.9741304,0.00010028500000003326,0.11846802948811355
B,h,1.6,8.99505705,-0.00113516300000005,0.11846802948811355
B,h,1.6,9.01571368,0.005761590999999955,0.11846802948811355
B,h,1.6,9.03640927,0.0008753870000000052,0.11846802948811355
B,h,1.6,9.05755121,0.0009929020000000177,0.11846802948811355
B,h,1.6,9.07868023,-0.00039357000000006526,0.11846802948811355
B,h,1.6,9.09969513,0.0024176729999999536,0.11846802948811355
B,h,1.6,9.1205658,-0.0006755609999999912,0.11846802948811355
B,h,1.6,9.14137844,-0.004411096000000003,0.11846802948811355
B,h,1.6,9.16237082,0.00016286200000004136,0.11846802948811355
B,h,1.6,9.18339441,-0.0023717070000000007,0.11846802948811355
B,h,1.6,9.20447395,0.0018879910000000333,0.11846802948811355
B,h,1.6,9.22549281,0.006210394000000008,0.11846802948811355
B,h,1.6,9.2463962,-0.0008655859999999738,0.11846802948811355
B,h,1.6,9.26722673,0.003604972999999956,0.11846802948811355
B,h,1.6,9.28791689,0.0012937680000000285,0.11846802948811355
B,h,1.6,9.30892724,-0.0003345539999999314,0.11846802948811355
B,h,1.6,9.33003065,0.00041334399999992666,0.11846802948811355
B,h,1.6,9.35102864,-0.00038653899999996355,0.11846802948811355
B,h,1.6,9.37196601,-0.002037203999999959,0.11846802948811355
B,h,1.6,9.39258783,0.00150020900000003,0.11846802948811355
B,h,1.6,9.41349621,0.0012330260000000814,0.11846802948811355
B,h,1.6,9.4347927,0.0002498530000000221,0.11846802948811355
B,h,1.6,9.45587737,-0.0007932910000000293,0.11846802948811355
B,h,1.6,9.47676866,-0.0013026299999999713,0.11846802948811355
B,h,1.6,9.49762777,-0.004386553000000015,0.11846802948811355
B,h,1.6,9.51852362,-0.0006474949999999424,0.11846802948811355
B,h,1.6,9.53939795,0.000629111000000071,0.11846802948811355
B,h,1.6,9.56035551,0.00016983599999997878,0.11846802948811355
B,h,1.6,9.58149741,5.438800000001631e-05,0.11846802948811355
B,h,1.6,9.60249587,-0.0030457919999999916,0.11846802948811355
B,h,1.6,9.62336478,-0.005025802999999995,0.11846802948811355
B,h,1.6,9.64415055,-0.0021201960000000186,0.11846802948811355
B,h,1.6,9.66502224,0.0007228900000000316,0.11846802948811355
B,h,1.6,9.68597433,-0.0016899479999999967,0.11846802948811355
B,h,1.6,9.7069728,0.002766054999999934,0.11846802948811355
B,h,1.6,9.72797765,0.00021508900000000164,0.11846802948811355
B,h,1.6,9.74896401,-0.00015133300000003125,0.11846802948811355
B,h,1.6,9.76996217,0.0037124450000000087,0.11846802948811355
B,h,1.6,9.79085678,0.0008130069999999767,0.11846802948811355
B,h,1.6,9.81166698,0.0013245950000000395,0.11846802948811355
B,h,1.6,9.83262494,-0.00021121099999998894,0.11846802948811355
B,h,1.6,9.85372265,-0.0031006919999999605,0.11846802948811355
B,h,1.6,9.87472665,-0.0006286580000000042,0.11846802948811355
B,h,1.6,9.89559934,0.003445048000000006,0.11846802948811355
B,h,1.6,9.91635289,0.0010639970000000387,0.11846802948811355
B,h,1.6,9.93737645,-0.0009429930000000031,0.11846802948811355
B,h,1.6,9.95856995,-0.00044529799999992736,0.11846802948811355
B,h,1.6,9.97940815,0.0020157800000000226,0.11846802948811355
B,h,1.6,10.000082,-0.0002878800000000181,0.11846802948811355
B,h,1.8,0.0252815853,0.170692878109,0.1499360998208937
B,h,1.8,0.0486976344,0.14859401115,0.1499360998208937
B,h,1.8,0.0692644017,0.15053554918,0.1499360998208937
B,h,1.8,0.08877835,0.14925778322,0.1499360998208937
B,h,1.8,0.111604297,0.14061787674,0.1499360998208937
B,h,1.8,0.132731806,0.1402509586,0.1499360998208937
B,h,1.8,0.153672181,0.1358804033,0.1499360998208937
B,h,1.8,0.175641863,0.1337176017,0.1499360998208937
B,h,1.8,0.196615509,0.13488910110000002,0.1499360998208937
B,h,1.8,0.217326708,0.13202029059999998,0.1499360998208937
B,h,1.8,0.237538457,0.1266431019,0.1499360998208937
B,h,1.8,0.258148683,0.1260858561,0.1499360998208937
B,h,1.8,0.28040349,0.1208746635,0.1499360998208937
B,h,1.8,0.301929084,0.1195228779,0.1499360998208937
B,h,1.8,0.322287413,0.1126137187,0.1499360998208937
B,h,1.8,0.342663331,0.1094227079,0.1499360998208937
B,h,1.8,0.363641289,0.1026584664,0.1499360998208937
B,h,1.8,0.385602948,0.100388167,0.1499360998208937
B,h,1.8,0.406737165,0.095641493,0.1499360998208937
B,h,1.8,0.427001871,0.090967252,0.1499360998208937
B,h,1.8,0.448754416,0.08899627099999999,0.1499360998208937
B,h,1.8,0.469601745,0.08469795500000002,0.1499360998208937
B,h,1.8,0.489805379,0.07673148700000001,0.1499360998208937
B,h,1.8,0.510302494,0.07401268300000002,0.1499360998208937
B,h,1.8,0.53178319,0.069382107,0.1499360998208937
B,h,1.8,0.553922362,0.06415330899999999,0.1499360998208937
B,h,1.8,0.574670041,0.06003254399999999,0.1499360998208937
B,h,1.8,0.594645701,0.05811511999999999,0.1499360998208937
B,h,1.8,0.615540037,0.05611472099999998,0.1499360998208937
B,h,1.8,0.636554081,0.045669002000000014,0.1499360998208937
B,h,1.8,0.658102417,0.044494730999999954,0.1499360998208937
B,h,1.8,0.679189641,0.03719735499999999,0.1499360998208937
B,h,1.8,0.700054044,0.035487822999999974,0.1499360998208937
B,h,1.8,0.721329826,0.030012433000000005,0.1499360998208937
B,h,1.8,0.742033923,0.03069224599999998,0.1499360998208937
B,h,1.8,0.762614581,0.029657502000000002,0.1499360998208937
B,h,1.8,0.783270495,0.024840633999999973,0.1499360998208937
B,h,1.8,0.804783918,0.02012796,0.1499360998208937
B,h,1.8,0.826095906,0.01812151700000003,0.1499360998208937
B,h,1.8,0.846303977,0.011760270999999989,0.1499360998208937
B,h,1.8,0.867174819,0.009603161000000027,0.1499360998208937
B,h,1.8,0.888413258,0.010593499999999978,0.1499360998208937
B,h,1.8,0.909910564,0.004395303999999989,0.1499360998208937
B,h,1.8,0.931134698,0.00018932500000001795,0.1499360998208937
B,h,1.8,0.951563161,0.0028850639999999927,0.1499360998208937
B,h,1.8,0.972160451,-0.0015112059999999872,0.1499360998208937
B,h,1.8,0.993008165,-0.010886037000000015,0.1499360998208937
B,h,1.8,1.0140906,-0.004304066999999967,0.1499360998208937
B,h,1.8,1.03500338,-0.009567192000000002,0.1499360998208937
B,h,1.8,1.05657413,-0.003162079999999956,0.1499360998208937
B,h,1.8,1.07789814,-0.009218547999999993,0.1499360998208937
B,h,1.8,1.09835045,-0.011782626000000018,0.1499360998208937
B,h,1.8,1.11903902,-0.016057712000000057,0.1499360998208937
B,h,1.8,1.1396405,-0.011411696999999998,0.1499360998208937
B,h,1.8,1.16109193,-0.013804424000000037,0.1499360998208937
B,h,1.8,1.18227503,-0.014632748000000029,0.1499360998208937
B,h,1.8,1.2030555,-0.011599781000000031,0.1499360998208937
B,h,1.8,1.22375183,-0.00412126200000007,0.1499360998208937
B,h,1.8,1.24453484,-0.012751489999999976,0.1499360998208937
B,h,1.8,1.26570671,-0.017948885999999997,0.1499360998208937
B,h,1.8,1.28693994,-0.013643496000000033,0.1499360998208937
B,h,1.8,1.30807124,-0.008518746999999993,0.1499360998208937
B,h,1.8,1.32889646,-0.018655560999999987,0.1499360998208937
B,h,1.8,1.34945121,-0.02280335,0.1499360998208937
B,h,1.8,1.37055188,-0.0048096250000000396,0.1499360998208937
B,h,1.8,1.39148285,-0.015646983000000003,0.1499360998208937
B,h,1.8,1.41220445,-0.011898606000000034,0.1499360998208937
B,h,1.8,1.43352474,-0.026581666999999976,0.1499360998208937
B,h,1.8,1.45454751,-0.022849443999999997,0.1499360998208937
B,h,1.8,1.47511055,-0.019338242999999977,0.1499360998208937
B,h,1.8,1.49566583,-0.015617238000000033,0.1499360998208937
B,h,1.8,1.51690776,-0.015204766999999952,0.1499360998208937
B,h,1.8,1.53826425,-0.021163437000000007,0.1499360998208937
B,h,1.8,1.55931449,-0.014787223999999988,0.1499360998208937
B,h,1.8,1.58012172,-0.011745167000000056,0.1499360998208937
B,h,1.8,1.60114355,-0.025269003999999984,0.1499360998208937
B,h,1.8,1.62229155,-0.02778983700000004,0.1499360998208937
B,h,1.8,1.64295947,-0.015067627999999944,0.1499360998208937
B,h,1.8,1.66366432,-0.016096856999999964,0.1499360998208937
B,h,1.8,1.68478217,-0.00856025199999999,0.1499360998208937
B,h,1.8,1.7057485,-0.01288769100000009,0.1499360998208937
B,h,1.8,1.72683745,-0.020127914999999996,0.1499360998208937
B,h,1.8,1.74765849,-0.019573618000000015,0.1499360998208937
B,h,1.8,1.76847487,-0.009931409999999974,0.1499360998208937
B,h,1.8,1.78961871,-0.017910244000000075,0.1499360998208937
B,h,1.8,1.81086098,-0.01808675000000004,0.1499360998208937
B,h,1.8,1.83179094,0.0009309880000000215,0.1499360998208937
B,h,1.8,1.8521746,-0.0027991349999999526,0.1499360998208937
B,h,1.8,1.8733654,-0.008321133000000036,0.1499360998208937
B,h,1.8,1.89455538,-0.005308225999999916,0.1499360998208937
B,h,1.8,1.91534795,-0.010604524999999976,0.1499360998208937
B,h,1.8,1.93623233,-0.007080615999999984,0.1499360998208937
B,h,1.8,1.9571481,-0.014868636999999962,0.1499360998208937
B,h,1.8,1.97825109,-0.01218783000000001,0.1499360998208937
B,h,1.8,1.99905898,-0.012786579999999992,0.1499360998208937
B,h,1.8,2.01966715,-0.007153854999999987,0.1499360998208937
B,h,1.8,2.04082415,-0.010465624999999923,0.1499360998208937
B,h,1.8,2.06193171,-0.012967426000000004,0.1499360998208937
B,h,1.8,2.08296048,-0.009613046999999986,0.1499360998208937
B,h,1.8,2.10383017,-0.007750537000000057,0.1499360998208937
B,h,1.8,2.12494312,-0.008284269999999982,0.1499360998208937
B,h,1.8,2.14618475,-0.005487964000000067,0.1499360998208937
B,h,1.8,2.16679298,-0.0029604360000000662,0.1499360998208937
B,h,1.8,2.18753482,-0.0056526399999999866,0.1499360998208937
B,h,1.8,2.20847027,0.0017885509999999716,0.1499360998208937
B,h,1.8,2.22955181,-0.001411680999999998,0.1499360998208937
B,h,1.8,2.25078374,-0.008649038000000053,0.1499360998208937
B,h,1.8,2.27150159,-0.0018299059999999923,0.1499360998208937
B,h,1.8,2.29205574,-0.0014352150000001007,0.1499360998208937
B,h,1.8,2.31294326,-0.005051979999999956,0.1499360998208937
B,h,1.8,2.3340363,0.0018560770000000115,0.1499360998208937
B,h,1.8,2.35514399,0.011564252999999969,0.1499360998208937
B,h,1.8,2.37607726,-0.0032787220000000117,0.1499360998208937
B,h,1.8,2.39730341,0.0017915079999999417,0.1499360998208937
B,h,1.8,2.41857203,-0.0057023780000000635,0.1499360998208937
B,h,1.8,2.43911056,0.006403394000000007,0.1499360998208937
B,h,1.8,2.45988005,-0.00043988999999999834,0.1499360998208937
B,h,1.8,2.48094151,0.004187653999999985,0.1499360998208937
B,h,1.8,2.50196601,0.007041052000000048,0.1499360998208937
B,h,1.8,2.52300496,0.0046418389999999254,0.1499360998208937
B,h,1.8,2.54340089,-0.00806090699999995,0.1499360998208937
B,h,1.8,2.56415297,0.01084232900000004,0.1499360998208937
B,h,1.8,2.58575836,0.001812224000000029,0.1499360998208937
B,h,1.8,2.60684428,0.007622114000000013,0.1499360998208937
B,h,1.8,2.62775949,0.003191455999999926,0.1499360998208937
B,h,1.8,2.64834355,-0.008418409000000016,0.1499360998208937
B,h,1.8,2.66912062,0.0023448179999999708,0.1499360998208937
B,h,1.8,2.69039946,0.003167804000000052,0.1499360998208937
B,h,1.8,2.71121518,0.00016783900000005847,0.1499360998208937
B,h,1.8,2.7321837,0.003321436000000011,0.1499360998208937
B,h,1.8,2.75306239,0.0021516710000000216,0.1499360998208937
B,h,1.8,2.77427049,0.0009444710000000578,0.1499360998208937
B,h,1.8,2.79557932,-0.001971151999999976,0.1499360998208937
B,h,1.8,2.8160646,0.0027880690000000596,0.1499360998208937
B,h,1.8,2.83689478,-0.004695005000000085,0.1499360998208937
B,h,1.8,2.85801727,-0.0012921470000000213,0.1499360998208937
B,h,1.8,2.87906973,0.005248621999999981,0.1499360998208937
B,h,1.8,2.89996898,-0.0021596249999999984,0.1499360998208937
B,h,1.8,2.92062944,-0.0014377609999999263,0.1499360998208937
B,h,1.8,2.941605,0.0007903479999999963,0.1499360998208937
B,h,1.8,2.96267076,-0.004583962999999969,0.1499360998208937
B,h,1.8,2.98347442,-0.005151922000000031,0.1499360998208937
B,h,1.8,3.00437656,-0.0004402159999999933,0.1499360998208937
B,h,1.8,3.02542142,0.0006818729999999995,0.1499360998208937
B,h,1.8,3.04658726,-0.0018304940000000158,0.1499360998208937
B,h,1.8,3.06768101,0.006740150000000056,0.1499360998208937
B,h,1.8,3.088328,-0.0003068310000000629,0.1499360998208937
B,h,1.8,3.10931167,-0.003518550000000009,0.1499360998208937
B,h,1.8,3.1305457,-0.00895066500000008,0.1499360998208937
B,h,1.8,3.15150209,-0.006272322000000052,0.1499360998208937
B,h,1.8,3.17219014,0.0064271810000000595,0.1499360998208937
B,h,1.8,3.19299024,0.001297566999999944,0.1499360998208937
B,h,1.8,3.21390436,-0.0064748009999999745,0.1499360998208937
B,h,1.8,3.23506564,-0.000558758000000048,0.1499360998208937
B,h,1.8,3.25605387,0.0005875149999999829,0.1499360998208937
B,h,1.8,3.27685776,0.0029666760000000014,0.1499360998208937
B,h,1.8,3.29794723,-0.0008865860000000225,0.1499360998208937
B,h,1.8,3.31884778,-0.0025841099999999173,0.1499360998208937
B,h,1.8,3.33944269,-0.002935804000000042,0.1499360998208937
B,h,1.8,3.36030612,-0.004887605999999933,0.1499360998208937
B,h,1.8,3.38171654,-0.004466862999999988,0.1499360998208937
B,h,1.8,3.40297495,-0.0017312980000000477,0.1499360998208937
B,h,1.8,3.42370792,-0.009058275000000005,0.1499360998208937
B,h,1.8,3.44440875,-0.00305144199999996,0.1499360998208937
B,h,1.8,3.465315,-0.006930871000000005,0.1499360998208937
B,h,1.8,3.4865867,-0.0012388650000000334,0.1499360998208937
B,h,1.8,3.50751221,-0.0013987749999999632,0.1499360998208937
B,h,1.8,3.52796741,-0.00864443699999995,0.1499360998208937
B,h,1.8,3.5488788,-0.0004263210000000628,0.1499360998208937
B,h,1.8,3.57014151,-0.00035512399999992894,0.1499360998208937
B,h,1.8,3.59120365,0.00027729600000003796,0.1499360998208937
B,h,1.8,3.61190928,0.00015711000000007136,0.1499360998208937
B,h,1.8,3.63300558,0.00013423500000009359,0.1499360998208937
B,h,1.8,3.6541422,-0.002719594000000103,0.1499360998208937
B,h,1.8,3.67500902,0.0007015060000000739,0.1499360998208937
B,h,1.8,3.69581564,-0.007952706999999948,0.1499360998208937
B,h,1.8,3.71644729,-0.0048375999999999975,0.1499360998208937
B,h,1.8,3.73749774,0.0018664219999999787,0.1499360998208937
B,h,1.8,3.75868086,-0.00719767299999996,0.1499360998208937
B,h,1.8,3.77950549,-0.0037444380000000166,0.1499360998208937
B,h,1.8,3.80027286,0.0024350989999999406,0.1499360998208937
B,h,1.8,3.82143123,-0.004901442000000089,0.1499360998208937
B,h,1.8,3.84280481,0.0007496379999999414,0.1499360998208937
B,h,1.8,3.86349282,0.005728198000000018,0.1499360998208937
B,h,1.8,3.88417456,0.0025623129999999827,0.1499360998208937
B,h,1.8,3.90535419,-0.0021850399999999714,0.1499360998208937
B,h,1.8,3.9264697,0.0013633129999999216,0.1499360998208937
B,h,1.8,3.94738681,0.004221665000000097,0.1499360998208937
B,h,1.8,3.96810309,0.007019524000000055,0.1499360998208937
B,h,1.8,3.98888694,-0.004057327999999916,0.1499360998208937
B,h,1.8,4.00993371,-0.0017232600000000042,0.1499360998208937
B,h,1.8,4.03080983,-0.00029687100000008737,0.1499360998208937
B,h,1.8,4.05178039,-0.00047173400000000143,0.1499360998208937
B,h,1.8,4.07276799,0.003820540999999955,0.1499360998208937
B,h,1.8,4.09368684,-0.004515119000000012,0.1499360998208937
B,h,1.8,4.11485609,-0.00029944400000003757,0.1499360998208937
B,h,1.8,4.13583188,0.006489169000000072,0.1499360998208937
B,h,1.8,4.15670688,-0.004669637000000004,0.1499360998208937
B,h,1.8,4.17758774,0.003807024999999964,0.1499360998208937
B,h,1.8,4.19867141,0.0031746329999999823,0.1499360998208937
B,h,1.8,4.21961517,0.0008947430000000312,0.1499360998208937
B,h,1.8,4.24013393,0.002819764000000058,0.1499360998208937
B,h,1.8,4.26119077,-0.0011160880000000706,0.1499360998208937
B,h,1.8,4.28239268,-0.0027597369999999843,0.1499360998208937
B,h,1.8,4.30342826,-0.002074986000000001,0.1499360998208937
B,h,1.8,4.32431592,0.0012382420000000005,0.1499360998208937
B,h,1.8,4.34508479,-0.0024842910000000273,0.1499360998208937
B,h,1.8,4.36604259,-0.0040014989999999084,0.1499360998208937
B,h,1.8,4.38708086,-0.0006514790000000659,0.1499360998208937
B,h,1.8,4.40778797,-0.0011326000000000391,0.1499360998208937
B,h,1.8,4.4288526,-0.0025231169999999636,0.1499360998208937
B,h,1.8,4.44994967,-0.00271015699999988,0.1499360998208937
B,h,1.8,4.47085438,-0.0012257200000000967,0.1499360998208937
B,h,1.8,4.49188801,-0.0032015070000001034,0.1499360998208937
B,h,1.8,4.51250216,0.00012423999999988666,0.1499360998208937
B,h,1.8,4.5334461,-0.00409174000000001,0.1499360998208937
B,h,1.8,4.55463591,0.0030967099999998915,0.1499360998208937
B,h,1.8,4.57547609,-0.00253571000000008,0.1499360998208937
B,h,1.8,4.59643311,-0.0009762200000000831,0.1499360998208937
B,h,1.8,4.61732903,0.002333520000000089,0.1499360998208937
B,h,1.8,4.63833098,-0.0019932100000001896,0.1499360998208937
B,h,1.8,4.65949324,-0.0027167500000000455,0.1499360998208937
B,h,1.8,4.68039693,0.0025935500000000555,0.1499360998208937
B,h,1.8,4.70136745,-0.00633271000000013,0.1499360998208937
B,h,1.8,4.72221533,-0.005441060000000109,0.1499360998208937
B,h,1.8,4.74309374,-0.004592090000000049,0.1499360998208937
B,h,1.8,4.76390784,-0.003354999999999997,0.1499360998208937
B,h,1.8,4.78491795,-0.0017165900000000178,0.1499360998208937
B,h,1.8,4.80636204,0.0063318800000000675,0.1499360998208937
B,h,1.8,4.82728449,-0.0011183799999998634,0.1499360998208937
B,h,1.8,4.84785524,-0.00328697,0.1499360998208937
B,h,1.8,4.86859731,0.000420590000000054,0.1499360998208937
B,h,1.8,4.88954319,0.001263369999999986,0.1499360998208937
B,h,1.8,4.91078695,-6.423999999993768e-05,0.1499360998208937
B,h,1.8,4.93172016,-0.0016879100000000147,0.1499360998208937
B,h,1.8,4.95244063,0.0035239000000000242,0.1499360998208937
B,h,1.8,4.97348932,-0.00521171999999992,0.1499360998208937
B,h,1.8,4.994309,-0.0001085300000001066,0.1499360998208937
B,h,1.8,5.01515697,0.004621589999999953,0.1499360998208937
B,h,1.8,5.03598003,-0.0017405399999999016,0.1499360998208937
B,h,1.8,5.05703237,-0.0002309999999998702,0.1499360998208937
B,h,1.8,5.07840332,-0.0027807899999998664,0.1499360998208937
B,h,1.8,5.09943841,-0.001611840000000031,0.1499360998208937
B,h,1.8,5.12032938,-0.002668429999999944,0.1499360998208937
B,h,1.8,5.14107614,0.005293720000000057,0.1499360998208937
B,h,1.8,5.16214077,0.0007115699999999947,0.1499360998208937
B,h,1.8,5.18341099,0.0022498500000001087,0.1499360998208937
B,h,1.8,5.2041075,0.0013787999999999023,0.1499360998208937
B,h,1.8,5.22477891,0.005316019999999977,0.1499360998208937
B,h,1.8,5.24557967,0.005715469999999945,0.1499360998208937
B,h,1.8,5.26649236,0.006291530000000156,0.1499360998208937
B,h,1.8,5.28753131,-0.0014107599999999554,0.1499360998208937
B,h,1.8,5.30847064,0.004147309999999793,0.1499360998208937
B,h,1.8,5.32946745,0.004596559999999972,0.1499360998208937
B,h,1.8,5.3506922,0.002893359999999845,0.1499360998208937
B,h,1.8,5.37158853,0.0026205400000001156,0.1499360998208937
B,h,1.8,5.39231925,0.006373289999999976,0.1499360998208937
B,h,1.8,5.41333352,-0.0020583499999999866,0.1499360998208937
B,h,1.8,5.43434316,0.00014282000000021,0.1499360998208937
B,h,1.8,5.45530659,-0.00021735000000000504,0.1499360998208937
B,h,1.8,5.47618498,-0.003835510000000042,0.1499360998208937
B,h,1.8,5.49715755,0.00011681999999990644,0.1499360998208937
B,h,1.8,5.51801586,0.003456780000000048,0.1499360998208937
B,h,1.8,5.53881995,0.005849879999999974,0.1499360998208937
B,h,1.8,5.55992514,-0.0006737800000000682,0.1499360998208937
B,h,1.8,5.58098545,-0.0006663000000000086,0.1499360998208937
B,h,1.8,5.60183772,0.004629729999999999,0.1499360998208937
B,h,1.8,5.62277584,0.002427040000000158,0.1499360998208937
B,h,1.8,5.64379172,0.0029323600000001893,0.1499360998208937
B,h,1.8,5.66460817,0.0022138099999999827,0.1499360998208937
B,h,1.8,5.68556022,-0.001962070000000038,0.1499360998208937
B,h,1.8,5.7067909,-0.0021178500000000877,0.1499360998208937
B,h,1.8,5.72769317,-0.0014787900000001741,0.1499360998208937
B,h,1.8,5.74840017,-0.00196619000000009,0.1499360998208937
B,h,1.8,5.76938192,0.0004695399999998795,0.1499360998208937
B,h,1.8,5.79039764,-0.001818069999999894,0.1499360998208937
B,h,1.8,5.81144039,0.002593280000000142,0.1499360998208937
B,h,1.8,5.83232115,-0.005087940000000124,0.1499360998208937
B,h,1.8,5.85320209,0.0038647999999998905,0.1499360998208937
B,h,1.8,5.87418919,0.0033376800000000095,0.1499360998208937
B,h,1.8,5.89509625,0.003912169999999993,0.1499360998208937
B,h,1.8,5.9159726,-0.0012685800000000746,0.1499360998208937
B,h,1.8,5.93682663,0.0017716899999999924,0.1499360998208937
B,h,1.8,5.95791772,0.0036514299999999,0.1499360998208937
B,h,1.8,5.97900675,0.0014561100000001215,0.1499360998208937
B,h,1.8,5.99978945,-0.0020584600000002062,0.1499360998208937
B,h,1.8,6.02063577,0.0029828999999998995,0.1499360998208937
B,h,1.8,6.04156421,-0.0032407000000000963,0.1499360998208937
B,h,1.8,6.06259364,-0.0017529099999999964,0.1499360998208937
B,h,1.8,6.08377541,0.0020597799999999555,0.1499360998208937
B,h,1.8,6.10447051,0.004715709999999929,0.1499360998208937
B,h,1.8,6.12538157,-0.00276578999999999,0.1499360998208937
B,h,1.8,6.14660689,-0.0033936900000000048,0.1499360998208937
B,h,1.8,6.16752321,0.00046405000000016017,0.1499360998208937
B,h,1.8,6.18833806,-0.0007561199999999157,0.1499360998208937
B,h,1.8,6.20938667,0.004834760000000049,0.1499360998208937
B,h,1.8,6.23052184,-0.0029069499999998527,0.1499360998208937
B,h,1.8,6.25137137,-0.0030291299999998245,0.1499360998208937
B,h,1.8,6.27204484,0.004394420000000121,0.1499360998208937
B,h,1.8,6.29290789,-0.0018461800000000306,0.1499360998208937
B,h,1.8,6.31382104,0.004731760000000085,0.1499360998208937
B,h,1.8,6.33495691,0.0008405799999999797,0.1499360998208937
B,h,1.8,6.35600914,-0.005709909999999985,0.1499360998208937
B,h,1.8,6.37663869,0.001751500000000128,0.1499360998208937
B,h,1.8,6.39770954,0.0031666800000000883,0.1499360998208937
B,h,1.8,6.41872759,0.0023715300000000106,0.1499360998208937
B,h,1.8,6.43951457,0.0007687000000000666,0.1499360998208937
B,h,1.8,6.46033562,0.006096709999999783,0.1499360998208937
B,h,1.8,6.4814564,-0.003746030000000067,0.1499360998208937
B,h,1.8,6.50265681,0.003553909999999938,0.1499360998208937
B,h,1.8,6.52350383,0.0002472600000000824,0.1499360998208937
B,h,1.8,6.54427866,-0.0007961999999999136,0.1499360998208937
B,h,1.8,6.56515568,0.00020485000000003417,0.1499360998208937
B,h,1.8,6.58628576,0.0009565400000000057,0.1499360998208937
B,h,1.8,6.60749316,0.0020365700000000153,0.1499360998208937
B,h,1.8,6.62830625,0.004249930000000068,0.1499360998208937
B,h,1.8,6.64913567,0.0005931799999998599,0.1499360998208937
B,h,1.8,6.67020149,-0.004137540000000106,0.1499360998208937
B,h,1.8,6.69106898,0.00430937000000009,0.1499360998208937
B,h,1.8,6.71185955,0.0007378900000001298,0.1499360998208937
B,h,1.8,6.73264651,0.0019377199999999206,0.1499360998208937
B,h,1.8,6.7537045,-0.0032182599999999173,0.1499360998208937
B,h,1.8,6.77487174,-0.0013018499999999378,0.1499360998208937
B,h,1.8,6.79557562,-0.0004493700000001155,0.1499360998208937
B,h,1.8,6.81648781,0.0038803800000000166,0.1499360998208937
B,h,1.8,6.83753747,0.002106880000000144,0.1499360998208937
B,h,1.8,6.85867557,-0.0043338099999998825,0.1499360998208937
B,h,1.8,6.87985316,-0.0016176700000001265,0.1499360998208937
B,h,1.8,6.90065786,-0.0013784299999999305,0.1499360998208937
B,h,1.8,6.92153112,0.0033440799999999715,0.1499360998208937
B,h,1.8,6.94229803,-0.002613490000000107,0.1499360998208937
B,h,1.8,6.9630016,0.0026616700000001714,0.1499360998208937
B,h,1.8,6.98416877,0.001814619999999989,0.1499360998208937
B,h,1.8,7.0052781,0.0034694299999999956,0.1499360998208937
B,h,1.8,7.02617612,-0.0008193499999999965,0.1499360998208937
B,h,1.8,7.04699526,-0.0015181800000001466,0.1499360998208937
B,h,1.8,7.06761685,-0.007420303999999933,0.1499360998208937
B,h,1.8,7.08873369,-0.0015086900000000902,0.1499360998208937
B,h,1.8,7.10994937,-0.004360790000000003,0.1499360998208937
B,h,1.8,7.13102893,0.0023702299999999177,0.1499360998208937
B,h,1.8,7.15201412,-0.00031474000000009106,0.1499360998208937
B,h,1.8,7.17271336,0.0010713240000000956,0.1499360998208937
B,h,1.8,7.19374266,-0.0025870450000000655,0.1499360998208937
B,h,1.8,7.21473042,-0.002069038000000023,0.1499360998208937
B,h,1.8,7.23564263,0.000720264000000026,0.1499360998208937
B,h,1.8,7.25666289,-0.0019594000000000555,0.1499360998208937
B,h,1.8,7.27757645,0.0009887900000000727,0.1499360998208937
B,h,1.8,7.2984411,0.0033363189999999765,0.1499360998208937
B,h,1.8,7.31917384,-0.0009497700000000719,0.1499360998208937
B,h,1.8,7.34001688,-0.00326474099999996,0.1499360998208937
B,h,1.8,7.3611683,-0.000755200000000178,0.1499360998208937
B,h,1.8,7.38224284,0.003235407999999995,0.1499360998208937
B,h,1.8,7.40324015,0.002807235000000019,0.1499360998208937
B,h,1.8,7.42408854,0.003888643000000025,0.1499360998208937
B,h,1.8,7.44500634,-0.0026109469999999746,0.1499360998208937
B,h,1.8,7.46595959,0.003388114999999914,0.1499360998208937
B,h,1.8,7.48696308,-0.0002144259999999898,0.1499360998208937
B,h,1.8,7.5079936,0.004015898000000018,0.1499360998208937
B,h,1.8,7.52871967,0.0006609829999999484,0.1499360998208937
B,h,1.8,7.54966921,-0.0002244139999999506,0.1499360998208937
B,h,1.8,7.57064902,8.299999999517027e-07,0.1499360998208937
B,h,1.8,7.59151428,-0.00439518800000005,0.1499360998208937
B,h,1.8,7.6123809,-0.005063130000000027,0.1499360998208937
B,h,1.8,7.63338324,0.002945674999999981,0.1499360998208937
B,h,1.8,7.65450532,-0.00011817199999997197,0.1499360998208937
B,h,1.8,7.67556944,-0.001364604000000047,0.1499360998208937
B,h,1.8,7.69637751,-0.001783097999999983,0.1499360998208937
B,h,1.8,7.71727216,-0.0029477290000000655,0.1499360998208937
B,h,1.8,7.73835725,-0.00028400299999997713,0.1499360998208937
B,h,1.8,7.75934923,0.005738538000000015,0.1499360998208937
B,h,1.8,7.78023116,0.003793398999999975,0.1499360998208937
B,h,1.8,7.80098697,-0.0004420439999999193,0.1499360998208937
B,h,1.8,7.82190677,-0.0020034479999999633,0.1499360998208937
B,h,1.8,7.84304931,-0.0016527689999999984,0.1499360998208937
B,h,1.8,7.86405132,0.004246656000000071,0.1499360998208937
B,h,1.8,7.88484553,0.0010151909999999154,0.1499360998208937
B,h,1.8,7.90574885,-0.0038983970000000534,0.1499360998208937
B,h,1.8,7.9267531,0.004407899000000048,0.1499360998208937
B,h,1.8,7.94765228,-0.0006714110000000106,0.1499360998208937
B,h,1.8,7.96842304,0.0011966749999999804,0.1499360998208937
B,h,1.8,7.98938616,0.0023386689999999044,0.1499360998208937
B,h,1.8,8.01050815,0.004066997999999988,0.1499360998208937
B,h,1.8,8.03153334,-0.0025123699999999305,0.1499360998208937
B,h,1.8,8.05240251,-0.0022557520000000553,0.1499360998208937
B,h,1.8,8.07332696,-0.0027184439999999865,0.1499360998208937
B,h,1.8,8.09438514,-0.0004294379999999487,0.1499360998208937
B,h,1.8,8.11529588,-0.002171440999999996,0.1499360998208937
B,h,1.8,8.13618411,-0.0016891860000000092,0.1499360998208937
B,h,1.8,8.15717855,-0.0002992779999999584,0.1499360998208937
B,h,1.8,8.17807847,-0.0028232009999999974,0.1499360998208937
B,h,1.8,8.19905269,-0.0020187600000000083,0.1499360998208937
B,h,1.8,8.21991085,0.0020881890000000736,0.1499360998208937
B,h,1.8,8.24078529,-0.00370355,0.1499360998208937
B,h,1.8,8.26195652,0.00025795299999997745,0.1499360998208937
B,h,1.8,8.28293039,-0.0014089400000000252,0.1499360998208937
B,h,1.8,8.30373423,-0.003168182999999991,0.1499360998208937
B,h,1.8,8.32452583,0.006621435000000009,0.1499360998208937
B,h,1.8,8.34556221,-0.002511049999999959,0.1499360998208937
B,h,1.8,8.36671927,-0.0002909819999999952,0.1499360998208937
B,h,1.8,8.38757523,0.0010865909999999701,0.1499360998208937
B,h,1.8,8.40855808,-6.006000000002842e-06,0.1499360998208937
B,h,1.8,8.42953585,0.0014027639999999453,0.1499360998208937
B,h,1.8,8.45042977,-0.0013819550000000458,0.1499360998208937
B,h,1.8,8.47138662,0.001687981000000005,0.1499360998208937
B,h,1.8,8.49217243,0.003820675000000051,0.1499360998208937
B,h,1.8,8.51321806,-0.0041443439999999665,0.1499360998208937
B,h,1.8,8.53421183,-0.006693873000000017,0.1499360998208937
B,h,1.8,8.55508292,-0.0009320659999999537,0.1499360998208937
B,h,1.8,8.57598662,-0.00010506200000004462,0.1499360998208937
B,h,1.8,8.59679232,0.0034567060000000316,0.1499360998208937
B,h,1.8,8.61783107,0.0012594540000000487,0.1499360998208937
B,h,1.8,8.63891768,-0.0007752039999999738,0.1499360998208937
B,h,1.8,8.65972861,-0.0011774140000000433,0.1499360998208937
B,h,1.8,8.68059853,-0.0008355620000000119,0.1499360998208937
B,h,1.8,8.70174168,-0.0013019890000000034,0.1499360998208937
B,h,1.8,8.72279566,0.0013633429999999613,0.1499360998208937
B,h,1.8,8.74359241,0.0011291920000000566,0.1499360998208937
B,h,1.8,8.76424415,-0.0005988940000000165,0.1499360998208937
B,h,1.8,8.78526729,-0.0024750830000001,0.1499360998208937
B,h,1.8,8.80637189,-0.0027636859999999874,0.1499360998208937
B,h,1.8,8.82736896,-0.002005652999999996,0.1499360998208937
B,h,1.8,8.84843212,-0.002796928999999948,0.1499360998208937
B,h,1.8,8.86933197,-0.0014946399999999915,0.1499360998208937
B,h,1.8,8.89026857,-0.0009151429999999516,0.1499360998208937
B,h,1.8,8.91123702,-0.000536462999999987,0.1499360998208937
B,h,1.8,8.93214776,-0.0031901209999999347,0.1499360998208937
B,h,1.8,8.95312097,-0.0004688449999999955,0.1499360998208937
B,h,1.8,8.9741304,-0.0021660180000000473,0.1499360998208937
B,h,1.8,8.99505705,-0.0015619369999999577,0.1499360998208937
B,h,1.8,9.01571368,-0.00023665400000005832,0.1499360998208937
B,h,1.8,9.03640927,0.002436368999999994,0.1499360998208937
B,h,1.8,9.05755121,-0.0002096380000000675,0.1499360998208937
B,h,1.8,9.07868023,-0.0015226729999999744,0.1499360998208937
B,h,1.8,9.09969513,0.0015696560000000304,0.1499360998208937
B,h,1.8,9.1205658,-0.00016038299999998618,0.1499360998208937
B,h,1.8,9.14137844,-0.0010228479999999651,0.1499360998208937
B,h,1.8,9.16237082,-0.0003704780000000074,0.1499360998208937
B,h,1.8,9.18339441,-0.0005520879999999506,0.1499360998208937
B,h,1.8,9.20447395,0.003834504000000072,0.1499360998208937
B,h,1.8,9.22549281,0.002787058000000009,0.1499360998208937
B,h,1.8,9.2463962,0.0016525250000000158,0.1499360998208937
B,h,1.8,9.26722673,-0.0006211080000000369,0.1499360998208937
B,h,1.8,9.28791689,0.0003170799999999696,0.1499360998208937
B,h,1.8,9.30892724,0.0014707080000000428,0.1499360998208937
B,h,1.8,9.33003065,-0.0010755890000000434,0.1499360998208937
B,h,1.8,9.35102864,-0.0017188780000000348,0.1499360998208937
B,h,1.8,9.37196601,-0.0015197489999999592,0.1499360998208937
B,h,1.8,9.39258783,0.002296910999999957,0.1499360998208937
B,h,1.8,9.41349621,-0.002645095999999958,0.1499360998208937
B,h,1.8,9.4347927,-0.0016966919999999996,0.1499360998208937
B,h,1.8,9.45587737,-0.0018404459999999956,0.1499360998208937
B,h,1.8,9.47676866,-0.0011808189999999996,0.1499360998208937
B,h,1.8,9.49762777,-0.004267332000000068,0.1499360998208937
B,h,1.8,9.51852362,-0.0025570719999999936,0.1499360998208937
B,h,1.8,9.53939795,-3.2994999999980124e-05,0.1499360998208937
B,h,1.8,9.56035551,-2.1804000000069657e-05,0.1499360998208937
B,h,1.8,9.58149741,-2.3507999999949902e-05,0.1499360998208937
B,h,1.8,9.60249587,0.0015956209999999915,0.1499360998208937
B,h,1.8,9.62336478,-0.0035539920000000613,0.1499360998208937
B,h,1.8,9.64415055,-0.0011616770000000276,0.1499360998208937
B,h,1.8,9.66502224,0.0005751630000000452,0.1499360998208937
B,h,1.8,9.68597433,-0.001567648000000088,0.1499360998208937
B,h,1.8,9.7069728,0.0010192739999999034,0.1499360998208937
B,h,1.8,9.72797765,-0.001010681999999985,0.1499360998208937
B,h,1.8,9.74896401,-0.0014387959999999644,0.1499360998208937
B,h,1.8,9.76996217,0.001441233999999958,0.1499360998208937
B,h,1.8,9.79085678,-0.0017088920000000174,0.1499360998208937
B,h,1.8,9.81166698,-0.0001716769999999812,0.1499360998208937
B,h,1.8,9.83262494,-0.001293425999999931,0.1499360998208937
B,h,1.8,9.85372265,-0.0019780019999999787,0.1499360998208937
B,h,1.8,9.87472665,-0.0034034749999999336,0.1499360998208937
B,h,1.8,9.89559934,0.000764947999999932,0.1499360998208937
B,h,1.8,9.91635289,0.0006570230000000343,0.1499360998208937
B,h,1.8,9.93737645,-0.0021681749999999944,0.1499360998208937
B,h,1.8,9.95856995,-0.000738051999999989,0.1499360998208937
B,h,1.8,9.97940815,0.002163181000000014,0.1499360998208937
B,h,1.8,10.000082,0.0005730770000000884,0.1499360998208937
B,h,2.0,0.0252815853,0.20293977710900002,0.18510629607517742
B,h,2.0,0.0486976344,0.18012283215000002,0.18510629607517742
B,h,2.0,0.0692644017,0.18199209118,0.18510629607517742
B,h,2.0,0.08877835,0.17586489322,0.18510629607517742
B,h,2.0,0.111604297,0.17764541674,0.18510629607517742
B,h,2.0,0.132731806,0.1727634076,0.18510629607517742
B,h,2.0,0.153672181,0.1657593273,0.18510629607517742
B,h,2.0,0.175641863,0.1709056437,0.18510629607517742
B,h,2.0,0.196615509,0.1637847161,0.18510629607517742
B,h,2.0,0.217326708,0.16363763059999997,0.18510629607517742
B,h,2.0,0.237538457,0.1595869369,0.18510629607517742
B,h,2.0,0.258148683,0.1581648451,0.18510629607517742
B,h,2.0,0.28040349,0.1479808185,0.18510629607517742
B,h,2.0,0.301929084,0.14378571689999997,0.18510629607517742
B,h,2.0,0.322287413,0.1403887937,0.18510629607517742
B,h,2.0,0.342663331,0.1381535009,0.18510629607517742
B,h,2.0,0.363641289,0.1282366064,0.18510629607517742
B,h,2.0,0.385602948,0.12384669100000001,0.18510629607517742
B,h,2.0,0.406737165,0.121976111,0.18510629607517742
B,h,2.0,0.427001871,0.11429266699999999,0.18510629607517742
B,h,2.0,0.448754416,0.102489304,0.18510629607517742
B,h,2.0,0.469601745,0.104581745,0.18510629607517742
B,h,2.0,0.489805379,0.09781432500000001,0.18510629607517742
B,h,2.0,0.510302494,0.09158952000000004,0.18510629607517742
B,h,2.0,0.53178319,0.08881589400000003,0.18510629607517742
B,h,2.0,0.553922362,0.078130794,0.18510629607517742
B,h,2.0,0.574670041,0.075713012,0.18510629607517742
B,h,2.0,0.594645701,0.06659191499999997,0.18510629607517742
B,h,2.0,0.615540037,0.06918639300000001,0.18510629607517742
B,h,2.0,0.636554081,0.05681899400000001,0.18510629607517742
B,h,2.0,0.658102417,0.05169552999999999,0.18510629607517742
B,h,2.0,0.679189641,0.050082984,0.18510629607517742
B,h,2.0,0.700054044,0.04801720599999998,0.18510629607517742
B,h,2.0,0.721329826,0.03654489300000002,0.18510629607517742
B,h,2.0,0.742033923,0.03721177799999997,0.18510629607517742
B,h,2.0,0.762614581,0.034940691000000024,0.18510629607517742
B,h,2.0,0.783270495,0.02739507699999999,0.18510629607517742
B,h,2.0,0.804783918,0.019008837,0.18510629607517742
B,h,2.0,0.826095906,0.021293523000000036,0.18510629607517742
B,h,2.0,0.846303977,0.018674658999999982,0.18510629607517742
B,h,2.0,0.867174819,0.017079814000000026,0.18510629607517742
B,h,2.0,0.888413258,0.01103510299999999,0.18510629607517742
B,h,2.0,0.909910564,0.007517943999999999,0.18510629607517742
B,h,2.0,0.931134698,0.0008683800000000019,0.18510629607517742
B,h,2.0,0.951563161,0.0031932060000000595,0.18510629607517742
B,h,2.0,0.972160451,0.001452977000000022,0.18510629607517742
B,h,2.0,0.993008165,-0.006561778000000018,0.18510629607517742
B,h,2.0,1.0140906,-0.005438995000000002,0.18510629607517742
B,h,2.0,1.03500338,-0.009198182999999971,0.18510629607517742
B,h,2.0,1.05657413,-0.004517793999999964,0.18510629607517742
B,h,2.0,1.07789814,-0.013155523999999974,0.18510629607517742
B,h,2.0,1.09835045,-0.011217967999999967,0.18510629607517742
B,h,2.0,1.11903902,-0.018319057000000027,0.18510629607517742
B,h,2.0,1.1396405,-0.010586482000000008,0.18510629607517742
B,h,2.0,1.16109193,-0.011806121000000003,0.18510629607517742
B,h,2.0,1.18227503,-0.021114278999999958,0.18510629607517742
B,h,2.0,1.2030555,-0.016569877999999982,0.18510629607517742
B,h,2.0,1.22375183,-0.012548580000000031,0.18510629607517742
B,h,2.0,1.24453484,-0.015985735999999973,0.18510629607517742
B,h,2.0,1.26570671,-0.01623363599999994,0.18510629607517742
B,h,2.0,1.28693994,-0.013654719000000037,0.18510629607517742
B,h,2.0,1.30807124,-0.012044449000000013,0.18510629607517742
B,h,2.0,1.32889646,-0.019039290000000042,0.18510629607517742
B,h,2.0,1.34945121,-0.024417558999999978,0.18510629607517742
B,h,2.0,1.37055188,-0.016747071000000058,0.18510629607517742
B,h,2.0,1.39148285,-0.02025529699999995,0.18510629607517742
B,h,2.0,1.41220445,-0.02016944900000006,0.18510629607517742
B,h,2.0,1.43352474,-0.027233941999999955,0.18510629607517742
B,h,2.0,1.45454751,-0.02682701799999998,0.18510629607517742
B,h,2.0,1.47511055,-0.023882654999999975,0.18510629607517742
B,h,2.0,1.49566583,-0.01466627900000006,0.18510629607517742
B,h,2.0,1.51690776,-0.017517393999999964,0.18510629607517742
B,h,2.0,1.53826425,-0.03125152099999995,0.18510629607517742
B,h,2.0,1.55931449,-0.01551397600000004,0.18510629607517742
B,h,2.0,1.58012172,-0.024085087999999977,0.18510629607517742
B,h,2.0,1.60114355,-0.03251124899999991,0.18510629607517742
B,h,2.0,1.62229155,-0.025086405000000034,0.18510629607517742
B,h,2.0,1.64295947,-0.01922341899999991,0.18510629607517742
B,h,2.0,1.66366432,-0.026645001999999973,0.18510629607517742
B,h,2.0,1.68478217,-0.013145139000000028,0.18510629607517742
B,h,2.0,1.7057485,-0.017742718000000046,0.18510629607517742
B,h,2.0,1.72683745,-0.026492599000000006,0.18510629607517742
B,h,2.0,1.74765849,-0.018551312000000042,0.18510629607517742
B,h,2.0,1.76847487,-0.022276092999999997,0.18510629607517742
B,h,2.0,1.78961871,-0.018623448000000042,0.18510629607517742
B,h,2.0,1.81086098,-0.00958421900000006,0.18510629607517742
B,h,2.0,1.83179094,-0.013724138000000052,0.18510629607517742
B,h,2.0,1.8521746,-0.016470835000000017,0.18510629607517742
B,h,2.0,1.8733654,-0.022157804000000003,0.18510629607517742
B,h,2.0,1.89455538,-0.006683559999999922,0.18510629607517742
B,h,2.0,1.91534795,-0.0071113689999999785,0.18510629607517742
B,h,2.0,1.93623233,-0.012051539999999972,0.18510629607517742
B,h,2.0,1.9571481,-0.006818219000000014,0.18510629607517742
B,h,2.0,1.97825109,-0.011625349000000007,0.18510629607517742
B,h,2.0,1.99905898,-0.009831382,0.18510629607517742
B,h,2.0,2.01966715,-0.0009314510000000276,0.18510629607517742
B,h,2.0,2.04082415,-0.009057957000000005,0.18510629607517742
B,h,2.0,2.06193171,-0.01270569900000007,0.18510629607517742
B,h,2.0,2.08296048,-0.012167838999999958,0.18510629607517742
B,h,2.0,2.10383017,-0.006938053000000055,0.18510629607517742
B,h,2.0,2.12494312,-0.004174117000000033,0.18510629607517742
B,h,2.0,2.14618475,-0.003976988000000015,0.18510629607517742
B,h,2.0,2.16679298,-0.002537805999999976,0.18510629607517742
B,h,2.0,2.18753482,0.002844414999999989,0.18510629607517742
B,h,2.0,2.20847027,-0.0013923710000000034,0.18510629607517742
B,h,2.0,2.22955181,0.0003012900000000096,0.18510629607517742
B,h,2.0,2.25078374,-0.00019948400000002753,0.18510629607517742
B,h,2.0,2.27150159,-0.0037696689999999755,0.18510629607517742
B,h,2.0,2.29205574,-0.004307521000000092,0.18510629607517742
B,h,2.0,2.31294326,-0.00301130000000005,0.18510629607517742
B,h,2.0,2.3340363,-0.0017827159999999065,0.18510629607517742
B,h,2.0,2.35514399,-0.00036616300000003044,0.18510629607517742
B,h,2.0,2.37607726,-0.00509115800000004,0.18510629607517742
B,h,2.0,2.39730341,0.0027825959999999705,0.18510629607517742
B,h,2.0,2.41857203,-0.0011795920000000626,0.18510629607517742
B,h,2.0,2.43911056,0.009130657000000042,0.18510629607517742
B,h,2.0,2.45988005,-0.0016629959999999722,0.18510629607517742
B,h,2.0,2.48094151,0.005590764000000026,0.18510629607517742
B,h,2.0,2.50196601,0.006050200999999977,0.18510629607517742
B,h,2.0,2.52300496,0.0020170389999999427,0.18510629607517742
B,h,2.0,2.54340089,-0.004324213999999937,0.18510629607517742
B,h,2.0,2.56415297,0.008210737000000079,0.18510629607517742
B,h,2.0,2.58575836,-0.00027493000000000656,0.18510629607517742
B,h,2.0,2.60684428,0.0015602439999999884,0.18510629607517742
B,h,2.0,2.62775949,0.0037618680000000015,0.18510629607517742
B,h,2.0,2.64834355,-0.002997602000000099,0.18510629607517742
B,h,2.0,2.66912062,0.0037697410000000486,0.18510629607517742
B,h,2.0,2.69039946,-0.0015502339999999837,0.18510629607517742
B,h,2.0,2.71121518,-0.0034637949999999362,0.18510629607517742
B,h,2.0,2.7321837,0.0025864180000000347,0.18510629607517742
B,h,2.0,2.75306239,-0.0020288869999999237,0.18510629607517742
B,h,2.0,2.77427049,0.0032828959999999796,0.18510629607517742
B,h,2.0,2.79557932,0.0016274459999999769,0.18510629607517742
B,h,2.0,2.8160646,0.004252334999999996,0.18510629607517742
B,h,2.0,2.83689478,0.0023043239999999132,0.18510629607517742
B,h,2.0,2.85801727,-0.004212186999999923,0.18510629607517742
B,h,2.0,2.87906973,0.007205311999999964,0.18510629607517742
B,h,2.0,2.89996898,-0.0006938070000001018,0.18510629607517742
B,h,2.0,2.92062944,-0.002786314999999928,0.18510629607517742
B,h,2.0,2.941605,-0.002942544000000047,0.18510629607517742
B,h,2.0,2.96267076,-0.005413844000000001,0.18510629607517742
B,h,2.0,2.98347442,-0.0007500910000000083,0.18510629607517742
B,h,2.0,3.00437656,-0.0012610379999999921,0.18510629607517742
B,h,2.0,3.02542142,-0.00018138999999994798,0.18510629607517742
B,h,2.0,3.04658726,-0.00591534699999996,0.18510629607517742
B,h,2.0,3.06768101,-0.0012201219999999902,0.18510629607517742
B,h,2.0,3.088328,-0.002947536000000084,0.18510629607517742
B,h,2.0,3.10931167,-0.002693899000000055,0.18510629607517742
B,h,2.0,3.1305457,-0.009960135000000037,0.18510629607517742
B,h,2.0,3.15150209,-0.0006480819999999943,0.18510629607517742
B,h,2.0,3.17219014,0.004439346000000066,0.18510629607517742
B,h,2.0,3.19299024,-0.005607664999999984,0.18510629607517742
B,h,2.0,3.21390436,-0.003976009999999919,0.18510629607517742
B,h,2.0,3.23506564,-0.0008067750000000373,0.18510629607517742
B,h,2.0,3.25605387,-0.00266685099999997,0.18510629607517742
B,h,2.0,3.27685776,0.005160126999999903,0.18510629607517742
B,h,2.0,3.29794723,-7.953199999999327e-05,0.18510629607517742
B,h,2.0,3.31884778,-0.0024493229999998922,0.18510629607517742
B,h,2.0,3.33944269,-0.007315704000000034,0.18510629607517742
B,h,2.0,3.36030612,-0.0009245660000000155,0.18510629607517742
B,h,2.0,3.38171654,-0.006017029999999979,0.18510629607517742
B,h,2.0,3.40297495,-0.0058848209999999845,0.18510629607517742
B,h,2.0,3.42370792,-0.005199453999999992,0.18510629607517742
B,h,2.0,3.44440875,-0.007616185999999914,0.18510629607517742
B,h,2.0,3.465315,0.0022422640000000493,0.18510629607517742
B,h,2.0,3.4865867,-0.005808306000000041,0.18510629607517742
B,h,2.0,3.50751221,-0.0017110449999999666,0.18510629607517742
B,h,2.0,3.52796741,-0.008479534999999983,0.18510629607517742
B,h,2.0,3.5488788,-0.000438313000000079,0.18510629607517742
B,h,2.0,3.57014151,-0.0006329800000000052,0.18510629607517742
B,h,2.0,3.59120365,-0.0016269789999999729,0.18510629607517742
B,h,2.0,3.61190928,-0.0012624620000000197,0.18510629607517742
B,h,2.0,3.63300558,-0.00306778799999996,0.18510629607517742
B,h,2.0,3.6541422,0.0030568259999999015,0.18510629607517742
B,h,2.0,3.67500902,-0.0020250319999999267,0.18510629607517742
B,h,2.0,3.69581564,-0.005814549999999974,0.18510629607517742
B,h,2.0,3.71644729,-0.006787380999999981,0.18510629607517742
B,h,2.0,3.73749774,-0.0006109850000000083,0.18510629607517742
B,h,2.0,3.75868086,-0.008572152000000055,0.18510629607517742
B,h,2.0,3.77950549,-0.0008711420000000469,0.18510629607517742
B,h,2.0,3.80027286,0.0012515199999999504,0.18510629607517742
B,h,2.0,3.82143123,-0.0012087219999999954,0.18510629607517742
B,h,2.0,3.84280481,0.0022270460000000103,0.18510629607517742
B,h,2.0,3.86349282,0.006662503000000042,0.18510629607517742
B,h,2.0,3.88417456,0.0007927399999999585,0.18510629607517742
B,h,2.0,3.90535419,-0.0021326280000000253,0.18510629607517742
B,h,2.0,3.9264697,-0.0033129570000000053,0.18510629607517742
B,h,2.0,3.94738681,-0.001734677999999934,0.18510629607517742
B,h,2.0,3.96810309,0.0012607730000000483,0.18510629607517742
B,h,2.0,3.98888694,-0.0019435150000000068,0.18510629607517742
B,h,2.0,4.00993371,0.005044589000000044,0.18510629607517742
B,h,2.0,4.03080983,0.0028421579999999835,0.18510629607517742
B,h,2.0,4.05178039,-0.0015003700000000286,0.18510629607517742
B,h,2.0,4.07276799,-0.0009816019999999703,0.18510629607517742
B,h,2.0,4.09368684,0.0022411850000000344,0.18510629607517742
B,h,2.0,4.11485609,0.003251890000000035,0.18510629607517742
B,h,2.0,4.13583188,0.0047284090000000445,0.18510629607517742
B,h,2.0,4.15670688,0.001872499000000083,0.18510629607517742
B,h,2.0,4.17758774,0.002457826999999968,0.18510629607517742
B,h,2.0,4.19867141,0.006755614000000021,0.18510629607517742
B,h,2.0,4.21961517,-0.004513766999999946,0.18510629607517742
B,h,2.0,4.24013393,0.00042536400000003916,0.18510629607517742
B,h,2.0,4.26119077,-0.000190371000000078,0.18510629607517742
B,h,2.0,4.28239268,-0.0023139879999999335,0.18510629607517742
B,h,2.0,4.30342826,0.003314645000000005,0.18510629607517742
B,h,2.0,4.32431592,-0.0012509139999999919,0.18510629607517742
B,h,2.0,4.34508479,-0.0008591270000000151,0.18510629607517742
B,h,2.0,4.36604259,-0.0015918999999998684,0.18510629607517742
B,h,2.0,4.38708086,0.0017060499999999035,0.18510629607517742
B,h,2.0,4.40778797,0.00012769999999995285,0.18510629607517742
B,h,2.0,4.4288526,-0.0001380099999999107,0.18510629607517742
B,h,2.0,4.44994967,-0.003709869999999893,0.18510629607517742
B,h,2.0,4.47085438,0.00019835999999995302,0.18510629607517742
B,h,2.0,4.49188801,-0.003101827000000057,0.18510629607517742
B,h,2.0,4.51250216,-0.0008844650000000565,0.18510629607517742
B,h,2.0,4.5334461,0.0007986600000000621,0.18510629607517742
B,h,2.0,4.55463591,0.00135469999999982,0.18510629607517742
B,h,2.0,4.57547609,-0.003007470000000012,0.18510629607517742
B,h,2.0,4.59643311,-0.00010558999999998875,0.18510629607517742
B,h,2.0,4.61732903,-0.0015694900000000622,0.18510629607517742
B,h,2.0,4.63833098,0.0005942299999999179,0.18510629607517742
B,h,2.0,4.65949324,-0.0010509600000001562,0.18510629607517742
B,h,2.0,4.68039693,0.00041057000000011,0.18510629607517742
B,h,2.0,4.70136745,-0.009948239999999942,0.18510629607517742
B,h,2.0,4.72221533,-0.0011687499999999407,0.18510629607517742
B,h,2.0,4.74309374,-0.0021885400000001276,0.18510629607517742
B,h,2.0,4.76390784,-0.0036129599999998874,0.18510629607517742
B,h,2.0,4.78491795,-0.0008796099999999196,0.18510629607517742
B,h,2.0,4.80636204,0.0009656799999999688,0.18510629607517742
B,h,2.0,4.82728449,0.00018169000000001212,0.18510629607517742
B,h,2.0,4.84785524,-0.006384029999999985,0.18510629607517742
B,h,2.0,4.86859731,-0.002506750000000002,0.18510629607517742
B,h,2.0,4.88954319,-0.0006623299999999332,0.18510629607517742
B,h,2.0,4.91078695,-0.0011745699999998749,0.18510629607517742
B,h,2.0,4.93172016,0.0013972500000001276,0.18510629607517742
B,h,2.0,4.95244063,0.005558730000000178,0.18510629607517742
B,h,2.0,4.97348932,0.001382320000000048,0.18510629607517742
B,h,2.0,4.994309,-0.0016317700000001434,0.18510629607517742
B,h,2.0,5.01515697,0.002182359999999939,0.18510629607517742
B,h,2.0,5.03598003,-0.002071549999999922,0.18510629607517742
B,h,2.0,5.05703237,-0.0009986099999998999,0.18510629607517742
B,h,2.0,5.07840332,0.002053820000000206,0.18510629607517742
B,h,2.0,5.09943841,0.0005342900000000483,0.18510629607517742
B,h,2.0,5.12032938,-0.0017009699999999128,0.18510629607517742
B,h,2.0,5.14107614,0.0020862100000000883,0.18510629607517742
B,h,2.0,5.16214077,0.0022038200000000785,0.18510629607517742
B,h,2.0,5.18341099,0.002636679999999947,0.18510629607517742
B,h,2.0,5.2041075,0.004088089999999989,0.18510629607517742
B,h,2.0,5.22477891,-0.0015294100000000643,0.18510629607517742
B,h,2.0,5.24557967,0.0022970099999999327,0.18510629607517742
B,h,2.0,5.26649236,0.005243730000000113,0.18510629607517742
B,h,2.0,5.28753131,0.00015257999999995775,0.18510629607517742
B,h,2.0,5.30847064,-0.0006394600000001471,0.18510629607517742
B,h,2.0,5.32946745,-0.005102310000000054,0.18510629607517742
B,h,2.0,5.3506922,0.0039998299999999265,0.18510629607517742
B,h,2.0,5.37158853,0.0040716600000001435,0.18510629607517742
B,h,2.0,5.39231925,0.004947590000000002,0.18510629607517742
B,h,2.0,5.41333352,0.0011107900000000281,0.18510629607517742
B,h,2.0,5.43434316,-0.001997729999999809,0.18510629607517742
B,h,2.0,5.45530659,0.0029890900000000276,0.18510629607517742
B,h,2.0,5.47618498,-0.0018067600000000184,0.18510629607517742
B,h,2.0,5.49715755,0.000805519999999893,0.18510629607517742
B,h,2.0,5.51801586,0.0023265199999999986,0.18510629607517742
B,h,2.0,5.53881995,-0.0035625100000000742,0.18510629607517742
B,h,2.0,5.55992514,-0.0017566100000001583,0.18510629607517742
B,h,2.0,5.58098545,-0.0014003600000001004,0.18510629607517742
B,h,2.0,5.60183772,0.0037483299999998554,0.18510629607517742
B,h,2.0,5.62277584,-0.0007380499999998236,0.18510629607517742
B,h,2.0,5.64379172,0.0016899200000000114,0.18510629607517742
B,h,2.0,5.66460817,0.002538249999999964,0.18510629607517742
B,h,2.0,5.68556022,-0.004308659999999964,0.18510629607517742
B,h,2.0,5.7067909,0.0002693700000000465,0.18510629607517742
B,h,2.0,5.72769317,0.001304929999999871,0.18510629607517742
B,h,2.0,5.74840017,0.002482319999999927,0.18510629607517742
B,h,2.0,5.76938192,-0.0001582700000000159,0.18510629607517742
B,h,2.0,5.79039764,0.0019406100000001203,0.18510629607517742
B,h,2.0,5.81144039,0.003198200000000151,0.18510629607517742
B,h,2.0,5.83232115,-0.00023375999999997177,0.18510629607517742
B,h,2.0,5.85320209,0.0032442799999998773,0.18510629607517742
B,h,2.0,5.87418919,-0.0004520999999999553,0.18510629607517742
B,h,2.0,5.89509625,0.000267580000000045,0.18510629607517742
B,h,2.0,5.9159726,0.0010563900000000181,0.18510629607517742
B,h,2.0,5.93682663,0.0011257000000000073,0.18510629607517742
B,h,2.0,5.95791772,0.003123589999999954,0.18510629607517742
B,h,2.0,5.97900675,0.006746360000000173,0.18510629607517742
B,h,2.0,5.99978945,0.0028306099999999557,0.18510629607517742
B,h,2.0,6.02063577,0.00180337999999991,0.18510629607517742
B,h,2.0,6.04156421,0.0005234800000000206,0.18510629607517742
B,h,2.0,6.06259364,-0.0002140800000001164,0.18510629607517742
B,h,2.0,6.08377541,-0.0025291600000001413,0.18510629607517742
B,h,2.0,6.10447051,0.0010904699999998435,0.18510629607517742
B,h,2.0,6.12538157,-0.003410930000000034,0.18510629607517742
B,h,2.0,6.14660689,-0.0037794099999999275,0.18510629607517742
B,h,2.0,6.16752321,0.0016115800000000569,0.18510629607517742
B,h,2.0,6.18833806,0.0020350600000000885,0.18510629607517742
B,h,2.0,6.20938667,-0.0020904399999999157,0.18510629607517742
B,h,2.0,6.23052184,-0.003320219999999985,0.18510629607517742
B,h,2.0,6.25137137,0.0004597700000001925,0.18510629607517742
B,h,2.0,6.27204484,-0.0001261699999999255,0.18510629607517742
B,h,2.0,6.29290789,0.0006321499999999425,0.18510629607517742
B,h,2.0,6.31382104,0.0010161500000001045,0.18510629607517742
B,h,2.0,6.33495691,0.0032497199999999005,0.18510629607517742
B,h,2.0,6.35600914,0.00033671000000001783,0.18510629607517742
B,h,2.0,6.37663869,-0.00127149999999987,0.18510629607517742
B,h,2.0,6.39770954,0.002481820000000079,0.18510629607517742
B,h,2.0,6.41872759,0.0008635500000000462,0.18510629607517742
B,h,2.0,6.43951457,-0.001103960000000015,0.18510629607517742
B,h,2.0,6.46033562,0.00239427999999986,0.18510629607517742
B,h,2.0,6.4814564,-0.0008636600000000438,0.18510629607517742
B,h,2.0,6.50265681,0.0026761500000000993,0.18510629607517742
B,h,2.0,6.52350383,0.0025051600000001173,0.18510629607517742
B,h,2.0,6.54427866,-0.0031265199999999105,0.18510629607517742
B,h,2.0,6.56515568,-0.0009525599999999912,0.18510629607517742
B,h,2.0,6.58628576,-0.00012436000000004555,0.18510629607517742
B,h,2.0,6.60749316,0.0027145100000001143,0.18510629607517742
B,h,2.0,6.62830625,0.004803400000000124,0.18510629607517742
B,h,2.0,6.64913567,0.0003738899999998768,0.18510629607517742
B,h,2.0,6.67020149,-0.0065104499999999454,0.18510629607517742
B,h,2.0,6.69106898,0.0032451300000000405,0.18510629607517742
B,h,2.0,6.71185955,0.0004578800000001326,0.18510629607517742
B,h,2.0,6.73264651,0.0013451099999999272,0.18510629607517742
B,h,2.0,6.7537045,-0.0003962500000000979,0.18510629607517742
B,h,2.0,6.77487174,0.0009192700000000276,0.18510629607517742
B,h,2.0,6.79557562,0.0019488400000000627,0.18510629607517742
B,h,2.0,6.81648781,0.004335800000000001,0.18510629607517742
B,h,2.0,6.83753747,-0.004263139999999943,0.18510629607517742
B,h,2.0,6.85867557,-0.00417118999999988,0.18510629607517742
B,h,2.0,6.87985316,-0.00047715000000003727,0.18510629607517742
B,h,2.0,6.90065786,0.004016489999999928,0.18510629607517742
B,h,2.0,6.92153112,-0.001207080000000138,0.18510629607517742
B,h,2.0,6.94229803,0.002010150000000044,0.18510629607517742
B,h,2.0,6.9630016,0.0051863600000001675,0.18510629607517742
B,h,2.0,6.98416877,0.00101069999999992,0.18510629607517742
B,h,2.0,7.0052781,0.004688430000000077,0.18510629607517742
B,h,2.0,7.02617612,0.001235120000000034,0.18510629607517742
B,h,2.0,7.04699526,-0.0019076500000001495,0.18510629607517742
B,h,2.0,7.06761685,-0.005101330000000015,0.18510629607517742
B,h,2.0,7.08873369,-0.00031287000000013165,0.18510629607517742
B,h,2.0,7.10994937,-0.0022799000000000014,0.18510629607517742
B,h,2.0,7.13102893,-0.000982239999999912,0.18510629607517742
B,h,2.0,7.15201412,-0.004246441000000045,0.18510629607517742
B,h,2.0,7.17271336,0.0008671909999999894,0.18510629607517742
B,h,2.0,7.19374266,-0.004567054000000126,0.18510629607517742
B,h,2.0,7.21473042,-0.0028977279999999883,0.18510629607517742
B,h,2.0,7.23564263,0.0013341289999999617,0.18510629607517742
B,h,2.0,7.25666289,-0.0032329560000000646,0.18510629607517742
B,h,2.0,7.27757645,0.00027277000000003326,0.18510629607517742
B,h,2.0,7.2984411,0.006306219999999918,0.18510629607517742
B,h,2.0,7.31917384,-0.0013514290000000706,0.18510629607517742
B,h,2.0,7.34001688,0.001079441999999986,0.18510629607517742
B,h,2.0,7.3611683,-0.003575191000000033,0.18510629607517742
B,h,2.0,7.38224284,0.003226445999999994,0.18510629607517742
B,h,2.0,7.40324015,0.0024714750000000008,0.18510629607517742
B,h,2.0,7.42408854,0.0021401029999998933,0.18510629607517742
B,h,2.0,7.44500634,-0.0005888370000000087,0.18510629607517742
B,h,2.0,7.46595959,0.0007431740000000131,0.18510629607517742
B,h,2.0,7.48696308,-0.0004382219999999881,0.18510629607517742
B,h,2.0,7.5079936,0.0017029909999999315,0.18510629607517742
B,h,2.0,7.52871967,0.0028845909999999364,0.18510629607517742
B,h,2.0,7.54966921,-0.000932795999999958,0.18510629607517742
B,h,2.0,7.57064902,-0.001229925000000076,0.18510629607517742
B,h,2.0,7.59151428,-0.0008607529999999919,0.18510629607517742
B,h,2.0,7.6123809,-0.004286891000000015,0.18510629607517742
B,h,2.0,7.63338324,-2.948800000002194e-05,0.18510629607517742
B,h,2.0,7.65450532,0.004060783999999984,0.18510629607517742
B,h,2.0,7.67556944,0.0001232250000000601,0.18510629607517742
B,h,2.0,7.69637751,0.002109428999999996,0.18510629607517742
B,h,2.0,7.71727216,-0.0028516740000000818,0.18510629607517742
B,h,2.0,7.73835725,0.0006455980000000805,0.18510629607517742
B,h,2.0,7.75934923,0.004744233000000042,0.18510629607517742
B,h,2.0,7.78023116,0.004461165000000045,0.18510629607517742
B,h,2.0,7.80098697,0.0025347800000000698,0.18510629607517742
B,h,2.0,7.82190677,-0.004198162999999977,0.18510629607517742
B,h,2.0,7.84304931,-0.0019499150000000798,0.18510629607517742
B,h,2.0,7.86405132,0.001575771000000059,0.18510629607517742
B,h,2.0,7.88484553,0.0011354699999999163,0.18510629607517742
B,h,2.0,7.90574885,0.00014220899999994874,0.18510629607517742
B,h,2.0,7.9267531,-5.974999999991404e-06,0.18510629607517742
B,h,2.0,7.94765228,0.0021548129999999777,0.18510629607517742
B,h,2.0,7.96842304,0.003055260999999976,0.18510629607517742
B,h,2.0,7.98938616,-0.0019935180000000274,0.18510629607517742
B,h,2.0,8.01050815,0.001572679999999993,0.18510629607517742
B,h,2.0,8.03153334,-0.002502094999999982,0.18510629607517742
B,h,2.0,8.05240251,-0.0025432069999999918,0.18510629607517742
B,h,2.0,8.07332696,-0.0006376900000000241,0.18510629607517742
B,h,2.0,8.09438514,-0.0015872740000000274,0.18510629607517742
B,h,2.0,8.11529588,-0.005200284000000055,0.18510629607517742
B,h,2.0,8.13618411,0.002730352000000047,0.18510629607517742
B,h,2.0,8.15717855,0.001707601000000003,0.18510629607517742
B,h,2.0,8.17807847,-0.0031455679999999875,0.18510629607517742
B,h,2.0,8.19905269,0.0014146700000000623,0.18510629607517742
B,h,2.0,8.21991085,0.0016493109999999866,0.18510629607517742
B,h,2.0,8.24078529,-0.00041150200000006354,0.18510629607517742
B,h,2.0,8.26195652,0.0009403159999999966,0.18510629607517742
B,h,2.0,8.28293039,0.00023594899999990204,0.18510629607517742
B,h,2.0,8.30373423,-0.001231278999999974,0.18510629607517742
B,h,2.0,8.32452583,0.0010473960000000337,0.18510629607517742
B,h,2.0,8.34556221,-0.004780213999999949,0.18510629607517742
B,h,2.0,8.36671927,-0.0015690689999999785,0.18510629607517742
B,h,2.0,8.38757523,-0.0005588140000000186,0.18510629607517742
B,h,2.0,8.40855808,-0.00043708199999992203,0.18510629607517742
B,h,2.0,8.42953585,-0.0006936080000000677,0.18510629607517742
B,h,2.0,8.45042977,-0.0031728650000000247,0.18510629607517742
B,h,2.0,8.47138662,0.001121252000000017,0.18510629607517742
B,h,2.0,8.49217243,0.002951803000000086,0.18510629607517742
B,h,2.0,8.51321806,-0.004318172999999925,0.18510629607517742
B,h,2.0,8.53421183,-0.005471223000000025,0.18510629607517742
B,h,2.0,8.55508292,-0.000630624000000024,0.18510629607517742
B,h,2.0,8.57598662,0.0012554359999999987,0.18510629607517742
B,h,2.0,8.59679232,0.0035476229999999997,0.18510629607517742
B,h,2.0,8.61783107,0.0017603059999999893,0.18510629607517742
B,h,2.0,8.63891768,-0.002542996000000075,0.18510629607517742
B,h,2.0,8.65972861,-0.0018879610000001046,0.18510629607517742
B,h,2.0,8.68059853,0.0021859519999999355,0.18510629607517742
B,h,2.0,8.70174168,-0.0015438720000000572,0.18510629607517742
B,h,2.0,8.72279566,-0.001625176000000006,0.18510629607517742
B,h,2.0,8.74359241,0.0020317410000000313,0.18510629607517742
B,h,2.0,8.76424415,-0.0015759770000000062,0.18510629607517742
B,h,2.0,8.78526729,-0.001266349,0.18510629607517742
B,h,2.0,8.80637189,-0.004418718999999904,0.18510629607517742
B,h,2.0,8.82736896,-0.0010083499999999912,0.18510629607517742
B,h,2.0,8.84843212,0.001715254000000055,0.18510629607517742
B,h,2.0,8.86933197,0.0028135469999999163,0.18510629607517742
B,h,2.0,8.89026857,0.0008486100000000274,0.18510629607517742
B,h,2.0,8.91123702,0.002737776000000025,0.18510629607517742
B,h,2.0,8.93214776,-0.001210931999999998,0.18510629607517742
B,h,2.0,8.95312097,0.0027176690000000336,0.18510629607517742
B,h,2.0,8.9741304,-0.0015260360000000084,0.18510629607517742
B,h,2.0,8.99505705,0.0002801310000000168,0.18510629607517742
B,h,2.0,9.01571368,0.004637503999999959,0.18510629607517742
B,h,2.0,9.03640927,0.0005727100000000318,0.18510629607517742
B,h,2.0,9.05755121,0.0006454830000000022,0.18510629607517742
B,h,2.0,9.07868023,-0.0016521240000000326,0.18510629607517742
B,h,2.0,9.09969513,0.0017265749999999525,0.18510629607517742
B,h,2.0,9.1205658,-0.0011966490000000496,0.18510629607517742
B,h,2.0,9.14137844,-0.003551704999999905,0.18510629607517742
B,h,2.0,9.16237082,0.00039012100000002103,0.18510629607517742
B,h,2.0,9.18339441,-0.003361634999999974,0.18510629607517742
B,h,2.0,9.20447395,0.0005414280000000105,0.18510629607517742
B,h,2.0,9.22549281,0.0003392770000000267,0.18510629607517742
B,h,2.0,9.2463962,0.0015276149999999822,0.18510629607517742
B,h,2.0,9.26722673,0.0007326770000000149,0.18510629607517742
B,h,2.0,9.28791689,-0.0014168909999999757,0.18510629607517742
B,h,2.0,9.30892724,0.0032059979999999877,0.18510629607517742
B,h,2.0,9.33003065,-0.0015413840000000345,0.18510629607517742
B,h,2.0,9.35102864,-0.000873251999999991,0.18510629607517742
B,h,2.0,9.37196601,-0.001995709999999984,0.18510629607517742
B,h,2.0,9.39258783,0.003889080999999961,0.18510629607517742
B,h,2.0,9.41349621,0.00044968800000000364,0.18510629607517742
B,h,2.0,9.4347927,0.0020027730000000687,0.18510629607517742
B,h,2.0,9.45587737,-0.0006353669999999978,0.18510629607517742
B,h,2.0,9.47676866,0.0006417420000000007,0.18510629607517742
B,h,2.0,9.49762777,-0.003914062999999968,0.18510629607517742
B,h,2.0,9.51852362,0.004402667000000027,0.18510629607517742
B,h,2.0,9.53939795,-0.0008265339999999899,0.18510629607517742
B,h,2.0,9.56035551,-0.0006956070000000425,0.18510629607517742
B,h,2.0,9.58149741,0.0006834270000000142,0.18510629607517742
B,h,2.0,9.60249587,-0.001214718000000059,0.18510629607517742
B,h,2.0,9.62336478,-0.0041158990000000895,0.18510629607517742
B,h,2.0,9.64415055,0.00014015099999997727,0.18510629607517742
B,h,2.0,9.66502224,0.00025317300000005094,0.18510629607517742
B,h,2.0,9.68597433,0.0010830429999999502,0.18510629607517742
B,h,2.0,9.7069728,0.0012805989999999934,0.18510629607517742
B,h,2.0,9.72797765,-0.0029074829999999885,0.18510629607517742
B,h,2.0,9.74896401,0.00027118599999997883,0.18510629607517742
B,h,2.0,9.76996217,0.0010571950000000108,0.18510629607517742
B,h,2.0,9.79085678,-0.0014537250000000723,0.18510629607517742
B,h,2.0,9.81166698,-0.0014186299999999763,0.18510629607517742
B,h,2.0,9.83262494,-0.002573312999999966,0.18510629607517742
B,h,2.0,9.85372265,0.0018034900000000187,0.18510629607517742
B,h,2.0,9.87472665,-0.00031691799999999937,0.18510629607517742
B,h,2.0,9.89559934,0.0025333220000000045,0.18510629607517742
B,h,2.0,9.91635289,0.0003883340000000457,0.18510629607517742
B,h,2.0,9.93737645,-0.0019180069999999994,0.18510629607517742
B,h,2.0,9.95856995,-0.0026568069999999278,0.18510629607517742
B,h,2.0,9.97940815,0.0014718630000000177,0.18510629607517742
B,h,2.0,10.000082,-0.0034153409999999607,0.18510629607517742
