D_A,run,q_sigma,S_AA
0.5,rhoA0.6_rhoB0.6_h1.0_h02.0_T1_RA3.0_steps100000,0.0252815853,1.05265451
0.5,rhoA0.6_rhoB0.6_h1.0_h02.0_T1_RA3.0_steps100000,0.0486976344,0.954061756
0.5,rhoA0.6_rhoB0.6_h1.0_h02.0_T1_RA3.0_steps100000,0.0692644017,0.984515435
0.5,rhoA0.6_rhoB0.6_h1.0_h02.0_T1_RA3.0_steps100000,0.08877835,1.0054656
0.5,rhoA0.6_rhoB0.6_h1.0_h02.0_T1_RA3.0_steps100000,0.111604297,1.00199922
0.5,rhoA0.6_rhoB0.6_h1.0_h02.0_T1_RA3.0_steps100000,0.132731806,1.02125536
0.5,rhoA0.6_rhoB0.6_h1.0_h02.0_T1_RA3.0_steps100000,0.153672181,1.00603467
0.5,rhoA0.6_rhoB0.6_h1.0_h02.0_T1_RA3.0_steps100000,0.175641863,1.01948255
0.5,rhoA0.6_rhoB0.6_h1.0_h02.0_T1_RA3.0_steps100000,0.196615509,0.99992071
0.5,rhoA0.6_rhoB0.6_h1.0_h02.0_T1_RA3.0_steps100000,0.217326708,0.997704141
0.5,rhoA0.6_rhoB0.6_h1.0_h02.0_T1_RA3.0_steps100000,0.237538457,1.0003872
0.5,rhoA0.6_rhoB0.6_h1.0_h02.0_T1_RA3.0_steps100000,0.258148683,1.00785987
0.5,rhoA0.6_rhoB0.6_h1.0_h02.0_T1_RA3.0_steps100000,0.28040349,0.992983946
0.5,rhoA0.6_rhoB0.6_h1.0_h02.0_T1_RA3.0_steps100000,0.301929084,1.00008679
0.5,rhoA0.6_rhoB0.6_h1.0_h02.0_T1_RA3.0_steps100000,0.322287413,1.00153394
0.5,rhoA0.6_rhoB0.6_h1.0_h02.0_T1_RA3.0_steps100000,0.342663331,0.989919168
0.5,rhoA0.6_rhoB0.6_h1.0_h02.0_T1_RA3.0_steps100000,0.363641289,0.997645004
0.5,rhoA0.6_rhoB0.6_h1.0_h02.0_T1_RA3.0_steps100000,0.385602948,0.999015694
0.5,rhoA0.6_rhoB0.6_h1.0_h02.0_T1_RA3.0_steps100000,0.406737165,0.998082201
0.5,rhoA0.6_rhoB0.6_h1.0_h02.0_T1_RA3.0_steps100000,0.427001871,1.00646983
0.5,rhoA0.6_rhoB0.6_h1.0_h02.0_T1_RA3.0_steps100000,0.448754416,0.990871808
0.5,rhoA0.6_rhoB0.6_h1.0_h02.0_T1_RA3.0_steps100000,0.469601745,0.994842948
0.5,rhoA0.6_rhoB0.6_h1.0_h02.0_T1_RA3.0_steps100000,0.489805379,0.996961832
0.5,rhoA0.6_rhoB0.6_h1.0_h02.0_T1_RA3.0_steps100000,0.510302494,1.00247624
0.5,rhoA0.6_rhoB0.6_h1.0_h02.0_T1_RA3.0_steps100000,0.53178319,0.993180292
0.5,rhoA0.6_rhoB0.6_h1.0_h02.0_T1_RA3.0_steps100000,0.553922362,0.994235109
0.5,rhoA0.6_rhoB0.6_h1.0_h02.0_T1_RA3.0_steps100000,0.574670041,1.0055179
0.5,rhoA0.6_rhoB0.6_h1.0_h02.0_T1_RA3.0_steps100000,0.594645701,1.00296634
0.5,rhoA0.6_rhoB0.6_h1.0_h02.0_T1_RA3.0_steps100000,0.615540037,0.995021262
0.5,rhoA0.6_rhoB0.6_h1.0_h02.0_T1_RA3.0_steps100000,0.636554081,1.00267408
0.5,rhoA0.6_rhoB0.6_h1.0_h02.0_T1_RA3.0_steps100000,0.658102417,1.00080871
0.5,rhoA0.6_rhoB0.6_h1.0_h02.0_T1_RA3.0_steps100000,0.679189641,0.995518286
0.5,rhoA0.6_rhoB0.6_h1.0_h02.0_T1_RA3.0_steps100000,0.700054044,1.00308407
0.5,rhoA0.6_rhoB0.6_h1.0_h02.0_T1_RA3.0_steps100000,0.721329826,1.00439558
0.5,rhoA0.6_rhoB0.6_h1.0_h02.0_T1_RA3.0_steps100000,0.742033923,0.998569465
0.5,rhoA0.6_rhoB0.6_h1.0_h02.0_T1_RA3.0_steps100000,0.762614581,1.00342105
0.5,rhoA0.6_rhoB0.6_h1.0_h02.0_T1_RA3.0_steps100000,0.783270495,1.00559864
0.5,rhoA0.6_rhoB0.6_h1.0_h02.0_T1_RA3.0_steps100000,0.804783918,0.996365315
0.5,rhoA0.6_rhoB0.6_h1.0_h02.0_T1_RA3.0_steps100000,0.826095906,0.999843487
0.5,rhoA0.6_rhoB0.6_h1.0_h02.0_T1_RA3.0_steps100000,0.846303977,0.997492544
0.5,rhoA0.6_rhoB0.6_h1.0_h02.0_T1_RA3.0_steps100000,0.867174819,0.999754659
0.5,rhoA0.6_rhoB0.6_h1.0_h02.0_T1_RA3.0_steps100000,0.888413258,1.00125416
0.5,rhoA0.6_rhoB0.6_h1.0_h02.0_T1_RA3.0_steps100000,0.909910564,0.998489442
0.5,rhoA0.6_rhoB0.6_h1.0_h02.0_T1_RA3.0_steps100000,0.931134698,0.999608707
0.5,rhoA0.6_rhoB0.6_h1.0_h02.0_T1_RA3.0_steps100000,0.951563161,0.998694265
0.5,rhoA0.6_rhoB0.6_h1.0_h02.0_T1_RA3.0_steps100000,0.972160451,0.999780784
0.5,rhoA0.6_rhoB0.6_h1.0_h02.0_T1_RA3.0_steps100000,0.993008165,1.00370554
0.5,rhoA0.6_rhoB0.6_h1.0_h02.0_T1_RA3.0_steps100000,1.0140906,0.999909398
0.5,rhoA0.6_rhoB0.6_h1.0_h02.0_T1_RA3.0_steps100000,1.03500338,1.00073402
0.5,rhoA0.6_rhoB0.6_h1.0_h02.0_T1_RA3.0_steps100000,1.05657413,0.998417412
0.5,rhoA0.6_rhoB0.6_h1.0_h02.0_T1_RA3.0_steps100000,1.07789814,0.99646614
0.5,rhoA0.6_rhoB0.6_h1.0_h02.0_T1_RA3.0_steps100000,1.09835045,0.997012904
0.5,rhoA0.6_rhoB0.6_h1.0_h02.0_T1_RA3.0_steps100000,1.11903902,1.00551272
0.5,rhoA0.6_rhoB0.6_h1.0_h02.0_T1_RA3.0_steps100000,1.1396405,0.995126739
0.5,rhoA0.6_rhoB0.6_h1.0_h02.0_T1_RA3.0_steps100000,1.16109193,0.999354007
0.5,rhoA0.6_rhoB0.6_h1.0_h02.0_T1_RA3.0_steps100000,1.18227503,1.00095318
0.5,rhoA0.6_rhoB0.6_h1.0_h02.0_T1_RA3.0_steps100000,1.2030555,0.995029348
0.5,rhoA0.6_rhoB0.6_h1.0_h02.0_T1_RA3.0_steps100000,1.22375183,1.00110557
0.5,rhoA0.6_rhoB0.6_h1.0_h02.0_T1_RA3.0_steps100000,1.24453484,1.0086852
0.5,rhoA0.6_rhoB0.6_h1.0_h02.0_T1_RA3.0_steps100000,1.26570671,1.00372793
0.5,rhoA0.6_rhoB0.6_h1.0_h02.0_T1_RA3.0_steps100000,1.28693994,1.00953924
0.5,rhoA0.6_rhoB0.6_h1.0_h02.0_T1_RA3.0_steps100000,1.30807124,1.00244193
0.5,rhoA0.6_rhoB0.6_h1.0_h02.0_T1_RA3.0_steps100000,1.32889646,1.01160719
0.5,rhoA0.6_rhoB0.6_h1.0_h02.0_T1_RA3.0_steps100000,1.34945121,1.00117874
0.5,rhoA0.6_rhoB0.6_h1.0_h02.0_T1_RA3.0_steps100000,1.37055188,1.00090799
0.5,rhoA0.6_rhoB0.6_h1.0_h02.0_T1_RA3.0_steps100000,1.39148285,0.995474881
0.5,rhoA0.6_rhoB0.6_h1.0_h02.0_T1_RA3.0_steps100000,1.41220445,1.00644428
0.5,rhoA0.6_rhoB0.6_h1.0_h02.0_T1_RA3.0_steps100000,1.43352474,0.995535714
0.5,rhoA0.6_rhoB0.6_h1.0_h02.0_T1_RA3.0_steps100000,1.45454751,1.00228488
0.5,rhoA0.6_rhoB0.6_h1.0_h02.0_T1_RA3.0_steps100000,1.47511055,0.998508635
0.5,rhoA0.6_rhoB0.6_h1.0_h02.0_T1_RA3.0_steps100000,1.49566583,1.00362259
0.5,rhoA0.6_rhoB0.6_h1.0_h02.0_T1_RA3.0_steps100000,1.51690776,1.00179049
0.5,rhoA0.6_rhoB0.6_h1.0_h02.0_T1_RA3.0_steps100000,1.53826425,1.00129728
0.5,rhoA0.6_rhoB0.6_h1.0_h02.0_T1_RA3.0_steps100000,1.55931449,1.00055017
0.5,rhoA0.6_rhoB0.6_h1.0_h02.0_T1_RA3.0_steps100000,1.58012172,0.997589944
0.5,rhoA0.6_rhoB0.6_h1.0_h02.0_T1_RA3.0_steps100000,1.60114355,1.0035941
0.5,rhoA0.6_rhoB0.6_h1.0_h02.0_T1_RA3.0_steps100000,1.62229155,1.00236852
0.5,rhoA0.6_rhoB0.6_h1.0_h02.0_T1_RA3.0_steps100000,1.64295947,0.99982883
0.5,rhoA0.6_rhoB0.6_h1.0_h02.0_T1_RA3.0_steps100000,1.66366432,1.00002278
0.5,rhoA0.6_rhoB0.6_h1.0_h02.0_T1_RA3.0_steps100000,1.68478217,1.00044724
0.5,rhoA0.6_rhoB0.6_h1.0_h02.0_T1_RA3.0_steps100000,1.7057485,0.997649294
0.5,rhoA0.6_rhoB0.6_h1.0_h02.0_T1_RA3.0_steps100000,1.72683745,0.99958523
0.5,rhoA0.6_rhoB0.6_h1.0_h02.0_T1_RA3.0_steps100000,1.74765849,0.999611646
0.5,rhoA0.6_rhoB0.6_h1.0_h02.0_T1_RA3.0_steps100000,1.76847487,0.990580868
0.5,rhoA0.6_rhoB0.6_h1.0_h02.0_T1_RA3.0_steps100000,1.78961871,1.00389206
0.5,rhoA0.6_rhoB0.6_h1.0_h02.0_T1_RA3.0_steps100000,1.81086098,1.00288686
0.5,rhoA0.6_rhoB0.6_h1.0_h02.0_T1_RA3.0_steps100000,1.83179094,0.996859883
0.5,rhoA0.6_rhoB0.6_h1.0_h02.0_T1_RA3.0_steps100000,1.8521746,1.00205615
0.5,rhoA0.6_rhoB0.6_h1.0_h02.0_T1_RA3.0_steps100000,1.8733654,1.00038611
0.5,rhoA0.6_rhoB0.6_h1.0_h02.0_T1_RA3.0_steps100000,1.89455538,0.994281452
0.5,rhoA0.6_rhoB0.6_h1.0_h02.0_T1_RA3.0_steps100000,1.91534795,1.00156569
0.5,rhoA0.6_rhoB0.6_h1.0_h02.0_T1_RA3.0_steps100000,1.93623233,1.00131295
0.5,rhoA0.6_rhoB0.6_h1.0_h02.0_T1_RA3.0_steps100000,1.9571481,1.00419846
0.5,rhoA0.6_rhoB0.6_h1.0_h02.0_T1_RA3.0_steps100000,1.97825109,0.998288539
0.5,rhoA0.6_rhoB0.6_h1.0_h02.0_T1_RA3.0_steps100000,1.99905898,1.00121686
0.5,rhoA0.6_rhoB0.6_h1.0_h02.0_T1_RA3.0_steps100000,2.01966715,0.995904193
0.5,rhoA0.6_rhoB0.6_h1.0_h02.0_T1_RA3.0_steps100000,2.04082415,1.00345836
0.5,rhoA0.6_rhoB0.6_h1.0_h02.0_T1_RA3.0_steps100000,2.06193171,0.998671844
0.5,rhoA0.6_rhoB0.6_h1.0_h02.0_T1_RA3.0_steps100000,2.08296048,1.00035118
0.5,rhoA0.6_rhoB0.6_h1.0_h02.0_T1_RA3.0_steps100000,2.10383017,0.999188986
0.5,rhoA0.6_rhoB0.6_h1.0_h02.0_T1_RA3.0_steps100000,2.12494312,1.00094545
0.5,rhoA0.6_rhoB0.6_h1.0_h02.0_T1_RA3.0_steps100000,2.14618475,0.998838495
0.5,rhoA0.6_rhoB0.6_h1.0_h02.0_T1_RA3.0_steps100000,2.16679298,0.996785745
0.5,rhoA0.6_rhoB0.6_h1.0_h02.0_T1_RA3.0_steps100000,2.18753482,0.998484901
0.5,rhoA0.6_rhoB0.6_h1.0_h02.0_T1_RA3.0_steps100000,2.20847027,0.997136928
0.5,rhoA0.6_rhoB0.6_h1.0_h02.0_T1_RA3.0_steps100000,2.22955181,0.999027656
0.5,rhoA0.6_rhoB0.6_h1.0_h02.0_T1_RA3.0_steps100000,2.25078374,1.00302365
0.5,rhoA0.6_rhoB0.6_h1.0_h02.0_T1_RA3.0_steps100000,2.27150159,0.999656728
0.5,rhoA0.6_rhoB0.6_h1.0_h02.0_T1_RA3.0_steps100000,2.29205574,1.00113247
0.5,rhoA0.6_rhoB0.6_h1.0_h02.0_T1_RA3.0_steps100000,2.31294326,0.996833167
0.5,rhoA0.6_rhoB0.6_h1.0_h02.0_T1_RA3.0_steps100000,2.3340363,0.996044627
0.5,rhoA0.6_rhoB0.6_h1.0_h02.0_T1_RA3.0_steps100000,2.35514399,1.0015898
0.5,rhoA0.6_rhoB0.6_h1.0_h02.0_T1_RA3.0_steps100000,2.37607726,1.00229281
0.5,rhoA0.6_rhoB0.6_h1.0_h02.0_T1_RA3.0_steps100000,2.39730341,1.00042036
0.5,rhoA0.6_rhoB0.6_h1.0_h02.0_T1_RA3.0_steps100000,2.41857203,0.999639213
0.5,rhoA0.6_rhoB0.6_h1.0_h02.0_T1_RA3.0_steps100000,2.43911056,1.00572457
0.5,rhoA0.6_rhoB0.6_h1.0_h02.0_T1_RA3.0_steps100000,2.45988005,1.00002738
0.5,rhoA0.6_rhoB0.6_h1.0_h02.0_T1_RA3.0_steps100000,2.48094151,1.00145607
0.5,rhoA0.6_rhoB0.6_h1.0_h02.0_T1_RA3.0_steps100000,2.50196601,0.996509026
0.5,rhoA0.6_rhoB0.6_h1.0_h02.0_T1_RA3.0_steps100000,2.52300496,1.00061836
0.5,rhoA0.6_rhoB0.6_h1.0_h02.0_T1_RA3.0_steps100000,2.54340089,0.995593275
0.5,rhoA0.6_rhoB0.6_h1.0_h02.0_T1_RA3.0_steps100000,2.56415297,0.999183979
0.5,rhoA0.6_rhoB0.6_h1.0_h02.0_T1_RA3.0_steps100000,2.58575836,1.00272015
0.5,rhoA0.6_rhoB0.6_h1.0_h02.0_T1_RA3.0_steps100000,2.60684428,0.999941464
0.5,rhoA0.6_rhoB0.6_h1.0_h02.0_T1_RA3.0_steps100000,2.62775949,1.00110613
0.5,rhoA0.6_rhoB0.6_h1.0_h02.0_T1_RA3.0_steps100000,2.64834355,1.00001071
0.5,rhoA0.6_rhoB0.6_h1.0_h02.0_T1_RA3.0_steps100000,2.66912062,1.00170586
0.5,rhoA0.6_rhoB0.6_h1.0_h02.0_T1_RA3.0_steps100000,2.69039946,1.00351946
0.5,rhoA0.6_rhoB0.6_h1.0_h02.0_T1_RA3.0_steps100000,2.71121518,1.00019435
0.5,rhoA0.6_rhoB0.6_h1.0_h02.0_T1_RA3.0_steps100000,2.7321837,0.999886318
0.5,rhoA0.6_rhoB0.6_h1.0_h02.0_T1_RA3.0_steps100000,2.75306239,1.00025438
0.5,rhoA0.6_rhoB0.6_h1.0_h02.0_T1_RA3.0_steps100000,2.77427049,0.999063822
0.5,rhoA0.6_rhoB0.6_h1.0_h02.0_T1_RA3.0_steps100000,2.79557932,0.999467457
0.5,rhoA0.6_rhoB0.6_h1.0_h02.0_T1_RA3.0_steps100000,2.8160646,1.00240664
0.5,rhoA0.6_rhoB0.6_h1.0_h02.0_T1_RA3.0_steps100000,2.83689478,1.00051371
0.5,rhoA0.6_rhoB0.6_h1.0_h02.0_T1_RA3.0_steps100000,2.85801727,0.996951515
0.5,rhoA0.6_rhoB0.6_h1.0_h02.0_T1_RA3.0_steps100000,2.87906973,1.00087484
0.5,rhoA0.6_rhoB0.6_h1.0_h02.0_T1_RA3.0_steps100000,2.89996898,1.00036979
0.5,rhoA0.6_rhoB0.6_h1.0_h02.0_T1_RA3.0_steps100000,2.92062944,0.99905091
0.5,rhoA0.6_rhoB0.6_h1.0_h02.0_T1_RA3.0_steps100000,2.941605,0.997872259
0.5,rhoA0.6_rhoB0.6_h1.0_h02.0_T1_RA3.0_steps100000,2.96267076,1.00306505
0.5,rhoA0.6_rhoB0.6_h1.0_h02.0_T1_RA3.0_steps100000,2.98347442,1.00225
0.5,rhoA0.6_rhoB0.6_h1.0_h02.0_T1_RA3.0_steps100000,3.00437656,0.998895111
0.5,rhoA0.6_rhoB0.6_h1.0_h02.0_T1_RA3.0_steps100000,3.02542142,0.995378235
0.5,rhoA0.6_rhoB0.6_h1.0_h02.0_T1_RA3.0_steps100000,3.04658726,0.999237243
0.5,rhoA0.6_rhoB0.6_h1.0_h02.0_T1_RA3.0_steps100000,3.06768101,0.999260326
0.5,rhoA0.6_rhoB0.6_h1.0_h02.0_T1_RA3.0_steps100000,3.088328,1.00169903
0.5,rhoA0.6_rhoB0.6_h1.0_h02.0_T1_RA3.0_steps100000,3.10931167,0.998341026
0.5,rhoA0.6_rhoB0.6_h1.0_h02.0_T1_RA3.0_steps100000,3.1305457,0.999279981
0.5,rhoA0.6_rhoB0.6_h1.0_h02.0_T1_RA3.0_steps100000,3.15150209,1.00107899
0.5,rhoA0.6_rhoB0.6_h1.0_h02.0_T1_RA3.0_steps100000,3.17219014,0.999740259
0.5,rhoA0.6_rhoB0.6_h1.0_h02.0_T1_RA3.0_steps100000,3.19299024,1.00072243
0.5,rhoA0.6_rhoB0.6_h1.0_h02.0_T1_RA3.0_steps100000,3.21390436,1.00065121
0.5,rhoA0.6_rhoB0.6_h1.0_h02.0_T1_RA3.0_steps100000,3.23506564,0.999574951
0.5,rhoA0.6_rhoB0.6_h1.0_h02.0_T1_RA3.0_steps100000,3.25605387,0.998560885
0.5,rhoA0.6_rhoB0.6_h1.0_h02.0_T1_RA3.0_steps100000,3.27685776,0.997298811
0.5,rhoA0.6_rhoB0.6_h1.0_h02.0_T1_RA3.0_steps100000,3.29794723,1.00062099
0.5,rhoA0.6_rhoB0.6_h1.0_h02.0_T1_RA3.0_steps100000,3.31884778,0.998088291
0.5,rhoA0.6_rhoB0.6_h1.0_h02.0_T1_RA3.0_steps100000,3.33944269,0.997423814
0.5,rhoA0.6_rhoB0.6_h1.0_h02.0_T1_RA3.0_steps100000,3.36030612,0.999551973
0.5,rhoA0.6_rhoB0.6_h1.0_h02.0_T1_RA3.0_steps100000,3.38171654,0.998289988
0.5,rhoA0.6_rhoB0.6_h1.0_h02.0_T1_RA3.0_steps100000,3.40297495,1.00248358
0.5,rhoA0.6_rhoB0.6_h1.0_h02.0_T1_RA3.0_steps100000,3.42370792,0.997666192
0.5,rhoA0.6_rhoB0.6_h1.0_h02.0_T1_RA3.0_steps100000,3.44440875,1.00060113
0.5,rhoA0.6_rhoB0.6_h1.0_h02.0_T1_RA3.0_steps100000,3.465315,0.998905248
0.5,rhoA0.6_rhoB0.6_h1.0_h02.0_T1_RA3.0_steps100000,3.4865867,0.999940269
0.5,rhoA0.6_rhoB0.6_h1.0_h02.0_T1_RA3.0_steps100000,3.50751221,1.00337206
0.5,rhoA0.6_rhoB0.6_h1.0_h02.0_T1_RA3.0_steps100000,3.52796741,1.00144126
0.5,rhoA0.6_rhoB0.6_h1.0_h02.0_T1_RA3.0_steps100000,3.5488788,0.994635341
0.5,rhoA0.6_rhoB0.6_h1.0_h02.0_T1_RA3.0_steps100000,3.57014151,0.998142812
0.5,rhoA0.6_rhoB0.6_h1.0_h02.0_T1_RA3.0_steps100000,3.59120365,0.998017486
0.5,rhoA0.6_rhoB0.6_h1.0_h02.0_T1_RA3.0_steps100000,3.61190928,1.00202305
0.5,rhoA0.6_rhoB0.6_h1.0_h02.0_T1_RA3.0_steps100000,3.63300558,0.997216094
0.5,rhoA0.6_rhoB0.6_h1.0_h02.0_T1_RA3.0_steps100000,3.6541422,0.99970237
0.5,rhoA0.6_rhoB0.6_h1.0_h02.0_T1_RA3.0_steps100000,3.67500902,0.999774476
0.5,rhoA0.6_rhoB0.6_h1.0_h02.0_T1_RA3.0_steps100000,3.69581564,0.999365451
0.5,rhoA0.6_rhoB0.6_h1.0_h02.0_T1_RA3.0_steps100000,3.71644729,0.997862781
0.5,rhoA0.6_rhoB0.6_h1.0_h02.0_T1_RA3.0_steps100000,3.73749774,1.00009807
0.5,rhoA0.6_rhoB0.6_h1.0_h02.0_T1_RA3.0_steps100000,3.75868086,1.00122797
0.5,rhoA0.6_rhoB0.6_h1.0_h02.0_T1_RA3.0_steps100000,3.77950549,1.00193919
0.5,rhoA0.6_rhoB0.6_h1.0_h02.0_T1_RA3.0_steps100000,3.80027286,0.999695607
0.5,rhoA0.6_rhoB0.6_h1.0_h02.0_T1_RA3.0_steps100000,3.82143123,1.00070165
0.5,rhoA0.6_rhoB0.6_h1.0_h02.0_T1_RA3.0_steps100000,3.84280481,1.00196444
0.5,rhoA0.6_rhoB0.6_h1.0_h02.0_T1_RA3.0_steps100000,3.86349282,0.999894184
0.5,rhoA0.6_rhoB0.6_h1.0_h02.0_T1_RA3.0_steps100000,3.88417456,1.00286485
0.5,rhoA0.6_rhoB0.6_h1.0_h02.0_T1_RA3.0_steps100000,3.90535419,1.00008731
0.5,rhoA0.6_rhoB0.6_h1.0_h02.0_T1_RA3.0_steps100000,3.9264697,0.998466563
0.5,rhoA0.6_rhoB0.6_h1.0_h02.0_T1_RA3.0_steps100000,3.94738681,1.00045028
0.5,rhoA0.6_rhoB0.6_h1.0_h02.0_T1_RA3.0_steps100000,3.96810309,0.998132773
0.5,rhoA0.6_rhoB0.6_h1.0_h02.0_T1_RA3.0_steps100000,3.98888694,0.998295805
0.5,rhoA0.6_rhoB0.6_h1.0_h02.0_T1_RA3.0_steps100000,4.00993371,1.00025974
0.5,rhoA0.6_rhoB0.6_h1.0_h02.0_T1_RA3.0_steps100000,4.03080983,1.00006581
0.5,rhoA0.6_rhoB0.6_h1.0_h02.0_T1_RA3.0_steps100000,4.05178039,0.999619343
0.5,rhoA0.6_rhoB0.6_h1.0_h02.0_T1_RA3.0_steps100000,4.07276799,1.00386977
0.5,rhoA0.6_rhoB0.6_h1.0_h02.0_T1_RA3.0_steps100000,4.09368684,1.00377149
0.5,rhoA0.6_rhoB0.6_h1.0_h02.0_T1_RA3.0_steps100000,4.11485609,1.00297489
0.5,rhoA0.6_rhoB0.6_h1.0_h02.0_T1_RA3.0_steps100000,4.13583188,1.00188052
0.5,rhoA0.6_rhoB0.6_h1.0_h02.0_T1_RA3.0_steps100000,4.15670688,0.99949916
0.5,rhoA0.6_rhoB0.6_h1.0_h02.0_T1_RA3.0_steps100000,4.17758774,1.00012805
0.5,rhoA0.6_rhoB0.6_h1.0_h02.0_T1_RA3.0_steps100000,4.19867141,0.999507286
0.5,rhoA0.6_rhoB0.6_h1.0_h02.0_T1_RA3.0_steps100000,4.21961517,0.999793594
0.5,rhoA0.6_rhoB0.6_h1.0_h02.0_T1_RA3.0_steps100000,4.24013393,0.999506838
0.5,rhoA0.6_rhoB0.6_h1.0_h02.0_T1_RA3.0_steps100000,4.26119077,0.997248278
0.5,rhoA0.6_rhoB0.6_h1.0_h02.0_T1_RA3.0_steps100000,4.28239268,1.00126207
0.5,rhoA0.6_rhoB0.6_h1.0_h02.0_T1_RA3.0_steps100000,4.30342826,0.998829133
0.5,rhoA0.6_rhoB0.6_h1.0_h02.0_T1_RA3.0_steps100000,4.32431592,1.00304503
0.5,rhoA0.6_rhoB0.6_h1.0_h02.0_T1_RA3.0_steps100000,4.34508479,1.00076363
0.5,rhoA0.6_rhoB0.6_h1.0_h02.0_T1_RA3.0_steps100000,4.36604259,1.00269399
0.5,rhoA0.6_rhoB0.6_h1.0_h02.0_T1_RA3.0_steps100000,4.38708086,1.00024879
0.5,rhoA0.6_rhoB0.6_h1.0_h02.0_T1_RA3.0_steps100000,4.40778797,0.999709348
0.5,rhoA0.6_rhoB0.6_h1.0_h02.0_T1_RA3.0_steps100000,4.4288526,0.992997675
0.5,rhoA0.6_rhoB0.6_h1.0_h02.0_T1_RA3.0_steps100000,4.44994967,0.998752729
0.5,rhoA0.6_rhoB0.6_h1.0_h02.0_T1_RA3.0_steps100000,4.47085438,0.998963925
0.5,rhoA0.6_rhoB0.6_h1.0_h02.0_T1_RA3.0_steps100000,4.49188801,1.00323578
0.5,rhoA0.6_rhoB0.6_h1.0_h02.0_T1_RA3.0_steps100000,4.51250216,0.99989538
0.5,rhoA0.6_rhoB0.6_h1.0_h02.0_T1_RA3.0_steps100000,4.5334461,0.999815478
0.5,rhoA0.6_rhoB0.6_h1.0_h02.0_T1_RA3.0_steps100000,4.55463591,0.998662173
0.5,rhoA0.6_rhoB0.6_h1.0_h02.0_T1_RA3.0_steps100000,4.57547609,1.00036513
0.5,rhoA0.6_rhoB0.6_h1.0_h02.0_T1_RA3.0_steps100000,4.59643311,1.00203663
0.5,rhoA0.6_rhoB0.6_h1.0_h02.0_T1_RA3.0_steps100000,4.61732903,0.99849619
0.5,rhoA0.6_rhoB0.6_h1.0_h02.0_T1_RA3.0_steps100000,4.63833098,1.0032604
0.5,rhoA0.6_rhoB0.6_h1.0_h02.0_T1_RA3.0_steps100000,4.65949324,0.998700377
0.5,rhoA0.6_rhoB0.6_h1.0_h02.0_T1_RA3.0_steps100000,4.68039693,0.999071168
0.5,rhoA0.6_rhoB0.6_h1.0_h02.0_T1_RA3.0_steps100000,4.70136745,1.00131759
0.5,rhoA0.6_rhoB0.6_h1.0_h02.0_T1_RA3.0_steps100000,4.72221533,0.998294652
0.5,rhoA0.6_rhoB0.6_h1.0_h02.0_T1_RA3.0_steps100000,4.74309374,0.998029323
0.5,rhoA0.6_rhoB0.6_h1.0_h02.0_T1_RA3.0_steps100000,4.76390784,0.999905544
0.5,rhoA0.6_rhoB0.6_h1.0_h02.0_T1_RA3.0_steps100000,4.78491795,0.997486394
0.5,rhoA0.6_rhoB0.6_h1.0_h02.0_T1_RA3.0_steps100000,4.80636204,0.99989779
0.5,rhoA0.6_rhoB0.6_h1.0_h02.0_T1_RA3.0_steps100000,4.82728449,1.00114003
0.5,rhoA0.6_rhoB0.6_h1.0_h02.0_T1_RA3.0_steps100000,4.84785524,0.999656452
0.5,rhoA0.6_rhoB0.6_h1.0_h02.0_T1_RA3.0_steps100000,4.86859731,0.9982604
0.5,rhoA0.6_rhoB0.6_h1.0_h02.0_T1_RA3.0_steps100000,4.88954319,0.997816789
0.5,rhoA0.6_rhoB0.6_h1.0_h02.0_T1_RA3.0_steps100000,4.91078695,1.00043157
0.5,rhoA0.6_rhoB0.6_h1.0_h02.0_T1_RA3.0_steps100000,4.93172016,1.00057844
0.5,rhoA0.6_rhoB0.6_h1.0_h02.0_T1_RA3.0_steps100000,4.95244063,1.00014617
0.5,rhoA0.6_rhoB0.6_h1.0_h02.0_T1_RA3.0_steps100000,4.97348932,0.996446198
0.5,rhoA0.6_rhoB0.6_h1.0_h02.0_T1_RA3.0_steps100000,4.994309,0.99956779
0.5,rhoA0.6_rhoB0.6_h1.0_h02.0_T1_RA3.0_steps100000,5.01515697,1.00101723
0.5,rhoA0.6_rhoB0.6_h1.0_h02.0_T1_RA3.0_steps100000,5.03598003,0.999482842
0.5,rhoA0.6_rhoB0.6_h1.0_h02.0_T1_RA3.0_steps100000,5.05703237,0.999112737
0.5,rhoA0.6_rhoB0.6_h1.0_h02.0_T1_RA3.0_steps100000,5.07840332,1.00273246
0.5,rhoA0.6_rhoB0.6_h1.0_h02.0_T1_RA3.0_steps100000,5.09943841,0.999610386
0.5,rhoA0.6_rhoB0.6_h1.0_h02.0_T1_RA3.0_steps100000,5.12032938,1.00200053
0.5,rhoA0.6_rhoB0.6_h1.0_h02.0_T1_RA3.0_steps100000,5.14107614,1.00179206
0.5,rhoA0.6_rhoB0.6_h1.0_h02.0_T1_RA3.0_steps100000,5.16214077,0.998689779
0.5,rhoA0.6_rhoB0.6_h1.0_h02.0_T1_RA3.0_steps100000,5.18341099,0.999493082
0.5,rhoA0.6_rhoB0.6_h1.0_h02.0_T1_RA3.0_steps100000,5.2041075,1.00230704
0.5,rhoA0.6_rhoB0.6_h1.0_h02.0_T1_RA3.0_steps100000,5.22477891,0.998998202
0.5,rhoA0.6_rhoB0.6_h1.0_h02.0_T1_RA3.0_steps100000,5.24557967,0.998375817
0.5,rhoA0.6_rhoB0.6_h1.0_h02.0_T1_RA3.0_steps100000,5.26649236,0.999894833
0.5,rhoA0.6_rhoB0.6_h1.0_h02.0_T1_RA3.0_steps100000,5.28753131,0.999775004
0.5,rhoA0.6_rhoB0.6_h1.0_h02.0_T1_RA3.0_steps100000,5.30847064,1.00020939
0.5,rhoA0.6_rhoB0.6_h1.0_h02.0_T1_RA3.0_steps100000,5.32946745,0.999684491
0.5,rhoA0.6_rhoB0.6_h1.0_h02.0_T1_RA3.0_steps100000,5.3506922,1.00160968
0.5,rhoA0.6_rhoB0.6_h1.0_h02.0_T1_RA3.0_steps100000,5.37158853,1.00130206
0.5,rhoA0.6_rhoB0.6_h1.0_h02.0_T1_RA3.0_steps100000,5.39231925,1.00232609
0.5,rhoA0.6_rhoB0.6_h1.0_h02.0_T1_RA3.0_steps100000,5.41333352,0.997738212
0.5,rhoA0.6_rhoB0.6_h1.0_h02.0_T1_RA3.0_steps100000,5.43434316,0.999296587
0.5,rhoA0.6_rhoB0.6_h1.0_h02.0_T1_RA3.0_steps100000,5.45530659,0.998563678
0.5,rhoA0.6_rhoB0.6_h1.0_h02.0_T1_RA3.0_steps100000,5.47618498,1.00253467
0.5,rhoA0.6_rhoB0.6_h1.0_h02.0_T1_RA3.0_steps100000,5.49715755,1.0009909
0.5,rhoA0.6_rhoB0.6_h1.0_h02.0_T1_RA3.0_steps100000,5.51801586,1.0003861
0.5,rhoA0.6_rhoB0.6_h1.0_h02.0_T1_RA3.0_steps100000,5.53881995,0.997414165
0.5,rhoA0.6_rhoB0.6_h1.0_h02.0_T1_RA3.0_steps100000,5.55992514,0.998662381
0.5,rhoA0.6_rhoB0.6_h1.0_h02.0_T1_RA3.0_steps100000,5.58098545,0.998243729
0.5,rhoA0.6_rhoB0.6_h1.0_h02.0_T1_RA3.0_steps100000,5.60183772,1.00088115
0.5,rhoA0.6_rhoB0.6_h1.0_h02.0_T1_RA3.0_steps100000,5.62277584,0.998525764
0.5,rhoA0.6_rhoB0.6_h1.0_h02.0_T1_RA3.0_steps100000,5.64379172,1.00187879
0.5,rhoA0.6_rhoB0.6_h1.0_h02.0_T1_RA3.0_steps100000,5.66460817,1.00247734
0.5,rhoA0.6_rhoB0.6_h1.0_h02.0_T1_RA3.0_steps100000,5.68556022,0.999135408
0.5,rhoA0.6_rhoB0.6_h1.0_h02.0_T1_RA3.0_steps100000,5.7067909,0.997471325
0.5,rhoA0.6_rhoB0.6_h1.0_h02.0_T1_RA3.0_steps100000,5.72769317,0.998583322
0.5,rhoA0.6_rhoB0.6_h1.0_h02.0_T1_RA3.0_steps100000,5.74840017,0.999725931
0.5,rhoA0.6_rhoB0.6_h1.0_h02.0_T1_RA3.0_steps100000,5.76938192,0.998795396
0.5,rhoA0.6_rhoB0.6_h1.0_h02.0_T1_RA3.0_steps100000,5.79039764,1.00009351
0.5,rhoA0.6_rhoB0.6_h1.0_h02.0_T1_RA3.0_steps100000,5.81144039,1.00060617
0.5,rhoA0.6_rhoB0.6_h1.0_h02.0_T1_RA3.0_steps100000,5.83232115,0.998517997
0.5,rhoA0.6_rhoB0.6_h1.0_h02.0_T1_RA3.0_steps100000,5.85320209,1.00100619
0.5,rhoA0.6_rhoB0.6_h1.0_h02.0_T1_RA3.0_steps100000,5.87418919,1.00033103
0.5,rhoA0.6_rhoB0.6_h1.0_h02.0_T1_RA3.0_steps100000,5.89509625,1.00026284
0.5,rhoA0.6_rhoB0.6_h1.0_h02.0_T1_RA3.0_steps100000,5.9159726,0.997105272
0.5,rhoA0.6_rhoB0.6_h1.0_h02.0_T1_RA3.0_steps100000,5.93682663,1.00358261
0.5,rhoA0.6_rhoB0.6_h1.0_h02.0_T1_RA3.0_steps100000,5.95791772,0.999078223
0.5,rhoA0.6_rhoB0.6_h1.0_h02.0_T1_RA3.0_steps100000,5.97900675,1.00364809
0.5,rhoA0.6_rhoB0.6_h1.0_h02.0_T1_RA3.0_steps100000,5.99978945,0.999517174
0.5,rhoA0.6_rhoB0.6_h1.0_h02.0_T1_RA3.0_steps100000,6.02063577,0.999390903
0.5,rhoA0.6_rhoB0.6_h1.0_h02.0_T1_RA3.0_steps100000,6.04156421,0.998941625
0.5,rhoA0.6_rhoB0.6_h1.0_h02.0_T1_RA3.0_steps100000,6.06259364,1.00411014
0.5,rhoA0.6_rhoB0.6_h1.0_h02.0_T1_RA3.0_steps100000,6.08377541,0.998275646
0.5,rhoA0.6_rhoB0.6_h1.0_h02.0_T1_RA3.0_steps100000,6.10447051,0.999315422
0.5,rhoA0.6_rhoB0.6_h1.0_h02.0_T1_RA3.0_steps100000,6.12538157,1.00166187
0.5,rhoA0.6_rhoB0.6_h1.0_h02.0_T1_RA3.0_steps100000,6.14660689,0.997911611
0.5,rhoA0.6_rhoB0.6_h1.0_h02.0_T1_RA3.0_steps100000,6.16752321,1.00081074
0.5,rhoA0.6_rhoB0.6_h1.0_h02.0_T1_RA3.0_steps100000,6.18833806,1.00060793
0.5,rhoA0.6_rhoB0.6_h1.0_h02.0_T1_RA3.0_steps100000,6.20938667,1.00110294
0.5,rhoA0.6_rhoB0.6_h1.0_h02.0_T1_RA3.0_steps100000,6.23052184,1.00102191
0.5,rhoA0.6_rhoB0.6_h1.0_h02.0_T1_RA3.0_steps100000,6.25137137,1.00000444
0.5,rhoA0.6_rhoB0.6_h1.0_h02.0_T1_RA3.0_steps100000,6.27204484,1.00021745
0.5,rhoA0.6_rhoB0.6_h1.0_h02.0_T1_RA3.0_steps100000,6.29290789,1.00112619
0.5,rhoA0.6_rhoB0.6_h1.0_h02.0_T1_RA3.0_steps100000,6.31382104,0.999291305
0.5,rhoA0.6_rhoB0.6_h1.0_h02.0_T1_RA3.0_steps100000,6.33495691,0.999463223
0.5,rhoA0.6_rhoB0.6_h1.0_h02.0_T1_RA3.0_steps100000,6.35600914,1.00195773
0.5,rhoA0.6_rhoB0.6_h1.0_h02.0_T1_RA3.0_steps100000,6.37663869,1.0008012
0.5,rhoA0.6_rhoB0.6_h1.0_h02.0_T1_RA3.0_steps100000,6.39770954,0.998037938
0.5,rhoA0.6_rhoB0.6_h1.0_h02.0_T1_RA3.0_steps100000,6.41872759,0.998730136
0.5,rhoA0.6_rhoB0.6_h1.0_h02.0_T1_RA3.0_steps100000,6.43951457,1.0005116
0.5,rhoA0.6_rhoB0.6_h1.0_h02.0_T1_RA3.0_steps100000,6.46033562,0.999591455
0.5,rhoA0.6_rhoB0.6_h1.0_h02.0_T1_RA3.0_steps100000,6.4814564,1.00059262
0.5,rhoA0.6_rhoB0.6_h1.0_h02.0_T1_RA3.0_steps100000,6.50265681,0.998840013
0.5,rhoA0.6_rhoB0.6_h1.0_h02.0_T1_RA3.0_steps100000,6.52350383,1.00378655
0.5,rhoA0.6_rhoB0.6_h1.0_h02.0_T1_RA3.0_steps100000,6.54427866,1.00074567
0.5,rhoA0.6_rhoB0.6_h1.0_h02.0_T1_RA3.0_steps100000,6.56515568,1.00029828
0.5,rhoA0.6_rhoB0.6_h1.0_h02.0_T1_RA3.0_steps100000,6.58628576,1.00110553
0.5,rhoA0.6_rhoB0.6_h1.0_h02.0_T1_RA3.0_steps100000,6.60749316,1.00200097
0.5,rhoA0.6_rhoB0.6_h1.0_h02.0_T1_RA3.0_steps100000,6.62830625,1.00040027
0.5,rhoA0.6_rhoB0.6_h1.0_h02.0_T1_RA3.0_steps100000,6.64913567,0.997039421
0.5,rhoA0.6_rhoB0.6_h1.0_h02.0_T1_RA3.0_steps100000,6.67020149,1.00263727
0.5,rhoA0.6_rhoB0.6_h1.0_h02.0_T1_RA3.0_steps100000,6.69106898,1.00024862
0.5,rhoA0.6_rhoB0.6_h1.0_h02.0_T1_RA3.0_steps100000,6.71185955,0.999338152
0.5,rhoA0.6_rhoB0.6_h1.0_h02.0_T1_RA3.0_steps100000,6.73264651,1.00142718
0.5,rhoA0.6_rhoB0.6_h1.0_h02.0_T1_RA3.0_steps100000,6.7537045,0.999801421
0.5,rhoA0.6_rhoB0.6_h1.0_h02.0_T1_RA3.0_steps100000,6.77487174,0.997486715
0.5,rhoA0.6_rhoB0.6_h1.0_h02.0_T1_RA3.0_steps100000,6.79557562,0.998652318
0.5,rhoA0.6_rhoB0.6_h1.0_h02.0_T1_RA3.0_steps100000,6.81648781,0.999827957
0.5,rhoA0.6_rhoB0.6_h1.0_h02.0_T1_RA3.0_steps100000,6.83753747,0.998620125
0.5,rhoA0.6_rhoB0.6_h1.0_h02.0_T1_RA3.0_steps100000,6.85867557,0.997829669
0.5,rhoA0.6_rhoB0.6_h1.0_h02.0_T1_RA3.0_steps100000,6.87985316,1.00109551
0.5,rhoA0.6_rhoB0.6_h1.0_h02.0_T1_RA3.0_steps100000,6.90065786,1.00013588
0.5,rhoA0.6_rhoB0.6_h1.0_h02.0_T1_RA3.0_steps100000,6.92153112,0.999667646
0.5,rhoA0.6_rhoB0.6_h1.0_h02.0_T1_RA3.0_steps100000,6.94229803,1.00165319
0.5,rhoA0.6_rhoB0.6_h1.0_h02.0_T1_RA3.0_steps100000,6.9630016,1.00077568
0.5,rhoA0.6_rhoB0.6_h1.0_h02.0_T1_RA3.0_steps100000,6.98416877,1.00143578
0.5,rhoA0.6_rhoB0.6_h1.0_h02.0_T1_RA3.0_steps100000,7.0052781,0.998981281
0.5,rhoA0.6_rhoB0.6_h1.0_h02.0_T1_RA3.0_steps100000,7.02617612,0.997586246
0.5,rhoA0.6_rhoB0.6_h1.0_h02.0_T1_RA3.0_steps100000,7.04699526,0.999793827
0.5,rhoA0.6_rhoB0.6_h1.0_h02.0_T1_RA3.0_steps100000,7.06761685,0.999140806
0.5,rhoA0.6_rhoB0.6_h1.0_h02.0_T1_RA3.0_steps100000,7.08873369,0.999761009
0.5,rhoA0.6_rhoB0.6_h1.0_h02.0_T1_RA3.0_steps100000,7.10994937,0.999029028
0.5,rhoA0.6_rhoB0.6_h1.0_h02.0_T1_RA3.0_steps100000,7.13102893,1.00019995
0.5,rhoA0.6_rhoB0.6_h1.0_h02.0_T1_RA3.0_steps100000,7.15201412,1.00144382
0.5,rhoA0.6_rhoB0.6_h1.0_h02.0_T1_RA3.0_steps100000,7.17271336,1.00137127
0.5,rhoA0.6_rhoB0.6_h1.0_h02.0_T1_RA3.0_steps100000,7.19374266,1.0003274
0.5,rhoA0.6_rhoB0.6_h1.0_h02.0_T1_RA3.0_steps100000,7.21473042,0.99828216
0.5,rhoA0.6_rhoB0.6_h1.0_h02.0_T1_RA3.0_steps100000,7.23564263,0.99937274
0.5,rhoA0.6_rhoB0.6_h1.0_h02.0_T1_RA3.0_steps100000,7.25666289,0.999238601
0.5,rhoA0.6_rhoB0.6_h1.0_h02.0_T1_RA3.0_steps100000,7.27757645,0.996466862
0.5,rhoA0.6_rhoB0.6_h1.0_h02.0_T1_RA3.0_steps100000,7.2984411,1.00069181
0.5,rhoA0.6_rhoB0.6_h1.0_h02.0_T1_RA3.0_steps100000,7.31917384,0.999294056
0.5,rhoA0.6_rhoB0.6_h1.0_h02.0_T1_RA3.0_steps100000,7.34001688,1.00029722
0.5,rhoA0.6_rhoB0.6_h1.0_h02.0_T1_RA3.0_steps100000,7.3611683,1.00179408
0.5,rhoA0.6_rhoB0.6_h1.0_h02.0_T1_RA3.0_steps100000,7.38224284,0.998512012
0.5,rhoA0.6_rhoB0.6_h1.0_h02.0_T1_RA3.0_steps100000,7.40324015,1.00240373
0.5,rhoA0.6_rhoB0.6_h1.0_h02.0_T1_RA3.0_steps100000,7.42408854,1.00104379
0.5,rhoA0.6_rhoB0.6_h1.0_h02.0_T1_RA3.0_steps100000,7.44500634,0.998096764
0.5,rhoA0.6_rhoB0.6_h1.0_h02.0_T1_RA3.0_steps100000,7.46595959,0.999812931
0.5,rhoA0.6_rhoB0.6_h1.0_h02.0_T1_RA3.0_steps100000,7.48696308,1.00056209
0.5,rhoA0.6_rhoB0.6_h1.0_h02.0_T1_RA3.0_steps100000,7.5079936,0.999445304
0.5,rhoA0.6_rhoB0.6_h1.0_h02.0_T1_RA3.0_steps100000,7.52871967,0.998130348
0.5,rhoA0.6_rhoB0.6_h1.0_h02.0_T1_RA3.0_steps100000,7.54966921,1.00057422
0.5,rhoA0.6_rhoB0.6_h1.0_h02.0_T1_RA3.0_steps100000,7.57064902,0.999367452
0.5,rhoA0.6_rhoB0.6_h1.0_h02.0_T1_RA3.0_steps100000,7.59151428,1.00129817
0.5,rhoA0.6_rhoB0.6_h1.0_h02.0_T1_RA3.0_steps100000,7.6123809,1.00115578
0.5,rhoA0.6_rhoB0.6_h1.0_h02.0_T1_RA3.0_steps100000,7.63338324,1.00125267
0.5,rhoA0.6_rhoB0.6_h1.0_h02.0_T1_RA3.0_steps100000,7.65450532,1.00059486
0.5,rhoA0.6_rhoB0.6_h1.0_h02.0_T1_RA3.0_steps100000,7.67556944,0.99946736
0.5,rhoA0.6_rhoB0.6_h1.0_h02.0_T1_RA3.0_steps100000,7.69637751,0.999213621
0.5,rhoA0.6_rhoB0.6_h1.0_h02.0_T1_RA3.0_steps100000,7.71727216,1.00081442
0.5,rhoA0.6_rhoB0.6_h1.0_h02.0_T1_RA3.0_steps100000,7.73835725,1.00203711
0.5,rhoA0.6_rhoB0.6_h1.0_h02.0_T1_RA3.0_steps100000,7.75934923,1.00029513
0.5,rhoA0.6_rhoB0.6_h1.0_h02.0_T1_RA3.0_steps100000,7.78023116,1.00095819
0.5,rhoA0.6_rhoB0.6_h1.0_h02.0_T1_RA3.0_steps100000,7.80098697,1.00142842
0.5,rhoA0.6_rhoB0.6_h1.0_h02.0_T1_RA3.0_steps100000,7.82190677,1.00235499
0.5,rhoA0.6_rhoB0.6_h1.0_h02.0_T1_RA3.0_steps100000,7.84304931,1.00033642
0.5,rhoA0.6_rhoB0.6_h1.0_h02.0_T1_RA3.0_steps100000,7.86405132,1.00176312
0.5,rhoA0.6_rhoB0.6_h1.0_h02.0_T1_RA3.0_steps100000,7.88484553,0.997608198
0.5,rhoA0.6_rhoB0.6_h1.0_h02.0_T1_RA3.0_steps100000,7.90574885,1.00155047
0.5,rhoA0.6_rhoB0.6_h1.0_h02.0_T1_RA3.0_steps100000,7.9267531,1.00125242
0.5,rhoA0.6_rhoB0.6_h1.0_h02.0_T1_RA3.0_steps100000,7.94765228,0.999344739
0.5,rhoA0.6_rhoB0.6_h1.0_h02.0_T1_RA3.0_steps100000,7.96842304,1.001038
0.5,rhoA0.6_rhoB0.6_h1.0_h02.0_T1_RA3.0_steps100000,7.98938616,0.998761793
0.5,rhoA0.6_rhoB0.6_h1.0_h02.0_T1_RA3.0_steps100000,8.01050815,0.997568505
0.5,rhoA0.6_rhoB0.6_h1.0_h02.0_T1_RA3.0_steps100000,8.03153334,0.998243477
0.5,rhoA0.6_rhoB0.6_h1.0_h02.0_T1_RA3.0_steps100000,8.05240251,0.99979635
0.5,rhoA0.6_rhoB0.6_h1.0_h02.0_T1_RA3.0_steps100000,8.07332696,0.999795515
0.5,rhoA0.6_rhoB0.6_h1.0_h02.0_T1_RA3.0_steps100000,8.09438514,0.999590081
0.5,rhoA0.6_rhoB0.6_h1.0_h02.0_T1_RA3.0_steps100000,8.11529588,1.00046034
0.5,rhoA0.6_rhoB0.6_h1.0_h02.0_T1_RA3.0_steps100000,8.13618411,1.00002835
0.5,rhoA0.6_rhoB0.6_h1.0_h02.0_T1_RA3.0_steps100000,8.15717855,0.999331395
0.5,rhoA0.6_rhoB0.6_h1.0_h02.0_T1_RA3.0_steps100000,8.17807847,1.0001551
0.5,rhoA0.6_rhoB0.6_h1.0_h02.0_T1_RA3.0_steps100000,8.19905269,0.999405727
0.5,rhoA0.6_rhoB0.6_h1.0_h02.0_T1_RA3.0_steps100000,8.21991085,0.998988053
0.5,rhoA0.6_rhoB0.6_h1.0_h02.0_T1_RA3.0_steps100000,8.24078529,1.00086687
0.5,rhoA0.6_rhoB0.6_h1.0_h02.0_T1_RA3.0_steps100000,8.26195652,0.999500956
0.5,rhoA0.6_rhoB0.6_h1.0_h02.0_T1_RA3.0_steps100000,8.28293039,1.002147
0.5,rhoA0.6_rhoB0.6_h1.0_h02.0_T1_RA3.0_steps100000,8.30373423,1.00110074
0.5,rhoA0.6_rhoB0.6_h1.0_h02.0_T1_RA3.0_steps100000,8.32452583,0.997535188
0.5,rhoA0.6_rhoB0.6_h1.0_h02.0_T1_RA3.0_steps100000,8.34556221,0.999243126
0.5,rhoA0.6_rhoB0.6_h1.0_h02.0_T1_RA3.0_steps100000,8.36671927,0.999651574
0.5,rhoA0.6_rhoB0.6_h1.0_h02.0_T1_RA3.0_steps100000,8.38757523,1.00060891
0.5,rhoA0.6_rhoB0.6_h1.0_h02.0_T1_RA3.0_steps100000,8.40855808,1.00093855
0.5,rhoA0.6_rhoB0.6_h1.0_h02.0_T1_RA3.0_steps100000,8.42953585,1.00160486
0.5,rhoA0.6_rhoB0.6_h1.0_h02.0_T1_RA3.0_steps100000,8.45042977,0.998984036
0.5,rhoA0.6_rhoB0.6_h1.0_h02.0_T1_RA3.0_steps100000,8.47138662,1.00204567
0.5,rhoA0.6_rhoB0.6_h1.0_h02.0_T1_RA3.0_steps100000,8.49217243,0.999493786
0.5,rhoA0.6_rhoB0.6_h1.0_h02.0_T1_RA3.0_steps100000,8.51321806,0.998024273
0.5,rhoA0.6_rhoB0.6_h1.0_h02.0_T1_RA3.0_steps100000,8.53421183,1.00169293
0.5,rhoA0.6_rhoB0.6_h1.0_h02.0_T1_RA3.0_steps100000,8.55508292,1.00023119
0.5,rhoA0.6_rhoB0.6_h1.0_h02.0_T1_RA3.0_steps100000,8.57598662,1.00084675
0.5,rhoA0.6_rhoB0.6_h1.0_h02.0_T1_RA3.0_steps100000,8.59679232,0.999415561
0.5,rhoA0.6_rhoB0.6_h1.0_h02.0_T1_RA3.0_steps100000,8.61783107,0.998842665
0.5,rhoA0.6_rhoB0.6_h1.0_h02.0_T1_RA3.0_steps100000,8.63891768,0.999045784
0.5,rhoA0.6_rhoB0.6_h1.0_h02.0_T1_RA3.0_steps100000,8.65972861,0.998453364
0.5,rhoA0.6_rhoB0.6_h1.0_h02.0_T1_RA3.0_steps100000,8.68059853,0.998380409
0.5,rhoA0.6_rhoB0.6_h1.0_h02.0_T1_RA3.0_steps100000,8.70174168,1.00055409
0.5,rhoA0.6_rhoB0.6_h1.0_h02.0_T1_RA3.0_steps100000,8.72279566,0.999038465
0.5,rhoA0.6_rhoB0.6_h1.0_h02.0_T1_RA3.0_steps100000,8.74359241,0.998989773
0.5,rhoA0.6_rhoB0.6_h1.0_h02.0_T1_RA3.0_steps100000,8.76424415,0.999141395
0.5,rhoA0.6_rhoB0.6_h1.0_h02.0_T1_RA3.0_steps100000,8.78526729,1.00135695
0.5,rhoA0.6_rhoB0.6_h1.0_h02.0_T1_RA3.0_steps100000,8.80637189,0.997283354
0.5,rhoA0.6_rhoB0.6_h1.0_h02.0_T1_RA3.0_steps100000,8.82736896,1.0015585
0.5,rhoA0.6_rhoB0.6_h1.0_h02.0_T1_RA3.0_steps100000,8.84843212,0.999451545
0.5,rhoA0.6_rhoB0.6_h1.0_h02.0_T1_RA3.0_steps100000,8.86933197,1.00058215
0.5,rhoA0.6_rhoB0.6_h1.0_h02.0_T1_RA3.0_steps100000,8.89026857,1.00027427
0.5,rhoA0.6_rhoB0.6_h1.0_h02.0_T1_RA3.0_steps100000,8.91123702,1.00194853
0.5,rhoA0.6_rhoB0.6_h1.0_h02.0_T1_RA3.0_steps100000,8.93214776,1.00067457
0.5,rhoA0.6_rhoB0.6_h1.0_h02.0_T1_RA3.0_steps100000,8.95312097,1.00076385
0.5,rhoA0.6_rhoB0.6_h1.0_h02.0_T1_RA3.0_steps100000,8.9741304,1.00164081
0.5,rhoA0.6_rhoB0.6_h1.0_h02.0_T1_RA3.0_steps100000,8.99505705,0.999499968
0.5,rhoA0.6_rhoB0.6_h1.0_h02.0_T1_RA3.0_steps100000,9.01571368,1.00059653
0.5,rhoA0.6_rhoB0.6_h1.0_h02.0_T1_RA3.0_steps100000,9.03640927,1.00276378
0.5,rhoA0.6_rhoB0.6_h1.0_h02.0_T1_RA3.0_steps100000,9.05755121,1.00062845
0.5,rhoA0.6_rhoB0.6_h1.0_h02.0_T1_RA3.0_steps100000,9.07868023,1.00006591
0.5,rhoA0.6_rhoB0.6_h1.0_h02.0_T1_RA3.0_steps100000,9.09969513,1.00095338
0.5,rhoA0.6_rhoB0.6_h1.0_h02.0_T1_RA3.0_steps100000,9.1205658,0.997282182
0.5,rhoA0.6_rhoB0.6_h1.0_h02.0_T1_RA3.0_steps100000,9.14137844,0.999567169
0.5,rhoA0.6_rhoB0.6_h1.0_h02.0_T1_RA3.0_steps100000,9.16237082,1.00073396
0.5,rhoA0.6_rhoB0.6_h1.0_h02.0_T1_RA3.0_steps100000,9.18339441,1.00004453
0.5,rhoA0.6_rhoB0.6_h1.0_h02.0_T1_RA3.0_steps100000,9.20447395,1.00047083
0.5,rhoA0.6_rhoB0.6_h1.0_h02.0_T1_RA3.0_steps100000,9.22549281,0.999383569
0.5,rhoA0.6_rhoB0.6_h1.0_h02.0_T1_RA3.0_steps100000,9.2463962,1.00082136
0.5,rhoA0.6_rhoB0.6_h1.0_h02.0_T1_RA3.0_steps100000,9.26722673,0.999767517
0.5,rhoA0.6_rhoB0.6_h1.0_h02.0_T1_RA3.0_steps100000,9.28791689,1.00100125
0.5,rhoA0.6_rhoB0.6_h1.0_h02.0_T1_RA3.0_steps100000,9.30892724,0.997696964
0.5,rhoA0.6_rhoB0.6_h1.0_h02.0_T1_RA3.0_steps100000,9.33003065,1.00053823
0.5,rhoA0.6_rhoB0.6_h1.0_h02.0_T1_RA3.0_steps100000,9.35102864,0.998925006
0.5,rhoA0.6_rhoB0.6_h1.0_h02.0_T1_RA3.0_steps100000,9.37196601,1.00156974
0.5,rhoA0.6_rhoB0.6_h1.0_h02.0_T1_RA3.0_steps100000,9.39258783,0.999160646
0.5,rhoA0.6_rhoB0.6_h1.0_h02.0_T1_RA3.0_steps100000,9.41349621,1.00214051
0.5,rhoA0.6_rhoB0.6_h1.0_h02.0_T1_RA3.0_steps100000,9.4347927,0.997061065
0.5,rhoA0.6_rhoB0.6_h1.0_h02.0_T1_RA3.0_steps100000,9.45587737,1.00016504
0.5,rhoA0.6_rhoB0.6_h1.0_h02.0_T1_RA3.0_steps100000,9.47676866,0.999212227
0.5,rhoA0.6_rhoB0.6_h1.0_h02.0_T1_RA3.0_steps100000,9.49762777,0.99965543
0.5,rhoA0.6_rhoB0.6_h1.0_h02.0_T1_RA3.0_steps100000,9.51852362,0.998283907
0.5,rhoA0.6_rhoB0.6_h1.0_h02.0_T1_RA3.0_steps100000,9.53939795,0.998938036
0.5,rhoA0.6_rhoB0.6_h1.0_h02.0_T1_RA3.0_steps100000,9.56035551,1.0002812
0.5,rhoA0.6_rhoB0.6_h1.0_h02.0_T1_RA3.0_steps100000,9.58149741,0.999706998
0.5,rhoA0.6_rhoB0.6_h1.0_h02.0_T1_RA3.0_steps100000,9.60249587,1.00027839
0.5,rhoA0.6_rhoB0.6_h1.0_h02.0_T1_RA3.0_steps100000,9.62336478,1.00013042
0.5,rhoA0.6_rhoB0.6_h1.0_h02.0_T1_RA3.0_steps100000,9.64415055,0.997869881
0.5,rhoA0.6_rhoB0.6_h1.0_h02.0_T1_RA3.0_steps100000,9.66502224,1.00067615
0.5,rhoA0.6_rhoB0.6_h1.0_h02.0_T1_RA3.0_steps100000,9.68597433,1.00000957
0.5,rhoA0.6_rhoB0.6_h1.0_h02.0_T1_RA3.0_steps100000,9.7069728,0.999931822
0.5,rhoA0.6_rhoB0.6_h1.0_h02.0_T1_RA3.0_steps100000,9.72797765,1.00018847
0.5,rhoA0.6_rhoB0.6_h1.0_h02.0_T1_RA3.0_steps100000,9.74896401,0.99988508
0.5,rhoA0.6_rhoB0.6_h1.0_h02.0_T1_RA3.0_steps100000,9.76996217,0.998702349
0.5,rhoA0.6_rhoB0.6_h1.0_h02.0_T1_RA3.0_steps100000,9.79085678,1.00055432
0.5,rhoA0.6_rhoB0.6_h1.0_h02.0_T1_RA3.0_steps100000,9.81166698,0.99895367
0.5,rhoA0.6_rhoB0.6_h1.0_h02.0_T1_RA3.0_steps100000,9.83262494,0.998011708
0.5,rhoA0.6_rhoB0.6_h1.0_h02.0_T1_RA3.0_steps100000,9.85372265,1.00021572
0.5,rhoA0.6_rhoB0.6_h1.0_h02.0_T1_RA3.0_steps100000,9.87472665,0.99993584
0.5,rhoA0.6_rhoB0.6_h1.0_h02.0_T1_RA3.0_steps100000,9.89559934,0.999545813
0.5,rhoA0.6_rhoB0.6_h1.0_h02.0_T1_RA3.0_steps100000,9.91635289,0.999448736
0.5,rhoA0.6_rhoB0.6_h1.0_h02.0_T1_RA3.0_steps100000,9.93737645,0.998341277
0.5,rhoA0.6_rhoB0.6_h1.0_h02.0_T1_RA3.0_steps100000,9.95856995,1.0000016
0.5,rhoA0.6_rhoB0.6_h1.0_h02.0_T1_RA3.0_steps100000,9.97940815,1.00023694
0.5,rhoA0.6_rhoB0.6_h1.0_h02.0_T1_RA3.0_steps100000,10.000082,1.00008558
2.5,rhoA0.6_rhoB0.6_h1.0_h02.0_T5_RA3.0_steps100000,0.0252815853,1.00523483
2.5,rhoA0.6_rhoB0.6_h1.0_h02.0_T5_RA3.0_steps100000,0.0486976344,0.977823142
2.5,rhoA0.6_rhoB0.6_h1.0_h02.0_T5_RA3.0_steps100000,0.0692644017,1.0120418
2.5,rhoA0.6_rhoB0.6_h1.0_h02.0_T5_RA3.0_steps100000,0.08877835,0.991990052
2.5,rhoA0.6_rhoB0.6_h1.0_h02.0_T5_RA3.0_steps100000,0.111604297,0.996801562
2.5,rhoA0.6_rhoB0.6_h1.0_h02.0_T5_RA3.0_steps100000,0.132731806,0.999455164
2.5,rhoA0.6_rhoB0.6_h1.0_h02.0_T5_RA3.0_steps100000,0.153672181,0.994920268
2.5,rhoA0.6_rhoB0.6_h1.0_h02.0_T5_RA3.0_steps100000,0.175641863,0.993479951
2.5,rhoA0.6_rhoB0.6_h1.0_h02.0_T5_RA3.0_steps100000,0.196615509,1.00091139
2.5,rhoA0.6_rhoB0.6_h1.0_h02.0_T5_RA3.0_steps100000,0.217326708,1.0043009
2.5,rhoA0.6_rhoB0.6_h1.0_h02.0_T5_RA3.0_steps100000,0.237538457,0.99715612
2.5,rhoA0.6_rhoB0.6_h1.0_h02.0_T5_RA3.0_steps100000,0.258148683,0.982861809
2.5,rhoA0.6_rhoB0.6_h1.0_h02.0_T5_RA3.0_steps100000,0.28040349,1.00461883
2.5,rhoA0.6_rhoB0.6_h1.0_h02.0_T5_RA3.0_steps100000,0.301929084,0.995337805
2.5,rhoA0.6_rhoB0.6_h1.0_h02.0_T5_RA3.0_steps100000,0.322287413,1.00027459
2.5,rhoA0.6_rhoB0.6_h1.0_h02.0_T5_RA3.0_steps100000,0.342663331,1.01001534
2.5,rhoA0.6_rhoB0.6_h1.0_h02.0_T5_RA3.0_steps100000,0.363641289,1.00465237
2.5,rhoA0.6_rhoB0.6_h1.0_h02.0_T5_RA3.0_steps100000,0.385602948,0.999667726
2.5,rhoA0.6_rhoB0.6_h1.0_h02.0_T5_RA3.0_steps100000,0.406737165,0.997441819
2.5,rhoA0.6_rhoB0.6_h1.0_h02.0_T5_RA3.0_steps100000,0.427001871,0.999866696
2.5,rhoA0.6_rhoB0.6_h1.0_h02.0_T5_RA3.0_steps100000,0.448754416,0.997187298
2.5,rhoA0.6_rhoB0.6_h1.0_h02.0_T5_RA3.0_steps100000,0.469601745,0.993236527
2.5,rhoA0.6_rhoB0.6_h1.0_h02.0_T5_RA3.0_steps100000,0.489805379,0.997436291
2.5,rhoA0.6_rhoB0.6_h1.0_h02.0_T5_RA3.0_steps100000,0.510302494,1.00122333
2.5,rhoA0.6_rhoB0.6_h1.0_h02.0_T5_RA3.0_steps100000,0.53178319,0.995978181
2.5,rhoA0.6_rhoB0.6_h1.0_h02.0_T5_RA3.0_steps100000,0.553922362,1.00045215
2.5,rhoA0.6_rhoB0.6_h1.0_h02.0_T5_RA3.0_steps100000,0.574670041,0.992013126
2.5,rhoA0.6_rhoB0.6_h1.0_h02.0_T5_RA3.0_steps100000,0.594645701,1.00668301
2.5,rhoA0.6_rhoB0.6_h1.0_h02.0_T5_RA3.0_steps100000,0.615540037,1.00274335
2.5,rhoA0.6_rhoB0.6_h1.0_h02.0_T5_RA3.0_steps100000,0.636554081,1.00007676
2.5,rhoA0.6_rhoB0.6_h1.0_h02.0_T5_RA3.0_steps100000,0.658102417,0.998803163
2.5,rhoA0.6_rhoB0.6_h1.0_h02.0_T5_RA3.0_steps100000,0.679189641,0.990198805
2.5,rhoA0.6_rhoB0.6_h1.0_h02.0_T5_RA3.0_steps100000,0.700054044,0.993808383
2.5,rhoA0.6_rhoB0.6_h1.0_h02.0_T5_RA3.0_steps100000,0.721329826,1.0015724
2.5,rhoA0.6_rhoB0.6_h1.0_h02.0_T5_RA3.0_steps100000,0.742033923,1.0091094
2.5,rhoA0.6_rhoB0.6_h1.0_h02.0_T5_RA3.0_steps100000,0.762614581,1.00058431
2.5,rhoA0.6_rhoB0.6_h1.0_h02.0_T5_RA3.0_steps100000,0.783270495,0.998390439
2.5,rhoA0.6_rhoB0.6_h1.0_h02.0_T5_RA3.0_steps100000,0.804783918,0.993309279
2.5,rhoA0.6_rhoB0.6_h1.0_h02.0_T5_RA3.0_steps100000,0.826095906,0.996335469
2.5,rhoA0.6_rhoB0.6_h1.0_h02.0_T5_RA3.0_steps100000,0.846303977,0.999910214
2.5,rhoA0.6_rhoB0.6_h1.0_h02.0_T5_RA3.0_steps100000,0.867174819,1.00384548
2.5,rhoA0.6_rhoB0.6_h1.0_h02.0_T5_RA3.0_steps100000,0.888413258,0.998169338
2.5,rhoA0.6_rhoB0.6_h1.0_h02.0_T5_RA3.0_steps100000,0.909910564,0.994422619
2.5,rhoA0.6_rhoB0.6_h1.0_h02.0_T5_RA3.0_steps100000,0.931134698,0.998937328
2.5,rhoA0.6_rhoB0.6_h1.0_h02.0_T5_RA3.0_steps100000,0.951563161,0.997123776
2.5,rhoA0.6_rhoB0.6_h1.0_h02.0_T5_RA3.0_steps100000,0.972160451,1.00237697
2.5,rhoA0.6_rhoB0.6_h1.0_h02.0_T5_RA3.0_steps100000,0.993008165,0.9997974
2.5,rhoA0.6_rhoB0.6_h1.0_h02.0_T5_RA3.0_steps100000,1.0140906,0.997306049
2.5,rhoA0.6_rhoB0.6_h1.0_h02.0_T5_RA3.0_steps100000,1.03500338,1.00587358
2.5,rhoA0.6_rhoB0.6_h1.0_h02.0_T5_RA3.0_steps100000,1.05657413,1.00094737
2.5,rhoA0.6_rhoB0.6_h1.0_h02.0_T5_RA3.0_steps100000,1.07789814,0.999407915
2.5,rhoA0.6_rhoB0.6_h1.0_h02.0_T5_RA3.0_steps100000,1.09835045,1.00361529
2.5,rhoA0.6_rhoB0.6_h1.0_h02.0_T5_RA3.0_steps100000,1.11903902,1.00342889
2.5,rhoA0.6_rhoB0.6_h1.0_h02.0_T5_RA3.0_steps100000,1.1396405,1.00566759
2.5,rhoA0.6_rhoB0.6_h1.0_h02.0_T5_RA3.0_steps100000,1.16109193,1.00519242
2.5,rhoA0.6_rhoB0.6_h1.0_h02.0_T5_RA3.0_steps100000,1.18227503,0.99921718
2.5,rhoA0.6_rhoB0.6_h1.0_h02.0_T5_RA3.0_steps100000,1.2030555,0.993420302
2.5,rhoA0.6_rhoB0.6_h1.0_h02.0_T5_RA3.0_steps100000,1.22375183,1.00100221
2.5,rhoA0.6_rhoB0.6_h1.0_h02.0_T5_RA3.0_steps100000,1.24453484,0.99721402
2.5,rhoA0.6_rhoB0.6_h1.0_h02.0_T5_RA3.0_steps100000,1.26570671,1.00199466
2.5,rhoA0.6_rhoB0.6_h1.0_h02.0_T5_RA3.0_steps100000,1.28693994,1.00362686
2.5,rhoA0.6_rhoB0.6_h1.0_h02.0_T5_RA3.0_steps100000,1.30807124,0.99829444
2.5,rhoA0.6_rhoB0.6_h1.0_h02.0_T5_RA3.0_steps100000,1.32889646,0.996877905
2.5,rhoA0.6_rhoB0.6_h1.0_h02.0_T5_RA3.0_steps100000,1.34945121,1.00469907
2.5,rhoA0.6_rhoB0.6_h1.0_h02.0_T5_RA3.0_steps100000,1.37055188,0.99337339
2.5,rhoA0.6_rhoB0.6_h1.0_h02.0_T5_RA3.0_steps100000,1.39148285,0.997601853
2.5,rhoA0.6_rhoB0.6_h1.0_h02.0_T5_RA3.0_steps100000,1.41220445,0.999200867
2.5,rhoA0.6_rhoB0.6_h1.0_h02.0_T5_RA3.0_steps100000,1.43352474,1.00063098
2.5,rhoA0.6_rhoB0.6_h1.0_h02.0_T5_RA3.0_steps100000,1.45454751,1.00085787
2.5,rhoA0.6_rhoB0.6_h1.0_h02.0_T5_RA3.0_steps100000,1.47511055,0.999189463
2.5,rhoA0.6_rhoB0.6_h1.0_h02.0_T5_RA3.0_steps100000,1.49566583,0.997807728
2.5,rhoA0.6_rhoB0.6_h1.0_h02.0_T5_RA3.0_steps100000,1.51690776,0.998704614
2.5,rhoA0.6_rhoB0.6_h1.0_h02.0_T5_RA3.0_steps100000,1.53826425,1.00014769
2.5,rhoA0.6_rhoB0.6_h1.0_h02.0_T5_RA3.0_steps100000,1.55931449,1.00303294
2.5,rhoA0.6_rhoB0.6_h1.0_h02.0_T5_RA3.0_steps100000,1.58012172,0.996191322
2.5,rhoA0.6_rhoB0.6_h1.0_h02.0_T5_RA3.0_steps100000,1.60114355,1.0023005
2.5,rhoA0.6_rhoB0.6_h1.0_h02.0_T5_RA3.0_steps100000,1.62229155,0.995990779
2.5,rhoA0.6_rhoB0.6_h1.0_h02.0_T5_RA3.0_steps100000,1.64295947,0.999298019
2.5,rhoA0.6_rhoB0.6_h1.0_h02.0_T5_RA3.0_steps100000,1.66366432,0.999836595
2.5,rhoA0.6_rhoB0.6_h1.0_h02.0_T5_RA3.0_steps100000,1.68478217,1.00150476
2.5,rhoA0.6_rhoB0.6_h1.0_h02.0_T5_RA3.0_steps100000,1.7057485,0.995851426
2.5,rhoA0.6_rhoB0.6_h1.0_h02.0_T5_RA3.0_steps100000,1.72683745,0.998053041
2.5,rhoA0.6_rhoB0.6_h1.0_h02.0_T5_RA3.0_steps100000,1.74765849,1.0017257
2.5,rhoA0.6_rhoB0.6_h1.0_h02.0_T5_RA3.0_steps100000,1.76847487,1.00022712
2.5,rhoA0.6_rhoB0.6_h1.0_h02.0_T5_RA3.0_steps100000,1.78961871,1.0005988
2.5,rhoA0.6_rhoB0.6_h1.0_h02.0_T5_RA3.0_steps100000,1.81086098,0.996961371
2.5,rhoA0.6_rhoB0.6_h1.0_h02.0_T5_RA3.0_steps100000,1.83179094,0.998005722
2.5,rhoA0.6_rhoB0.6_h1.0_h02.0_T5_RA3.0_steps100000,1.8521746,1.00171555
2.5,rhoA0.6_rhoB0.6_h1.0_h02.0_T5_RA3.0_steps100000,1.8733654,1.00123846
2.5,rhoA0.6_rhoB0.6_h1.0_h02.0_T5_RA3.0_steps100000,1.89455538,1.00178274
2.5,rhoA0.6_rhoB0.6_h1.0_h02.0_T5_RA3.0_steps100000,1.91534795,0.997817136
2.5,rhoA0.6_rhoB0.6_h1.0_h02.0_T5_RA3.0_steps100000,1.93623233,0.997311935
2.5,rhoA0.6_rhoB0.6_h1.0_h02.0_T5_RA3.0_steps100000,1.9571481,0.999045562
2.5,rhoA0.6_rhoB0.6_h1.0_h02.0_T5_RA3.0_steps100000,1.97825109,0.999625247
2.5,rhoA0.6_rhoB0.6_h1.0_h02.0_T5_RA3.0_steps100000,1.99905898,0.999977827
2.5,rhoA0.6_rhoB0.6_h1.0_h02.0_T5_RA3.0_steps100000,2.01966715,0.99884806
2.5,rhoA0.6_rhoB0.6_h1.0_h02.0_T5_RA3.0_steps100000,2.04082415,1.00129918
2.5,rhoA0.6_rhoB0.6_h1.0_h02.0_T5_RA3.0_steps100000,2.06193171,1.00314709
2.5,rhoA0.6_rhoB0.6_h1.0_h02.0_T5_RA3.0_steps100000,2.08296048,1.00425742
2.5,rhoA0.6_rhoB0.6_h1.0_h02.0_T5_RA3.0_steps100000,2.10383017,1.00057146
2.5,rhoA0.6_rhoB0.6_h1.0_h02.0_T5_RA3.0_steps100000,2.12494312,1.00000872
2.5,rhoA0.6_rhoB0.6_h1.0_h02.0_T5_RA3.0_steps100000,2.14618475,0.998313774
2.5,rhoA0.6_rhoB0.6_h1.0_h02.0_T5_RA3.0_steps100000,2.16679298,0.997559409
2.5,rhoA0.6_rhoB0.6_h1.0_h02.0_T5_RA3.0_steps100000,2.18753482,1.00039224
2.5,rhoA0.6_rhoB0.6_h1.0_h02.0_T5_RA3.0_steps100000,2.20847027,1.00276975
2.5,rhoA0.6_rhoB0.6_h1.0_h02.0_T5_RA3.0_steps100000,2.22955181,1.00179535
2.5,rhoA0.6_rhoB0.6_h1.0_h02.0_T5_RA3.0_steps100000,2.25078374,0.999254339
2.5,rhoA0.6_rhoB0.6_h1.0_h02.0_T5_RA3.0_steps100000,2.27150159,0.999014072
2.5,rhoA0.6_rhoB0.6_h1.0_h02.0_T5_RA3.0_steps100000,2.29205574,0.997970322
2.5,rhoA0.6_rhoB0.6_h1.0_h02.0_T5_RA3.0_steps100000,2.31294326,1.00021442
2.5,rhoA0.6_rhoB0.6_h1.0_h02.0_T5_RA3.0_steps100000,2.3340363,0.998983013
2.5,rhoA0.6_rhoB0.6_h1.0_h02.0_T5_RA3.0_steps100000,2.35514399,0.998886984
2.5,rhoA0.6_rhoB0.6_h1.0_h02.0_T5_RA3.0_steps100000,2.37607726,1.00039269
2.5,rhoA0.6_rhoB0.6_h1.0_h02.0_T5_RA3.0_steps100000,2.39730341,0.998795966
2.5,rhoA0.6_rhoB0.6_h1.0_h02.0_T5_RA3.0_steps100000,2.41857203,0.998599347
2.5,rhoA0.6_rhoB0.6_h1.0_h02.0_T5_RA3.0_steps100000,2.43911056,0.997055843
2.5,rhoA0.6_rhoB0.6_h1.0_h02.0_T5_RA3.0_steps100000,2.45988005,0.997826634
2.5,rhoA0.6_rhoB0.6_h1.0_h02.0_T5_RA3.0_steps100000,2.48094151,0.999929931
2.5,rhoA0.6_rhoB0.6_h1.0_h02.0_T5_RA3.0_steps100000,2.50196601,0.997678395
2.5,rhoA0.6_rhoB0.6_h1.0_h02.0_T5_RA3.0_steps100000,2.52300496,0.999801635
2.5,rhoA0.6_rhoB0.6_h1.0_h02.0_T5_RA3.0_steps100000,2.54340089,1.00215553
2.5,rhoA0.6_rhoB0.6_h1.0_h02.0_T5_RA3.0_steps100000,2.56415297,1.00134047
2.5,rhoA0.6_rhoB0.6_h1.0_h02.0_T5_RA3.0_steps100000,2.58575836,1.00150973
2.5,rhoA0.6_rhoB0.6_h1.0_h02.0_T5_RA3.0_steps100000,2.60684428,0.998647908
2.5,rhoA0.6_rhoB0.6_h1.0_h02.0_T5_RA3.0_steps100000,2.62775949,0.998454608
2.5,rhoA0.6_rhoB0.6_h1.0_h02.0_T5_RA3.0_steps100000,2.64834355,1.00044606
2.5,rhoA0.6_rhoB0.6_h1.0_h02.0_T5_RA3.0_steps100000,2.66912062,1.00015459
2.5,rhoA0.6_rhoB0.6_h1.0_h02.0_T5_RA3.0_steps100000,2.69039946,1.00146324
2.5,rhoA0.6_rhoB0.6_h1.0_h02.0_T5_RA3.0_steps100000,2.71121518,0.997908248
2.5,rhoA0.6_rhoB0.6_h1.0_h02.0_T5_RA3.0_steps100000,2.7321837,1.0006616
2.5,rhoA0.6_rhoB0.6_h1.0_h02.0_T5_RA3.0_steps100000,2.75306239,0.99646598
2.5,rhoA0.6_rhoB0.6_h1.0_h02.0_T5_RA3.0_steps100000,2.77427049,0.99801727
2.5,rhoA0.6_rhoB0.6_h1.0_h02.0_T5_RA3.0_steps100000,2.79557932,0.999851471
2.5,rhoA0.6_rhoB0.6_h1.0_h02.0_T5_RA3.0_steps100000,2.8160646,0.996795562
2.5,rhoA0.6_rhoB0.6_h1.0_h02.0_T5_RA3.0_steps100000,2.83689478,0.999438323
2.5,rhoA0.6_rhoB0.6_h1.0_h02.0_T5_RA3.0_steps100000,2.85801727,0.999255457
2.5,rhoA0.6_rhoB0.6_h1.0_h02.0_T5_RA3.0_steps100000,2.87906973,0.997534212
2.5,rhoA0.6_rhoB0.6_h1.0_h02.0_T5_RA3.0_steps100000,2.89996898,0.997790559
2.5,rhoA0.6_rhoB0.6_h1.0_h02.0_T5_RA3.0_steps100000,2.92062944,1.00133443
2.5,rhoA0.6_rhoB0.6_h1.0_h02.0_T5_RA3.0_steps100000,2.941605,0.994511
2.5,rhoA0.6_rhoB0.6_h1.0_h02.0_T5_RA3.0_steps100000,2.96267076,0.997930454
2.5,rhoA0.6_rhoB0.6_h1.0_h02.0_T5_RA3.0_steps100000,2.98347442,1.00018668
2.5,rhoA0.6_rhoB0.6_h1.0_h02.0_T5_RA3.0_steps100000,3.00437656,0.99861154
2.5,rhoA0.6_rhoB0.6_h1.0_h02.0_T5_RA3.0_steps100000,3.02542142,1.00175844
2.5,rhoA0.6_rhoB0.6_h1.0_h02.0_T5_RA3.0_steps100000,3.04658726,0.997669113
2.5,rhoA0.6_rhoB0.6_h1.0_h02.0_T5_RA3.0_steps100000,3.06768101,1.0026804
2.5,rhoA0.6_rhoB0.6_h1.0_h02.0_T5_RA3.0_steps100000,3.088328,1.00341735
2.5,rhoA0.6_rhoB0.6_h1.0_h02.0_T5_RA3.0_steps100000,3.10931167,0.99759992
2.5,rhoA0.6_rhoB0.6_h1.0_h02.0_T5_RA3.0_steps100000,3.1305457,0.998736293
2.5,rhoA0.6_rhoB0.6_h1.0_h02.0_T5_RA3.0_steps100000,3.15150209,0.997010412
2.5,rhoA0.6_rhoB0.6_h1.0_h02.0_T5_RA3.0_steps100000,3.17219014,1.00027839
2.5,rhoA0.6_rhoB0.6_h1.0_h02.0_T5_RA3.0_steps100000,3.19299024,1.0019418
2.5,rhoA0.6_rhoB0.6_h1.0_h02.0_T5_RA3.0_steps100000,3.21390436,1.00208325
2.5,rhoA0.6_rhoB0.6_h1.0_h02.0_T5_RA3.0_steps100000,3.23506564,1.00364972
2.5,rhoA0.6_rhoB0.6_h1.0_h02.0_T5_RA3.0_steps100000,3.25605387,0.999051933
2.5,rhoA0.6_rhoB0.6_h1.0_h02.0_T5_RA3.0_steps100000,3.27685776,1.00255761
2.5,rhoA0.6_rhoB0.6_h1.0_h02.0_T5_RA3.0_steps100000,3.29794723,1.00194569
2.5,rhoA0.6_rhoB0.6_h1.0_h02.0_T5_RA3.0_steps100000,3.31884778,0.998127653
2.5,rhoA0.6_rhoB0.6_h1.0_h02.0_T5_RA3.0_steps100000,3.33944269,1.00064517
2.5,rhoA0.6_rhoB0.6_h1.0_h02.0_T5_RA3.0_steps100000,3.36030612,0.99938972
2.5,rhoA0.6_rhoB0.6_h1.0_h02.0_T5_RA3.0_steps100000,3.38171654,1.00034744
2.5,rhoA0.6_rhoB0.6_h1.0_h02.0_T5_RA3.0_steps100000,3.40297495,1.00039221
2.5,rhoA0.6_rhoB0.6_h1.0_h02.0_T5_RA3.0_steps100000,3.42370792,1.00006449
2.5,rhoA0.6_rhoB0.6_h1.0_h02.0_T5_RA3.0_steps100000,3.44440875,0.997483214
2.5,rhoA0.6_rhoB0.6_h1.0_h02.0_T5_RA3.0_steps100000,3.465315,1.00031877
2.5,rhoA0.6_rhoB0.6_h1.0_h02.0_T5_RA3.0_steps100000,3.4865867,0.998188485
2.5,rhoA0.6_rhoB0.6_h1.0_h02.0_T5_RA3.0_steps100000,3.50751221,1.00660743
2.5,rhoA0.6_rhoB0.6_h1.0_h02.0_T5_RA3.0_steps100000,3.52796741,1.00081115
2.5,rhoA0.6_rhoB0.6_h1.0_h02.0_T5_RA3.0_steps100000,3.5488788,0.999040147
2.5,rhoA0.6_rhoB0.6_h1.0_h02.0_T5_RA3.0_steps100000,3.57014151,0.999249486
2.5,rhoA0.6_rhoB0.6_h1.0_h02.0_T5_RA3.0_steps100000,3.59120365,0.999465177
2.5,rhoA0.6_rhoB0.6_h1.0_h02.0_T5_RA3.0_steps100000,3.61190928,0.99947311
2.5,rhoA0.6_rhoB0.6_h1.0_h02.0_T5_RA3.0_steps100000,3.63300558,1.00137067
2.5,rhoA0.6_rhoB0.6_h1.0_h02.0_T5_RA3.0_steps100000,3.6541422,0.998483375
2.5,rhoA0.6_rhoB0.6_h1.0_h02.0_T5_RA3.0_steps100000,3.67500902,1.00160506
2.5,rhoA0.6_rhoB0.6_h1.0_h02.0_T5_RA3.0_steps100000,3.69581564,1.00021055
2.5,rhoA0.6_rhoB0.6_h1.0_h02.0_T5_RA3.0_steps100000,3.71644729,0.999600028
2.5,rhoA0.6_rhoB0.6_h1.0_h02.0_T5_RA3.0_steps100000,3.73749774,1.00110885
2.5,rhoA0.6_rhoB0.6_h1.0_h02.0_T5_RA3.0_steps100000,3.75868086,1.0042511
2.5,rhoA0.6_rhoB0.6_h1.0_h02.0_T5_RA3.0_steps100000,3.77950549,1.00189782
2.5,rhoA0.6_rhoB0.6_h1.0_h02.0_T5_RA3.0_steps100000,3.80027286,1.00076027
2.5,rhoA0.6_rhoB0.6_h1.0_h02.0_T5_RA3.0_steps100000,3.82143123,1.00047246
2.5,rhoA0.6_rhoB0.6_h1.0_h02.0_T5_RA3.0_steps100000,3.84280481,1.00006123
2.5,rhoA0.6_rhoB0.6_h1.0_h02.0_T5_RA3.0_steps100000,3.86349282,1.0000031
2.5,rhoA0.6_rhoB0.6_h1.0_h02.0_T5_RA3.0_steps100000,3.88417456,1.00009592
2.5,rhoA0.6_rhoB0.6_h1.0_h02.0_T5_RA3.0_steps100000,3.90535419,0.99805681
2.5,rhoA0.6_rhoB0.6_h1.0_h02.0_T5_RA3.0_steps100000,3.9264697,0.999561627
2.5,rhoA0.6_rhoB0.6_h1.0_h02.0_T5_RA3.0_steps100000,3.94738681,0.997967654
2.5,rhoA0.6_rhoB0.6_h1.0_h02.0_T5_RA3.0_steps100000,3.96810309,1.00157709
2.5,rhoA0.6_rhoB0.6_h1.0_h02.0_T5_RA3.0_steps100000,3.98888694,0.999035848
2.5,rhoA0.6_rhoB0.6_h1.0_h02.0_T5_RA3.0_steps100000,4.00993371,0.999506
2.5,rhoA0.6_rhoB0.6_h1.0_h02.0_T5_RA3.0_steps100000,4.03080983,0.999976398
2.5,rhoA0.6_rhoB0.6_h1.0_h02.0_T5_RA3.0_steps100000,4.05178039,0.999581895
2.5,rhoA0.6_rhoB0.6_h1.0_h02.0_T5_RA3.0_steps100000,4.07276799,1.00126807
2.5,rhoA0.6_rhoB0.6_h1.0_h02.0_T5_RA3.0_steps100000,4.09368684,1.00028704
2.5,rhoA0.6_rhoB0.6_h1.0_h02.0_T5_RA3.0_steps100000,4.11485609,1.00191105
2.5,rhoA0.6_rhoB0.6_h1.0_h02.0_T5_RA3.0_steps100000,4.13583188,1.0003664
2.5,rhoA0.6_rhoB0.6_h1.0_h02.0_T5_RA3.0_steps100000,4.15670688,1.00092299
2.5,rhoA0.6_rhoB0.6_h1.0_h02.0_T5_RA3.0_steps100000,4.17758774,1.00054079
2.5,rhoA0.6_rhoB0.6_h1.0_h02.0_T5_RA3.0_steps100000,4.19867141,1.00170844
2.5,rhoA0.6_rhoB0.6_h1.0_h02.0_T5_RA3.0_steps100000,4.21961517,0.999300536
2.5,rhoA0.6_rhoB0.6_h1.0_h02.0_T5_RA3.0_steps100000,4.24013393,0.997308768
2.5,rhoA0.6_rhoB0.6_h1.0_h02.0_T5_RA3.0_steps100000,4.26119077,1.00324473
2.5,rhoA0.6_rhoB0.6_h1.0_h02.0_T5_RA3.0_steps100000,4.28239268,0.998680521
2.5,rhoA0.6_rhoB0.6_h1.0_h02.0_T5_RA3.0_steps100000,4.30342826,1.00184404
2.5,rhoA0.6_rhoB0.6_h1.0_h02.0_T5_RA3.0_steps100000,4.32431592,1.00195058
2.5,rhoA0.6_rhoB0.6_h1.0_h02.0_T5_RA3.0_steps100000,4.34508479,0.996520537
2.5,rhoA0.6_rhoB0.6_h1.0_h02.0_T5_RA3.0_steps100000,4.36604259,1.00110824
2.5,rhoA0.6_rhoB0.6_h1.0_h02.0_T5_RA3.0_steps100000,4.38708086,0.99788039
2.5,rhoA0.6_rhoB0.6_h1.0_h02.0_T5_RA3.0_steps100000,4.40778797,0.996224377
2.5,rhoA0.6_rhoB0.6_h1.0_h02.0_T5_RA3.0_steps100000,4.4288526,0.998991497
2.5,rhoA0.6_rhoB0.6_h1.0_h02.0_T5_RA3.0_steps100000,4.44994967,1.0000362
2.5,rhoA0.6_rhoB0.6_h1.0_h02.0_T5_RA3.0_steps100000,4.47085438,1.00045722
2.5,rhoA0.6_rhoB0.6_h1.0_h02.0_T5_RA3.0_steps100000,4.49188801,1.00420916
2.5,rhoA0.6_rhoB0.6_h1.0_h02.0_T5_RA3.0_steps100000,4.51250216,0.997324678
2.5,rhoA0.6_rhoB0.6_h1.0_h02.0_T5_RA3.0_steps100000,4.5334461,1.00055527
2.5,rhoA0.6_rhoB0.6_h1.0_h02.0_T5_RA3.0_steps100000,4.55463591,1.00237946
2.5,rhoA0.6_rhoB0.6_h1.0_h02.0_T5_RA3.0_steps100000,4.57547609,1.00050581
2.5,rhoA0.6_rhoB0.6_h1.0_h02.0_T5_RA3.0_steps100000,4.59643311,0.998814095
2.5,rhoA0.6_rhoB0.6_h1.0_h02.0_T5_RA3.0_steps100000,4.61732903,0.997984035
2.5,rhoA0.6_rhoB0.6_h1.0_h02.0_T5_RA3.0_steps100000,4.63833098,0.998603986
2.5,rhoA0.6_rhoB0.6_h1.0_h02.0_T5_RA3.0_steps100000,4.65949324,0.999955167
2.5,rhoA0.6_rhoB0.6_h1.0_h02.0_T5_RA3.0_steps100000,4.68039693,0.995586354
2.5,rhoA0.6_rhoB0.6_h1.0_h02.0_T5_RA3.0_steps100000,4.70136745,0.999157779
2.5,rhoA0.6_rhoB0.6_h1.0_h02.0_T5_RA3.0_steps100000,4.72221533,0.998457683
2.5,rhoA0.6_rhoB0.6_h1.0_h02.0_T5_RA3.0_steps100000,4.74309374,1.00185684
2.5,rhoA0.6_rhoB0.6_h1.0_h02.0_T5_RA3.0_steps100000,4.76390784,0.999698339
2.5,rhoA0.6_rhoB0.6_h1.0_h02.0_T5_RA3.0_steps100000,4.78491795,0.999566663
2.5,rhoA0.6_rhoB0.6_h1.0_h02.0_T5_RA3.0_steps100000,4.80636204,1.0010604
2.5,rhoA0.6_rhoB0.6_h1.0_h02.0_T5_RA3.0_steps100000,4.82728449,1.00009177
2.5,rhoA0.6_rhoB0.6_h1.0_h02.0_T5_RA3.0_steps100000,4.84785524,1.00319186
2.5,rhoA0.6_rhoB0.6_h1.0_h02.0_T5_RA3.0_steps100000,4.86859731,0.998785209
2.5,rhoA0.6_rhoB0.6_h1.0_h02.0_T5_RA3.0_steps100000,4.88954319,1.00004093
2.5,rhoA0.6_rhoB0.6_h1.0_h02.0_T5_RA3.0_steps100000,4.91078695,0.999683414
2.5,rhoA0.6_rhoB0.6_h1.0_h02.0_T5_RA3.0_steps100000,4.93172016,1.00427491
2.5,rhoA0.6_rhoB0.6_h1.0_h02.0_T5_RA3.0_steps100000,4.95244063,1.00092431
2.5,rhoA0.6_rhoB0.6_h1.0_h02.0_T5_RA3.0_steps100000,4.97348932,1.00003398
2.5,rhoA0.6_rhoB0.6_h1.0_h02.0_T5_RA3.0_steps100000,4.994309,1.00396858
2.5,rhoA0.6_rhoB0.6_h1.0_h02.0_T5_RA3.0_steps100000,5.01515697,0.999243861
2.5,rhoA0.6_rhoB0.6_h1.0_h02.0_T5_RA3.0_steps100000,5.03598003,1.00099802
2.5,rhoA0.6_rhoB0.6_h1.0_h02.0_T5_RA3.0_steps100000,5.05703237,0.999862982
2.5,rhoA0.6_rhoB0.6_h1.0_h02.0_T5_RA3.0_steps100000,5.07840332,0.9982228
2.5,rhoA0.6_rhoB0.6_h1.0_h02.0_T5_RA3.0_steps100000,5.09943841,1.00186874
2.5,rhoA0.6_rhoB0.6_h1.0_h02.0_T5_RA3.0_steps100000,5.12032938,1.00095619
2.5,rhoA0.6_rhoB0.6_h1.0_h02.0_T5_RA3.0_steps100000,5.14107614,1.0010881
2.5,rhoA0.6_rhoB0.6_h1.0_h02.0_T5_RA3.0_steps100000,5.16214077,1.00080374
2.5,rhoA0.6_rhoB0.6_h1.0_h02.0_T5_RA3.0_steps100000,5.18341099,0.997746866
2.5,rhoA0.6_rhoB0.6_h1.0_h02.0_T5_RA3.0_steps100000,5.2041075,1.00045192
2.5,rhoA0.6_rhoB0.6_h1.0_h02.0_T5_RA3.0_steps100000,5.22477891,0.999967516
2.5,rhoA0.6_rhoB0.6_h1.0_h02.0_T5_RA3.0_steps100000,5.24557967,1.00324026
2.5,rhoA0.6_rhoB0.6_h1.0_h02.0_T5_RA3.0_steps100000,5.26649236,0.99935625
2.5,rhoA0.6_rhoB0.6_h1.0_h02.0_T5_RA3.0_steps100000,5.28753131,0.999597475
2.5,rhoA0.6_rhoB0.6_h1.0_h02.0_T5_RA3.0_steps100000,5.30847064,1.00251654
2.5,rhoA0.6_rhoB0.6_h1.0_h02.0_T5_RA3.0_steps100000,5.32946745,0.99803909
2.5,rhoA0.6_rhoB0.6_h1.0_h02.0_T5_RA3.0_steps100000,5.3506922,1.00285156
2.5,rhoA0.6_rhoB0.6_h1.0_h02.0_T5_RA3.0_steps100000,5.37158853,0.999471086
2.5,rhoA0.6_rhoB0.6_h1.0_h02.0_T5_RA3.0_steps100000,5.39231925,0.999681236
2.5,rhoA0.6_rhoB0.6_h1.0_h02.0_T5_RA3.0_steps100000,5.41333352,0.998807387
2.5,rhoA0.6_rhoB0.6_h1.0_h02.0_T5_RA3.0_steps100000,5.43434316,1.00142052
2.5,rhoA0.6_rhoB0.6_h1.0_h02.0_T5_RA3.0_steps100000,5.45530659,1.00131729
2.5,rhoA0.6_rhoB0.6_h1.0_h02.0_T5_RA3.0_steps100000,5.47618498,0.999168801
2.5,rhoA0.6_rhoB0.6_h1.0_h02.0_T5_RA3.0_steps100000,5.49715755,0.999268323
2.5,rhoA0.6_rhoB0.6_h1.0_h02.0_T5_RA3.0_steps100000,5.51801586,0.999968175
2.5,rhoA0.6_rhoB0.6_h1.0_h02.0_T5_RA3.0_steps100000,5.53881995,1.00100919
2.5,rhoA0.6_rhoB0.6_h1.0_h02.0_T5_RA3.0_steps100000,5.55992514,0.996309133
2.5,rhoA0.6_rhoB0.6_h1.0_h02.0_T5_RA3.0_steps100000,5.58098545,0.996873036
2.5,rhoA0.6_rhoB0.6_h1.0_h02.0_T5_RA3.0_steps100000,5.60183772,0.999972455
2.5,rhoA0.6_rhoB0.6_h1.0_h02.0_T5_RA3.0_steps100000,5.62277584,1.00027412
2.5,rhoA0.6_rhoB0.6_h1.0_h02.0_T5_RA3.0_steps100000,5.64379172,0.99891326
2.5,rhoA0.6_rhoB0.6_h1.0_h02.0_T5_RA3.0_steps100000,5.66460817,1.00149622
2.5,rhoA0.6_rhoB0.6_h1.0_h02.0_T5_RA3.0_steps100000,5.68556022,0.99963908
2.5,rhoA0.6_rhoB0.6_h1.0_h02.0_T5_RA3.0_steps100000,5.7067909,1.00012314
2.5,rhoA0.6_rhoB0.6_h1.0_h02.0_T5_RA3.0_steps100000,5.72769317,1.00194188
2.5,rhoA0.6_rhoB0.6_h1.0_h02.0_T5_RA3.0_steps100000,5.74840017,1.00019561
2.5,rhoA0.6_rhoB0.6_h1.0_h02.0_T5_RA3.0_steps100000,5.76938192,1.00028293
2.5,rhoA0.6_rhoB0.6_h1.0_h02.0_T5_RA3.0_steps100000,5.79039764,0.999920902
2.5,rhoA0.6_rhoB0.6_h1.0_h02.0_T5_RA3.0_steps100000,5.81144039,1.0001957
2.5,rhoA0.6_rhoB0.6_h1.0_h02.0_T5_RA3.0_steps100000,5.83232115,0.998978361
2.5,rhoA0.6_rhoB0.6_h1.0_h02.0_T5_RA3.0_steps100000,5.85320209,0.999784182
2.5,rhoA0.6_rhoB0.6_h1.0_h02.0_T5_RA3.0_steps100000,5.87418919,1.00101572
2.5,rhoA0.6_rhoB0.6_h1.0_h02.0_T5_RA3.0_steps100000,5.89509625,0.999177675
2.5,rhoA0.6_rhoB0.6_h1.0_h02.0_T5_RA3.0_steps100000,5.9159726,1.00074484
2.5,rhoA0.6_rhoB0.6_h1.0_h02.0_T5_RA3.0_steps100000,5.93682663,0.995726066
2.5,rhoA0.6_rhoB0.6_h1.0_h02.0_T5_RA3.0_steps100000,5.95791772,0.998021539
2.5,rhoA0.6_rhoB0.6_h1.0_h02.0_T5_RA3.0_steps100000,5.97900675,0.999237666
2.5,rhoA0.6_rhoB0.6_h1.0_h02.0_T5_RA3.0_steps100000,5.99978945,1.00134842
2.5,rhoA0.6_rhoB0.6_h1.0_h02.0_T5_RA3.0_steps100000,6.02063577,0.998819782
2.5,rhoA0.6_rhoB0.6_h1.0_h02.0_T5_RA3.0_steps100000,6.04156421,1.00066137
2.5,rhoA0.6_rhoB0.6_h1.0_h02.0_T5_RA3.0_steps100000,6.06259364,1.0011764
2.5,rhoA0.6_rhoB0.6_h1.0_h02.0_T5_RA3.0_steps100000,6.08377541,0.998405039
2.5,rhoA0.6_rhoB0.6_h1.0_h02.0_T5_RA3.0_steps100000,6.10447051,0.998472988
2.5,rhoA0.6_rhoB0.6_h1.0_h02.0_T5_RA3.0_steps100000,6.12538157,1.00068771
2.5,rhoA0.6_rhoB0.6_h1.0_h02.0_T5_RA3.0_steps100000,6.14660689,0.999630426
2.5,rhoA0.6_rhoB0.6_h1.0_h02.0_T5_RA3.0_steps100000,6.16752321,1.00032762
2.5,rhoA0.6_rhoB0.6_h1.0_h02.0_T5_RA3.0_steps100000,6.18833806,1.00007273
2.5,rhoA0.6_rhoB0.6_h1.0_h02.0_T5_RA3.0_steps100000,6.20938667,1.00288168
2.5,rhoA0.6_rhoB0.6_h1.0_h02.0_T5_RA3.0_steps100000,6.23052184,0.998967044
2.5,rhoA0.6_rhoB0.6_h1.0_h02.0_T5_RA3.0_steps100000,6.25137137,0.999122305
2.5,rhoA0.6_rhoB0.6_h1.0_h02.0_T5_RA3.0_steps100000,6.27204484,1.00129984
2.5,rhoA0.6_rhoB0.6_h1.0_h02.0_T5_RA3.0_steps100000,6.29290789,1.00225062
2.5,rhoA0.6_rhoB0.6_h1.0_h02.0_T5_RA3.0_steps100000,6.31382104,1.00069394
2.5,rhoA0.6_rhoB0.6_h1.0_h02.0_T5_RA3.0_steps100000,6.33495691,1.00075099
2.5,rhoA0.6_rhoB0.6_h1.0_h02.0_T5_RA3.0_steps100000,6.35600914,1.00013274
2.5,rhoA0.6_rhoB0.6_h1.0_h02.0_T5_RA3.0_steps100000,6.37663869,1.00045187
2.5,rhoA0.6_rhoB0.6_h1.0_h02.0_T5_RA3.0_steps100000,6.39770954,0.999921001
2.5,rhoA0.6_rhoB0.6_h1.0_h02.0_T5_RA3.0_steps100000,6.41872759,0.999386696
2.5,rhoA0.6_rhoB0.6_h1.0_h02.0_T5_RA3.0_steps100000,6.43951457,1.00059257
2.5,rhoA0.6_rhoB0.6_h1.0_h02.0_T5_RA3.0_steps100000,6.46033562,1.00070415
2.5,rhoA0.6_rhoB0.6_h1.0_h02.0_T5_RA3.0_steps100000,6.4814564,0.999779291
2.5,rhoA0.6_rhoB0.6_h1.0_h02.0_T5_RA3.0_steps100000,6.50265681,1.00203933
2.5,rhoA0.6_rhoB0.6_h1.0_h02.0_T5_RA3.0_steps100000,6.52350383,0.999581282
2.5,rhoA0.6_rhoB0.6_h1.0_h02.0_T5_RA3.0_steps100000,6.54427866,1.00156562
2.5,rhoA0.6_rhoB0.6_h1.0_h02.0_T5_RA3.0_steps100000,6.56515568,1.00144337
2.5,rhoA0.6_rhoB0.6_h1.0_h02.0_T5_RA3.0_steps100000,6.58628576,0.999177452
2.5,rhoA0.6_rhoB0.6_h1.0_h02.0_T5_RA3.0_steps100000,6.60749316,1.00028474
2.5,rhoA0.6_rhoB0.6_h1.0_h02.0_T5_RA3.0_steps100000,6.62830625,0.999535882
2.5,rhoA0.6_rhoB0.6_h1.0_h02.0_T5_RA3.0_steps100000,6.64913567,1.00007023
2.5,rhoA0.6_rhoB0.6_h1.0_h02.0_T5_RA3.0_steps100000,6.67020149,0.999459858
2.5,rhoA0.6_rhoB0.6_h1.0_h02.0_T5_RA3.0_steps100000,6.69106898,0.99919809
2.5,rhoA0.6_rhoB0.6_h1.0_h02.0_T5_RA3.0_steps100000,6.71185955,0.999593972
2.5,rhoA0.6_rhoB0.6_h1.0_h02.0_T5_RA3.0_steps100000,6.73264651,0.998840487
2.5,rhoA0.6_rhoB0.6_h1.0_h02.0_T5_RA3.0_steps100000,6.7537045,1.00018659
2.5,rhoA0.6_rhoB0.6_h1.0_h02.0_T5_RA3.0_steps100000,6.77487174,1.00287496
2.5,rhoA0.6_rhoB0.6_h1.0_h02.0_T5_RA3.0_steps100000,6.79557562,0.998249896
2.5,rhoA0.6_rhoB0.6_h1.0_h02.0_T5_RA3.0_steps100000,6.81648781,1.00207163
2.5,rhoA0.6_rhoB0.6_h1.0_h02.0_T5_RA3.0_steps100000,6.83753747,1.00185027
2.5,rhoA0.6_rhoB0.6_h1.0_h02.0_T5_RA3.0_steps100000,6.85867557,0.997934297
2.5,rhoA0.6_rhoB0.6_h1.0_h02.0_T5_RA3.0_steps100000,6.87985316,0.998412522
2.5,rhoA0.6_rhoB0.6_h1.0_h02.0_T5_RA3.0_steps100000,6.90065786,0.999863388
2.5,rhoA0.6_rhoB0.6_h1.0_h02.0_T5_RA3.0_steps100000,6.92153112,0.999862059
2.5,rhoA0.6_rhoB0.6_h1.0_h02.0_T5_RA3.0_steps100000,6.94229803,0.999981568
2.5,rhoA0.6_rhoB0.6_h1.0_h02.0_T5_RA3.0_steps100000,6.9630016,1.00113368
2.5,rhoA0.6_rhoB0.6_h1.0_h02.0_T5_RA3.0_steps100000,6.98416877,0.999791455
2.5,rhoA0.6_rhoB0.6_h1.0_h02.0_T5_RA3.0_steps100000,7.0052781,0.997996007
2.5,rhoA0.6_rhoB0.6_h1.0_h02.0_T5_RA3.0_steps100000,7.02617612,1.00323271
2.5,rhoA0.6_rhoB0.6_h1.0_h02.0_T5_RA3.0_steps100000,7.04699526,0.999918541
2.5,rhoA0.6_rhoB0.6_h1.0_h02.0_T5_RA3.0_steps100000,7.06761685,1.0006068
2.5,rhoA0.6_rhoB0.6_h1.0_h02.0_T5_RA3.0_steps100000,7.08873369,0.999992732
2.5,rhoA0.6_rhoB0.6_h1.0_h02.0_T5_RA3.0_steps100000,7.10994937,1.00096174
2.5,rhoA0.6_rhoB0.6_h1.0_h02.0_T5_RA3.0_steps100000,7.13102893,1.00156456
2.5,rhoA0.6_rhoB0.6_h1.0_h02.0_T5_RA3.0_steps100000,7.15201412,1.00130693
2.5,rhoA0.6_rhoB0.6_h1.0_h02.0_T5_RA3.0_steps100000,7.17271336,0.999423717
2.5,rhoA0.6_rhoB0.6_h1.0_h02.0_T5_RA3.0_steps100000,7.19374266,1.00194874
2.5,rhoA0.6_rhoB0.6_h1.0_h02.0_T5_RA3.0_steps100000,7.21473042,0.999616157
2.5,rhoA0.6_rhoB0.6_h1.0_h02.0_T5_RA3.0_steps100000,7.23564263,0.999746479
2.5,rhoA0.6_rhoB0.6_h1.0_h02.0_T5_RA3.0_steps100000,7.25666289,1.0008597
2.5,rhoA0.6_rhoB0.6_h1.0_h02.0_T5_RA3.0_steps100000,7.27757645,0.998507859
2.5,rhoA0.6_rhoB0.6_h1.0_h02.0_T5_RA3.0_steps100000,7.2984411,0.998917115
2.5,rhoA0.6_rhoB0.6_h1.0_h02.0_T5_RA3.0_steps100000,7.31917384,0.997846903
2.5,rhoA0.6_rhoB0.6_h1.0_h02.0_T5_RA3.0_steps100000,7.34001688,0.999789211
2.5,rhoA0.6_rhoB0.6_h1.0_h02.0_T5_RA3.0_steps100000,7.3611683,1.00062328
2.5,rhoA0.6_rhoB0.6_h1.0_h02.0_T5_RA3.0_steps100000,7.38224284,1.00025539
2.5,rhoA0.6_rhoB0.6_h1.0_h02.0_T5_RA3.0_steps100000,7.40324015,1.00131181
2.5,rhoA0.6_rhoB0.6_h1.0_h02.0_T5_RA3.0_steps100000,7.42408854,0.999212623
2.5,rhoA0.6_rhoB0.6_h1.0_h02.0_T5_RA3.0_steps100000,7.44500634,1.00063872
2.5,rhoA0.6_rhoB0.6_h1.0_h02.0_T5_RA3.0_steps100000,7.46595959,1.00148203
2.5,rhoA0.6_rhoB0.6_h1.0_h02.0_T5_RA3.0_steps100000,7.48696308,1.00236484
2.5,rhoA0.6_rhoB0.6_h1.0_h02.0_T5_RA3.0_steps100000,7.5079936,0.999068168
2.5,rhoA0.6_rhoB0.6_h1.0_h02.0_T5_RA3.0_steps100000,7.52871967,0.998617641
2.5,rhoA0.6_rhoB0.6_h1.0_h02.0_T5_RA3.0_steps100000,7.54966921,0.999379646
2.5,rhoA0.6_rhoB0.6_h1.0_h02.0_T5_RA3.0_steps100000,7.57064902,1.00329751
2.5,rhoA0.6_rhoB0.6_h1.0_h02.0_T5_RA3.0_steps100000,7.59151428,1.00212238
2.5,rhoA0.6_rhoB0.6_h1.0_h02.0_T5_RA3.0_steps100000,7.6123809,0.997758878
2.5,rhoA0.6_rhoB0.6_h1.0_h02.0_T5_RA3.0_steps100000,7.63338324,1.00149698
2.5,rhoA0.6_rhoB0.6_h1.0_h02.0_T5_RA3.0_steps100000,7.65450532,1.00052195
2.5,rhoA0.6_rhoB0.6_h1.0_h02.0_T5_RA3.0_steps100000,7.67556944,0.99973492
2.5,rhoA0.6_rhoB0.6_h1.0_h02.0_T5_RA3.0_steps100000,7.69637751,0.995823607
2.5,rhoA0.6_rhoB0.6_h1.0_h02.0_T5_RA3.0_steps100000,7.71727216,0.999587627
2.5,rhoA0.6_rhoB0.6_h1.0_h02.0_T5_RA3.0_steps100000,7.73835725,0.99981173
2.5,rhoA0.6_rhoB0.6_h1.0_h02.0_T5_RA3.0_steps100000,7.75934923,1.0010623
2.5,rhoA0.6_rhoB0.6_h1.0_h02.0_T5_RA3.0_steps100000,7.78023116,1.00048496
2.5,rhoA0.6_rhoB0.6_h1.0_h02.0_T5_RA3.0_steps100000,7.80098697,0.999171539
2.5,rhoA0.6_rhoB0.6_h1.0_h02.0_T5_RA3.0_steps100000,7.82190677,1.00108789
2.5,rhoA0.6_rhoB0.6_h1.0_h02.0_T5_RA3.0_steps100000,7.84304931,1.000254
2.5,rhoA0.6_rhoB0.6_h1.0_h02.0_T5_RA3.0_steps100000,7.86405132,1.00078645
2.5,rhoA0.6_rhoB0.6_h1.0_h02.0_T5_RA3.0_steps100000,7.88484553,0.999125384
2.5,rhoA0.6_rhoB0.6_h1.0_h02.0_T5_RA3.0_steps100000,7.90574885,1.00029132
2.5,rhoA0.6_rhoB0.6_h1.0_h02.0_T5_RA3.0_steps100000,7.9267531,1.00211343
2.5,rhoA0.6_rhoB0.6_h1.0_h02.0_T5_RA3.0_steps100000,7.94765228,0.998969283
2.5,rhoA0.6_rhoB0.6_h1.0_h02.0_T5_RA3.0_steps100000,7.96842304,0.998975501
2.5,rhoA0.6_rhoB0.6_h1.0_h02.0_T5_RA3.0_steps100000,7.98938616,0.998250578
2.5,rhoA0.6_rhoB0.6_h1.0_h02.0_T5_RA3.0_steps100000,8.01050815,0.999285332
2.5,rhoA0.6_rhoB0.6_h1.0_h02.0_T5_RA3.0_steps100000,8.03153334,0.999153313
2.5,rhoA0.6_rhoB0.6_h1.0_h02.0_T5_RA3.0_steps100000,8.05240251,1.00099229
2.5,rhoA0.6_rhoB0.6_h1.0_h02.0_T5_RA3.0_steps100000,8.07332696,1.00011843
2.5,rhoA0.6_rhoB0.6_h1.0_h02.0_T5_RA3.0_steps100000,8.09438514,0.999926504
2.5,rhoA0.6_rhoB0.6_h1.0_h02.0_T5_RA3.0_steps100000,8.11529588,1.00066048
2.5,rhoA0.6_rhoB0.6_h1.0_h02.0_T5_RA3.0_steps100000,8.13618411,1.00187763
2.5,rhoA0.6_rhoB0.6_h1.0_h02.0_T5_RA3.0_steps100000,8.15717855,1.00120289
2.5,rhoA0.6_rhoB0.6_h1.0_h02.0_T5_RA3.0_steps100000,8.17807847,1.00066993
2.5,rhoA0.6_rhoB0.6_h1.0_h02.0_T5_RA3.0_steps100000,8.19905269,1.00127779
2.5,rhoA0.6_rhoB0.6_h1.0_h02.0_T5_RA3.0_steps100000,8.21991085,0.999624551
2.5,rhoA0.6_rhoB0.6_h1.0_h02.0_T5_RA3.0_steps100000,8.24078529,1.00180474
2.5,rhoA0.6_rhoB0.6_h1.0_h02.0_T5_RA3.0_steps100000,8.26195652,1.00211072
2.5,rhoA0.6_rhoB0.6_h1.0_h02.0_T5_RA3.0_steps100000,8.28293039,0.999256325
2.5,rhoA0.6_rhoB0.6_h1.0_h02.0_T5_RA3.0_steps100000,8.30373423,1.00251699
2.5,rhoA0.6_rhoB0.6_h1.0_h02.0_T5_RA3.0_steps100000,8.32452583,1.00003451
2.5,rhoA0.6_rhoB0.6_h1.0_h02.0_T5_RA3.0_steps100000,8.34556221,0.998027304
2.5,rhoA0.6_rhoB0.6_h1.0_h02.0_T5_RA3.0_steps100000,8.36671927,1.00318707
2.5,rhoA0.6_rhoB0.6_h1.0_h02.0_T5_RA3.0_steps100000,8.38757523,1.00145409
2.5,rhoA0.6_rhoB0.6_h1.0_h02.0_T5_RA3.0_steps100000,8.40855808,1.00044511
2.5,rhoA0.6_rhoB0.6_h1.0_h02.0_T5_RA3.0_steps100000,8.42953585,1.00054457
2.5,rhoA0.6_rhoB0.6_h1.0_h02.0_T5_RA3.0_steps100000,8.45042977,0.998685451
2.5,rhoA0.6_rhoB0.6_h1.0_h02.0_T5_RA3.0_steps100000,8.47138662,1.00008402
2.5,rhoA0.6_rhoB0.6_h1.0_h02.0_T5_RA3.0_steps100000,8.49217243,0.999336902
2.5,rhoA0.6_rhoB0.6_h1.0_h02.0_T5_RA3.0_steps100000,8.51321806,1.00078981
2.5,rhoA0.6_rhoB0.6_h1.0_h02.0_T5_RA3.0_steps100000,8.53421183,0.998500643
2.5,rhoA0.6_rhoB0.6_h1.0_h02.0_T5_RA3.0_steps100000,8.55508292,0.999540878
2.5,rhoA0.6_rhoB0.6_h1.0_h02.0_T5_RA3.0_steps100000,8.57598662,1.00211968
2.5,rhoA0.6_rhoB0.6_h1.0_h02.0_T5_RA3.0_steps100000,8.59679232,1.00200222
2.5,rhoA0.6_rhoB0.6_h1.0_h02.0_T5_RA3.0_steps100000,8.61783107,0.998635056
2.5,rhoA0.6_rhoB0.6_h1.0_h02.0_T5_RA3.0_steps100000,8.63891768,0.998750321
2.5,rhoA0.6_rhoB0.6_h1.0_h02.0_T5_RA3.0_steps100000,8.65972861,0.999980677
2.5,rhoA0.6_rhoB0.6_h1.0_h02.0_T5_RA3.0_steps100000,8.68059853,1.00100681
2.5,rhoA0.6_rhoB0.6_h1.0_h02.0_T5_RA3.0_steps100000,8.70174168,0.996560545
2.5,rhoA0.6_rhoB0.6_h1.0_h02.0_T5_RA3.0_steps100000,8.72279566,0.999711026
2.5,rhoA0.6_rhoB0.6_h1.0_h02.0_T5_RA3.0_steps100000,8.74359241,0.997698413
2.5,rhoA0.6_rhoB0.6_h1.0_h02.0_T5_RA3.0_steps100000,8.76424415,0.998913864
2.5,rhoA0.6_rhoB0.6_h1.0_h02.0_T5_RA3.0_steps100000,8.78526729,0.998056129
2.5,rhoA0.6_rhoB0.6_h1.0_h02.0_T5_RA3.0_steps100000,8.80637189,0.999154652
2.5,rhoA0.6_rhoB0.6_h1.0_h02.0_T5_RA3.0_steps100000,8.82736896,1.00125893
2.5,rhoA0.6_rhoB0.6_h1.0_h02.0_T5_RA3.0_steps100000,8.84843212,0.99897995
2.5,rhoA0.6_rhoB0.6_h1.0_h02.0_T5_RA3.0_steps100000,8.86933197,0.997095142
2.5,rhoA0.6_rhoB0.6_h1.0_h02.0_T5_RA3.0_steps100000,8.89026857,1.00170254
2.5,rhoA0.6_rhoB0.6_h1.0_h02.0_T5_RA3.0_steps100000,8.91123702,0.999768385
2.5,rhoA0.6_rhoB0.6_h1.0_h02.0_T5_RA3.0_steps100000,8.93214776,0.999714198
2.5,rhoA0.6_rhoB0.6_h1.0_h02.0_T5_RA3.0_steps100000,8.95312097,1.00014083
2.5,rhoA0.6_rhoB0.6_h1.0_h02.0_T5_RA3.0_steps100000,8.9741304,1.00247122
2.5,rhoA0.6_rhoB0.6_h1.0_h02.0_T5_RA3.0_steps100000,8.99505705,0.999751411
2.5,rhoA0.6_rhoB0.6_h1.0_h02.0_T5_RA3.0_steps100000,9.01571368,1.00110369
2.5,rhoA0.6_rhoB0.6_h1.0_h02.0_T5_RA3.0_steps100000,9.03640927,0.999155359
2.5,rhoA0.6_rhoB0.6_h1.0_h02.0_T5_RA3.0_steps100000,9.05755121,0.999974372
2.5,rhoA0.6_rhoB0.6_h1.0_h02.0_T5_RA3.0_steps100000,9.07868023,1.00080061
2.5,rhoA0.6_rhoB0.6_h1.0_h02.0_T5_RA3.0_steps100000,9.09969513,1.00306795
2.5,rhoA0.6_rhoB0.6_h1.0_h02.0_T5_RA3.0_steps100000,9.1205658,0.998759956
2.5,rhoA0.6_rhoB0.6_h1.0_h02.0_T5_RA3.0_steps100000,9.14137844,0.999026615
2.5,rhoA0.6_rhoB0.6_h1.0_h02.0_T5_RA3.0_steps100000,9.16237082,0.999312789
2.5,rhoA0.6_rhoB0.6_h1.0_h02.0_T5_RA3.0_steps100000,9.18339441,1.00011393
2.5,rhoA0.6_rhoB0.6_h1.0_h02.0_T5_RA3.0_steps100000,9.20447395,1.00061
2.5,rhoA0.6_rhoB0.6_h1.0_h02.0_T5_RA3.0_steps100000,9.22549281,1.00017585
2.5,rhoA0.6_rhoB0.6_h1.0_h02.0_T5_RA3.0_steps100000,9.2463962,0.998239218
2.5,rhoA0.6_rhoB0.6_h1.0_h02.0_T5_RA3.0_steps100000,9.26722673,1.00141716
2.5,rhoA0.6_rhoB0.6_h1.0_h02.0_T5_RA3.0_steps100000,9.28791689,1.00211065
2.5,rhoA0.6_rhoB0.6_h1.0_h02.0_T5_RA3.0_steps100000,9.30892724,1.00062382
2.5,rhoA0.6_rhoB0.6_h1.0_h02.0_T5_RA3.0_steps100000,9.33003065,1.00096923
2.5,rhoA0.6_rhoB0.6_h1.0_h02.0_T5_RA3.0_steps100000,9.35102864,0.997483104
2.5,rhoA0.6_rhoB0.6_h1.0_h02.0_T5_RA3.0_steps100000,9.37196601,0.999895229
2.5,rhoA0.6_rhoB0.6_h1.0_h02.0_T5_RA3.0_steps100000,9.39258783,1.00157376
2.5,rhoA0.6_rhoB0.6_h1.0_h02.0_T5_RA3.0_steps100000,9.41349621,1.00061191
2.5,rhoA0.6_rhoB0.6_h1.0_h02.0_T5_RA3.0_steps100000,9.4347927,0.998860001
2.5,rhoA0.6_rhoB0.6_h1.0_h02.0_T5_RA3.0_steps100000,9.45587737,0.998405111
2.5,rhoA0.6_rhoB0.6_h1.0_h02.0_T5_RA3.0_steps100000,9.47676866,1.00097394
2.5,rhoA0.6_rhoB0.6_h1.0_h02.0_T5_RA3.0_steps100000,9.49762777,0.999892199
2.5,rhoA0.6_rhoB0.6_h1.0_h02.0_T5_RA3.0_steps100000,9.51852362,1.00011874
2.5,rhoA0.6_rhoB0.6_h1.0_h02.0_T5_RA3.0_steps100000,9.53939795,0.999803522
2.5,rhoA0.6_rhoB0.6_h1.0_h02.0_T5_RA3.0_steps100000,9.56035551,0.999905489
2.5,rhoA0.6_rhoB0.6_h1.0_h02.0_T5_RA3.0_steps100000,9.58149741,1.00030291
2.5,rhoA0.6_rhoB0.6_h1.0_h02.0_T5_RA3.0_steps100000,9.60249587,0.997518131
2.5,rhoA0.6_rhoB0.6_h1.0_h02.0_T5_RA3.0_steps100000,9.62336478,0.998200832
2.5,rhoA0.6_rhoB0.6_h1.0_h02.0_T5_RA3.0_steps100000,9.64415055,1.00119229
2.5,rhoA0.6_rhoB0.6_h1.0_h02.0_T5_RA3.0_steps100000,9.66502224,0.997734876
2.5,rhoA0.6_rhoB0.6_h1.0_h02.0_T5_RA3.0_steps100000,9.68597433,0.999985226
2.5,rhoA0.6_rhoB0.6_h1.0_h02.0_T5_RA3.0_steps100000,9.7069728,0.997984194
2.5,rhoA0.6_rhoB0.6_h1.0_h02.0_T5_RA3.0_steps100000,9.72797765,1.00150645
2.5,rhoA0.6_rhoB0.6_h1.0_h02.0_T5_RA3.0_steps100000,9.74896401,1.00005177
2.5,rhoA0.6_rhoB0.6_h1.0_h02.0_T5_RA3.0_steps100000,9.76996217,1.00047846
2.5,rhoA0.6_rhoB0.6_h1.0_h02.0_T5_RA3.0_steps100000,9.79085678,0.999459222
2.5,rhoA0.6_rhoB0.6_h1.0_h02.0_T5_RA3.0_steps100000,9.81166698,1.00096571
2.5,rhoA0.6_rhoB0.6_h1.0_h02.0_T5_RA3.0_steps100000,9.83262494,0.998031741
2.5,rhoA0.6_rhoB0.6_h1.0_h02.0_T5_RA3.0_steps100000,9.85372265,1.00045826
2.5,rhoA0.6_rhoB0.6_h1.0_h02.0_T5_RA3.0_steps100000,9.87472665,0.999902706
2.5,rhoA0.6_rhoB0.6_h1.0_h02.0_T5_RA3.0_steps100000,9.89559934,0.998157308
2.5,rhoA0.6_rhoB0.6_h1.0_h02.0_T5_RA3.0_steps100000,9.91635289,0.99880031
2.5,rhoA0.6_rhoB0.6_h1.0_h02.0_T5_RA3.0_steps100000,9.93737645,0.99800399
2.5,rhoA0.6_rhoB0.6_h1.0_h02.0_T5_RA3.0_steps100000,9.95856995,0.999642058
2.5,rhoA0.6_rhoB0.6_h1.0_h02.0_T5_RA3.0_steps100000,9.97940815,1.00137031
2.5,rhoA0.6_rhoB0.6_h1.0_h02.0_T5_RA3.0_steps100000,10.000082,1.001048
5.0,rhoA0.6_rhoB0.6_h1.0_h02.0_T10_RA3.0_steps100000,0.0252815853,0.972478308
5.0,rhoA0.6_rhoB0.6_h1.0_h02.0_T10_RA3.0_steps100000,0.0486976344,0.998742396
5.0,rhoA0.6_rhoB0.6_h1.0_h02.0_T10_RA3.0_steps100000,0.0692644017,0.999868963
5.0,rhoA0.6_rhoB0.6_h1.0_h02.0_T10_RA3.0_steps100000,0.08877835,0.995496055
5.0,rhoA0.6_rhoB0.6_h1.0_h02.0_T10_RA3.0_steps100000,0.111604297,0.995662674
5.0,rhoA0.6_rhoB0.6_h1.0_h02.0_T10_RA3.0_steps100000,0.132731806,0.994542052
5.0,rhoA0.6_rhoB0.6_h1.0_h02.0_T10_RA3.0_steps100000,0.153672181,1.0082709
5.0,rhoA0.6_rhoB0.6_h1.0_h02.0_T10_RA3.0_steps100000,0.175641863,0.996769256
5.0,rhoA0.6_rhoB0.6_h1.0_h02.0_T10_RA3.0_steps100000,0.196615509,0.99877399
5.0,rhoA0.6_rhoB0.6_h1.0_h02.0_T10_RA3.0_steps100000,0.217326708,1.00183541
5.0,rhoA0.6_rhoB0.6_h1.0_h02.0_T10_RA3.0_steps100000,0.237538457,0.997607334
5.0,rhoA0.6_rhoB0.6_h1.0_h02.0_T10_RA3.0_steps100000,0.258148683,0.996835228
5.0,rhoA0.6_rhoB0.6_h1.0_h02.0_T10_RA3.0_steps100000,0.28040349,0.996303978
5.0,rhoA0.6_rhoB0.6_h1.0_h02.0_T10_RA3.0_steps100000,0.301929084,0.98902189
5.0,rhoA0.6_rhoB0.6_h1.0_h02.0_T10_RA3.0_steps100000,0.322287413,1.00559871
5.0,rhoA0.6_rhoB0.6_h1.0_h02.0_T10_RA3.0_steps100000,0.342663331,0.994292911
5.0,rhoA0.6_rhoB0.6_h1.0_h02.0_T10_RA3.0_steps100000,0.363641289,1.00301609
5.0,rhoA0.6_rhoB0.6_h1.0_h02.0_T10_RA3.0_steps100000,0.385602948,1.00492154
5.0,rhoA0.6_rhoB0.6_h1.0_h02.0_T10_RA3.0_steps100000,0.406737165,0.998260791
5.0,rhoA0.6_rhoB0.6_h1.0_h02.0_T10_RA3.0_steps100000,0.427001871,0.997314524
5.0,rhoA0.6_rhoB0.6_h1.0_h02.0_T10_RA3.0_steps100000,0.448754416,0.995832157
5.0,rhoA0.6_rhoB0.6_h1.0_h02.0_T10_RA3.0_steps100000,0.469601745,1.00691153
5.0,rhoA0.6_rhoB0.6_h1.0_h02.0_T10_RA3.0_steps100000,0.489805379,0.995127718
5.0,rhoA0.6_rhoB0.6_h1.0_h02.0_T10_RA3.0_steps100000,0.510302494,1.00737033
5.0,rhoA0.6_rhoB0.6_h1.0_h02.0_T10_RA3.0_steps100000,0.53178319,0.998125996
5.0,rhoA0.6_rhoB0.6_h1.0_h02.0_T10_RA3.0_steps100000,0.553922362,0.99677292
5.0,rhoA0.6_rhoB0.6_h1.0_h02.0_T10_RA3.0_steps100000,0.574670041,0.993014014
5.0,rhoA0.6_rhoB0.6_h1.0_h02.0_T10_RA3.0_steps100000,0.594645701,1.00763153
5.0,rhoA0.6_rhoB0.6_h1.0_h02.0_T10_RA3.0_steps100000,0.615540037,1.00433653
5.0,rhoA0.6_rhoB0.6_h1.0_h02.0_T10_RA3.0_steps100000,0.636554081,1.00340178
5.0,rhoA0.6_rhoB0.6_h1.0_h02.0_T10_RA3.0_steps100000,0.658102417,1.00365515
5.0,rhoA0.6_rhoB0.6_h1.0_h02.0_T10_RA3.0_steps100000,0.679189641,0.993079276
5.0,rhoA0.6_rhoB0.6_h1.0_h02.0_T10_RA3.0_steps100000,0.700054044,0.99614155
5.0,rhoA0.6_rhoB0.6_h1.0_h02.0_T10_RA3.0_steps100000,0.721329826,0.999302433
5.0,rhoA0.6_rhoB0.6_h1.0_h02.0_T10_RA3.0_steps100000,0.742033923,0.996301014
5.0,rhoA0.6_rhoB0.6_h1.0_h02.0_T10_RA3.0_steps100000,0.762614581,0.994901659
5.0,rhoA0.6_rhoB0.6_h1.0_h02.0_T10_RA3.0_steps100000,0.783270495,0.999808608
5.0,rhoA0.6_rhoB0.6_h1.0_h02.0_T10_RA3.0_steps100000,0.804783918,1.00674333
5.0,rhoA0.6_rhoB0.6_h1.0_h02.0_T10_RA3.0_steps100000,0.826095906,1.00491385
5.0,rhoA0.6_rhoB0.6_h1.0_h02.0_T10_RA3.0_steps100000,0.846303977,1.00254728
5.0,rhoA0.6_rhoB0.6_h1.0_h02.0_T10_RA3.0_steps100000,0.867174819,1.00214474
5.0,rhoA0.6_rhoB0.6_h1.0_h02.0_T10_RA3.0_steps100000,0.888413258,1.00017455
5.0,rhoA0.6_rhoB0.6_h1.0_h02.0_T10_RA3.0_steps100000,0.909910564,0.997150802
5.0,rhoA0.6_rhoB0.6_h1.0_h02.0_T10_RA3.0_steps100000,0.931134698,0.998258063
5.0,rhoA0.6_rhoB0.6_h1.0_h02.0_T10_RA3.0_steps100000,0.951563161,1.0017165
5.0,rhoA0.6_rhoB0.6_h1.0_h02.0_T10_RA3.0_steps100000,0.972160451,1.00089022
5.0,rhoA0.6_rhoB0.6_h1.0_h02.0_T10_RA3.0_steps100000,0.993008165,0.99794715
5.0,rhoA0.6_rhoB0.6_h1.0_h02.0_T10_RA3.0_steps100000,1.0140906,1.00461386
5.0,rhoA0.6_rhoB0.6_h1.0_h02.0_T10_RA3.0_steps100000,1.03500338,0.999404825
5.0,rhoA0.6_rhoB0.6_h1.0_h02.0_T10_RA3.0_steps100000,1.05657413,1.00384223
5.0,rhoA0.6_rhoB0.6_h1.0_h02.0_T10_RA3.0_steps100000,1.07789814,0.999129143
5.0,rhoA0.6_rhoB0.6_h1.0_h02.0_T10_RA3.0_steps100000,1.09835045,0.998451353
5.0,rhoA0.6_rhoB0.6_h1.0_h02.0_T10_RA3.0_steps100000,1.11903902,0.991880584
5.0,rhoA0.6_rhoB0.6_h1.0_h02.0_T10_RA3.0_steps100000,1.1396405,1.00781605
5.0,rhoA0.6_rhoB0.6_h1.0_h02.0_T10_RA3.0_steps100000,1.16109193,1.00457549
5.0,rhoA0.6_rhoB0.6_h1.0_h02.0_T10_RA3.0_steps100000,1.18227503,0.99723412
5.0,rhoA0.6_rhoB0.6_h1.0_h02.0_T10_RA3.0_steps100000,1.2030555,1.00623652
5.0,rhoA0.6_rhoB0.6_h1.0_h02.0_T10_RA3.0_steps100000,1.22375183,1.00095114
5.0,rhoA0.6_rhoB0.6_h1.0_h02.0_T10_RA3.0_steps100000,1.24453484,1.00089999
5.0,rhoA0.6_rhoB0.6_h1.0_h02.0_T10_RA3.0_steps100000,1.26570671,1.00192471
5.0,rhoA0.6_rhoB0.6_h1.0_h02.0_T10_RA3.0_steps100000,1.28693994,1.00266908
5.0,rhoA0.6_rhoB0.6_h1.0_h02.0_T10_RA3.0_steps100000,1.30807124,1.00070649
5.0,rhoA0.6_rhoB0.6_h1.0_h02.0_T10_RA3.0_steps100000,1.32889646,1.00136087
5.0,rhoA0.6_rhoB0.6_h1.0_h02.0_T10_RA3.0_steps100000,1.34945121,0.999358371
5.0,rhoA0.6_rhoB0.6_h1.0_h02.0_T10_RA3.0_steps100000,1.37055188,1.00116308
5.0,rhoA0.6_rhoB0.6_h1.0_h02.0_T10_RA3.0_steps100000,1.39148285,1.0026611
5.0,rhoA0.6_rhoB0.6_h1.0_h02.0_T10_RA3.0_steps100000,1.41220445,1.00413274
5.0,rhoA0.6_rhoB0.6_h1.0_h02.0_T10_RA3.0_steps100000,1.43352474,0.999687487
5.0,rhoA0.6_rhoB0.6_h1.0_h02.0_T10_RA3.0_steps100000,1.45454751,1.0020615
5.0,rhoA0.6_rhoB0.6_h1.0_h02.0_T10_RA3.0_steps100000,1.47511055,1.00512564
5.0,rhoA0.6_rhoB0.6_h1.0_h02.0_T10_RA3.0_steps100000,1.49566583,0.999382499
5.0,rhoA0.6_rhoB0.6_h1.0_h02.0_T10_RA3.0_steps100000,1.51690776,0.995082765
5.0,rhoA0.6_rhoB0.6_h1.0_h02.0_T10_RA3.0_steps100000,1.53826425,1.00077148
5.0,rhoA0.6_rhoB0.6_h1.0_h02.0_T10_RA3.0_steps100000,1.55931449,1.00433294
5.0,rhoA0.6_rhoB0.6_h1.0_h02.0_T10_RA3.0_steps100000,1.58012172,0.995170707
5.0,rhoA0.6_rhoB0.6_h1.0_h02.0_T10_RA3.0_steps100000,1.60114355,1.0040517
5.0,rhoA0.6_rhoB0.6_h1.0_h02.0_T10_RA3.0_steps100000,1.62229155,0.996643062
5.0,rhoA0.6_rhoB0.6_h1.0_h02.0_T10_RA3.0_steps100000,1.64295947,1.00696531
5.0,rhoA0.6_rhoB0.6_h1.0_h02.0_T10_RA3.0_steps100000,1.66366432,0.995650937
5.0,rhoA0.6_rhoB0.6_h1.0_h02.0_T10_RA3.0_steps100000,1.68478217,0.999973794
5.0,rhoA0.6_rhoB0.6_h1.0_h02.0_T10_RA3.0_steps100000,1.7057485,0.995300615
5.0,rhoA0.6_rhoB0.6_h1.0_h02.0_T10_RA3.0_steps100000,1.72683745,0.999317044
5.0,rhoA0.6_rhoB0.6_h1.0_h02.0_T10_RA3.0_steps100000,1.74765849,0.998248602
5.0,rhoA0.6_rhoB0.6_h1.0_h02.0_T10_RA3.0_steps100000,1.76847487,1.00040845
5.0,rhoA0.6_rhoB0.6_h1.0_h02.0_T10_RA3.0_steps100000,1.78961871,0.998069037
5.0,rhoA0.6_rhoB0.6_h1.0_h02.0_T10_RA3.0_steps100000,1.81086098,0.99799436
5.0,rhoA0.6_rhoB0.6_h1.0_h02.0_T10_RA3.0_steps100000,1.83179094,1.00540486
5.0,rhoA0.6_rhoB0.6_h1.0_h02.0_T10_RA3.0_steps100000,1.8521746,1.00347387
5.0,rhoA0.6_rhoB0.6_h1.0_h02.0_T10_RA3.0_steps100000,1.8733654,1.00235005
5.0,rhoA0.6_rhoB0.6_h1.0_h02.0_T10_RA3.0_steps100000,1.89455538,1.00218898
5.0,rhoA0.6_rhoB0.6_h1.0_h02.0_T10_RA3.0_steps100000,1.91534795,0.999991451
5.0,rhoA0.6_rhoB0.6_h1.0_h02.0_T10_RA3.0_steps100000,1.93623233,1.0010294
5.0,rhoA0.6_rhoB0.6_h1.0_h02.0_T10_RA3.0_steps100000,1.9571481,0.992764672
5.0,rhoA0.6_rhoB0.6_h1.0_h02.0_T10_RA3.0_steps100000,1.97825109,1.00377164
5.0,rhoA0.6_rhoB0.6_h1.0_h02.0_T10_RA3.0_steps100000,1.99905898,1.00083445
5.0,rhoA0.6_rhoB0.6_h1.0_h02.0_T10_RA3.0_steps100000,2.01966715,0.999222921
5.0,rhoA0.6_rhoB0.6_h1.0_h02.0_T10_RA3.0_steps100000,2.04082415,0.999362927
5.0,rhoA0.6_rhoB0.6_h1.0_h02.0_T10_RA3.0_steps100000,2.06193171,0.99558619
5.0,rhoA0.6_rhoB0.6_h1.0_h02.0_T10_RA3.0_steps100000,2.08296048,0.998623374
5.0,rhoA0.6_rhoB0.6_h1.0_h02.0_T10_RA3.0_steps100000,2.10383017,1.00697845
5.0,rhoA0.6_rhoB0.6_h1.0_h02.0_T10_RA3.0_steps100000,2.12494312,0.996966448
5.0,rhoA0.6_rhoB0.6_h1.0_h02.0_T10_RA3.0_steps100000,2.14618475,0.999853691
5.0,rhoA0.6_rhoB0.6_h1.0_h02.0_T10_RA3.0_steps100000,2.16679298,1.00440641
5.0,rhoA0.6_rhoB0.6_h1.0_h02.0_T10_RA3.0_steps100000,2.18753482,0.998148022
5.0,rhoA0.6_rhoB0.6_h1.0_h02.0_T10_RA3.0_steps100000,2.20847027,0.998245848
5.0,rhoA0.6_rhoB0.6_h1.0_h02.0_T10_RA3.0_steps100000,2.22955181,0.999582218
5.0,rhoA0.6_rhoB0.6_h1.0_h02.0_T10_RA3.0_steps100000,2.25078374,1.00297466
5.0,rhoA0.6_rhoB0.6_h1.0_h02.0_T10_RA3.0_steps100000,2.27150159,0.99969442
5.0,rhoA0.6_rhoB0.6_h1.0_h02.0_T10_RA3.0_steps100000,2.29205574,0.999855144
5.0,rhoA0.6_rhoB0.6_h1.0_h02.0_T10_RA3.0_steps100000,2.31294326,1.00194512
5.0,rhoA0.6_rhoB0.6_h1.0_h02.0_T10_RA3.0_steps100000,2.3340363,0.998190839
5.0,rhoA0.6_rhoB0.6_h1.0_h02.0_T10_RA3.0_steps100000,2.35514399,0.99880223
5.0,rhoA0.6_rhoB0.6_h1.0_h02.0_T10_RA3.0_steps100000,2.37607726,0.999407114
5.0,rhoA0.6_rhoB0.6_h1.0_h02.0_T10_RA3.0_steps100000,2.39730341,1.00220238
5.0,rhoA0.6_rhoB0.6_h1.0_h02.0_T10_RA3.0_steps100000,2.41857203,1.00560581
5.0,rhoA0.6_rhoB0.6_h1.0_h02.0_T10_RA3.0_steps100000,2.43911056,0.999566475
5.0,rhoA0.6_rhoB0.6_h1.0_h02.0_T10_RA3.0_steps100000,2.45988005,1.00014983
5.0,rhoA0.6_rhoB0.6_h1.0_h02.0_T10_RA3.0_steps100000,2.48094151,1.00113199
5.0,rhoA0.6_rhoB0.6_h1.0_h02.0_T10_RA3.0_steps100000,2.50196601,1.00067025
5.0,rhoA0.6_rhoB0.6_h1.0_h02.0_T10_RA3.0_steps100000,2.52300496,1.00133901
5.0,rhoA0.6_rhoB0.6_h1.0_h02.0_T10_RA3.0_steps100000,2.54340089,1.00081792
5.0,rhoA0.6_rhoB0.6_h1.0_h02.0_T10_RA3.0_steps100000,2.56415297,0.996708995
5.0,rhoA0.6_rhoB0.6_h1.0_h02.0_T10_RA3.0_steps100000,2.58575836,1.00201238
5.0,rhoA0.6_rhoB0.6_h1.0_h02.0_T10_RA3.0_steps100000,2.60684428,0.999392571
5.0,rhoA0.6_rhoB0.6_h1.0_h02.0_T10_RA3.0_steps100000,2.62775949,1.00031729
5.0,rhoA0.6_rhoB0.6_h1.0_h02.0_T10_RA3.0_steps100000,2.64834355,0.99592492
5.0,rhoA0.6_rhoB0.6_h1.0_h02.0_T10_RA3.0_steps100000,2.66912062,1.00247615
5.0,rhoA0.6_rhoB0.6_h1.0_h02.0_T10_RA3.0_steps100000,2.69039946,1.00018975
5.0,rhoA0.6_rhoB0.6_h1.0_h02.0_T10_RA3.0_steps100000,2.71121518,0.9979476
5.0,rhoA0.6_rhoB0.6_h1.0_h02.0_T10_RA3.0_steps100000,2.7321837,1.00037632
5.0,rhoA0.6_rhoB0.6_h1.0_h02.0_T10_RA3.0_steps100000,2.75306239,1.00302495
5.0,rhoA0.6_rhoB0.6_h1.0_h02.0_T10_RA3.0_steps100000,2.77427049,1.00356138
5.0,rhoA0.6_rhoB0.6_h1.0_h02.0_T10_RA3.0_steps100000,2.79557932,0.998635543
5.0,rhoA0.6_rhoB0.6_h1.0_h02.0_T10_RA3.0_steps100000,2.8160646,0.999193254
5.0,rhoA0.6_rhoB0.6_h1.0_h02.0_T10_RA3.0_steps100000,2.83689478,0.999265305
5.0,rhoA0.6_rhoB0.6_h1.0_h02.0_T10_RA3.0_steps100000,2.85801727,0.998195306
5.0,rhoA0.6_rhoB0.6_h1.0_h02.0_T10_RA3.0_steps100000,2.87906973,1.00113269
5.0,rhoA0.6_rhoB0.6_h1.0_h02.0_T10_RA3.0_steps100000,2.89996898,1.00229766
5.0,rhoA0.6_rhoB0.6_h1.0_h02.0_T10_RA3.0_steps100000,2.92062944,1.00039829
5.0,rhoA0.6_rhoB0.6_h1.0_h02.0_T10_RA3.0_steps100000,2.941605,0.998490702
5.0,rhoA0.6_rhoB0.6_h1.0_h02.0_T10_RA3.0_steps100000,2.96267076,1.00118413
5.0,rhoA0.6_rhoB0.6_h1.0_h02.0_T10_RA3.0_steps100000,2.98347442,0.998723306
5.0,rhoA0.6_rhoB0.6_h1.0_h02.0_T10_RA3.0_steps100000,3.00437656,1.00034433
5.0,rhoA0.6_rhoB0.6_h1.0_h02.0_T10_RA3.0_steps100000,3.02542142,1.00082143
5.0,rhoA0.6_rhoB0.6_h1.0_h02.0_T10_RA3.0_steps100000,3.04658726,0.998519545
5.0,rhoA0.6_rhoB0.6_h1.0_h02.0_T10_RA3.0_steps100000,3.06768101,0.999643064
5.0,rhoA0.6_rhoB0.6_h1.0_h02.0_T10_RA3.0_steps100000,3.088328,0.998689693
5.0,rhoA0.6_rhoB0.6_h1.0_h02.0_T10_RA3.0_steps100000,3.10931167,0.999059137
5.0,rhoA0.6_rhoB0.6_h1.0_h02.0_T10_RA3.0_steps100000,3.1305457,1.00278996
5.0,rhoA0.6_rhoB0.6_h1.0_h02.0_T10_RA3.0_steps100000,3.15150209,1.00265385
5.0,rhoA0.6_rhoB0.6_h1.0_h02.0_T10_RA3.0_steps100000,3.17219014,1.00089723
5.0,rhoA0.6_rhoB0.6_h1.0_h02.0_T10_RA3.0_steps100000,3.19299024,1.00111114
5.0,rhoA0.6_rhoB0.6_h1.0_h02.0_T10_RA3.0_steps100000,3.21390436,1.00000366
5.0,rhoA0.6_rhoB0.6_h1.0_h02.0_T10_RA3.0_steps100000,3.23506564,0.997857125
5.0,rhoA0.6_rhoB0.6_h1.0_h02.0_T10_RA3.0_steps100000,3.25605387,0.998929442
5.0,rhoA0.6_rhoB0.6_h1.0_h02.0_T10_RA3.0_steps100000,3.27685776,0.998540892
5.0,rhoA0.6_rhoB0.6_h1.0_h02.0_T10_RA3.0_steps100000,3.29794723,0.997097407
5.0,rhoA0.6_rhoB0.6_h1.0_h02.0_T10_RA3.0_steps100000,3.31884778,1.00018448
5.0,rhoA0.6_rhoB0.6_h1.0_h02.0_T10_RA3.0_steps100000,3.33944269,0.998558857
5.0,rhoA0.6_rhoB0.6_h1.0_h02.0_T10_RA3.0_steps100000,3.36030612,1.00063613
5.0,rhoA0.6_rhoB0.6_h1.0_h02.0_T10_RA3.0_steps100000,3.38171654,1.00008245
5.0,rhoA0.6_rhoB0.6_h1.0_h02.0_T10_RA3.0_steps100000,3.40297495,0.999112152
5.0,rhoA0.6_rhoB0.6_h1.0_h02.0_T10_RA3.0_steps100000,3.42370792,1.00053004
5.0,rhoA0.6_rhoB0.6_h1.0_h02.0_T10_RA3.0_steps100000,3.44440875,0.998928542
5.0,rhoA0.6_rhoB0.6_h1.0_h02.0_T10_RA3.0_steps100000,3.465315,0.998626816
5.0,rhoA0.6_rhoB0.6_h1.0_h02.0_T10_RA3.0_steps100000,3.4865867,1.00187303
5.0,rhoA0.6_rhoB0.6_h1.0_h02.0_T10_RA3.0_steps100000,3.50751221,1.00006335
5.0,rhoA0.6_rhoB0.6_h1.0_h02.0_T10_RA3.0_steps100000,3.52796741,1.00026571
5.0,rhoA0.6_rhoB0.6_h1.0_h02.0_T10_RA3.0_steps100000,3.5488788,1.0007966
5.0,rhoA0.6_rhoB0.6_h1.0_h02.0_T10_RA3.0_steps100000,3.57014151,1.00213093
5.0,rhoA0.6_rhoB0.6_h1.0_h02.0_T10_RA3.0_steps100000,3.59120365,1.00484759
5.0,rhoA0.6_rhoB0.6_h1.0_h02.0_T10_RA3.0_steps100000,3.61190928,0.998148797
5.0,rhoA0.6_rhoB0.6_h1.0_h02.0_T10_RA3.0_steps100000,3.63300558,1.00049577
5.0,rhoA0.6_rhoB0.6_h1.0_h02.0_T10_RA3.0_steps100000,3.6541422,0.998640677
5.0,rhoA0.6_rhoB0.6_h1.0_h02.0_T10_RA3.0_steps100000,3.67500902,1.00216312
5.0,rhoA0.6_rhoB0.6_h1.0_h02.0_T10_RA3.0_steps100000,3.69581564,0.998878563
5.0,rhoA0.6_rhoB0.6_h1.0_h02.0_T10_RA3.0_steps100000,3.71644729,1.00024005
5.0,rhoA0.6_rhoB0.6_h1.0_h02.0_T10_RA3.0_steps100000,3.73749774,0.999887503
5.0,rhoA0.6_rhoB0.6_h1.0_h02.0_T10_RA3.0_steps100000,3.75868086,1.00191322
5.0,rhoA0.6_rhoB0.6_h1.0_h02.0_T10_RA3.0_steps100000,3.77950549,1.00159187
5.0,rhoA0.6_rhoB0.6_h1.0_h02.0_T10_RA3.0_steps100000,3.80027286,0.998648018
5.0,rhoA0.6_rhoB0.6_h1.0_h02.0_T10_RA3.0_steps100000,3.82143123,0.996941578
5.0,rhoA0.6_rhoB0.6_h1.0_h02.0_T10_RA3.0_steps100000,3.84280481,1.00079977
5.0,rhoA0.6_rhoB0.6_h1.0_h02.0_T10_RA3.0_steps100000,3.86349282,0.997526909
5.0,rhoA0.6_rhoB0.6_h1.0_h02.0_T10_RA3.0_steps100000,3.88417456,1.00267955
5.0,rhoA0.6_rhoB0.6_h1.0_h02.0_T10_RA3.0_steps100000,3.90535419,1.00120991
5.0,rhoA0.6_rhoB0.6_h1.0_h02.0_T10_RA3.0_steps100000,3.9264697,0.999651575
5.0,rhoA0.6_rhoB0.6_h1.0_h02.0_T10_RA3.0_steps100000,3.94738681,1.00157523
5.0,rhoA0.6_rhoB0.6_h1.0_h02.0_T10_RA3.0_steps100000,3.96810309,1.00007414
5.0,rhoA0.6_rhoB0.6_h1.0_h02.0_T10_RA3.0_steps100000,3.98888694,0.996356948
5.0,rhoA0.6_rhoB0.6_h1.0_h02.0_T10_RA3.0_steps100000,4.00993371,1.00226603
5.0,rhoA0.6_rhoB0.6_h1.0_h02.0_T10_RA3.0_steps100000,4.03080983,0.997098108
5.0,rhoA0.6_rhoB0.6_h1.0_h02.0_T10_RA3.0_steps100000,4.05178039,1.00040973
5.0,rhoA0.6_rhoB0.6_h1.0_h02.0_T10_RA3.0_steps100000,4.07276799,1.00010847
5.0,rhoA0.6_rhoB0.6_h1.0_h02.0_T10_RA3.0_steps100000,4.09368684,1.00226295
5.0,rhoA0.6_rhoB0.6_h1.0_h02.0_T10_RA3.0_steps100000,4.11485609,1.00082851
5.0,rhoA0.6_rhoB0.6_h1.0_h02.0_T10_RA3.0_steps100000,4.13583188,0.998705918
5.0,rhoA0.6_rhoB0.6_h1.0_h02.0_T10_RA3.0_steps100000,4.15670688,0.998633522
5.0,rhoA0.6_rhoB0.6_h1.0_h02.0_T10_RA3.0_steps100000,4.17758774,0.998404061
5.0,rhoA0.6_rhoB0.6_h1.0_h02.0_T10_RA3.0_steps100000,4.19867141,0.998658175
5.0,rhoA0.6_rhoB0.6_h1.0_h02.0_T10_RA3.0_steps100000,4.21961517,0.9968711
5.0,rhoA0.6_rhoB0.6_h1.0_h02.0_T10_RA3.0_steps100000,4.24013393,0.998812917
5.0,rhoA0.6_rhoB0.6_h1.0_h02.0_T10_RA3.0_steps100000,4.26119077,1.00082558
5.0,rhoA0.6_rhoB0.6_h1.0_h02.0_T10_RA3.0_steps100000,4.28239268,1.00098903
5.0,rhoA0.6_rhoB0.6_h1.0_h02.0_T10_RA3.0_steps100000,4.30342826,0.998581652
5.0,rhoA0.6_rhoB0.6_h1.0_h02.0_T10_RA3.0_steps100000,4.32431592,1.00044031
5.0,rhoA0.6_rhoB0.6_h1.0_h02.0_T10_RA3.0_steps100000,4.34508479,1.00007661
5.0,rhoA0.6_rhoB0.6_h1.0_h02.0_T10_RA3.0_steps100000,4.36604259,1.00298339
5.0,rhoA0.6_rhoB0.6_h1.0_h02.0_T10_RA3.0_steps100000,4.38708086,0.998687611
5.0,rhoA0.6_rhoB0.6_h1.0_h02.0_T10_RA3.0_steps100000,4.40778797,1.00093947
5.0,rhoA0.6_rhoB0.6_h1.0_h02.0_T10_RA3.0_steps100000,4.4288526,1.00036567
5.0,rhoA0.6_rhoB0.6_h1.0_h02.0_T10_RA3.0_steps100000,4.44994967,0.998304603
5.0,rhoA0.6_rhoB0.6_h1.0_h02.0_T10_RA3.0_steps100000,4.47085438,0.997899474
5.0,rhoA0.6_rhoB0.6_h1.0_h02.0_T10_RA3.0_steps100000,4.49188801,1.00010283
5.0,rhoA0.6_rhoB0.6_h1.0_h02.0_T10_RA3.0_steps100000,4.51250216,0.999991294
5.0,rhoA0.6_rhoB0.6_h1.0_h02.0_T10_RA3.0_steps100000,4.5334461,1.00176386
5.0,rhoA0.6_rhoB0.6_h1.0_h02.0_T10_RA3.0_steps100000,4.55463591,1.0034417
5.0,rhoA0.6_rhoB0.6_h1.0_h02.0_T10_RA3.0_steps100000,4.57547609,0.999696112
5.0,rhoA0.6_rhoB0.6_h1.0_h02.0_T10_RA3.0_steps100000,4.59643311,1.00160343
5.0,rhoA0.6_rhoB0.6_h1.0_h02.0_T10_RA3.0_steps100000,4.61732903,1.0004449
5.0,rhoA0.6_rhoB0.6_h1.0_h02.0_T10_RA3.0_steps100000,4.63833098,1.00098066
5.0,rhoA0.6_rhoB0.6_h1.0_h02.0_T10_RA3.0_steps100000,4.65949324,0.997506546
5.0,rhoA0.6_rhoB0.6_h1.0_h02.0_T10_RA3.0_steps100000,4.68039693,0.998167231
5.0,rhoA0.6_rhoB0.6_h1.0_h02.0_T10_RA3.0_steps100000,4.70136745,1.00041876
5.0,rhoA0.6_rhoB0.6_h1.0_h02.0_T10_RA3.0_steps100000,4.72221533,1.00216398
5.0,rhoA0.6_rhoB0.6_h1.0_h02.0_T10_RA3.0_steps100000,4.74309374,1.00161944
5.0,rhoA0.6_rhoB0.6_h1.0_h02.0_T10_RA3.0_steps100000,4.76390784,0.998175637
5.0,rhoA0.6_rhoB0.6_h1.0_h02.0_T10_RA3.0_steps100000,4.78491795,0.999121327
5.0,rhoA0.6_rhoB0.6_h1.0_h02.0_T10_RA3.0_steps100000,4.80636204,0.998971067
5.0,rhoA0.6_rhoB0.6_h1.0_h02.0_T10_RA3.0_steps100000,4.82728449,0.996475877
5.0,rhoA0.6_rhoB0.6_h1.0_h02.0_T10_RA3.0_steps100000,4.84785524,1.00024178
5.0,rhoA0.6_rhoB0.6_h1.0_h02.0_T10_RA3.0_steps100000,4.86859731,1.0015162
5.0,rhoA0.6_rhoB0.6_h1.0_h02.0_T10_RA3.0_steps100000,4.88954319,0.999802412
5.0,rhoA0.6_rhoB0.6_h1.0_h02.0_T10_RA3.0_steps100000,4.91078695,1.00052819
5.0,rhoA0.6_rhoB0.6_h1.0_h02.0_T10_RA3.0_steps100000,4.93172016,1.00039066
5.0,rhoA0.6_rhoB0.6_h1.0_h02.0_T10_RA3.0_steps100000,4.95244063,0.998865395
5.0,rhoA0.6_rhoB0.6_h1.0_h02.0_T10_RA3.0_steps100000,4.97348932,0.997805545
5.0,rhoA0.6_rhoB0.6_h1.0_h02.0_T10_RA3.0_steps100000,4.994309,1.00109739
5.0,rhoA0.6_rhoB0.6_h1.0_h02.0_T10_RA3.0_steps100000,5.01515697,1.00064941
5.0,rhoA0.6_rhoB0.6_h1.0_h02.0_T10_RA3.0_steps100000,5.03598003,1.00024943
5.0,rhoA0.6_rhoB0.6_h1.0_h02.0_T10_RA3.0_steps100000,5.05703237,0.999240638
5.0,rhoA0.6_rhoB0.6_h1.0_h02.0_T10_RA3.0_steps100000,5.07840332,0.998921156
5.0,rhoA0.6_rhoB0.6_h1.0_h02.0_T10_RA3.0_steps100000,5.09943841,1.00095348
5.0,rhoA0.6_rhoB0.6_h1.0_h02.0_T10_RA3.0_steps100000,5.12032938,0.998786275
5.0,rhoA0.6_rhoB0.6_h1.0_h02.0_T10_RA3.0_steps100000,5.14107614,0.999886328
5.0,rhoA0.6_rhoB0.6_h1.0_h02.0_T10_RA3.0_steps100000,5.16214077,0.997323159
5.0,rhoA0.6_rhoB0.6_h1.0_h02.0_T10_RA3.0_steps100000,5.18341099,1.00058392
5.0,rhoA0.6_rhoB0.6_h1.0_h02.0_T10_RA3.0_steps100000,5.2041075,1.00086525
5.0,rhoA0.6_rhoB0.6_h1.0_h02.0_T10_RA3.0_steps100000,5.22477891,0.99891294
5.0,rhoA0.6_rhoB0.6_h1.0_h02.0_T10_RA3.0_steps100000,5.24557967,1.00147429
5.0,rhoA0.6_rhoB0.6_h1.0_h02.0_T10_RA3.0_steps100000,5.26649236,0.999191735
5.0,rhoA0.6_rhoB0.6_h1.0_h02.0_T10_RA3.0_steps100000,5.28753131,0.999764401
5.0,rhoA0.6_rhoB0.6_h1.0_h02.0_T10_RA3.0_steps100000,5.30847064,0.998426815
5.0,rhoA0.6_rhoB0.6_h1.0_h02.0_T10_RA3.0_steps100000,5.32946745,0.999324134
5.0,rhoA0.6_rhoB0.6_h1.0_h02.0_T10_RA3.0_steps100000,5.3506922,1.00253089
5.0,rhoA0.6_rhoB0.6_h1.0_h02.0_T10_RA3.0_steps100000,5.37158853,0.998488715
5.0,rhoA0.6_rhoB0.6_h1.0_h02.0_T10_RA3.0_steps100000,5.39231925,1.00050267
5.0,rhoA0.6_rhoB0.6_h1.0_h02.0_T10_RA3.0_steps100000,5.41333352,1.00068421
5.0,rhoA0.6_rhoB0.6_h1.0_h02.0_T10_RA3.0_steps100000,5.43434316,1.00061389
5.0,rhoA0.6_rhoB0.6_h1.0_h02.0_T10_RA3.0_steps100000,5.45530659,1.0007502
5.0,rhoA0.6_rhoB0.6_h1.0_h02.0_T10_RA3.0_steps100000,5.47618498,1.00246869
5.0,rhoA0.6_rhoB0.6_h1.0_h02.0_T10_RA3.0_steps100000,5.49715755,0.999236857
5.0,rhoA0.6_rhoB0.6_h1.0_h02.0_T10_RA3.0_steps100000,5.51801586,1.00250334
5.0,rhoA0.6_rhoB0.6_h1.0_h02.0_T10_RA3.0_steps100000,5.53881995,1.00322954
5.0,rhoA0.6_rhoB0.6_h1.0_h02.0_T10_RA3.0_steps100000,5.55992514,1.00198715
5.0,rhoA0.6_rhoB0.6_h1.0_h02.0_T10_RA3.0_steps100000,5.58098545,0.998820403
5.0,rhoA0.6_rhoB0.6_h1.0_h02.0_T10_RA3.0_steps100000,5.60183772,0.99995889
5.0,rhoA0.6_rhoB0.6_h1.0_h02.0_T10_RA3.0_steps100000,5.62277584,0.999695375
5.0,rhoA0.6_rhoB0.6_h1.0_h02.0_T10_RA3.0_steps100000,5.64379172,1.00036629
5.0,rhoA0.6_rhoB0.6_h1.0_h02.0_T10_RA3.0_steps100000,5.66460817,0.998282544
5.0,rhoA0.6_rhoB0.6_h1.0_h02.0_T10_RA3.0_steps100000,5.68556022,1.00163402
5.0,rhoA0.6_rhoB0.6_h1.0_h02.0_T10_RA3.0_steps100000,5.7067909,0.999655937
5.0,rhoA0.6_rhoB0.6_h1.0_h02.0_T10_RA3.0_steps100000,5.72769317,1.00105996
5.0,rhoA0.6_rhoB0.6_h1.0_h02.0_T10_RA3.0_steps100000,5.74840017,1.00025015
5.0,rhoA0.6_rhoB0.6_h1.0_h02.0_T10_RA3.0_steps100000,5.76938192,0.998518069
5.0,rhoA0.6_rhoB0.6_h1.0_h02.0_T10_RA3.0_steps100000,5.79039764,1.00180487
5.0,rhoA0.6_rhoB0.6_h1.0_h02.0_T10_RA3.0_steps100000,5.81144039,1.00137119
5.0,rhoA0.6_rhoB0.6_h1.0_h02.0_T10_RA3.0_steps100000,5.83232115,1.00252681
5.0,rhoA0.6_rhoB0.6_h1.0_h02.0_T10_RA3.0_steps100000,5.85320209,1.0015291
5.0,rhoA0.6_rhoB0.6_h1.0_h02.0_T10_RA3.0_steps100000,5.87418919,0.998795564
5.0,rhoA0.6_rhoB0.6_h1.0_h02.0_T10_RA3.0_steps100000,5.89509625,0.998597718
5.0,rhoA0.6_rhoB0.6_h1.0_h02.0_T10_RA3.0_steps100000,5.9159726,0.998587191
5.0,rhoA0.6_rhoB0.6_h1.0_h02.0_T10_RA3.0_steps100000,5.93682663,1.0000917
5.0,rhoA0.6_rhoB0.6_h1.0_h02.0_T10_RA3.0_steps100000,5.95791772,1.00156511
5.0,rhoA0.6_rhoB0.6_h1.0_h02.0_T10_RA3.0_steps100000,5.97900675,1.00081044
5.0,rhoA0.6_rhoB0.6_h1.0_h02.0_T10_RA3.0_steps100000,5.99978945,1.00096462
5.0,rhoA0.6_rhoB0.6_h1.0_h02.0_T10_RA3.0_steps100000,6.02063577,1.00043391
5.0,rhoA0.6_rhoB0.6_h1.0_h02.0_T10_RA3.0_steps100000,6.04156421,0.998200631
5.0,rhoA0.6_rhoB0.6_h1.0_h02.0_T10_RA3.0_steps100000,6.06259364,0.997173132
5.0,rhoA0.6_rhoB0.6_h1.0_h02.0_T10_RA3.0_steps100000,6.08377541,0.999519039
5.0,rhoA0.6_rhoB0.6_h1.0_h02.0_T10_RA3.0_steps100000,6.10447051,0.999650505
5.0,rhoA0.6_rhoB0.6_h1.0_h02.0_T10_RA3.0_steps100000,6.12538157,0.998177799
5.0,rhoA0.6_rhoB0.6_h1.0_h02.0_T10_RA3.0_steps100000,6.14660689,1.00051327
5.0,rhoA0.6_rhoB0.6_h1.0_h02.0_T10_RA3.0_steps100000,6.16752321,0.99822641
5.0,rhoA0.6_rhoB0.6_h1.0_h02.0_T10_RA3.0_steps100000,6.18833806,0.998761383
5.0,rhoA0.6_rhoB0.6_h1.0_h02.0_T10_RA3.0_steps100000,6.20938667,0.998311243
5.0,rhoA0.6_rhoB0.6_h1.0_h02.0_T10_RA3.0_steps100000,6.23052184,1.00252235
5.0,rhoA0.6_rhoB0.6_h1.0_h02.0_T10_RA3.0_steps100000,6.25137137,1.00123982
5.0,rhoA0.6_rhoB0.6_h1.0_h02.0_T10_RA3.0_steps100000,6.27204484,1.00128278
5.0,rhoA0.6_rhoB0.6_h1.0_h02.0_T10_RA3.0_steps100000,6.29290789,1.00089925
5.0,rhoA0.6_rhoB0.6_h1.0_h02.0_T10_RA3.0_steps100000,6.31382104,1.00115449
5.0,rhoA0.6_rhoB0.6_h1.0_h02.0_T10_RA3.0_steps100000,6.33495691,1.00046874
5.0,rhoA0.6_rhoB0.6_h1.0_h02.0_T10_RA3.0_steps100000,6.35600914,1.00325288
5.0,rhoA0.6_rhoB0.6_h1.0_h02.0_T10_RA3.0_steps100000,6.37663869,0.999789155
5.0,rhoA0.6_rhoB0.6_h1.0_h02.0_T10_RA3.0_steps100000,6.39770954,0.998338762
5.0,rhoA0.6_rhoB0.6_h1.0_h02.0_T10_RA3.0_steps100000,6.41872759,0.999043665
5.0,rhoA0.6_rhoB0.6_h1.0_h02.0_T10_RA3.0_steps100000,6.43951457,0.998471249
5.0,rhoA0.6_rhoB0.6_h1.0_h02.0_T10_RA3.0_steps100000,6.46033562,1.00130421
5.0,rhoA0.6_rhoB0.6_h1.0_h02.0_T10_RA3.0_steps100000,6.4814564,1.00043382
5.0,rhoA0.6_rhoB0.6_h1.0_h02.0_T10_RA3.0_steps100000,6.50265681,0.999880216
5.0,rhoA0.6_rhoB0.6_h1.0_h02.0_T10_RA3.0_steps100000,6.52350383,1.00051365
5.0,rhoA0.6_rhoB0.6_h1.0_h02.0_T10_RA3.0_steps100000,6.54427866,0.999105617
5.0,rhoA0.6_rhoB0.6_h1.0_h02.0_T10_RA3.0_steps100000,6.56515568,1.00148961
5.0,rhoA0.6_rhoB0.6_h1.0_h02.0_T10_RA3.0_steps100000,6.58628576,0.997608089
5.0,rhoA0.6_rhoB0.6_h1.0_h02.0_T10_RA3.0_steps100000,6.60749316,1.00202528
5.0,rhoA0.6_rhoB0.6_h1.0_h02.0_T10_RA3.0_steps100000,6.62830625,1.00011343
5.0,rhoA0.6_rhoB0.6_h1.0_h02.0_T10_RA3.0_steps100000,6.64913567,1.00008421
5.0,rhoA0.6_rhoB0.6_h1.0_h02.0_T10_RA3.0_steps100000,6.67020149,1.000106
5.0,rhoA0.6_rhoB0.6_h1.0_h02.0_T10_RA3.0_steps100000,6.69106898,0.997727485
5.0,rhoA0.6_rhoB0.6_h1.0_h02.0_T10_RA3.0_steps100000,6.71185955,1.00069258
5.0,rhoA0.6_rhoB0.6_h1.0_h02.0_T10_RA3.0_steps100000,6.73264651,0.99993668
5.0,rhoA0.6_rhoB0.6_h1.0_h02.0_T10_RA3.0_steps100000,6.7537045,1.00114573
5.0,rhoA0.6_rhoB0.6_h1.0_h02.0_T10_RA3.0_steps100000,6.77487174,0.997348135
5.0,rhoA0.6_rhoB0.6_h1.0_h02.0_T10_RA3.0_steps100000,6.79557562,1.00093832
5.0,rhoA0.6_rhoB0.6_h1.0_h02.0_T10_RA3.0_steps100000,6.81648781,0.998395499
5.0,rhoA0.6_rhoB0.6_h1.0_h02.0_T10_RA3.0_steps100000,6.83753747,1.00072127
5.0,rhoA0.6_rhoB0.6_h1.0_h02.0_T10_RA3.0_steps100000,6.85867557,0.999873958
5.0,rhoA0.6_rhoB0.6_h1.0_h02.0_T10_RA3.0_steps100000,6.87985316,1.00102065
5.0,rhoA0.6_rhoB0.6_h1.0_h02.0_T10_RA3.0_steps100000,6.90065786,1.0008712
5.0,rhoA0.6_rhoB0.6_h1.0_h02.0_T10_RA3.0_steps100000,6.92153112,1.00102202
5.0,rhoA0.6_rhoB0.6_h1.0_h02.0_T10_RA3.0_steps100000,6.94229803,1.00073735
5.0,rhoA0.6_rhoB0.6_h1.0_h02.0_T10_RA3.0_steps100000,6.9630016,1.00184764
5.0,rhoA0.6_rhoB0.6_h1.0_h02.0_T10_RA3.0_steps100000,6.98416877,1.00045773
5.0,rhoA0.6_rhoB0.6_h1.0_h02.0_T10_RA3.0_steps100000,7.0052781,1.00018433
5.0,rhoA0.6_rhoB0.6_h1.0_h02.0_T10_RA3.0_steps100000,7.02617612,0.999013129
5.0,rhoA0.6_rhoB0.6_h1.0_h02.0_T10_RA3.0_steps100000,7.04699526,0.999424893
5.0,rhoA0.6_rhoB0.6_h1.0_h02.0_T10_RA3.0_steps100000,7.06761685,0.998961157
5.0,rhoA0.6_rhoB0.6_h1.0_h02.0_T10_RA3.0_steps100000,7.08873369,1.00071336
5.0,rhoA0.6_rhoB0.6_h1.0_h02.0_T10_RA3.0_steps100000,7.10994937,0.999581461
5.0,rhoA0.6_rhoB0.6_h1.0_h02.0_T10_RA3.0_steps100000,7.13102893,0.998010966
5.0,rhoA0.6_rhoB0.6_h1.0_h02.0_T10_RA3.0_steps100000,7.15201412,1.0006457
5.0,rhoA0.6_rhoB0.6_h1.0_h02.0_T10_RA3.0_steps100000,7.17271336,0.999902779
5.0,rhoA0.6_rhoB0.6_h1.0_h02.0_T10_RA3.0_steps100000,7.19374266,0.998374706
5.0,rhoA0.6_rhoB0.6_h1.0_h02.0_T10_RA3.0_steps100000,7.21473042,0.998787043
5.0,rhoA0.6_rhoB0.6_h1.0_h02.0_T10_RA3.0_steps100000,7.23564263,1.00011223
5.0,rhoA0.6_rhoB0.6_h1.0_h02.0_T10_RA3.0_steps100000,7.25666289,1.00063989
5.0,rhoA0.6_rhoB0.6_h1.0_h02.0_T10_RA3.0_steps100000,7.27757645,1.00062803
5.0,rhoA0.6_rhoB0.6_h1.0_h02.0_T10_RA3.0_steps100000,7.2984411,0.99988727
5.0,rhoA0.6_rhoB0.6_h1.0_h02.0_T10_RA3.0_steps100000,7.31917384,0.999724092
5.0,rhoA0.6_rhoB0.6_h1.0_h02.0_T10_RA3.0_steps100000,7.34001688,0.999392064
5.0,rhoA0.6_rhoB0.6_h1.0_h02.0_T10_RA3.0_steps100000,7.3611683,0.999426755
5.0,rhoA0.6_rhoB0.6_h1.0_h02.0_T10_RA3.0_steps100000,7.38224284,0.999379946
5.0,rhoA0.6_rhoB0.6_h1.0_h02.0_T10_RA3.0_steps100000,7.40324015,1.00054562
5.0,rhoA0.6_rhoB0.6_h1.0_h02.0_T10_RA3.0_steps100000,7.42408854,1.00030976
5.0,rhoA0.6_rhoB0.6_h1.0_h02.0_T10_RA3.0_steps100000,7.44500634,0.998934607
5.0,rhoA0.6_rhoB0.6_h1.0_h02.0_T10_RA3.0_steps100000,7.46595959,0.997026166
5.0,rhoA0.6_rhoB0.6_h1.0_h02.0_T10_RA3.0_steps100000,7.48696308,1.00193972
5.0,rhoA0.6_rhoB0.6_h1.0_h02.0_T10_RA3.0_steps100000,7.5079936,1.00047668
5.0,rhoA0.6_rhoB0.6_h1.0_h02.0_T10_RA3.0_steps100000,7.52871967,0.999598621
5.0,rhoA0.6_rhoB0.6_h1.0_h02.0_T10_RA3.0_steps100000,7.54966921,0.998918521
5.0,rhoA0.6_rhoB0.6_h1.0_h02.0_T10_RA3.0_steps100000,7.57064902,1.00097593
5.0,rhoA0.6_rhoB0.6_h1.0_h02.0_T10_RA3.0_steps100000,7.59151428,0.99993217
5.0,rhoA0.6_rhoB0.6_h1.0_h02.0_T10_RA3.0_steps100000,7.6123809,1.00027153
5.0,rhoA0.6_rhoB0.6_h1.0_h02.0_T10_RA3.0_steps100000,7.63338324,0.99886425
5.0,rhoA0.6_rhoB0.6_h1.0_h02.0_T10_RA3.0_steps100000,7.65450532,1.00013893
5.0,rhoA0.6_rhoB0.6_h1.0_h02.0_T10_RA3.0_steps100000,7.67556944,0.999311789
5.0,rhoA0.6_rhoB0.6_h1.0_h02.0_T10_RA3.0_steps100000,7.69637751,0.998645141
5.0,rhoA0.6_rhoB0.6_h1.0_h02.0_T10_RA3.0_steps100000,7.71727216,1.00064031
5.0,rhoA0.6_rhoB0.6_h1.0_h02.0_T10_RA3.0_steps100000,7.73835725,1.00121239
5.0,rhoA0.6_rhoB0.6_h1.0_h02.0_T10_RA3.0_steps100000,7.75934923,1.0004187
5.0,rhoA0.6_rhoB0.6_h1.0_h02.0_T10_RA3.0_steps100000,7.78023116,1.00168088
5.0,rhoA0.6_rhoB0.6_h1.0_h02.0_T10_RA3.0_steps100000,7.80098697,1.00100184
5.0,rhoA0.6_rhoB0.6_h1.0_h02.0_T10_RA3.0_steps100000,7.82190677,0.999256643
5.0,rhoA0.6_rhoB0.6_h1.0_h02.0_T10_RA3.0_steps100000,7.84304931,0.999038578
5.0,rhoA0.6_rhoB0.6_h1.0_h02.0_T10_RA3.0_steps100000,7.86405132,0.99980518
5.0,rhoA0.6_rhoB0.6_h1.0_h02.0_T10_RA3.0_steps100000,7.88484553,1.0010616
5.0,rhoA0.6_rhoB0.6_h1.0_h02.0_T10_RA3.0_steps100000,7.90574885,1.00102099
5.0,rhoA0.6_rhoB0.6_h1.0_h02.0_T10_RA3.0_steps100000,7.9267531,1.00175241
5.0,rhoA0.6_rhoB0.6_h1.0_h02.0_T10_RA3.0_steps100000,7.94765228,1.00007637
5.0,rhoA0.6_rhoB0.6_h1.0_h02.0_T10_RA3.0_steps100000,7.96842304,0.999709292
5.0,rhoA0.6_rhoB0.6_h1.0_h02.0_T10_RA3.0_steps100000,7.98938616,0.999742292
5.0,rhoA0.6_rhoB0.6_h1.0_h02.0_T10_RA3.0_steps100000,8.01050815,1.00120315
5.0,rhoA0.6_rhoB0.6_h1.0_h02.0_T10_RA3.0_steps100000,8.03153334,1.00147077
5.0,rhoA0.6_rhoB0.6_h1.0_h02.0_T10_RA3.0_steps100000,8.05240251,0.999754876
5.0,rhoA0.6_rhoB0.6_h1.0_h02.0_T10_RA3.0_steps100000,8.07332696,1.00147031
5.0,rhoA0.6_rhoB0.6_h1.0_h02.0_T10_RA3.0_steps100000,8.09438514,0.999850918
5.0,rhoA0.6_rhoB0.6_h1.0_h02.0_T10_RA3.0_steps100000,8.11529588,1.00046356
5.0,rhoA0.6_rhoB0.6_h1.0_h02.0_T10_RA3.0_steps100000,8.13618411,0.999882205
5.0,rhoA0.6_rhoB0.6_h1.0_h02.0_T10_RA3.0_steps100000,8.15717855,0.999491555
5.0,rhoA0.6_rhoB0.6_h1.0_h02.0_T10_RA3.0_steps100000,8.17807847,0.998589254
5.0,rhoA0.6_rhoB0.6_h1.0_h02.0_T10_RA3.0_steps100000,8.19905269,0.999109292
5.0,rhoA0.6_rhoB0.6_h1.0_h02.0_T10_RA3.0_steps100000,8.21991085,0.999021982
5.0,rhoA0.6_rhoB0.6_h1.0_h02.0_T10_RA3.0_steps100000,8.24078529,1.00127465
5.0,rhoA0.6_rhoB0.6_h1.0_h02.0_T10_RA3.0_steps100000,8.26195652,0.999008501
5.0,rhoA0.6_rhoB0.6_h1.0_h02.0_T10_RA3.0_steps100000,8.28293039,0.999963588
5.0,rhoA0.6_rhoB0.6_h1.0_h02.0_T10_RA3.0_steps100000,8.30373423,0.999768226
5.0,rhoA0.6_rhoB0.6_h1.0_h02.0_T10_RA3.0_steps100000,8.32452583,1.00043303
5.0,rhoA0.6_rhoB0.6_h1.0_h02.0_T10_RA3.0_steps100000,8.34556221,1.00207347
5.0,rhoA0.6_rhoB0.6_h1.0_h02.0_T10_RA3.0_steps100000,8.36671927,0.999498866
5.0,rhoA0.6_rhoB0.6_h1.0_h02.0_T10_RA3.0_steps100000,8.38757523,1.00041848
5.0,rhoA0.6_rhoB0.6_h1.0_h02.0_T10_RA3.0_steps100000,8.40855808,1.00003258
5.0,rhoA0.6_rhoB0.6_h1.0_h02.0_T10_RA3.0_steps100000,8.42953585,0.998731071
5.0,rhoA0.6_rhoB0.6_h1.0_h02.0_T10_RA3.0_steps100000,8.45042977,0.999094406
5.0,rhoA0.6_rhoB0.6_h1.0_h02.0_T10_RA3.0_steps100000,8.47138662,1.00001053
5.0,rhoA0.6_rhoB0.6_h1.0_h02.0_T10_RA3.0_steps100000,8.49217243,0.99994807
5.0,rhoA0.6_rhoB0.6_h1.0_h02.0_T10_RA3.0_steps100000,8.51321806,1.00134446
5.0,rhoA0.6_rhoB0.6_h1.0_h02.0_T10_RA3.0_steps100000,8.53421183,1.00130462
5.0,rhoA0.6_rhoB0.6_h1.0_h02.0_T10_RA3.0_steps100000,8.55508292,0.998702226
5.0,rhoA0.6_rhoB0.6_h1.0_h02.0_T10_RA3.0_steps100000,8.57598662,1.00034855
5.0,rhoA0.6_rhoB0.6_h1.0_h02.0_T10_RA3.0_steps100000,8.59679232,1.00143673
5.0,rhoA0.6_rhoB0.6_h1.0_h02.0_T10_RA3.0_steps100000,8.61783107,1.00073709
5.0,rhoA0.6_rhoB0.6_h1.0_h02.0_T10_RA3.0_steps100000,8.63891768,0.998423922
5.0,rhoA0.6_rhoB0.6_h1.0_h02.0_T10_RA3.0_steps100000,8.65972861,1.00098038
5.0,rhoA0.6_rhoB0.6_h1.0_h02.0_T10_RA3.0_steps100000,8.68059853,0.999919453
5.0,rhoA0.6_rhoB0.6_h1.0_h02.0_T10_RA3.0_steps100000,8.70174168,1.00029265
5.0,rhoA0.6_rhoB0.6_h1.0_h02.0_T10_RA3.0_steps100000,8.72279566,0.998463068
5.0,rhoA0.6_rhoB0.6_h1.0_h02.0_T10_RA3.0_steps100000,8.74359241,1.00108242
5.0,rhoA0.6_rhoB0.6_h1.0_h02.0_T10_RA3.0_steps100000,8.76424415,1.00092616
5.0,rhoA0.6_rhoB0.6_h1.0_h02.0_T10_RA3.0_steps100000,8.78526729,1.00052826
5.0,rhoA0.6_rhoB0.6_h1.0_h02.0_T10_RA3.0_steps100000,8.80637189,1.00181537
5.0,rhoA0.6_rhoB0.6_h1.0_h02.0_T10_RA3.0_steps100000,8.82736896,1.00020643
5.0,rhoA0.6_rhoB0.6_h1.0_h02.0_T10_RA3.0_steps100000,8.84843212,1.00146339
5.0,rhoA0.6_rhoB0.6_h1.0_h02.0_T10_RA3.0_steps100000,8.86933197,1.00126955
5.0,rhoA0.6_rhoB0.6_h1.0_h02.0_T10_RA3.0_steps100000,8.89026857,1.00245109
5.0,rhoA0.6_rhoB0.6_h1.0_h02.0_T10_RA3.0_steps100000,8.91123702,0.998802448
5.0,rhoA0.6_rhoB0.6_h1.0_h02.0_T10_RA3.0_steps100000,8.93214776,0.998344303
5.0,rhoA0.6_rhoB0.6_h1.0_h02.0_T10_RA3.0_steps100000,8.95312097,0.999930554
5.0,rhoA0.6_rhoB0.6_h1.0_h02.0_T10_RA3.0_steps100000,8.9741304,1.00018989
5.0,rhoA0.6_rhoB0.6_h1.0_h02.0_T10_RA3.0_steps100000,8.99505705,1.00151773
5.0,rhoA0.6_rhoB0.6_h1.0_h02.0_T10_RA3.0_steps100000,9.01571368,1.00156178
5.0,rhoA0.6_rhoB0.6_h1.0_h02.0_T10_RA3.0_steps100000,9.03640927,1.00068997
5.0,rhoA0.6_rhoB0.6_h1.0_h02.0_T10_RA3.0_steps100000,9.05755121,0.998875304
5.0,rhoA0.6_rhoB0.6_h1.0_h02.0_T10_RA3.0_steps100000,9.07868023,1.00063613
5.0,rhoA0.6_rhoB0.6_h1.0_h02.0_T10_RA3.0_steps100000,9.09969513,0.999515268
5.0,rhoA0.6_rhoB0.6_h1.0_h02.0_T10_RA3.0_steps100000,9.1205658,1.00116972
5.0,rhoA0.6_rhoB0.6_h1.0_h02.0_T10_RA3.0_steps100000,9.14137844,1.00075209
5.0,rhoA0.6_rhoB0.6_h1.0_h02.0_T10_RA3.0_steps100000,9.16237082,0.999322786
5.0,rhoA0.6_rhoB0.6_h1.0_h02.0_T10_RA3.0_steps100000,9.18339441,1.00225871
5.0,rhoA0.6_rhoB0.6_h1.0_h02.0_T10_RA3.0_steps100000,9.20447395,0.999216088
5.0,rhoA0.6_rhoB0.6_h1.0_h02.0_T10_RA3.0_steps100000,9.22549281,0.99934068
5.0,rhoA0.6_rhoB0.6_h1.0_h02.0_T10_RA3.0_steps100000,9.2463962,0.997539444
5.0,rhoA0.6_rhoB0.6_h1.0_h02.0_T10_RA3.0_steps100000,9.26722673,0.99931482
5.0,rhoA0.6_rhoB0.6_h1.0_h02.0_T10_RA3.0_steps100000,9.28791689,1.00081171
5.0,rhoA0.6_rhoB0.6_h1.0_h02.0_T10_RA3.0_steps100000,9.30892724,0.998217639
5.0,rhoA0.6_rhoB0.6_h1.0_h02.0_T10_RA3.0_steps100000,9.33003065,0.996787245
5.0,rhoA0.6_rhoB0.6_h1.0_h02.0_T10_RA3.0_steps100000,9.35102864,1.00011636
5.0,rhoA0.6_rhoB0.6_h1.0_h02.0_T10_RA3.0_steps100000,9.37196601,1.0009347
5.0,rhoA0.6_rhoB0.6_h1.0_h02.0_T10_RA3.0_steps100000,9.39258783,1.0006531
5.0,rhoA0.6_rhoB0.6_h1.0_h02.0_T10_RA3.0_steps100000,9.41349621,0.999595152
5.0,rhoA0.6_rhoB0.6_h1.0_h02.0_T10_RA3.0_steps100000,9.4347927,0.999403255
5.0,rhoA0.6_rhoB0.6_h1.0_h02.0_T10_RA3.0_steps100000,9.45587737,0.999396825
5.0,rhoA0.6_rhoB0.6_h1.0_h02.0_T10_RA3.0_steps100000,9.47676866,0.999446719
5.0,rhoA0.6_rhoB0.6_h1.0_h02.0_T10_RA3.0_steps100000,9.49762777,1.00144557
5.0,rhoA0.6_rhoB0.6_h1.0_h02.0_T10_RA3.0_steps100000,9.51852362,1.00034715
5.0,rhoA0.6_rhoB0.6_h1.0_h02.0_T10_RA3.0_steps100000,9.53939795,1.00103132
5.0,rhoA0.6_rhoB0.6_h1.0_h02.0_T10_RA3.0_steps100000,9.56035551,1.00101728
5.0,rhoA0.6_rhoB0.6_h1.0_h02.0_T10_RA3.0_steps100000,9.58149741,0.999348098
5.0,rhoA0.6_rhoB0.6_h1.0_h02.0_T10_RA3.0_steps100000,9.60249587,0.998070675
5.0,rhoA0.6_rhoB0.6_h1.0_h02.0_T10_RA3.0_steps100000,9.62336478,1.00176524
5.0,rhoA0.6_rhoB0.6_h1.0_h02.0_T10_RA3.0_steps100000,9.64415055,0.999117583
5.0,rhoA0.6_rhoB0.6_h1.0_h02.0_T10_RA3.0_steps100000,9.66502224,1.00165644
5.0,rhoA0.6_rhoB0.6_h1.0_h02.0_T10_RA3.0_steps100000,9.68597433,1.00102284
5.0,rhoA0.6_rhoB0.6_h1.0_h02.0_T10_RA3.0_steps100000,9.7069728,1.00181237
5.0,rhoA0.6_rhoB0.6_h1.0_h02.0_T10_RA3.0_steps100000,9.72797765,1.00063716
5.0,rhoA0.6_rhoB0.6_h1.0_h02.0_T10_RA3.0_steps100000,9.74896401,1.00118771
5.0,rhoA0.6_rhoB0.6_h1.0_h02.0_T10_RA3.0_steps100000,9.76996217,1.00095028
5.0,rhoA0.6_rhoB0.6_h1.0_h02.0_T10_RA3.0_steps100000,9.79085678,0.999234686
5.0,rhoA0.6_rhoB0.6_h1.0_h02.0_T10_RA3.0_steps100000,9.81166698,0.998341786
5.0,rhoA0.6_rhoB0.6_h1.0_h02.0_T10_RA3.0_steps100000,9.83262494,1.00059707
5.0,rhoA0.6_rhoB0.6_h1.0_h02.0_T10_RA3.0_steps100000,9.85372265,0.999061013
5.0,rhoA0.6_rhoB0.6_h1.0_h02.0_T10_RA3.0_steps100000,9.87472665,1.0006333
5.0,rhoA0.6_rhoB0.6_h1.0_h02.0_T10_RA3.0_steps100000,9.89559934,0.997781305
5.0,rhoA0.6_rhoB0.6_h1.0_h02.0_T10_RA3.0_steps100000,9.91635289,0.999813552
5.0,rhoA0.6_rhoB0.6_h1.0_h02.0_T10_RA3.0_steps100000,9.93737645,0.998576834
5.0,rhoA0.6_rhoB0.6_h1.0_h02.0_T10_RA3.0_steps100000,9.95856995,1.00043888
5.0,rhoA0.6_rhoB0.6_h1.0_h02.0_T10_RA3.0_steps100000,9.97940815,1.00027498
5.0,rhoA0.6_rhoB0.6_h1.0_h02.0_T10_RA3.0_steps100000,10.000082,0.99841707
7.5,rhoA0.6_rhoB0.6_h1.0_h02.0_T15_RA3.0_steps100000,0.0252815853,1.0262765
7.5,rhoA0.6_rhoB0.6_h1.0_h02.0_T15_RA3.0_steps100000,0.0486976344,0.981798348
7.5,rhoA0.6_rhoB0.6_h1.0_h02.0_T15_RA3.0_steps100000,0.0692644017,0.980802766
7.5,rhoA0.6_rhoB0.6_h1.0_h02.0_T15_RA3.0_steps100000,0.08877835,0.976178584
7.5,rhoA0.6_rhoB0.6_h1.0_h02.0_T15_RA3.0_steps100000,0.111604297,1.01513842
7.5,rhoA0.6_rhoB0.6_h1.0_h02.0_T15_RA3.0_steps100000,0.132731806,0.972663712
7.5,rhoA0.6_rhoB0.6_h1.0_h02.0_T15_RA3.0_steps100000,0.153672181,1.00494284
7.5,rhoA0.6_rhoB0.6_h1.0_h02.0_T15_RA3.0_steps100000,0.175641863,1.00093818
7.5,rhoA0.6_rhoB0.6_h1.0_h02.0_T15_RA3.0_steps100000,0.196615509,1.01170913
7.5,rhoA0.6_rhoB0.6_h1.0_h02.0_T15_RA3.0_steps100000,0.217326708,1.00605529
7.5,rhoA0.6_rhoB0.6_h1.0_h02.0_T15_RA3.0_steps100000,0.237538457,1.00290628
7.5,rhoA0.6_rhoB0.6_h1.0_h02.0_T15_RA3.0_steps100000,0.258148683,1.00469644
7.5,rhoA0.6_rhoB0.6_h1.0_h02.0_T15_RA3.0_steps100000,0.28040349,1.00503977
7.5,rhoA0.6_rhoB0.6_h1.0_h02.0_T15_RA3.0_steps100000,0.301929084,1.00345991
7.5,rhoA0.6_rhoB0.6_h1.0_h02.0_T15_RA3.0_steps100000,0.322287413,1.00659545
7.5,rhoA0.6_rhoB0.6_h1.0_h02.0_T15_RA3.0_steps100000,0.342663331,0.99541759
7.5,rhoA0.6_rhoB0.6_h1.0_h02.0_T15_RA3.0_steps100000,0.363641289,0.995651401
7.5,rhoA0.6_rhoB0.6_h1.0_h02.0_T15_RA3.0_steps100000,0.385602948,0.994742093
7.5,rhoA0.6_rhoB0.6_h1.0_h02.0_T15_RA3.0_steps100000,0.406737165,0.998116105
7.5,rhoA0.6_rhoB0.6_h1.0_h02.0_T15_RA3.0_steps100000,0.427001871,1.0000736
7.5,rhoA0.6_rhoB0.6_h1.0_h02.0_T15_RA3.0_steps100000,0.448754416,0.994555424
7.5,rhoA0.6_rhoB0.6_h1.0_h02.0_T15_RA3.0_steps100000,0.469601745,0.995931368
7.5,rhoA0.6_rhoB0.6_h1.0_h02.0_T15_RA3.0_steps100000,0.489805379,1.00047738
7.5,rhoA0.6_rhoB0.6_h1.0_h02.0_T15_RA3.0_steps100000,0.510302494,1.00558774
7.5,rhoA0.6_rhoB0.6_h1.0_h02.0_T15_RA3.0_steps100000,0.53178319,1.00648227
7.5,rhoA0.6_rhoB0.6_h1.0_h02.0_T15_RA3.0_steps100000,0.553922362,0.994102065
7.5,rhoA0.6_rhoB0.6_h1.0_h02.0_T15_RA3.0_steps100000,0.574670041,1.00654855
7.5,rhoA0.6_rhoB0.6_h1.0_h02.0_T15_RA3.0_steps100000,0.594645701,1.00144949
7.5,rhoA0.6_rhoB0.6_h1.0_h02.0_T15_RA3.0_steps100000,0.615540037,0.991022957
7.5,rhoA0.6_rhoB0.6_h1.0_h02.0_T15_RA3.0_steps100000,0.636554081,0.994965969
7.5,rhoA0.6_rhoB0.6_h1.0_h02.0_T15_RA3.0_steps100000,0.658102417,1.00216541
7.5,rhoA0.6_rhoB0.6_h1.0_h02.0_T15_RA3.0_steps100000,0.679189641,1.0055549
7.5,rhoA0.6_rhoB0.6_h1.0_h02.0_T15_RA3.0_steps100000,0.700054044,1.00945425
7.5,rhoA0.6_rhoB0.6_h1.0_h02.0_T15_RA3.0_steps100000,0.721329826,0.999655389
7.5,rhoA0.6_rhoB0.6_h1.0_h02.0_T15_RA3.0_steps100000,0.742033923,1.0078729
7.5,rhoA0.6_rhoB0.6_h1.0_h02.0_T15_RA3.0_steps100000,0.762614581,1.00830974
7.5,rhoA0.6_rhoB0.6_h1.0_h02.0_T15_RA3.0_steps100000,0.783270495,0.989326218
7.5,rhoA0.6_rhoB0.6_h1.0_h02.0_T15_RA3.0_steps100000,0.804783918,0.998435323
7.5,rhoA0.6_rhoB0.6_h1.0_h02.0_T15_RA3.0_steps100000,0.826095906,1.00003197
7.5,rhoA0.6_rhoB0.6_h1.0_h02.0_T15_RA3.0_steps100000,0.846303977,0.994833168
7.5,rhoA0.6_rhoB0.6_h1.0_h02.0_T15_RA3.0_steps100000,0.867174819,1.00010152
7.5,rhoA0.6_rhoB0.6_h1.0_h02.0_T15_RA3.0_steps100000,0.888413258,0.997597304
7.5,rhoA0.6_rhoB0.6_h1.0_h02.0_T15_RA3.0_steps100000,0.909910564,0.999754878
7.5,rhoA0.6_rhoB0.6_h1.0_h02.0_T15_RA3.0_steps100000,0.931134698,0.999136526
7.5,rhoA0.6_rhoB0.6_h1.0_h02.0_T15_RA3.0_steps100000,0.951563161,0.998311
7.5,rhoA0.6_rhoB0.6_h1.0_h02.0_T15_RA3.0_steps100000,0.972160451,1.00185601
7.5,rhoA0.6_rhoB0.6_h1.0_h02.0_T15_RA3.0_steps100000,0.993008165,1.00119607
7.5,rhoA0.6_rhoB0.6_h1.0_h02.0_T15_RA3.0_steps100000,1.0140906,0.998814278
7.5,rhoA0.6_rhoB0.6_h1.0_h02.0_T15_RA3.0_steps100000,1.03500338,1.00199898
7.5,rhoA0.6_rhoB0.6_h1.0_h02.0_T15_RA3.0_steps100000,1.05657413,1.00314771
7.5,rhoA0.6_rhoB0.6_h1.0_h02.0_T15_RA3.0_steps100000,1.07789814,0.995332128
7.5,rhoA0.6_rhoB0.6_h1.0_h02.0_T15_RA3.0_steps100000,1.09835045,0.993707132
7.5,rhoA0.6_rhoB0.6_h1.0_h02.0_T15_RA3.0_steps100000,1.11903902,1.00108538
7.5,rhoA0.6_rhoB0.6_h1.0_h02.0_T15_RA3.0_steps100000,1.1396405,1.00322503
7.5,rhoA0.6_rhoB0.6_h1.0_h02.0_T15_RA3.0_steps100000,1.16109193,1.00204235
7.5,rhoA0.6_rhoB0.6_h1.0_h02.0_T15_RA3.0_steps100000,1.18227503,1.00233754
7.5,rhoA0.6_rhoB0.6_h1.0_h02.0_T15_RA3.0_steps100000,1.2030555,1.00220808
7.5,rhoA0.6_rhoB0.6_h1.0_h02.0_T15_RA3.0_steps100000,1.22375183,0.99621216
7.5,rhoA0.6_rhoB0.6_h1.0_h02.0_T15_RA3.0_steps100000,1.24453484,1.00079854
7.5,rhoA0.6_rhoB0.6_h1.0_h02.0_T15_RA3.0_steps100000,1.26570671,1.00616814
7.5,rhoA0.6_rhoB0.6_h1.0_h02.0_T15_RA3.0_steps100000,1.28693994,1.00409061
7.5,rhoA0.6_rhoB0.6_h1.0_h02.0_T15_RA3.0_steps100000,1.30807124,0.998150545
7.5,rhoA0.6_rhoB0.6_h1.0_h02.0_T15_RA3.0_steps100000,1.32889646,0.996871123
7.5,rhoA0.6_rhoB0.6_h1.0_h02.0_T15_RA3.0_steps100000,1.34945121,0.99892095
7.5,rhoA0.6_rhoB0.6_h1.0_h02.0_T15_RA3.0_steps100000,1.37055188,1.00347009
7.5,rhoA0.6_rhoB0.6_h1.0_h02.0_T15_RA3.0_steps100000,1.39148285,0.993887593
7.5,rhoA0.6_rhoB0.6_h1.0_h02.0_T15_RA3.0_steps100000,1.41220445,1.00062292
7.5,rhoA0.6_rhoB0.6_h1.0_h02.0_T15_RA3.0_steps100000,1.43352474,1.00061966
7.5,rhoA0.6_rhoB0.6_h1.0_h02.0_T15_RA3.0_steps100000,1.45454751,1.00173506
7.5,rhoA0.6_rhoB0.6_h1.0_h02.0_T15_RA3.0_steps100000,1.47511055,1.00189469
7.5,rhoA0.6_rhoB0.6_h1.0_h02.0_T15_RA3.0_steps100000,1.49566583,1.00123303
7.5,rhoA0.6_rhoB0.6_h1.0_h02.0_T15_RA3.0_steps100000,1.51690776,0.998912771
7.5,rhoA0.6_rhoB0.6_h1.0_h02.0_T15_RA3.0_steps100000,1.53826425,0.999033891
7.5,rhoA0.6_rhoB0.6_h1.0_h02.0_T15_RA3.0_steps100000,1.55931449,1.0019163
7.5,rhoA0.6_rhoB0.6_h1.0_h02.0_T15_RA3.0_steps100000,1.58012172,0.99955696
7.5,rhoA0.6_rhoB0.6_h1.0_h02.0_T15_RA3.0_steps100000,1.60114355,0.996227423
7.5,rhoA0.6_rhoB0.6_h1.0_h02.0_T15_RA3.0_steps100000,1.62229155,1.00201323
7.5,rhoA0.6_rhoB0.6_h1.0_h02.0_T15_RA3.0_steps100000,1.64295947,0.997614053
7.5,rhoA0.6_rhoB0.6_h1.0_h02.0_T15_RA3.0_steps100000,1.66366432,0.997186416
7.5,rhoA0.6_rhoB0.6_h1.0_h02.0_T15_RA3.0_steps100000,1.68478217,1.00238593
7.5,rhoA0.6_rhoB0.6_h1.0_h02.0_T15_RA3.0_steps100000,1.7057485,1.00020033
7.5,rhoA0.6_rhoB0.6_h1.0_h02.0_T15_RA3.0_steps100000,1.72683745,0.998791295
7.5,rhoA0.6_rhoB0.6_h1.0_h02.0_T15_RA3.0_steps100000,1.74765849,1.00011627
7.5,rhoA0.6_rhoB0.6_h1.0_h02.0_T15_RA3.0_steps100000,1.76847487,1.0025063
7.5,rhoA0.6_rhoB0.6_h1.0_h02.0_T15_RA3.0_steps100000,1.78961871,1.00188903
7.5,rhoA0.6_rhoB0.6_h1.0_h02.0_T15_RA3.0_steps100000,1.81086098,0.997234911
7.5,rhoA0.6_rhoB0.6_h1.0_h02.0_T15_RA3.0_steps100000,1.83179094,1.00159308
7.5,rhoA0.6_rhoB0.6_h1.0_h02.0_T15_RA3.0_steps100000,1.8521746,1.0027343
7.5,rhoA0.6_rhoB0.6_h1.0_h02.0_T15_RA3.0_steps100000,1.8733654,0.997786842
7.5,rhoA0.6_rhoB0.6_h1.0_h02.0_T15_RA3.0_steps100000,1.89455538,1.00496908
7.5,rhoA0.6_rhoB0.6_h1.0_h02.0_T15_RA3.0_steps100000,1.91534795,0.999519166
7.5,rhoA0.6_rhoB0.6_h1.0_h02.0_T15_RA3.0_steps100000,1.93623233,0.992956284
7.5,rhoA0.6_rhoB0.6_h1.0_h02.0_T15_RA3.0_steps100000,1.9571481,1.00222169
7.5,rhoA0.6_rhoB0.6_h1.0_h02.0_T15_RA3.0_steps100000,1.97825109,1.00274455
7.5,rhoA0.6_rhoB0.6_h1.0_h02.0_T15_RA3.0_steps100000,1.99905898,0.998402529
7.5,rhoA0.6_rhoB0.6_h1.0_h02.0_T15_RA3.0_steps100000,2.01966715,0.997539261
7.5,rhoA0.6_rhoB0.6_h1.0_h02.0_T15_RA3.0_steps100000,2.04082415,0.997777562
7.5,rhoA0.6_rhoB0.6_h1.0_h02.0_T15_RA3.0_steps100000,2.06193171,1.00364531
7.5,rhoA0.6_rhoB0.6_h1.0_h02.0_T15_RA3.0_steps100000,2.08296048,1.00259279
7.5,rhoA0.6_rhoB0.6_h1.0_h02.0_T15_RA3.0_steps100000,2.10383017,0.997651691
7.5,rhoA0.6_rhoB0.6_h1.0_h02.0_T15_RA3.0_steps100000,2.12494312,1.00428481
7.5,rhoA0.6_rhoB0.6_h1.0_h02.0_T15_RA3.0_steps100000,2.14618475,1.0011266
7.5,rhoA0.6_rhoB0.6_h1.0_h02.0_T15_RA3.0_steps100000,2.16679298,1.0025719
7.5,rhoA0.6_rhoB0.6_h1.0_h02.0_T15_RA3.0_steps100000,2.18753482,1.00129864
7.5,rhoA0.6_rhoB0.6_h1.0_h02.0_T15_RA3.0_steps100000,2.20847027,0.998227235
7.5,rhoA0.6_rhoB0.6_h1.0_h02.0_T15_RA3.0_steps100000,2.22955181,1.00169802
7.5,rhoA0.6_rhoB0.6_h1.0_h02.0_T15_RA3.0_steps100000,2.25078374,1.00273658
7.5,rhoA0.6_rhoB0.6_h1.0_h02.0_T15_RA3.0_steps100000,2.27150159,0.998902205
7.5,rhoA0.6_rhoB0.6_h1.0_h02.0_T15_RA3.0_steps100000,2.29205574,1.00049687
7.5,rhoA0.6_rhoB0.6_h1.0_h02.0_T15_RA3.0_steps100000,2.31294326,0.999310294
7.5,rhoA0.6_rhoB0.6_h1.0_h02.0_T15_RA3.0_steps100000,2.3340363,0.998491496
7.5,rhoA0.6_rhoB0.6_h1.0_h02.0_T15_RA3.0_steps100000,2.35514399,1.00430433
7.5,rhoA0.6_rhoB0.6_h1.0_h02.0_T15_RA3.0_steps100000,2.37607726,0.998154329
7.5,rhoA0.6_rhoB0.6_h1.0_h02.0_T15_RA3.0_steps100000,2.39730341,1.00152265
7.5,rhoA0.6_rhoB0.6_h1.0_h02.0_T15_RA3.0_steps100000,2.41857203,0.993955692
7.5,rhoA0.6_rhoB0.6_h1.0_h02.0_T15_RA3.0_steps100000,2.43911056,0.996880732
7.5,rhoA0.6_rhoB0.6_h1.0_h02.0_T15_RA3.0_steps100000,2.45988005,0.997769793
7.5,rhoA0.6_rhoB0.6_h1.0_h02.0_T15_RA3.0_steps100000,2.48094151,0.999991984
7.5,rhoA0.6_rhoB0.6_h1.0_h02.0_T15_RA3.0_steps100000,2.50196601,1.00191981
7.5,rhoA0.6_rhoB0.6_h1.0_h02.0_T15_RA3.0_steps100000,2.52300496,0.997290432
7.5,rhoA0.6_rhoB0.6_h1.0_h02.0_T15_RA3.0_steps100000,2.54340089,1.00019403
7.5,rhoA0.6_rhoB0.6_h1.0_h02.0_T15_RA3.0_steps100000,2.56415297,1.00083176
7.5,rhoA0.6_rhoB0.6_h1.0_h02.0_T15_RA3.0_steps100000,2.58575836,1.00293707
7.5,rhoA0.6_rhoB0.6_h1.0_h02.0_T15_RA3.0_steps100000,2.60684428,0.999282357
7.5,rhoA0.6_rhoB0.6_h1.0_h02.0_T15_RA3.0_steps100000,2.62775949,0.999637718
7.5,rhoA0.6_rhoB0.6_h1.0_h02.0_T15_RA3.0_steps100000,2.64834355,0.999406752
7.5,rhoA0.6_rhoB0.6_h1.0_h02.0_T15_RA3.0_steps100000,2.66912062,0.998412429
7.5,rhoA0.6_rhoB0.6_h1.0_h02.0_T15_RA3.0_steps100000,2.69039946,0.999548699
7.5,rhoA0.6_rhoB0.6_h1.0_h02.0_T15_RA3.0_steps100000,2.71121518,1.00021947
7.5,rhoA0.6_rhoB0.6_h1.0_h02.0_T15_RA3.0_steps100000,2.7321837,1.00054656
7.5,rhoA0.6_rhoB0.6_h1.0_h02.0_T15_RA3.0_steps100000,2.75306239,1.00216392
7.5,rhoA0.6_rhoB0.6_h1.0_h02.0_T15_RA3.0_steps100000,2.77427049,0.99784601
7.5,rhoA0.6_rhoB0.6_h1.0_h02.0_T15_RA3.0_steps100000,2.79557932,0.999143715
7.5,rhoA0.6_rhoB0.6_h1.0_h02.0_T15_RA3.0_steps100000,2.8160646,0.999894771
7.5,rhoA0.6_rhoB0.6_h1.0_h02.0_T15_RA3.0_steps100000,2.83689478,1.0010272
7.5,rhoA0.6_rhoB0.6_h1.0_h02.0_T15_RA3.0_steps100000,2.85801727,1.00015738
7.5,rhoA0.6_rhoB0.6_h1.0_h02.0_T15_RA3.0_steps100000,2.87906973,1.00013358
7.5,rhoA0.6_rhoB0.6_h1.0_h02.0_T15_RA3.0_steps100000,2.89996898,1.00079197
7.5,rhoA0.6_rhoB0.6_h1.0_h02.0_T15_RA3.0_steps100000,2.92062944,0.999261053
7.5,rhoA0.6_rhoB0.6_h1.0_h02.0_T15_RA3.0_steps100000,2.941605,0.99842394
7.5,rhoA0.6_rhoB0.6_h1.0_h02.0_T15_RA3.0_steps100000,2.96267076,0.999485041
7.5,rhoA0.6_rhoB0.6_h1.0_h02.0_T15_RA3.0_steps100000,2.98347442,0.998931061
7.5,rhoA0.6_rhoB0.6_h1.0_h02.0_T15_RA3.0_steps100000,3.00437656,1.00092265
7.5,rhoA0.6_rhoB0.6_h1.0_h02.0_T15_RA3.0_steps100000,3.02542142,0.997258802
7.5,rhoA0.6_rhoB0.6_h1.0_h02.0_T15_RA3.0_steps100000,3.04658726,0.996462422
7.5,rhoA0.6_rhoB0.6_h1.0_h02.0_T15_RA3.0_steps100000,3.06768101,1.00133409
7.5,rhoA0.6_rhoB0.6_h1.0_h02.0_T15_RA3.0_steps100000,3.088328,1.00105796
7.5,rhoA0.6_rhoB0.6_h1.0_h02.0_T15_RA3.0_steps100000,3.10931167,1.00219735
7.5,rhoA0.6_rhoB0.6_h1.0_h02.0_T15_RA3.0_steps100000,3.1305457,1.00147223
7.5,rhoA0.6_rhoB0.6_h1.0_h02.0_T15_RA3.0_steps100000,3.15150209,1.00044562
7.5,rhoA0.6_rhoB0.6_h1.0_h02.0_T15_RA3.0_steps100000,3.17219014,1.0007236
7.5,rhoA0.6_rhoB0.6_h1.0_h02.0_T15_RA3.0_steps100000,3.19299024,0.998827075
7.5,rhoA0.6_rhoB0.6_h1.0_h02.0_T15_RA3.0_steps100000,3.21390436,1.00289659
7.5,rhoA0.6_rhoB0.6_h1.0_h02.0_T15_RA3.0_steps100000,3.23506564,1.0001212
7.5,rhoA0.6_rhoB0.6_h1.0_h02.0_T15_RA3.0_steps100000,3.25605387,0.998341963
7.5,rhoA0.6_rhoB0.6_h1.0_h02.0_T15_RA3.0_steps100000,3.27685776,0.999534455
7.5,rhoA0.6_rhoB0.6_h1.0_h02.0_T15_RA3.0_steps100000,3.29794723,1.00085883
7.5,rhoA0.6_rhoB0.6_h1.0_h02.0_T15_RA3.0_steps100000,3.31884778,0.99894047
7.5,rhoA0.6_rhoB0.6_h1.0_h02.0_T15_RA3.0_steps100000,3.33944269,0.99761008
7.5,rhoA0.6_rhoB0.6_h1.0_h02.0_T15_RA3.0_steps100000,3.36030612,1.00504214
7.5,rhoA0.6_rhoB0.6_h1.0_h02.0_T15_RA3.0_steps100000,3.38171654,1.00059982
7.5,rhoA0.6_rhoB0.6_h1.0_h02.0_T15_RA3.0_steps100000,3.40297495,1.00394632
7.5,rhoA0.6_rhoB0.6_h1.0_h02.0_T15_RA3.0_steps100000,3.42370792,1.00128822
7.5,rhoA0.6_rhoB0.6_h1.0_h02.0_T15_RA3.0_steps100000,3.44440875,0.999817651
7.5,rhoA0.6_rhoB0.6_h1.0_h02.0_T15_RA3.0_steps100000,3.465315,1.00218376
7.5,rhoA0.6_rhoB0.6_h1.0_h02.0_T15_RA3.0_steps100000,3.4865867,0.997276798
7.5,rhoA0.6_rhoB0.6_h1.0_h02.0_T15_RA3.0_steps100000,3.50751221,0.996717146
7.5,rhoA0.6_rhoB0.6_h1.0_h02.0_T15_RA3.0_steps100000,3.52796741,0.999417571
7.5,rhoA0.6_rhoB0.6_h1.0_h02.0_T15_RA3.0_steps100000,3.5488788,0.997534872
7.5,rhoA0.6_rhoB0.6_h1.0_h02.0_T15_RA3.0_steps100000,3.57014151,1.00148479
7.5,rhoA0.6_rhoB0.6_h1.0_h02.0_T15_RA3.0_steps100000,3.59120365,0.999103924
7.5,rhoA0.6_rhoB0.6_h1.0_h02.0_T15_RA3.0_steps100000,3.61190928,1.00122018
7.5,rhoA0.6_rhoB0.6_h1.0_h02.0_T15_RA3.0_steps100000,3.63300558,0.998684723
7.5,rhoA0.6_rhoB0.6_h1.0_h02.0_T15_RA3.0_steps100000,3.6541422,1.00482075
7.5,rhoA0.6_rhoB0.6_h1.0_h02.0_T15_RA3.0_steps100000,3.67500902,0.998521121
7.5,rhoA0.6_rhoB0.6_h1.0_h02.0_T15_RA3.0_steps100000,3.69581564,0.998903616
7.5,rhoA0.6_rhoB0.6_h1.0_h02.0_T15_RA3.0_steps100000,3.71644729,1.00119583
7.5,rhoA0.6_rhoB0.6_h1.0_h02.0_T15_RA3.0_steps100000,3.73749774,0.996799886
7.5,rhoA0.6_rhoB0.6_h1.0_h02.0_T15_RA3.0_steps100000,3.75868086,0.999946338
7.5,rhoA0.6_rhoB0.6_h1.0_h02.0_T15_RA3.0_steps100000,3.77950549,0.999455389
7.5,rhoA0.6_rhoB0.6_h1.0_h02.0_T15_RA3.0_steps100000,3.80027286,1.0027955
7.5,rhoA0.6_rhoB0.6_h1.0_h02.0_T15_RA3.0_steps100000,3.82143123,0.998679043
7.5,rhoA0.6_rhoB0.6_h1.0_h02.0_T15_RA3.0_steps100000,3.84280481,1.00219944
7.5,rhoA0.6_rhoB0.6_h1.0_h02.0_T15_RA3.0_steps100000,3.86349282,1.00068803
7.5,rhoA0.6_rhoB0.6_h1.0_h02.0_T15_RA3.0_steps100000,3.88417456,1.00052248
7.5,rhoA0.6_rhoB0.6_h1.0_h02.0_T15_RA3.0_steps100000,3.90535419,0.998248461
7.5,rhoA0.6_rhoB0.6_h1.0_h02.0_T15_RA3.0_steps100000,3.9264697,1.00282241
7.5,rhoA0.6_rhoB0.6_h1.0_h02.0_T15_RA3.0_steps100000,3.94738681,0.999232189
7.5,rhoA0.6_rhoB0.6_h1.0_h02.0_T15_RA3.0_steps100000,3.96810309,0.996075482
7.5,rhoA0.6_rhoB0.6_h1.0_h02.0_T15_RA3.0_steps100000,3.98888694,0.99908805
7.5,rhoA0.6_rhoB0.6_h1.0_h02.0_T15_RA3.0_steps100000,4.00993371,0.998056258
7.5,rhoA0.6_rhoB0.6_h1.0_h02.0_T15_RA3.0_steps100000,4.03080983,0.999515318
7.5,rhoA0.6_rhoB0.6_h1.0_h02.0_T15_RA3.0_steps100000,4.05178039,0.997877964
7.5,rhoA0.6_rhoB0.6_h1.0_h02.0_T15_RA3.0_steps100000,4.07276799,1.00071789
7.5,rhoA0.6_rhoB0.6_h1.0_h02.0_T15_RA3.0_steps100000,4.09368684,0.999907629
7.5,rhoA0.6_rhoB0.6_h1.0_h02.0_T15_RA3.0_steps100000,4.11485609,0.997911935
7.5,rhoA0.6_rhoB0.6_h1.0_h02.0_T15_RA3.0_steps100000,4.13583188,0.999080328
7.5,rhoA0.6_rhoB0.6_h1.0_h02.0_T15_RA3.0_steps100000,4.15670688,0.999648412
7.5,rhoA0.6_rhoB0.6_h1.0_h02.0_T15_RA3.0_steps100000,4.17758774,1.00092914
7.5,rhoA0.6_rhoB0.6_h1.0_h02.0_T15_RA3.0_steps100000,4.19867141,1.00082277
7.5,rhoA0.6_rhoB0.6_h1.0_h02.0_T15_RA3.0_steps100000,4.21961517,0.998435864
7.5,rhoA0.6_rhoB0.6_h1.0_h02.0_T15_RA3.0_steps100000,4.24013393,0.995405743
7.5,rhoA0.6_rhoB0.6_h1.0_h02.0_T15_RA3.0_steps100000,4.26119077,0.99953664
7.5,rhoA0.6_rhoB0.6_h1.0_h02.0_T15_RA3.0_steps100000,4.28239268,1.00037455
7.5,rhoA0.6_rhoB0.6_h1.0_h02.0_T15_RA3.0_steps100000,4.30342826,0.996916274
7.5,rhoA0.6_rhoB0.6_h1.0_h02.0_T15_RA3.0_steps100000,4.32431592,0.99871577
7.5,rhoA0.6_rhoB0.6_h1.0_h02.0_T15_RA3.0_steps100000,4.34508479,0.997460936
7.5,rhoA0.6_rhoB0.6_h1.0_h02.0_T15_RA3.0_steps100000,4.36604259,0.998789552
7.5,rhoA0.6_rhoB0.6_h1.0_h02.0_T15_RA3.0_steps100000,4.38708086,0.99892348
7.5,rhoA0.6_rhoB0.6_h1.0_h02.0_T15_RA3.0_steps100000,4.40778797,1.00092146
7.5,rhoA0.6_rhoB0.6_h1.0_h02.0_T15_RA3.0_steps100000,4.4288526,1.00118777
7.5,rhoA0.6_rhoB0.6_h1.0_h02.0_T15_RA3.0_steps100000,4.44994967,1.00142168
7.5,rhoA0.6_rhoB0.6_h1.0_h02.0_T15_RA3.0_steps100000,4.47085438,1.00111519
7.5,rhoA0.6_rhoB0.6_h1.0_h02.0_T15_RA3.0_steps100000,4.49188801,1.00101418
7.5,rhoA0.6_rhoB0.6_h1.0_h02.0_T15_RA3.0_steps100000,4.51250216,0.999790167
7.5,rhoA0.6_rhoB0.6_h1.0_h02.0_T15_RA3.0_steps100000,4.5334461,0.998764198
7.5,rhoA0.6_rhoB0.6_h1.0_h02.0_T15_RA3.0_steps100000,4.55463591,1.00075632
7.5,rhoA0.6_rhoB0.6_h1.0_h02.0_T15_RA3.0_steps100000,4.57547609,0.999711577
7.5,rhoA0.6_rhoB0.6_h1.0_h02.0_T15_RA3.0_steps100000,4.59643311,0.999715375
7.5,rhoA0.6_rhoB0.6_h1.0_h02.0_T15_RA3.0_steps100000,4.61732903,1.00082061
7.5,rhoA0.6_rhoB0.6_h1.0_h02.0_T15_RA3.0_steps100000,4.63833098,1.00234101
7.5,rhoA0.6_rhoB0.6_h1.0_h02.0_T15_RA3.0_steps100000,4.65949324,1.00189041
7.5,rhoA0.6_rhoB0.6_h1.0_h02.0_T15_RA3.0_steps100000,4.68039693,0.99797393
7.5,rhoA0.6_rhoB0.6_h1.0_h02.0_T15_RA3.0_steps100000,4.70136745,0.998277569
7.5,rhoA0.6_rhoB0.6_h1.0_h02.0_T15_RA3.0_steps100000,4.72221533,1.00246183
7.5,rhoA0.6_rhoB0.6_h1.0_h02.0_T15_RA3.0_steps100000,4.74309374,1.00025138
7.5,rhoA0.6_rhoB0.6_h1.0_h02.0_T15_RA3.0_steps100000,4.76390784,1.0003152
7.5,rhoA0.6_rhoB0.6_h1.0_h02.0_T15_RA3.0_steps100000,4.78491795,1.00201044
7.5,rhoA0.6_rhoB0.6_h1.0_h02.0_T15_RA3.0_steps100000,4.80636204,1.00059053
7.5,rhoA0.6_rhoB0.6_h1.0_h02.0_T15_RA3.0_steps100000,4.82728449,0.996990876
7.5,rhoA0.6_rhoB0.6_h1.0_h02.0_T15_RA3.0_steps100000,4.84785524,0.997798282
7.5,rhoA0.6_rhoB0.6_h1.0_h02.0_T15_RA3.0_steps100000,4.86859731,0.997806343
7.5,rhoA0.6_rhoB0.6_h1.0_h02.0_T15_RA3.0_steps100000,4.88954319,0.999155784
7.5,rhoA0.6_rhoB0.6_h1.0_h02.0_T15_RA3.0_steps100000,4.91078695,1.00339772
7.5,rhoA0.6_rhoB0.6_h1.0_h02.0_T15_RA3.0_steps100000,4.93172016,0.99819327
7.5,rhoA0.6_rhoB0.6_h1.0_h02.0_T15_RA3.0_steps100000,4.95244063,0.999996756
7.5,rhoA0.6_rhoB0.6_h1.0_h02.0_T15_RA3.0_steps100000,4.97348932,1.00026673
7.5,rhoA0.6_rhoB0.6_h1.0_h02.0_T15_RA3.0_steps100000,4.994309,1.00088277
7.5,rhoA0.6_rhoB0.6_h1.0_h02.0_T15_RA3.0_steps100000,5.01515697,0.998161041
7.5,rhoA0.6_rhoB0.6_h1.0_h02.0_T15_RA3.0_steps100000,5.03598003,1.00060347
7.5,rhoA0.6_rhoB0.6_h1.0_h02.0_T15_RA3.0_steps100000,5.05703237,1.00055177
7.5,rhoA0.6_rhoB0.6_h1.0_h02.0_T15_RA3.0_steps100000,5.07840332,0.99927638
7.5,rhoA0.6_rhoB0.6_h1.0_h02.0_T15_RA3.0_steps100000,5.09943841,0.999481525
7.5,rhoA0.6_rhoB0.6_h1.0_h02.0_T15_RA3.0_steps100000,5.12032938,1.00032943
7.5,rhoA0.6_rhoB0.6_h1.0_h02.0_T15_RA3.0_steps100000,5.14107614,1.00039346
7.5,rhoA0.6_rhoB0.6_h1.0_h02.0_T15_RA3.0_steps100000,5.16214077,0.999858154
7.5,rhoA0.6_rhoB0.6_h1.0_h02.0_T15_RA3.0_steps100000,5.18341099,1.00337107
7.5,rhoA0.6_rhoB0.6_h1.0_h02.0_T15_RA3.0_steps100000,5.2041075,1.00078041
7.5,rhoA0.6_rhoB0.6_h1.0_h02.0_T15_RA3.0_steps100000,5.22477891,0.998654183
7.5,rhoA0.6_rhoB0.6_h1.0_h02.0_T15_RA3.0_steps100000,5.24557967,1.00406505
7.5,rhoA0.6_rhoB0.6_h1.0_h02.0_T15_RA3.0_steps100000,5.26649236,0.996925902
7.5,rhoA0.6_rhoB0.6_h1.0_h02.0_T15_RA3.0_steps100000,5.28753131,1.00229418
7.5,rhoA0.6_rhoB0.6_h1.0_h02.0_T15_RA3.0_steps100000,5.30847064,0.999321979
7.5,rhoA0.6_rhoB0.6_h1.0_h02.0_T15_RA3.0_steps100000,5.32946745,1.00021415
7.5,rhoA0.6_rhoB0.6_h1.0_h02.0_T15_RA3.0_steps100000,5.3506922,1.00038541
7.5,rhoA0.6_rhoB0.6_h1.0_h02.0_T15_RA3.0_steps100000,5.37158853,1.00174038
7.5,rhoA0.6_rhoB0.6_h1.0_h02.0_T15_RA3.0_steps100000,5.39231925,1.00165972
7.5,rhoA0.6_rhoB0.6_h1.0_h02.0_T15_RA3.0_steps100000,5.41333352,0.999463109
7.5,rhoA0.6_rhoB0.6_h1.0_h02.0_T15_RA3.0_steps100000,5.43434316,0.998107165
7.5,rhoA0.6_rhoB0.6_h1.0_h02.0_T15_RA3.0_steps100000,5.45530659,0.999822925
7.5,rhoA0.6_rhoB0.6_h1.0_h02.0_T15_RA3.0_steps100000,5.47618498,0.998632321
7.5,rhoA0.6_rhoB0.6_h1.0_h02.0_T15_RA3.0_steps100000,5.49715755,0.99832117
7.5,rhoA0.6_rhoB0.6_h1.0_h02.0_T15_RA3.0_steps100000,5.51801586,1.00055829
7.5,rhoA0.6_rhoB0.6_h1.0_h02.0_T15_RA3.0_steps100000,5.53881995,1.00009041
7.5,rhoA0.6_rhoB0.6_h1.0_h02.0_T15_RA3.0_steps100000,5.55992514,1.00018574
7.5,rhoA0.6_rhoB0.6_h1.0_h02.0_T15_RA3.0_steps100000,5.58098545,1.00176527
7.5,rhoA0.6_rhoB0.6_h1.0_h02.0_T15_RA3.0_steps100000,5.60183772,1.00150181
7.5,rhoA0.6_rhoB0.6_h1.0_h02.0_T15_RA3.0_steps100000,5.62277584,0.999423502
7.5,rhoA0.6_rhoB0.6_h1.0_h02.0_T15_RA3.0_steps100000,5.64379172,1.00038369
7.5,rhoA0.6_rhoB0.6_h1.0_h02.0_T15_RA3.0_steps100000,5.66460817,1.00062812
7.5,rhoA0.6_rhoB0.6_h1.0_h02.0_T15_RA3.0_steps100000,5.68556022,0.999065099
7.5,rhoA0.6_rhoB0.6_h1.0_h02.0_T15_RA3.0_steps100000,5.7067909,1.00045174
7.5,rhoA0.6_rhoB0.6_h1.0_h02.0_T15_RA3.0_steps100000,5.72769317,0.999952891
7.5,rhoA0.6_rhoB0.6_h1.0_h02.0_T15_RA3.0_steps100000,5.74840017,1.00116022
7.5,rhoA0.6_rhoB0.6_h1.0_h02.0_T15_RA3.0_steps100000,5.76938192,1.00179286
7.5,rhoA0.6_rhoB0.6_h1.0_h02.0_T15_RA3.0_steps100000,5.79039764,1.00285438
7.5,rhoA0.6_rhoB0.6_h1.0_h02.0_T15_RA3.0_steps100000,5.81144039,0.998893412
7.5,rhoA0.6_rhoB0.6_h1.0_h02.0_T15_RA3.0_steps100000,5.83232115,1.00021301
7.5,rhoA0.6_rhoB0.6_h1.0_h02.0_T15_RA3.0_steps100000,5.85320209,1.00100357
7.5,rhoA0.6_rhoB0.6_h1.0_h02.0_T15_RA3.0_steps100000,5.87418919,1.00246493
7.5,rhoA0.6_rhoB0.6_h1.0_h02.0_T15_RA3.0_steps100000,5.89509625,0.999212214
7.5,rhoA0.6_rhoB0.6_h1.0_h02.0_T15_RA3.0_steps100000,5.9159726,0.996789775
7.5,rhoA0.6_rhoB0.6_h1.0_h02.0_T15_RA3.0_steps100000,5.93682663,1.0017338
7.5,rhoA0.6_rhoB0.6_h1.0_h02.0_T15_RA3.0_steps100000,5.95791772,1.00008414
7.5,rhoA0.6_rhoB0.6_h1.0_h02.0_T15_RA3.0_steps100000,5.97900675,1.00086508
7.5,rhoA0.6_rhoB0.6_h1.0_h02.0_T15_RA3.0_steps100000,5.99978945,1.00297021
7.5,rhoA0.6_rhoB0.6_h1.0_h02.0_T15_RA3.0_steps100000,6.02063577,0.999330863
7.5,rhoA0.6_rhoB0.6_h1.0_h02.0_T15_RA3.0_steps100000,6.04156421,0.999978278
7.5,rhoA0.6_rhoB0.6_h1.0_h02.0_T15_RA3.0_steps100000,6.06259364,1.00086901
7.5,rhoA0.6_rhoB0.6_h1.0_h02.0_T15_RA3.0_steps100000,6.08377541,0.999728168
7.5,rhoA0.6_rhoB0.6_h1.0_h02.0_T15_RA3.0_steps100000,6.10447051,0.999959366
7.5,rhoA0.6_rhoB0.6_h1.0_h02.0_T15_RA3.0_steps100000,6.12538157,0.998696177
7.5,rhoA0.6_rhoB0.6_h1.0_h02.0_T15_RA3.0_steps100000,6.14660689,1.00122966
7.5,rhoA0.6_rhoB0.6_h1.0_h02.0_T15_RA3.0_steps100000,6.16752321,0.998170654
7.5,rhoA0.6_rhoB0.6_h1.0_h02.0_T15_RA3.0_steps100000,6.18833806,1.00149457
7.5,rhoA0.6_rhoB0.6_h1.0_h02.0_T15_RA3.0_steps100000,6.20938667,1.00192397
7.5,rhoA0.6_rhoB0.6_h1.0_h02.0_T15_RA3.0_steps100000,6.23052184,0.999587864
7.5,rhoA0.6_rhoB0.6_h1.0_h02.0_T15_RA3.0_steps100000,6.25137137,1.00106313
7.5,rhoA0.6_rhoB0.6_h1.0_h02.0_T15_RA3.0_steps100000,6.27204484,1.00136104
7.5,rhoA0.6_rhoB0.6_h1.0_h02.0_T15_RA3.0_steps100000,6.29290789,1.00084339
7.5,rhoA0.6_rhoB0.6_h1.0_h02.0_T15_RA3.0_steps100000,6.31382104,1.00015417
7.5,rhoA0.6_rhoB0.6_h1.0_h02.0_T15_RA3.0_steps100000,6.33495691,1.00235061
7.5,rhoA0.6_rhoB0.6_h1.0_h02.0_T15_RA3.0_steps100000,6.35600914,1.00203184
7.5,rhoA0.6_rhoB0.6_h1.0_h02.0_T15_RA3.0_steps100000,6.37663869,0.998187461
7.5,rhoA0.6_rhoB0.6_h1.0_h02.0_T15_RA3.0_steps100000,6.39770954,0.996755106
7.5,rhoA0.6_rhoB0.6_h1.0_h02.0_T15_RA3.0_steps100000,6.41872759,0.999213664
7.5,rhoA0.6_rhoB0.6_h1.0_h02.0_T15_RA3.0_steps100000,6.43951457,1.00372404
7.5,rhoA0.6_rhoB0.6_h1.0_h02.0_T15_RA3.0_steps100000,6.46033562,1.00212484
7.5,rhoA0.6_rhoB0.6_h1.0_h02.0_T15_RA3.0_steps100000,6.4814564,0.998862638
7.5,rhoA0.6_rhoB0.6_h1.0_h02.0_T15_RA3.0_steps100000,6.50265681,0.99864462
7.5,rhoA0.6_rhoB0.6_h1.0_h02.0_T15_RA3.0_steps100000,6.52350383,0.999819266
7.5,rhoA0.6_rhoB0.6_h1.0_h02.0_T15_RA3.0_steps100000,6.54427866,0.998963797
7.5,rhoA0.6_rhoB0.6_h1.0_h02.0_T15_RA3.0_steps100000,6.56515568,0.996776828
7.5,rhoA0.6_rhoB0.6_h1.0_h02.0_T15_RA3.0_steps100000,6.58628576,1.00051441
7.5,rhoA0.6_rhoB0.6_h1.0_h02.0_T15_RA3.0_steps100000,6.60749316,0.998748844
7.5,rhoA0.6_rhoB0.6_h1.0_h02.0_T15_RA3.0_steps100000,6.62830625,1.00015515
7.5,rhoA0.6_rhoB0.6_h1.0_h02.0_T15_RA3.0_steps100000,6.64913567,1.00347279
7.5,rhoA0.6_rhoB0.6_h1.0_h02.0_T15_RA3.0_steps100000,6.67020149,0.996450177
7.5,rhoA0.6_rhoB0.6_h1.0_h02.0_T15_RA3.0_steps100000,6.69106898,0.998821699
7.5,rhoA0.6_rhoB0.6_h1.0_h02.0_T15_RA3.0_steps100000,6.71185955,0.998408018
7.5,rhoA0.6_rhoB0.6_h1.0_h02.0_T15_RA3.0_steps100000,6.73264651,0.99970019
7.5,rhoA0.6_rhoB0.6_h1.0_h02.0_T15_RA3.0_steps100000,6.7537045,1.00008215
7.5,rhoA0.6_rhoB0.6_h1.0_h02.0_T15_RA3.0_steps100000,6.77487174,0.999214943
7.5,rhoA0.6_rhoB0.6_h1.0_h02.0_T15_RA3.0_steps100000,6.79557562,1.00066756
7.5,rhoA0.6_rhoB0.6_h1.0_h02.0_T15_RA3.0_steps100000,6.81648781,0.998985092
7.5,rhoA0.6_rhoB0.6_h1.0_h02.0_T15_RA3.0_steps100000,6.83753747,1.00116507
7.5,rhoA0.6_rhoB0.6_h1.0_h02.0_T15_RA3.0_steps100000,6.85867557,1.0005738
7.5,rhoA0.6_rhoB0.6_h1.0_h02.0_T15_RA3.0_steps100000,6.87985316,1.0001218
7.5,rhoA0.6_rhoB0.6_h1.0_h02.0_T15_RA3.0_steps100000,6.90065786,1.00126805
7.5,rhoA0.6_rhoB0.6_h1.0_h02.0_T15_RA3.0_steps100000,6.92153112,1.00083917
7.5,rhoA0.6_rhoB0.6_h1.0_h02.0_T15_RA3.0_steps100000,6.94229803,1.00269319
7.5,rhoA0.6_rhoB0.6_h1.0_h02.0_T15_RA3.0_steps100000,6.9630016,1.00234616
7.5,rhoA0.6_rhoB0.6_h1.0_h02.0_T15_RA3.0_steps100000,6.98416877,0.996636411
7.5,rhoA0.6_rhoB0.6_h1.0_h02.0_T15_RA3.0_steps100000,7.0052781,1.00308628
7.5,rhoA0.6_rhoB0.6_h1.0_h02.0_T15_RA3.0_steps100000,7.02617612,1.00225726
7.5,rhoA0.6_rhoB0.6_h1.0_h02.0_T15_RA3.0_steps100000,7.04699526,0.99987369
7.5,rhoA0.6_rhoB0.6_h1.0_h02.0_T15_RA3.0_steps100000,7.06761685,0.998669516
7.5,rhoA0.6_rhoB0.6_h1.0_h02.0_T15_RA3.0_steps100000,7.08873369,1.00049958
7.5,rhoA0.6_rhoB0.6_h1.0_h02.0_T15_RA3.0_steps100000,7.10994937,0.999336807
7.5,rhoA0.6_rhoB0.6_h1.0_h02.0_T15_RA3.0_steps100000,7.13102893,1.00392872
7.5,rhoA0.6_rhoB0.6_h1.0_h02.0_T15_RA3.0_steps100000,7.15201412,0.999062045
7.5,rhoA0.6_rhoB0.6_h1.0_h02.0_T15_RA3.0_steps100000,7.17271336,0.999407925
7.5,rhoA0.6_rhoB0.6_h1.0_h02.0_T15_RA3.0_steps100000,7.19374266,1.00112918
7.5,rhoA0.6_rhoB0.6_h1.0_h02.0_T15_RA3.0_steps100000,7.21473042,1.00084962
7.5,rhoA0.6_rhoB0.6_h1.0_h02.0_T15_RA3.0_steps100000,7.23564263,0.999788288
7.5,rhoA0.6_rhoB0.6_h1.0_h02.0_T15_RA3.0_steps100000,7.25666289,0.999448671
7.5,rhoA0.6_rhoB0.6_h1.0_h02.0_T15_RA3.0_steps100000,7.27757645,0.999957724
7.5,rhoA0.6_rhoB0.6_h1.0_h02.0_T15_RA3.0_steps100000,7.2984411,0.99880264
7.5,rhoA0.6_rhoB0.6_h1.0_h02.0_T15_RA3.0_steps100000,7.31917384,0.999423727
7.5,rhoA0.6_rhoB0.6_h1.0_h02.0_T15_RA3.0_steps100000,7.34001688,1.00124337
7.5,rhoA0.6_rhoB0.6_h1.0_h02.0_T15_RA3.0_steps100000,7.3611683,1.00141205
7.5,rhoA0.6_rhoB0.6_h1.0_h02.0_T15_RA3.0_steps100000,7.38224284,1.00182137
7.5,rhoA0.6_rhoB0.6_h1.0_h02.0_T15_RA3.0_steps100000,7.40324015,0.998795703
7.5,rhoA0.6_rhoB0.6_h1.0_h02.0_T15_RA3.0_steps100000,7.42408854,1.00037269
7.5,rhoA0.6_rhoB0.6_h1.0_h02.0_T15_RA3.0_steps100000,7.44500634,1.00157681
7.5,rhoA0.6_rhoB0.6_h1.0_h02.0_T15_RA3.0_steps100000,7.46595959,1.00075417
7.5,rhoA0.6_rhoB0.6_h1.0_h02.0_T15_RA3.0_steps100000,7.48696308,1.00009648
7.5,rhoA0.6_rhoB0.6_h1.0_h02.0_T15_RA3.0_steps100000,7.5079936,1.00017803
7.5,rhoA0.6_rhoB0.6_h1.0_h02.0_T15_RA3.0_steps100000,7.52871967,0.997144588
7.5,rhoA0.6_rhoB0.6_h1.0_h02.0_T15_RA3.0_steps100000,7.54966921,1.00018539
7.5,rhoA0.6_rhoB0.6_h1.0_h02.0_T15_RA3.0_steps100000,7.57064902,1.00026468
7.5,rhoA0.6_rhoB0.6_h1.0_h02.0_T15_RA3.0_steps100000,7.59151428,0.999845308
7.5,rhoA0.6_rhoB0.6_h1.0_h02.0_T15_RA3.0_steps100000,7.6123809,0.998791371
7.5,rhoA0.6_rhoB0.6_h1.0_h02.0_T15_RA3.0_steps100000,7.63338324,0.999939083
7.5,rhoA0.6_rhoB0.6_h1.0_h02.0_T15_RA3.0_steps100000,7.65450532,1.00137653
7.5,rhoA0.6_rhoB0.6_h1.0_h02.0_T15_RA3.0_steps100000,7.67556944,1.00048621
7.5,rhoA0.6_rhoB0.6_h1.0_h02.0_T15_RA3.0_steps100000,7.69637751,0.999828065
7.5,rhoA0.6_rhoB0.6_h1.0_h02.0_T15_RA3.0_steps100000,7.71727216,0.997069812
7.5,rhoA0.6_rhoB0.6_h1.0_h02.0_T15_RA3.0_steps100000,7.73835725,0.999371134
7.5,rhoA0.6_rhoB0.6_h1.0_h02.0_T15_RA3.0_steps100000,7.75934923,1.00114022
7.5,rhoA0.6_rhoB0.6_h1.0_h02.0_T15_RA3.0_steps100000,7.78023116,0.999580533
7.5,rhoA0.6_rhoB0.6_h1.0_h02.0_T15_RA3.0_steps100000,7.80098697,0.999892506
7.5,rhoA0.6_rhoB0.6_h1.0_h02.0_T15_RA3.0_steps100000,7.82190677,0.9992802
7.5,rhoA0.6_rhoB0.6_h1.0_h02.0_T15_RA3.0_steps100000,7.84304931,0.999109392
7.5,rhoA0.6_rhoB0.6_h1.0_h02.0_T15_RA3.0_steps100000,7.86405132,1.00238616
7.5,rhoA0.6_rhoB0.6_h1.0_h02.0_T15_RA3.0_steps100000,7.88484553,0.999613123
7.5,rhoA0.6_rhoB0.6_h1.0_h02.0_T15_RA3.0_steps100000,7.90574885,1.00095592
7.5,rhoA0.6_rhoB0.6_h1.0_h02.0_T15_RA3.0_steps100000,7.9267531,0.999760817
7.5,rhoA0.6_rhoB0.6_h1.0_h02.0_T15_RA3.0_steps100000,7.94765228,1.00148262
7.5,rhoA0.6_rhoB0.6_h1.0_h02.0_T15_RA3.0_steps100000,7.96842304,0.999946343
7.5,rhoA0.6_rhoB0.6_h1.0_h02.0_T15_RA3.0_steps100000,7.98938616,0.998060416
7.5,rhoA0.6_rhoB0.6_h1.0_h02.0_T15_RA3.0_steps100000,8.01050815,0.998726378
7.5,rhoA0.6_rhoB0.6_h1.0_h02.0_T15_RA3.0_steps100000,8.03153334,0.999894132
7.5,rhoA0.6_rhoB0.6_h1.0_h02.0_T15_RA3.0_steps100000,8.05240251,1.00165749
7.5,rhoA0.6_rhoB0.6_h1.0_h02.0_T15_RA3.0_steps100000,8.07332696,0.999133601
7.5,rhoA0.6_rhoB0.6_h1.0_h02.0_T15_RA3.0_steps100000,8.09438514,0.998039536
7.5,rhoA0.6_rhoB0.6_h1.0_h02.0_T15_RA3.0_steps100000,8.11529588,1.00173629
7.5,rhoA0.6_rhoB0.6_h1.0_h02.0_T15_RA3.0_steps100000,8.13618411,0.998779809
7.5,rhoA0.6_rhoB0.6_h1.0_h02.0_T15_RA3.0_steps100000,8.15717855,1.00071874
7.5,rhoA0.6_rhoB0.6_h1.0_h02.0_T15_RA3.0_steps100000,8.17807847,0.998652503
7.5,rhoA0.6_rhoB0.6_h1.0_h02.0_T15_RA3.0_steps100000,8.19905269,0.999062539
7.5,rhoA0.6_rhoB0.6_h1.0_h02.0_T15_RA3.0_steps100000,8.21991085,0.999858093
7.5,rhoA0.6_rhoB0.6_h1.0_h02.0_T15_RA3.0_steps100000,8.24078529,1.00220937
7.5,rhoA0.6_rhoB0.6_h1.0_h02.0_T15_RA3.0_steps100000,8.26195652,1.00124677
7.5,rhoA0.6_rhoB0.6_h1.0_h02.0_T15_RA3.0_steps100000,8.28293039,0.998784044
7.5,rhoA0.6_rhoB0.6_h1.0_h02.0_T15_RA3.0_steps100000,8.30373423,1.00003683
7.5,rhoA0.6_rhoB0.6_h1.0_h02.0_T15_RA3.0_steps100000,8.32452583,0.997271317
7.5,rhoA0.6_rhoB0.6_h1.0_h02.0_T15_RA3.0_steps100000,8.34556221,1.00048389
7.5,rhoA0.6_rhoB0.6_h1.0_h02.0_T15_RA3.0_steps100000,8.36671927,0.998921503
7.5,rhoA0.6_rhoB0.6_h1.0_h02.0_T15_RA3.0_steps100000,8.38757523,0.998805409
7.5,rhoA0.6_rhoB0.6_h1.0_h02.0_T15_RA3.0_steps100000,8.40855808,0.997803904
7.5,rhoA0.6_rhoB0.6_h1.0_h02.0_T15_RA3.0_steps100000,8.42953585,1.00205895
7.5,rhoA0.6_rhoB0.6_h1.0_h02.0_T15_RA3.0_steps100000,8.45042977,1.00025161
7.5,rhoA0.6_rhoB0.6_h1.0_h02.0_T15_RA3.0_steps100000,8.47138662,0.998179085
7.5,rhoA0.6_rhoB0.6_h1.0_h02.0_T15_RA3.0_steps100000,8.49217243,1.00074176
7.5,rhoA0.6_rhoB0.6_h1.0_h02.0_T15_RA3.0_steps100000,8.51321806,1.00067374
7.5,rhoA0.6_rhoB0.6_h1.0_h02.0_T15_RA3.0_steps100000,8.53421183,1.00049443
7.5,rhoA0.6_rhoB0.6_h1.0_h02.0_T15_RA3.0_steps100000,8.55508292,1.00084833
7.5,rhoA0.6_rhoB0.6_h1.0_h02.0_T15_RA3.0_steps100000,8.57598662,1.00081121
7.5,rhoA0.6_rhoB0.6_h1.0_h02.0_T15_RA3.0_steps100000,8.59679232,1.00096203
7.5,rhoA0.6_rhoB0.6_h1.0_h02.0_T15_RA3.0_steps100000,8.61783107,1.00024474
7.5,rhoA0.6_rhoB0.6_h1.0_h02.0_T15_RA3.0_steps100000,8.63891768,1.00025663
7.5,rhoA0.6_rhoB0.6_h1.0_h02.0_T15_RA3.0_steps100000,8.65972861,0.998883749
7.5,rhoA0.6_rhoB0.6_h1.0_h02.0_T15_RA3.0_steps100000,8.68059853,0.999250648
7.5,rhoA0.6_rhoB0.6_h1.0_h02.0_T15_RA3.0_steps100000,8.70174168,1.0005437
7.5,rhoA0.6_rhoB0.6_h1.0_h02.0_T15_RA3.0_steps100000,8.72279566,0.998490373
7.5,rhoA0.6_rhoB0.6_h1.0_h02.0_T15_RA3.0_steps100000,8.74359241,0.999895445
7.5,rhoA0.6_rhoB0.6_h1.0_h02.0_T15_RA3.0_steps100000,8.76424415,0.999785211
7.5,rhoA0.6_rhoB0.6_h1.0_h02.0_T15_RA3.0_steps100000,8.78526729,0.998544243
7.5,rhoA0.6_rhoB0.6_h1.0_h02.0_T15_RA3.0_steps100000,8.80637189,1.0005777
7.5,rhoA0.6_rhoB0.6_h1.0_h02.0_T15_RA3.0_steps100000,8.82736896,0.998306985
7.5,rhoA0.6_rhoB0.6_h1.0_h02.0_T15_RA3.0_steps100000,8.84843212,1.00168082
7.5,rhoA0.6_rhoB0.6_h1.0_h02.0_T15_RA3.0_steps100000,8.86933197,0.998805037
7.5,rhoA0.6_rhoB0.6_h1.0_h02.0_T15_RA3.0_steps100000,8.89026857,1.00122159
7.5,rhoA0.6_rhoB0.6_h1.0_h02.0_T15_RA3.0_steps100000,8.91123702,1.00278527
7.5,rhoA0.6_rhoB0.6_h1.0_h02.0_T15_RA3.0_steps100000,8.93214776,0.997614062
7.5,rhoA0.6_rhoB0.6_h1.0_h02.0_T15_RA3.0_steps100000,8.95312097,0.998459809
7.5,rhoA0.6_rhoB0.6_h1.0_h02.0_T15_RA3.0_steps100000,8.9741304,0.999946851
7.5,rhoA0.6_rhoB0.6_h1.0_h02.0_T15_RA3.0_steps100000,8.99505705,0.998187634
7.5,rhoA0.6_rhoB0.6_h1.0_h02.0_T15_RA3.0_steps100000,9.01571368,1.00000881
7.5,rhoA0.6_rhoB0.6_h1.0_h02.0_T15_RA3.0_steps100000,9.03640927,1.0020665
7.5,rhoA0.6_rhoB0.6_h1.0_h02.0_T15_RA3.0_steps100000,9.05755121,1.00115361
7.5,rhoA0.6_rhoB0.6_h1.0_h02.0_T15_RA3.0_steps100000,9.07868023,1.00011168
7.5,rhoA0.6_rhoB0.6_h1.0_h02.0_T15_RA3.0_steps100000,9.09969513,1.00061284
7.5,rhoA0.6_rhoB0.6_h1.0_h02.0_T15_RA3.0_steps100000,9.1205658,0.999502936
7.5,rhoA0.6_rhoB0.6_h1.0_h02.0_T15_RA3.0_steps100000,9.14137844,0.999717339
7.5,rhoA0.6_rhoB0.6_h1.0_h02.0_T15_RA3.0_steps100000,9.16237082,1.00177486
7.5,rhoA0.6_rhoB0.6_h1.0_h02.0_T15_RA3.0_steps100000,9.18339441,0.999370927
7.5,rhoA0.6_rhoB0.6_h1.0_h02.0_T15_RA3.0_steps100000,9.20447395,0.999018163
7.5,rhoA0.6_rhoB0.6_h1.0_h02.0_T15_RA3.0_steps100000,9.22549281,1.00033369
7.5,rhoA0.6_rhoB0.6_h1.0_h02.0_T15_RA3.0_steps100000,9.2463962,1.00032101
7.5,rhoA0.6_rhoB0.6_h1.0_h02.0_T15_RA3.0_steps100000,9.26722673,0.999827373
7.5,rhoA0.6_rhoB0.6_h1.0_h02.0_T15_RA3.0_steps100000,9.28791689,1.00223689
7.5,rhoA0.6_rhoB0.6_h1.0_h02.0_T15_RA3.0_steps100000,9.30892724,1.00232154
7.5,rhoA0.6_rhoB0.6_h1.0_h02.0_T15_RA3.0_steps100000,9.33003065,1.00039529
7.5,rhoA0.6_rhoB0.6_h1.0_h02.0_T15_RA3.0_steps100000,9.35102864,0.999466801
7.5,rhoA0.6_rhoB0.6_h1.0_h02.0_T15_RA3.0_steps100000,9.37196601,1.0001256
7.5,rhoA0.6_rhoB0.6_h1.0_h02.0_T15_RA3.0_steps100000,9.39258783,0.998485766
7.5,rhoA0.6_rhoB0.6_h1.0_h02.0_T15_RA3.0_steps100000,9.41349621,0.999195262
7.5,rhoA0.6_rhoB0.6_h1.0_h02.0_T15_RA3.0_steps100000,9.4347927,1.00104951
7.5,rhoA0.6_rhoB0.6_h1.0_h02.0_T15_RA3.0_steps100000,9.45587737,0.998207801
7.5,rhoA0.6_rhoB0.6_h1.0_h02.0_T15_RA3.0_steps100000,9.47676866,1.00005992
7.5,rhoA0.6_rhoB0.6_h1.0_h02.0_T15_RA3.0_steps100000,9.49762777,0.998802201
7.5,rhoA0.6_rhoB0.6_h1.0_h02.0_T15_RA3.0_steps100000,9.51852362,0.999273137
7.5,rhoA0.6_rhoB0.6_h1.0_h02.0_T15_RA3.0_steps100000,9.53939795,0.999903566
7.5,rhoA0.6_rhoB0.6_h1.0_h02.0_T15_RA3.0_steps100000,9.56035551,0.998411516
7.5,rhoA0.6_rhoB0.6_h1.0_h02.0_T15_RA3.0_steps100000,9.58149741,0.999557939
7.5,rhoA0.6_rhoB0.6_h1.0_h02.0_T15_RA3.0_steps100000,9.60249587,1.0008384
7.5,rhoA0.6_rhoB0.6_h1.0_h02.0_T15_RA3.0_steps100000,9.62336478,0.998910262
7.5,rhoA0.6_rhoB0.6_h1.0_h02.0_T15_RA3.0_steps100000,9.64415055,0.999757624
7.5,rhoA0.6_rhoB0.6_h1.0_h02.0_T15_RA3.0_steps100000,9.66502224,1.00205406
7.5,rhoA0.6_rhoB0.6_h1.0_h02.0_T15_RA3.0_steps100000,9.68597433,1.00185157
7.5,rhoA0.6_rhoB0.6_h1.0_h02.0_T15_RA3.0_steps100000,9.7069728,1.00181687
7.5,rhoA0.6_rhoB0.6_h1.0_h02.0_T15_RA3.0_steps100000,9.72797765,0.99993726
7.5,rhoA0.6_rhoB0.6_h1.0_h02.0_T15_RA3.0_steps100000,9.74896401,1.00026872
7.5,rhoA0.6_rhoB0.6_h1.0_h02.0_T15_RA3.0_steps100000,9.76996217,1.00051902
7.5,rhoA0.6_rhoB0.6_h1.0_h02.0_T15_RA3.0_steps100000,9.79085678,1.000562
7.5,rhoA0.6_rhoB0.6_h1.0_h02.0_T15_RA3.0_steps100000,9.81166698,1.0011696
7.5,rhoA0.6_rhoB0.6_h1.0_h02.0_T15_RA3.0_steps100000,9.83262494,1.00181294
7.5,rhoA0.6_rhoB0.6_h1.0_h02.0_T15_RA3.0_steps100000,9.85372265,0.999687607
7.5,rhoA0.6_rhoB0.6_h1.0_h02.0_T15_RA3.0_steps100000,9.87472665,1.0008733
7.5,rhoA0.6_rhoB0.6_h1.0_h02.0_T15_RA3.0_steps100000,9.89559934,0.998918957
7.5,rhoA0.6_rhoB0.6_h1.0_h02.0_T15_RA3.0_steps100000,9.91635289,1.00120962
7.5,rhoA0.6_rhoB0.6_h1.0_h02.0_T15_RA3.0_steps100000,9.93737645,1.001068
7.5,rhoA0.6_rhoB0.6_h1.0_h02.0_T15_RA3.0_steps100000,9.95856995,0.999405335
7.5,rhoA0.6_rhoB0.6_h1.0_h02.0_T15_RA3.0_steps100000,9.97940815,0.998096153
7.5,rhoA0.6_rhoB0.6_h1.0_h02.0_T15_RA3.0_steps100000,10.000082,1.00125817
10.0,rhoA0.6_rhoB0.6_h1.0_h02.0_T20_RA3.0_steps100000,0.0252815853,1.05873519
10.0,rhoA0.6_rhoB0.6_h1.0_h02.0_T20_RA3.0_steps100000,0.0486976344,0.976603544
10.0,rhoA0.6_rhoB0.6_h1.0_h02.0_T20_RA3.0_steps100000,0.0692644017,1.00449684
10.0,rhoA0.6_rhoB0.6_h1.0_h02.0_T20_RA3.0_steps100000,0.08877835,1.01374872
10.0,rhoA0.6_rhoB0.6_h1.0_h02.0_T20_RA3.0_steps100000,0.111604297,1.00646579
10.0,rhoA0.6_rhoB0.6_h1.0_h02.0_T20_RA3.0_steps100000,0.132731806,0.987700772
10.0,rhoA0.6_rhoB0.6_h1.0_h02.0_T20_RA3.0_steps100000,0.153672181,1.00652262
10.0,rhoA0.6_rhoB0.6_h1.0_h02.0_T20_RA3.0_steps100000,0.175641863,0.991406042
10.0,rhoA0.6_rhoB0.6_h1.0_h02.0_T20_RA3.0_steps100000,0.196615509,0.989819897
10.0,rhoA0.6_rhoB0.6_h1.0_h02.0_T20_RA3.0_steps100000,0.217326708,0.985206162
10.0,rhoA0.6_rhoB0.6_h1.0_h02.0_T20_RA3.0_steps100000,0.237538457,1.00210637
10.0,rhoA0.6_rhoB0.6_h1.0_h02.0_T20_RA3.0_steps100000,0.258148683,0.991251321
10.0,rhoA0.6_rhoB0.6_h1.0_h02.0_T20_RA3.0_steps100000,0.28040349,1.00414569
10.0,rhoA0.6_rhoB0.6_h1.0_h02.0_T20_RA3.0_steps100000,0.301929084,0.997500684
10.0,rhoA0.6_rhoB0.6_h1.0_h02.0_T20_RA3.0_steps100000,0.322287413,0.996942355
10.0,rhoA0.6_rhoB0.6_h1.0_h02.0_T20_RA3.0_steps100000,0.342663331,0.993925323
10.0,rhoA0.6_rhoB0.6_h1.0_h02.0_T20_RA3.0_steps100000,0.363641289,1.0072307
10.0,rhoA0.6_rhoB0.6_h1.0_h02.0_T20_RA3.0_steps100000,0.385602948,0.998824424
10.0,rhoA0.6_rhoB0.6_h1.0_h02.0_T20_RA3.0_steps100000,0.406737165,0.999022122
10.0,rhoA0.6_rhoB0.6_h1.0_h02.0_T20_RA3.0_steps100000,0.427001871,0.998998522
10.0,rhoA0.6_rhoB0.6_h1.0_h02.0_T20_RA3.0_steps100000,0.448754416,1.00751784
10.0,rhoA0.6_rhoB0.6_h1.0_h02.0_T20_RA3.0_steps100000,0.469601745,1.00216506
10.0,rhoA0.6_rhoB0.6_h1.0_h02.0_T20_RA3.0_steps100000,0.489805379,0.992527316
10.0,rhoA0.6_rhoB0.6_h1.0_h02.0_T20_RA3.0_steps100000,0.510302494,1.00526203
10.0,rhoA0.6_rhoB0.6_h1.0_h02.0_T20_RA3.0_steps100000,0.53178319,1.00214312
10.0,rhoA0.6_rhoB0.6_h1.0_h02.0_T20_RA3.0_steps100000,0.553922362,0.993401822
10.0,rhoA0.6_rhoB0.6_h1.0_h02.0_T20_RA3.0_steps100000,0.574670041,1.00196591
10.0,rhoA0.6_rhoB0.6_h1.0_h02.0_T20_RA3.0_steps100000,0.594645701,1.00297081
10.0,rhoA0.6_rhoB0.6_h1.0_h02.0_T20_RA3.0_steps100000,0.615540037,1.00205209
10.0,rhoA0.6_rhoB0.6_h1.0_h02.0_T20_RA3.0_steps100000,0.636554081,0.987710043
10.0,rhoA0.6_rhoB0.6_h1.0_h02.0_T20_RA3.0_steps100000,0.658102417,0.999564407
10.0,rhoA0.6_rhoB0.6_h1.0_h02.0_T20_RA3.0_steps100000,0.679189641,1.00334588
10.0,rhoA0.6_rhoB0.6_h1.0_h02.0_T20_RA3.0_steps100000,0.700054044,0.99722129
10.0,rhoA0.6_rhoB0.6_h1.0_h02.0_T20_RA3.0_steps100000,0.721329826,1.00867774
10.0,rhoA0.6_rhoB0.6_h1.0_h02.0_T20_RA3.0_steps100000,0.742033923,1.00294347
10.0,rhoA0.6_rhoB0.6_h1.0_h02.0_T20_RA3.0_steps100000,0.762614581,1.00055396
10.0,rhoA0.6_rhoB0.6_h1.0_h02.0_T20_RA3.0_steps100000,0.783270495,1.00169012
10.0,rhoA0.6_rhoB0.6_h1.0_h02.0_T20_RA3.0_steps100000,0.804783918,0.9961618
10.0,rhoA0.6_rhoB0.6_h1.0_h02.0_T20_RA3.0_steps100000,0.826095906,0.998172141
10.0,rhoA0.6_rhoB0.6_h1.0_h02.0_T20_RA3.0_steps100000,0.846303977,1.0011833
10.0,rhoA0.6_rhoB0.6_h1.0_h02.0_T20_RA3.0_steps100000,0.867174819,1.00119123
10.0,rhoA0.6_rhoB0.6_h1.0_h02.0_T20_RA3.0_steps100000,0.888413258,0.999161136
10.0,rhoA0.6_rhoB0.6_h1.0_h02.0_T20_RA3.0_steps100000,0.909910564,0.997925855
10.0,rhoA0.6_rhoB0.6_h1.0_h02.0_T20_RA3.0_steps100000,0.931134698,0.996279613
10.0,rhoA0.6_rhoB0.6_h1.0_h02.0_T20_RA3.0_steps100000,0.951563161,1.00099331
10.0,rhoA0.6_rhoB0.6_h1.0_h02.0_T20_RA3.0_steps100000,0.972160451,1.00486381
10.0,rhoA0.6_rhoB0.6_h1.0_h02.0_T20_RA3.0_steps100000,0.993008165,1.00211207
10.0,rhoA0.6_rhoB0.6_h1.0_h02.0_T20_RA3.0_steps100000,1.0140906,1.00067994
10.0,rhoA0.6_rhoB0.6_h1.0_h02.0_T20_RA3.0_steps100000,1.03500338,0.999810614
10.0,rhoA0.6_rhoB0.6_h1.0_h02.0_T20_RA3.0_steps100000,1.05657413,1.00081516
10.0,rhoA0.6_rhoB0.6_h1.0_h02.0_T20_RA3.0_steps100000,1.07789814,0.991958504
10.0,rhoA0.6_rhoB0.6_h1.0_h02.0_T20_RA3.0_steps100000,1.09835045,0.994892273
10.0,rhoA0.6_rhoB0.6_h1.0_h02.0_T20_RA3.0_steps100000,1.11903902,1.00368303
10.0,rhoA0.6_rhoB0.6_h1.0_h02.0_T20_RA3.0_steps100000,1.1396405,0.995785826
10.0,rhoA0.6_rhoB0.6_h1.0_h02.0_T20_RA3.0_steps100000,1.16109193,0.995948865
10.0,rhoA0.6_rhoB0.6_h1.0_h02.0_T20_RA3.0_steps100000,1.18227503,0.9966619
10.0,rhoA0.6_rhoB0.6_h1.0_h02.0_T20_RA3.0_steps100000,1.2030555,1.00368044
10.0,rhoA0.6_rhoB0.6_h1.0_h02.0_T20_RA3.0_steps100000,1.22375183,1.00206686
10.0,rhoA0.6_rhoB0.6_h1.0_h02.0_T20_RA3.0_steps100000,1.24453484,0.999884027
10.0,rhoA0.6_rhoB0.6_h1.0_h02.0_T20_RA3.0_steps100000,1.26570671,1.00044938
10.0,rhoA0.6_rhoB0.6_h1.0_h02.0_T20_RA3.0_steps100000,1.28693994,0.997947212
10.0,rhoA0.6_rhoB0.6_h1.0_h02.0_T20_RA3.0_steps100000,1.30807124,0.999284473
10.0,rhoA0.6_rhoB0.6_h1.0_h02.0_T20_RA3.0_steps100000,1.32889646,0.99414762
10.0,rhoA0.6_rhoB0.6_h1.0_h02.0_T20_RA3.0_steps100000,1.34945121,1.00020149
10.0,rhoA0.6_rhoB0.6_h1.0_h02.0_T20_RA3.0_steps100000,1.37055188,0.995737322
10.0,rhoA0.6_rhoB0.6_h1.0_h02.0_T20_RA3.0_steps100000,1.39148285,1.00130646
10.0,rhoA0.6_rhoB0.6_h1.0_h02.0_T20_RA3.0_steps100000,1.41220445,0.998467455
10.0,rhoA0.6_rhoB0.6_h1.0_h02.0_T20_RA3.0_steps100000,1.43352474,1.00297945
10.0,rhoA0.6_rhoB0.6_h1.0_h02.0_T20_RA3.0_steps100000,1.45454751,1.00495316
10.0,rhoA0.6_rhoB0.6_h1.0_h02.0_T20_RA3.0_steps100000,1.47511055,0.99903394
10.0,rhoA0.6_rhoB0.6_h1.0_h02.0_T20_RA3.0_steps100000,1.49566583,1.0024634
10.0,rhoA0.6_rhoB0.6_h1.0_h02.0_T20_RA3.0_steps100000,1.51690776,1.00477458
10.0,rhoA0.6_rhoB0.6_h1.0_h02.0_T20_RA3.0_steps100000,1.53826425,1.00392552
10.0,rhoA0.6_rhoB0.6_h1.0_h02.0_T20_RA3.0_steps100000,1.55931449,0.998026877
10.0,rhoA0.6_rhoB0.6_h1.0_h02.0_T20_RA3.0_steps100000,1.58012172,1.00198021
10.0,rhoA0.6_rhoB0.6_h1.0_h02.0_T20_RA3.0_steps100000,1.60114355,0.999384946
10.0,rhoA0.6_rhoB0.6_h1.0_h02.0_T20_RA3.0_steps100000,1.62229155,1.0004335
10.0,rhoA0.6_rhoB0.6_h1.0_h02.0_T20_RA3.0_steps100000,1.64295947,1.00286014
10.0,rhoA0.6_rhoB0.6_h1.0_h02.0_T20_RA3.0_steps100000,1.66366432,0.998819311
10.0,rhoA0.6_rhoB0.6_h1.0_h02.0_T20_RA3.0_steps100000,1.68478217,0.998258981
10.0,rhoA0.6_rhoB0.6_h1.0_h02.0_T20_RA3.0_steps100000,1.7057485,1.00044949
10.0,rhoA0.6_rhoB0.6_h1.0_h02.0_T20_RA3.0_steps100000,1.72683745,1.00094497
10.0,rhoA0.6_rhoB0.6_h1.0_h02.0_T20_RA3.0_steps100000,1.74765849,1.00326341
10.0,rhoA0.6_rhoB0.6_h1.0_h02.0_T20_RA3.0_steps100000,1.76847487,0.996936379
10.0,rhoA0.6_rhoB0.6_h1.0_h02.0_T20_RA3.0_steps100000,1.78961871,1.00205937
10.0,rhoA0.6_rhoB0.6_h1.0_h02.0_T20_RA3.0_steps100000,1.81086098,1.00254926
10.0,rhoA0.6_rhoB0.6_h1.0_h02.0_T20_RA3.0_steps100000,1.83179094,0.999610271
10.0,rhoA0.6_rhoB0.6_h1.0_h02.0_T20_RA3.0_steps100000,1.8521746,1.00018365
10.0,rhoA0.6_rhoB0.6_h1.0_h02.0_T20_RA3.0_steps100000,1.8733654,0.998880145
10.0,rhoA0.6_rhoB0.6_h1.0_h02.0_T20_RA3.0_steps100000,1.89455538,1.00258887
10.0,rhoA0.6_rhoB0.6_h1.0_h02.0_T20_RA3.0_steps100000,1.91534795,0.999696326
10.0,rhoA0.6_rhoB0.6_h1.0_h02.0_T20_RA3.0_steps100000,1.93623233,1.00305835
10.0,rhoA0.6_rhoB0.6_h1.0_h02.0_T20_RA3.0_steps100000,1.9571481,0.998646944
10.0,rhoA0.6_rhoB0.6_h1.0_h02.0_T20_RA3.0_steps100000,1.97825109,1.00136571
10.0,rhoA0.6_rhoB0.6_h1.0_h02.0_T20_RA3.0_steps100000,1.99905898,0.998739615
10.0,rhoA0.6_rhoB0.6_h1.0_h02.0_T20_RA3.0_steps100000,2.01966715,0.999457922
10.0,rhoA0.6_rhoB0.6_h1.0_h02.0_T20_RA3.0_steps100000,2.04082415,1.00187823
10.0,rhoA0.6_rhoB0.6_h1.0_h02.0_T20_RA3.0_steps100000,2.06193171,0.998495931
10.0,rhoA0.6_rhoB0.6_h1.0_h02.0_T20_RA3.0_steps100000,2.08296048,0.999713145
10.0,rhoA0.6_rhoB0.6_h1.0_h02.0_T20_RA3.0_steps100000,2.10383017,1.00262145
10.0,rhoA0.6_rhoB0.6_h1.0_h02.0_T20_RA3.0_steps100000,2.12494312,0.998889
10.0,rhoA0.6_rhoB0.6_h1.0_h02.0_T20_RA3.0_steps100000,2.14618475,0.99828872
10.0,rhoA0.6_rhoB0.6_h1.0_h02.0_T20_RA3.0_steps100000,2.16679298,1.00052521
10.0,rhoA0.6_rhoB0.6_h1.0_h02.0_T20_RA3.0_steps100000,2.18753482,1.00003164
10.0,rhoA0.6_rhoB0.6_h1.0_h02.0_T20_RA3.0_steps100000,2.20847027,1.00137467
10.0,rhoA0.6_rhoB0.6_h1.0_h02.0_T20_RA3.0_steps100000,2.22955181,1.00142464
10.0,rhoA0.6_rhoB0.6_h1.0_h02.0_T20_RA3.0_steps100000,2.25078374,1.00386606
10.0,rhoA0.6_rhoB0.6_h1.0_h02.0_T20_RA3.0_steps100000,2.27150159,0.997552233
10.0,rhoA0.6_rhoB0.6_h1.0_h02.0_T20_RA3.0_steps100000,2.29205574,1.0016797
10.0,rhoA0.6_rhoB0.6_h1.0_h02.0_T20_RA3.0_steps100000,2.31294326,0.99983843
10.0,rhoA0.6_rhoB0.6_h1.0_h02.0_T20_RA3.0_steps100000,2.3340363,0.999405783
10.0,rhoA0.6_rhoB0.6_h1.0_h02.0_T20_RA3.0_steps100000,2.35514399,0.998555005
10.0,rhoA0.6_rhoB0.6_h1.0_h02.0_T20_RA3.0_steps100000,2.37607726,1.00286575
10.0,rhoA0.6_rhoB0.6_h1.0_h02.0_T20_RA3.0_steps100000,2.39730341,1.00176251
10.0,rhoA0.6_rhoB0.6_h1.0_h02.0_T20_RA3.0_steps100000,2.41857203,0.997417427
10.0,rhoA0.6_rhoB0.6_h1.0_h02.0_T20_RA3.0_steps100000,2.43911056,1.00200256
10.0,rhoA0.6_rhoB0.6_h1.0_h02.0_T20_RA3.0_steps100000,2.45988005,1.0013181
10.0,rhoA0.6_rhoB0.6_h1.0_h02.0_T20_RA3.0_steps100000,2.48094151,0.998950539
10.0,rhoA0.6_rhoB0.6_h1.0_h02.0_T20_RA3.0_steps100000,2.50196601,0.995780389
10.0,rhoA0.6_rhoB0.6_h1.0_h02.0_T20_RA3.0_steps100000,2.52300496,0.99989405
10.0,rhoA0.6_rhoB0.6_h1.0_h02.0_T20_RA3.0_steps100000,2.54340089,0.997046313
10.0,rhoA0.6_rhoB0.6_h1.0_h02.0_T20_RA3.0_steps100000,2.56415297,0.996345405
10.0,rhoA0.6_rhoB0.6_h1.0_h02.0_T20_RA3.0_steps100000,2.58575836,0.998794662
10.0,rhoA0.6_rhoB0.6_h1.0_h02.0_T20_RA3.0_steps100000,2.60684428,0.99597857
10.0,rhoA0.6_rhoB0.6_h1.0_h02.0_T20_RA3.0_steps100000,2.62775949,0.99621995
10.0,rhoA0.6_rhoB0.6_h1.0_h02.0_T20_RA3.0_steps100000,2.64834355,1.00113726
10.0,rhoA0.6_rhoB0.6_h1.0_h02.0_T20_RA3.0_steps100000,2.66912062,0.998930794
10.0,rhoA0.6_rhoB0.6_h1.0_h02.0_T20_RA3.0_steps100000,2.69039946,0.999902229
10.0,rhoA0.6_rhoB0.6_h1.0_h02.0_T20_RA3.0_steps100000,2.71121518,1.00278237
10.0,rhoA0.6_rhoB0.6_h1.0_h02.0_T20_RA3.0_steps100000,2.7321837,0.998070955
10.0,rhoA0.6_rhoB0.6_h1.0_h02.0_T20_RA3.0_steps100000,2.75306239,0.998899141
10.0,rhoA0.6_rhoB0.6_h1.0_h02.0_T20_RA3.0_steps100000,2.77427049,0.993873957
10.0,rhoA0.6_rhoB0.6_h1.0_h02.0_T20_RA3.0_steps100000,2.79557932,0.998047002
10.0,rhoA0.6_rhoB0.6_h1.0_h02.0_T20_RA3.0_steps100000,2.8160646,1.00054635
10.0,rhoA0.6_rhoB0.6_h1.0_h02.0_T20_RA3.0_steps100000,2.83689478,1.00046372
10.0,rhoA0.6_rhoB0.6_h1.0_h02.0_T20_RA3.0_steps100000,2.85801727,0.9958261
10.0,rhoA0.6_rhoB0.6_h1.0_h02.0_T20_RA3.0_steps100000,2.87906973,1.00246938
10.0,rhoA0.6_rhoB0.6_h1.0_h02.0_T20_RA3.0_steps100000,2.89996898,0.994618037
10.0,rhoA0.6_rhoB0.6_h1.0_h02.0_T20_RA3.0_steps100000,2.92062944,0.999255082
10.0,rhoA0.6_rhoB0.6_h1.0_h02.0_T20_RA3.0_steps100000,2.941605,1.00035418
10.0,rhoA0.6_rhoB0.6_h1.0_h02.0_T20_RA3.0_steps100000,2.96267076,1.00111917
10.0,rhoA0.6_rhoB0.6_h1.0_h02.0_T20_RA3.0_steps100000,2.98347442,0.999275795
10.0,rhoA0.6_rhoB0.6_h1.0_h02.0_T20_RA3.0_steps100000,3.00437656,0.997298386
10.0,rhoA0.6_rhoB0.6_h1.0_h02.0_T20_RA3.0_steps100000,3.02542142,1.00119131
10.0,rhoA0.6_rhoB0.6_h1.0_h02.0_T20_RA3.0_steps100000,3.04658726,0.998029222
10.0,rhoA0.6_rhoB0.6_h1.0_h02.0_T20_RA3.0_steps100000,3.06768101,1.00455236
10.0,rhoA0.6_rhoB0.6_h1.0_h02.0_T20_RA3.0_steps100000,3.088328,1.00201528
10.0,rhoA0.6_rhoB0.6_h1.0_h02.0_T20_RA3.0_steps100000,3.10931167,1.00072552
10.0,rhoA0.6_rhoB0.6_h1.0_h02.0_T20_RA3.0_steps100000,3.1305457,1.00229043
10.0,rhoA0.6_rhoB0.6_h1.0_h02.0_T20_RA3.0_steps100000,3.15150209,1.00211818
10.0,rhoA0.6_rhoB0.6_h1.0_h02.0_T20_RA3.0_steps100000,3.17219014,1.00076596
10.0,rhoA0.6_rhoB0.6_h1.0_h02.0_T20_RA3.0_steps100000,3.19299024,0.997618881
10.0,rhoA0.6_rhoB0.6_h1.0_h02.0_T20_RA3.0_steps100000,3.21390436,1.00121772
10.0,rhoA0.6_rhoB0.6_h1.0_h02.0_T20_RA3.0_steps100000,3.23506564,1.0002092
10.0,rhoA0.6_rhoB0.6_h1.0_h02.0_T20_RA3.0_steps100000,3.25605387,1.00208554
10.0,rhoA0.6_rhoB0.6_h1.0_h02.0_T20_RA3.0_steps100000,3.27685776,0.999831577
10.0,rhoA0.6_rhoB0.6_h1.0_h02.0_T20_RA3.0_steps100000,3.29794723,0.997898363
10.0,rhoA0.6_rhoB0.6_h1.0_h02.0_T20_RA3.0_steps100000,3.31884778,1.00237874
10.0,rhoA0.6_rhoB0.6_h1.0_h02.0_T20_RA3.0_steps100000,3.33944269,1.00193326
10.0,rhoA0.6_rhoB0.6_h1.0_h02.0_T20_RA3.0_steps100000,3.36030612,0.998458018
10.0,rhoA0.6_rhoB0.6_h1.0_h02.0_T20_RA3.0_steps100000,3.38171654,1.00446804
10.0,rhoA0.6_rhoB0.6_h1.0_h02.0_T20_RA3.0_steps100000,3.40297495,0.998760787
10.0,rhoA0.6_rhoB0.6_h1.0_h02.0_T20_RA3.0_steps100000,3.42370792,0.997402383
10.0,rhoA0.6_rhoB0.6_h1.0_h02.0_T20_RA3.0_steps100000,3.44440875,0.997148439
10.0,rhoA0.6_rhoB0.6_h1.0_h02.0_T20_RA3.0_steps100000,3.465315,1.00447842
10.0,rhoA0.6_rhoB0.6_h1.0_h02.0_T20_RA3.0_steps100000,3.4865867,1.0022567
10.0,rhoA0.6_rhoB0.6_h1.0_h02.0_T20_RA3.0_steps100000,3.50751221,1.00267886
10.0,rhoA0.6_rhoB0.6_h1.0_h02.0_T20_RA3.0_steps100000,3.52796741,0.998625504
10.0,rhoA0.6_rhoB0.6_h1.0_h02.0_T20_RA3.0_steps100000,3.5488788,0.998194328
10.0,rhoA0.6_rhoB0.6_h1.0_h02.0_T20_RA3.0_steps100000,3.57014151,0.995788361
10.0,rhoA0.6_rhoB0.6_h1.0_h02.0_T20_RA3.0_steps100000,3.59120365,1.00169349
10.0,rhoA0.6_rhoB0.6_h1.0_h02.0_T20_RA3.0_steps100000,3.61190928,0.999211317
10.0,rhoA0.6_rhoB0.6_h1.0_h02.0_T20_RA3.0_steps100000,3.63300558,1.00191458
10.0,rhoA0.6_rhoB0.6_h1.0_h02.0_T20_RA3.0_steps100000,3.6541422,0.997338269
10.0,rhoA0.6_rhoB0.6_h1.0_h02.0_T20_RA3.0_steps100000,3.67500902,0.99794473
10.0,rhoA0.6_rhoB0.6_h1.0_h02.0_T20_RA3.0_steps100000,3.69581564,0.998105824
10.0,rhoA0.6_rhoB0.6_h1.0_h02.0_T20_RA3.0_steps100000,3.71644729,0.999046109
10.0,rhoA0.6_rhoB0.6_h1.0_h02.0_T20_RA3.0_steps100000,3.73749774,1.00186229
10.0,rhoA0.6_rhoB0.6_h1.0_h02.0_T20_RA3.0_steps100000,3.75868086,0.997248056
10.0,rhoA0.6_rhoB0.6_h1.0_h02.0_T20_RA3.0_steps100000,3.77950549,0.997786823
10.0,rhoA0.6_rhoB0.6_h1.0_h02.0_T20_RA3.0_steps100000,3.80027286,1.00043982
10.0,rhoA0.6_rhoB0.6_h1.0_h02.0_T20_RA3.0_steps100000,3.82143123,1.00276594
10.0,rhoA0.6_rhoB0.6_h1.0_h02.0_T20_RA3.0_steps100000,3.84280481,1.0005212
10.0,rhoA0.6_rhoB0.6_h1.0_h02.0_T20_RA3.0_steps100000,3.86349282,1.00064841
10.0,rhoA0.6_rhoB0.6_h1.0_h02.0_T20_RA3.0_steps100000,3.88417456,0.999991123
10.0,rhoA0.6_rhoB0.6_h1.0_h02.0_T20_RA3.0_steps100000,3.90535419,0.999617398
10.0,rhoA0.6_rhoB0.6_h1.0_h02.0_T20_RA3.0_steps100000,3.9264697,0.998366429
10.0,rhoA0.6_rhoB0.6_h1.0_h02.0_T20_RA3.0_steps100000,3.94738681,1.000608
10.0,rhoA0.6_rhoB0.6_h1.0_h02.0_T20_RA3.0_steps100000,3.96810309,1.00081504
10.0,rhoA0.6_rhoB0.6_h1.0_h02.0_T20_RA3.0_steps100000,3.98888694,0.998545433
10.0,rhoA0.6_rhoB0.6_h1.0_h02.0_T20_RA3.0_steps100000,4.00993371,0.996080662
10.0,rhoA0.6_rhoB0.6_h1.0_h02.0_T20_RA3.0_steps100000,4.03080983,1.00077694
10.0,rhoA0.6_rhoB0.6_h1.0_h02.0_T20_RA3.0_steps100000,4.05178039,1.00078829
10.0,rhoA0.6_rhoB0.6_h1.0_h02.0_T20_RA3.0_steps100000,4.07276799,0.999515776
10.0,rhoA0.6_rhoB0.6_h1.0_h02.0_T20_RA3.0_steps100000,4.09368684,1.0014224
10.0,rhoA0.6_rhoB0.6_h1.0_h02.0_T20_RA3.0_steps100000,4.11485609,0.999043847
10.0,rhoA0.6_rhoB0.6_h1.0_h02.0_T20_RA3.0_steps100000,4.13583188,0.998382162
10.0,rhoA0.6_rhoB0.6_h1.0_h02.0_T20_RA3.0_steps100000,4.15670688,0.999764471
10.0,rhoA0.6_rhoB0.6_h1.0_h02.0_T20_RA3.0_steps100000,4.17758774,1.00130017
10.0,rhoA0.6_rhoB0.6_h1.0_h02.0_T20_RA3.0_steps100000,4.19867141,1.00139346
10.0,rhoA0.6_rhoB0.6_h1.0_h02.0_T20_RA3.0_steps100000,4.21961517,0.999839155
10.0,rhoA0.6_rhoB0.6_h1.0_h02.0_T20_RA3.0_steps100000,4.24013393,1.00079653
10.0,rhoA0.6_rhoB0.6_h1.0_h02.0_T20_RA3.0_steps100000,4.26119077,1.00087419
10.0,rhoA0.6_rhoB0.6_h1.0_h02.0_T20_RA3.0_steps100000,4.28239268,1.00159871
10.0,rhoA0.6_rhoB0.6_h1.0_h02.0_T20_RA3.0_steps100000,4.30342826,0.997952347
10.0,rhoA0.6_rhoB0.6_h1.0_h02.0_T20_RA3.0_steps100000,4.32431592,0.999101442
10.0,rhoA0.6_rhoB0.6_h1.0_h02.0_T20_RA3.0_steps100000,4.34508479,0.998130034
10.0,rhoA0.6_rhoB0.6_h1.0_h02.0_T20_RA3.0_steps100000,4.36604259,1.000089
10.0,rhoA0.6_rhoB0.6_h1.0_h02.0_T20_RA3.0_steps100000,4.38708086,0.99979884
10.0,rhoA0.6_rhoB0.6_h1.0_h02.0_T20_RA3.0_steps100000,4.40778797,0.999957286
10.0,rhoA0.6_rhoB0.6_h1.0_h02.0_T20_RA3.0_steps100000,4.4288526,1.00387247
10.0,rhoA0.6_rhoB0.6_h1.0_h02.0_T20_RA3.0_steps100000,4.44994967,1.00135092
10.0,rhoA0.6_rhoB0.6_h1.0_h02.0_T20_RA3.0_steps100000,4.47085438,0.99969548
10.0,rhoA0.6_rhoB0.6_h1.0_h02.0_T20_RA3.0_steps100000,4.49188801,1.00046763
10.0,rhoA0.6_rhoB0.6_h1.0_h02.0_T20_RA3.0_steps100000,4.51250216,0.997738463
10.0,rhoA0.6_rhoB0.6_h1.0_h02.0_T20_RA3.0_steps100000,4.5334461,1.00031478
10.0,rhoA0.6_rhoB0.6_h1.0_h02.0_T20_RA3.0_steps100000,4.55463591,1.00025735
10.0,rhoA0.6_rhoB0.6_h1.0_h02.0_T20_RA3.0_steps100000,4.57547609,1.00151629
10.0,rhoA0.6_rhoB0.6_h1.0_h02.0_T20_RA3.0_steps100000,4.59643311,0.999352646
10.0,rhoA0.6_rhoB0.6_h1.0_h02.0_T20_RA3.0_steps100000,4.61732903,0.998729574
10.0,rhoA0.6_rhoB0.6_h1.0_h02.0_T20_RA3.0_steps100000,4.63833098,0.998587308
10.0,rhoA0.6_rhoB0.6_h1.0_h02.0_T20_RA3.0_steps100000,4.65949324,1.00149074
10.0,rhoA0.6_rhoB0.6_h1.0_h02.0_T20_RA3.0_steps100000,4.68039693,0.998562859
10.0,rhoA0.6_rhoB0.6_h1.0_h02.0_T20_RA3.0_steps100000,4.70136745,1.00367543
10.0,rhoA0.6_rhoB0.6_h1.0_h02.0_T20_RA3.0_steps100000,4.72221533,1.00206925
10.0,rhoA0.6_rhoB0.6_h1.0_h02.0_T20_RA3.0_steps100000,4.74309374,1.00052641
10.0,rhoA0.6_rhoB0.6_h1.0_h02.0_T20_RA3.0_steps100000,4.76390784,1.00026136
10.0,rhoA0.6_rhoB0.6_h1.0_h02.0_T20_RA3.0_steps100000,4.78491795,1.00294333
10.0,rhoA0.6_rhoB0.6_h1.0_h02.0_T20_RA3.0_steps100000,4.80636204,1.00182705
10.0,rhoA0.6_rhoB0.6_h1.0_h02.0_T20_RA3.0_steps100000,4.82728449,1.00230904
10.0,rhoA0.6_rhoB0.6_h1.0_h02.0_T20_RA3.0_steps100000,4.84785524,1.00116179
10.0,rhoA0.6_rhoB0.6_h1.0_h02.0_T20_RA3.0_steps100000,4.86859731,1.00211135
10.0,rhoA0.6_rhoB0.6_h1.0_h02.0_T20_RA3.0_steps100000,4.88954319,0.999440568
10.0,rhoA0.6_rhoB0.6_h1.0_h02.0_T20_RA3.0_steps100000,4.91078695,0.998721388
10.0,rhoA0.6_rhoB0.6_h1.0_h02.0_T20_RA3.0_steps100000,4.93172016,0.998979517
10.0,rhoA0.6_rhoB0.6_h1.0_h02.0_T20_RA3.0_steps100000,4.95244063,1.00155008
10.0,rhoA0.6_rhoB0.6_h1.0_h02.0_T20_RA3.0_steps100000,4.97348932,1.00003851
10.0,rhoA0.6_rhoB0.6_h1.0_h02.0_T20_RA3.0_steps100000,4.994309,1.00091366
10.0,rhoA0.6_rhoB0.6_h1.0_h02.0_T20_RA3.0_steps100000,5.01515697,0.999592769
10.0,rhoA0.6_rhoB0.6_h1.0_h02.0_T20_RA3.0_steps100000,5.03598003,0.998767838
10.0,rhoA0.6_rhoB0.6_h1.0_h02.0_T20_RA3.0_steps100000,5.05703237,1.00020043
10.0,rhoA0.6_rhoB0.6_h1.0_h02.0_T20_RA3.0_steps100000,5.07840332,1.00017831
10.0,rhoA0.6_rhoB0.6_h1.0_h02.0_T20_RA3.0_steps100000,5.09943841,1.00133138
10.0,rhoA0.6_rhoB0.6_h1.0_h02.0_T20_RA3.0_steps100000,5.12032938,0.996394273
10.0,rhoA0.6_rhoB0.6_h1.0_h02.0_T20_RA3.0_steps100000,5.14107614,0.997282707
10.0,rhoA0.6_rhoB0.6_h1.0_h02.0_T20_RA3.0_steps100000,5.16214077,0.998687347
10.0,rhoA0.6_rhoB0.6_h1.0_h02.0_T20_RA3.0_steps100000,5.18341099,0.998997975
10.0,rhoA0.6_rhoB0.6_h1.0_h02.0_T20_RA3.0_steps100000,5.2041075,1.00141039
10.0,rhoA0.6_rhoB0.6_h1.0_h02.0_T20_RA3.0_steps100000,5.22477891,1.00235419
10.0,rhoA0.6_rhoB0.6_h1.0_h02.0_T20_RA3.0_steps100000,5.24557967,0.998446184
10.0,rhoA0.6_rhoB0.6_h1.0_h02.0_T20_RA3.0_steps100000,5.26649236,0.999908793
10.0,rhoA0.6_rhoB0.6_h1.0_h02.0_T20_RA3.0_steps100000,5.28753131,0.998193211
10.0,rhoA0.6_rhoB0.6_h1.0_h02.0_T20_RA3.0_steps100000,5.30847064,0.999321857
10.0,rhoA0.6_rhoB0.6_h1.0_h02.0_T20_RA3.0_steps100000,5.32946745,1.00149302
10.0,rhoA0.6_rhoB0.6_h1.0_h02.0_T20_RA3.0_steps100000,5.3506922,0.996746865
10.0,rhoA0.6_rhoB0.6_h1.0_h02.0_T20_RA3.0_steps100000,5.37158853,0.999039413
10.0,rhoA0.6_rhoB0.6_h1.0_h02.0_T20_RA3.0_steps100000,5.39231925,1.00182008
10.0,rhoA0.6_rhoB0.6_h1.0_h02.0_T20_RA3.0_steps100000,5.41333352,0.998433713
10.0,rhoA0.6_rhoB0.6_h1.0_h02.0_T20_RA3.0_steps100000,5.43434316,1.00006986
10.0,rhoA0.6_rhoB0.6_h1.0_h02.0_T20_RA3.0_steps100000,5.45530659,0.997760123
10.0,rhoA0.6_rhoB0.6_h1.0_h02.0_T20_RA3.0_steps100000,5.47618498,0.999349934
10.0,rhoA0.6_rhoB0.6_h1.0_h02.0_T20_RA3.0_steps100000,5.49715755,0.997593706
10.0,rhoA0.6_rhoB0.6_h1.0_h02.0_T20_RA3.0_steps100000,5.51801586,1.00274249
10.0,rhoA0.6_rhoB0.6_h1.0_h02.0_T20_RA3.0_steps100000,5.53881995,0.999896138
10.0,rhoA0.6_rhoB0.6_h1.0_h02.0_T20_RA3.0_steps100000,5.55992514,1.00138196
10.0,rhoA0.6_rhoB0.6_h1.0_h02.0_T20_RA3.0_steps100000,5.58098545,1.00047274
10.0,rhoA0.6_rhoB0.6_h1.0_h02.0_T20_RA3.0_steps100000,5.60183772,0.999504127
10.0,rhoA0.6_rhoB0.6_h1.0_h02.0_T20_RA3.0_steps100000,5.62277584,1.0002401
10.0,rhoA0.6_rhoB0.6_h1.0_h02.0_T20_RA3.0_steps100000,5.64379172,1.00085292
10.0,rhoA0.6_rhoB0.6_h1.0_h02.0_T20_RA3.0_steps100000,5.66460817,0.996190011
10.0,rhoA0.6_rhoB0.6_h1.0_h02.0_T20_RA3.0_steps100000,5.68556022,1.00212436
10.0,rhoA0.6_rhoB0.6_h1.0_h02.0_T20_RA3.0_steps100000,5.7067909,1.00140055
10.0,rhoA0.6_rhoB0.6_h1.0_h02.0_T20_RA3.0_steps100000,5.72769317,0.999976328
10.0,rhoA0.6_rhoB0.6_h1.0_h02.0_T20_RA3.0_steps100000,5.74840017,0.997268766
10.0,rhoA0.6_rhoB0.6_h1.0_h02.0_T20_RA3.0_steps100000,5.76938192,0.998403042
10.0,rhoA0.6_rhoB0.6_h1.0_h02.0_T20_RA3.0_steps100000,5.79039764,1.00092643
10.0,rhoA0.6_rhoB0.6_h1.0_h02.0_T20_RA3.0_steps100000,5.81144039,0.995700974
10.0,rhoA0.6_rhoB0.6_h1.0_h02.0_T20_RA3.0_steps100000,5.83232115,0.999193765
10.0,rhoA0.6_rhoB0.6_h1.0_h02.0_T20_RA3.0_steps100000,5.85320209,1.00050578
10.0,rhoA0.6_rhoB0.6_h1.0_h02.0_T20_RA3.0_steps100000,5.87418919,0.999876388
10.0,rhoA0.6_rhoB0.6_h1.0_h02.0_T20_RA3.0_steps100000,5.89509625,0.99928377
10.0,rhoA0.6_rhoB0.6_h1.0_h02.0_T20_RA3.0_steps100000,5.9159726,1.00124693
10.0,rhoA0.6_rhoB0.6_h1.0_h02.0_T20_RA3.0_steps100000,5.93682663,1.00143345
10.0,rhoA0.6_rhoB0.6_h1.0_h02.0_T20_RA3.0_steps100000,5.95791772,1.00158285
10.0,rhoA0.6_rhoB0.6_h1.0_h02.0_T20_RA3.0_steps100000,5.97900675,0.997224445
10.0,rhoA0.6_rhoB0.6_h1.0_h02.0_T20_RA3.0_steps100000,5.99978945,1.00146807
10.0,rhoA0.6_rhoB0.6_h1.0_h02.0_T20_RA3.0_steps100000,6.02063577,0.998339428
10.0,rhoA0.6_rhoB0.6_h1.0_h02.0_T20_RA3.0_steps100000,6.04156421,1.00006943
10.0,rhoA0.6_rhoB0.6_h1.0_h02.0_T20_RA3.0_steps100000,6.06259364,1.00096353
10.0,rhoA0.6_rhoB0.6_h1.0_h02.0_T20_RA3.0_steps100000,6.08377541,1.00278062
10.0,rhoA0.6_rhoB0.6_h1.0_h02.0_T20_RA3.0_steps100000,6.10447051,1.00127633
10.0,rhoA0.6_rhoB0.6_h1.0_h02.0_T20_RA3.0_steps100000,6.12538157,0.998932025
10.0,rhoA0.6_rhoB0.6_h1.0_h02.0_T20_RA3.0_steps100000,6.14660689,1.00071815
10.0,rhoA0.6_rhoB0.6_h1.0_h02.0_T20_RA3.0_steps100000,6.16752321,0.999115855
10.0,rhoA0.6_rhoB0.6_h1.0_h02.0_T20_RA3.0_steps100000,6.18833806,1.00111711
10.0,rhoA0.6_rhoB0.6_h1.0_h02.0_T20_RA3.0_steps100000,6.20938667,0.998183069
10.0,rhoA0.6_rhoB0.6_h1.0_h02.0_T20_RA3.0_steps100000,6.23052184,0.999999651
10.0,rhoA0.6_rhoB0.6_h1.0_h02.0_T20_RA3.0_steps100000,6.25137137,1.00116468
10.0,rhoA0.6_rhoB0.6_h1.0_h02.0_T20_RA3.0_steps100000,6.27204484,1.00296568
10.0,rhoA0.6_rhoB0.6_h1.0_h02.0_T20_RA3.0_steps100000,6.29290789,0.996662072
10.0,rhoA0.6_rhoB0.6_h1.0_h02.0_T20_RA3.0_steps100000,6.31382104,1.00272495
10.0,rhoA0.6_rhoB0.6_h1.0_h02.0_T20_RA3.0_steps100000,6.33495691,0.99863752
10.0,rhoA0.6_rhoB0.6_h1.0_h02.0_T20_RA3.0_steps100000,6.35600914,1.00076575
10.0,rhoA0.6_rhoB0.6_h1.0_h02.0_T20_RA3.0_steps100000,6.37663869,0.998618025
10.0,rhoA0.6_rhoB0.6_h1.0_h02.0_T20_RA3.0_steps100000,6.39770954,1.00092428
10.0,rhoA0.6_rhoB0.6_h1.0_h02.0_T20_RA3.0_steps100000,6.41872759,0.998603012
10.0,rhoA0.6_rhoB0.6_h1.0_h02.0_T20_RA3.0_steps100000,6.43951457,0.99696697
10.0,rhoA0.6_rhoB0.6_h1.0_h02.0_T20_RA3.0_steps100000,6.46033562,1.00141576
10.0,rhoA0.6_rhoB0.6_h1.0_h02.0_T20_RA3.0_steps100000,6.4814564,1.00103014
10.0,rhoA0.6_rhoB0.6_h1.0_h02.0_T20_RA3.0_steps100000,6.50265681,1.00107337
10.0,rhoA0.6_rhoB0.6_h1.0_h02.0_T20_RA3.0_steps100000,6.52350383,1.00057091
10.0,rhoA0.6_rhoB0.6_h1.0_h02.0_T20_RA3.0_steps100000,6.54427866,0.99708731
10.0,rhoA0.6_rhoB0.6_h1.0_h02.0_T20_RA3.0_steps100000,6.56515568,1.00170155
10.0,rhoA0.6_rhoB0.6_h1.0_h02.0_T20_RA3.0_steps100000,6.58628576,1.00157134
10.0,rhoA0.6_rhoB0.6_h1.0_h02.0_T20_RA3.0_steps100000,6.60749316,0.99804828
10.0,rhoA0.6_rhoB0.6_h1.0_h02.0_T20_RA3.0_steps100000,6.62830625,0.998913988
10.0,rhoA0.6_rhoB0.6_h1.0_h02.0_T20_RA3.0_steps100000,6.64913567,1.00154506
10.0,rhoA0.6_rhoB0.6_h1.0_h02.0_T20_RA3.0_steps100000,6.67020149,1.00132119
10.0,rhoA0.6_rhoB0.6_h1.0_h02.0_T20_RA3.0_steps100000,6.69106898,1.00127504
10.0,rhoA0.6_rhoB0.6_h1.0_h02.0_T20_RA3.0_steps100000,6.71185955,1.00114917
10.0,rhoA0.6_rhoB0.6_h1.0_h02.0_T20_RA3.0_steps100000,6.73264651,1.00122982
10.0,rhoA0.6_rhoB0.6_h1.0_h02.0_T20_RA3.0_steps100000,6.7537045,0.999375409
10.0,rhoA0.6_rhoB0.6_h1.0_h02.0_T20_RA3.0_steps100000,6.77487174,1.00049703
10.0,rhoA0.6_rhoB0.6_h1.0_h02.0_T20_RA3.0_steps100000,6.79557562,1.00060809
10.0,rhoA0.6_rhoB0.6_h1.0_h02.0_T20_RA3.0_steps100000,6.81648781,0.999158772
10.0,rhoA0.6_rhoB0.6_h1.0_h02.0_T20_RA3.0_steps100000,6.83753747,1.00221134
10.0,rhoA0.6_rhoB0.6_h1.0_h02.0_T20_RA3.0_steps100000,6.85867557,1.00052685
10.0,rhoA0.6_rhoB0.6_h1.0_h02.0_T20_RA3.0_steps100000,6.87985316,1.00188258
10.0,rhoA0.6_rhoB0.6_h1.0_h02.0_T20_RA3.0_steps100000,6.90065786,1.00162388
10.0,rhoA0.6_rhoB0.6_h1.0_h02.0_T20_RA3.0_steps100000,6.92153112,1.00165669
10.0,rhoA0.6_rhoB0.6_h1.0_h02.0_T20_RA3.0_steps100000,6.94229803,0.998833213
10.0,rhoA0.6_rhoB0.6_h1.0_h02.0_T20_RA3.0_steps100000,6.9630016,1.00000694
10.0,rhoA0.6_rhoB0.6_h1.0_h02.0_T20_RA3.0_steps100000,6.98416877,0.997035294
10.0,rhoA0.6_rhoB0.6_h1.0_h02.0_T20_RA3.0_steps100000,7.0052781,1.00023433
10.0,rhoA0.6_rhoB0.6_h1.0_h02.0_T20_RA3.0_steps100000,7.02617612,0.999364829
10.0,rhoA0.6_rhoB0.6_h1.0_h02.0_T20_RA3.0_steps100000,7.04699526,1.00146238
10.0,rhoA0.6_rhoB0.6_h1.0_h02.0_T20_RA3.0_steps100000,7.06761685,1.00005053
10.0,rhoA0.6_rhoB0.6_h1.0_h02.0_T20_RA3.0_steps100000,7.08873369,0.998524879
10.0,rhoA0.6_rhoB0.6_h1.0_h02.0_T20_RA3.0_steps100000,7.10994937,1.00158436
10.0,rhoA0.6_rhoB0.6_h1.0_h02.0_T20_RA3.0_steps100000,7.13102893,0.998148914
10.0,rhoA0.6_rhoB0.6_h1.0_h02.0_T20_RA3.0_steps100000,7.15201412,1.00034605
10.0,rhoA0.6_rhoB0.6_h1.0_h02.0_T20_RA3.0_steps100000,7.17271336,0.997565431
10.0,rhoA0.6_rhoB0.6_h1.0_h02.0_T20_RA3.0_steps100000,7.19374266,1.00373751
10.0,rhoA0.6_rhoB0.6_h1.0_h02.0_T20_RA3.0_steps100000,7.21473042,1.00145309
10.0,rhoA0.6_rhoB0.6_h1.0_h02.0_T20_RA3.0_steps100000,7.23564263,1.00003475
10.0,rhoA0.6_rhoB0.6_h1.0_h02.0_T20_RA3.0_steps100000,7.25666289,1.00059013
10.0,rhoA0.6_rhoB0.6_h1.0_h02.0_T20_RA3.0_steps100000,7.27757645,1.00135958
10.0,rhoA0.6_rhoB0.6_h1.0_h02.0_T20_RA3.0_steps100000,7.2984411,0.99900482
10.0,rhoA0.6_rhoB0.6_h1.0_h02.0_T20_RA3.0_steps100000,7.31917384,0.999378363
10.0,rhoA0.6_rhoB0.6_h1.0_h02.0_T20_RA3.0_steps100000,7.34001688,0.999655283
10.0,rhoA0.6_rhoB0.6_h1.0_h02.0_T20_RA3.0_steps100000,7.3611683,1.00050887
10.0,rhoA0.6_rhoB0.6_h1.0_h02.0_T20_RA3.0_steps100000,7.38224284,0.999100585
10.0,rhoA0.6_rhoB0.6_h1.0_h02.0_T20_RA3.0_steps100000,7.40324015,0.999845967
10.0,rhoA0.6_rhoB0.6_h1.0_h02.0_T20_RA3.0_steps100000,7.42408854,1.00063543
10.0,rhoA0.6_rhoB0.6_h1.0_h02.0_T20_RA3.0_steps100000,7.44500634,1.00062705
10.0,rhoA0.6_rhoB0.6_h1.0_h02.0_T20_RA3.0_steps100000,7.46595959,1.00222951
10.0,rhoA0.6_rhoB0.6_h1.0_h02.0_T20_RA3.0_steps100000,7.48696308,1.00017813
10.0,rhoA0.6_rhoB0.6_h1.0_h02.0_T20_RA3.0_steps100000,7.5079936,1.00041458
10.0,rhoA0.6_rhoB0.6_h1.0_h02.0_T20_RA3.0_steps100000,7.52871967,1.00042658
10.0,rhoA0.6_rhoB0.6_h1.0_h02.0_T20_RA3.0_steps100000,7.54966921,0.997776594
10.0,rhoA0.6_rhoB0.6_h1.0_h02.0_T20_RA3.0_steps100000,7.57064902,0.998314753
10.0,rhoA0.6_rhoB0.6_h1.0_h02.0_T20_RA3.0_steps100000,7.59151428,0.997047889
10.0,rhoA0.6_rhoB0.6_h1.0_h02.0_T20_RA3.0_steps100000,7.6123809,0.999655645
10.0,rhoA0.6_rhoB0.6_h1.0_h02.0_T20_RA3.0_steps100000,7.63338324,0.999041393
10.0,rhoA0.6_rhoB0.6_h1.0_h02.0_T20_RA3.0_steps100000,7.65450532,0.999164593
10.0,rhoA0.6_rhoB0.6_h1.0_h02.0_T20_RA3.0_steps100000,7.67556944,0.99892002
10.0,rhoA0.6_rhoB0.6_h1.0_h02.0_T20_RA3.0_steps100000,7.69637751,1.00012248
10.0,rhoA0.6_rhoB0.6_h1.0_h02.0_T20_RA3.0_steps100000,7.71727216,0.999898556
10.0,rhoA0.6_rhoB0.6_h1.0_h02.0_T20_RA3.0_steps100000,7.73835725,1.00055105
10.0,rhoA0.6_rhoB0.6_h1.0_h02.0_T20_RA3.0_steps100000,7.75934923,1.00188589
10.0,rhoA0.6_rhoB0.6_h1.0_h02.0_T20_RA3.0_steps100000,7.78023116,1.00026236
10.0,rhoA0.6_rhoB0.6_h1.0_h02.0_T20_RA3.0_steps100000,7.80098697,0.999441043
10.0,rhoA0.6_rhoB0.6_h1.0_h02.0_T20_RA3.0_steps100000,7.82190677,1.00024371
10.0,rhoA0.6_rhoB0.6_h1.0_h02.0_T20_RA3.0_steps100000,7.84304931,1.00192403
10.0,rhoA0.6_rhoB0.6_h1.0_h02.0_T20_RA3.0_steps100000,7.86405132,1.00081137
10.0,rhoA0.6_rhoB0.6_h1.0_h02.0_T20_RA3.0_steps100000,7.88484553,0.999522332
10.0,rhoA0.6_rhoB0.6_h1.0_h02.0_T20_RA3.0_steps100000,7.90574885,1.00005254
10.0,rhoA0.6_rhoB0.6_h1.0_h02.0_T20_RA3.0_steps100000,7.9267531,1.00055503
10.0,rhoA0.6_rhoB0.6_h1.0_h02.0_T20_RA3.0_steps100000,7.94765228,0.997968599
10.0,rhoA0.6_rhoB0.6_h1.0_h02.0_T20_RA3.0_steps100000,7.96842304,1.00207461
10.0,rhoA0.6_rhoB0.6_h1.0_h02.0_T20_RA3.0_steps100000,7.98938616,0.999511467
10.0,rhoA0.6_rhoB0.6_h1.0_h02.0_T20_RA3.0_steps100000,8.01050815,0.999540112
10.0,rhoA0.6_rhoB0.6_h1.0_h02.0_T20_RA3.0_steps100000,8.03153334,1.00055523
10.0,rhoA0.6_rhoB0.6_h1.0_h02.0_T20_RA3.0_steps100000,8.05240251,0.99892356
10.0,rhoA0.6_rhoB0.6_h1.0_h02.0_T20_RA3.0_steps100000,8.07332696,0.99989614
10.0,rhoA0.6_rhoB0.6_h1.0_h02.0_T20_RA3.0_steps100000,8.09438514,1.00148012
10.0,rhoA0.6_rhoB0.6_h1.0_h02.0_T20_RA3.0_steps100000,8.11529588,1.00008312
10.0,rhoA0.6_rhoB0.6_h1.0_h02.0_T20_RA3.0_steps100000,8.13618411,1.00150486
10.0,rhoA0.6_rhoB0.6_h1.0_h02.0_T20_RA3.0_steps100000,8.15717855,0.998777582
10.0,rhoA0.6_rhoB0.6_h1.0_h02.0_T20_RA3.0_steps100000,8.17807847,1.0005965
10.0,rhoA0.6_rhoB0.6_h1.0_h02.0_T20_RA3.0_steps100000,8.19905269,1.00115747
10.0,rhoA0.6_rhoB0.6_h1.0_h02.0_T20_RA3.0_steps100000,8.21991085,1.00181281
10.0,rhoA0.6_rhoB0.6_h1.0_h02.0_T20_RA3.0_steps100000,8.24078529,0.999966274
10.0,rhoA0.6_rhoB0.6_h1.0_h02.0_T20_RA3.0_steps100000,8.26195652,1.0005828
10.0,rhoA0.6_rhoB0.6_h1.0_h02.0_T20_RA3.0_steps100000,8.28293039,1.00111681
10.0,rhoA0.6_rhoB0.6_h1.0_h02.0_T20_RA3.0_steps100000,8.30373423,0.999368137
10.0,rhoA0.6_rhoB0.6_h1.0_h02.0_T20_RA3.0_steps100000,8.32452583,1.00022516
10.0,rhoA0.6_rhoB0.6_h1.0_h02.0_T20_RA3.0_steps100000,8.34556221,0.998502938
10.0,rhoA0.6_rhoB0.6_h1.0_h02.0_T20_RA3.0_steps100000,8.36671927,1.00156878
10.0,rhoA0.6_rhoB0.6_h1.0_h02.0_T20_RA3.0_steps100000,8.38757523,1.00107059
10.0,rhoA0.6_rhoB0.6_h1.0_h02.0_T20_RA3.0_steps100000,8.40855808,0.998426191
10.0,rhoA0.6_rhoB0.6_h1.0_h02.0_T20_RA3.0_steps100000,8.42953585,0.999131575
10.0,rhoA0.6_rhoB0.6_h1.0_h02.0_T20_RA3.0_steps100000,8.45042977,0.997573109
10.0,rhoA0.6_rhoB0.6_h1.0_h02.0_T20_RA3.0_steps100000,8.47138662,1.00099229
10.0,rhoA0.6_rhoB0.6_h1.0_h02.0_T20_RA3.0_steps100000,8.49217243,0.999174502
10.0,rhoA0.6_rhoB0.6_h1.0_h02.0_T20_RA3.0_steps100000,8.51321806,0.998503278
10.0,rhoA0.6_rhoB0.6_h1.0_h02.0_T20_RA3.0_steps100000,8.53421183,1.00045943
10.0,rhoA0.6_rhoB0.6_h1.0_h02.0_T20_RA3.0_steps100000,8.55508292,1.0003963
10.0,rhoA0.6_rhoB0.6_h1.0_h02.0_T20_RA3.0_steps100000,8.57598662,1.00071339
10.0,rhoA0.6_rhoB0.6_h1.0_h02.0_T20_RA3.0_steps100000,8.59679232,1.00083822
10.0,rhoA0.6_rhoB0.6_h1.0_h02.0_T20_RA3.0_steps100000,8.61783107,1.00030187
10.0,rhoA0.6_rhoB0.6_h1.0_h02.0_T20_RA3.0_steps100000,8.63891768,0.999631553
10.0,rhoA0.6_rhoB0.6_h1.0_h02.0_T20_RA3.0_steps100000,8.65972861,1.00044856
10.0,rhoA0.6_rhoB0.6_h1.0_h02.0_T20_RA3.0_steps100000,8.68059853,0.999357757
10.0,rhoA0.6_rhoB0.6_h1.0_h02.0_T20_RA3.0_steps100000,8.70174168,0.998732807
10.0,rhoA0.6_rhoB0.6_h1.0_h02.0_T20_RA3.0_steps100000,8.72279566,0.999880423
10.0,rhoA0.6_rhoB0.6_h1.0_h02.0_T20_RA3.0_steps100000,8.74359241,1.0013818
10.0,rhoA0.6_rhoB0.6_h1.0_h02.0_T20_RA3.0_steps100000,8.76424415,1.00019273
10.0,rhoA0.6_rhoB0.6_h1.0_h02.0_T20_RA3.0_steps100000,8.78526729,0.998014629
10.0,rhoA0.6_rhoB0.6_h1.0_h02.0_T20_RA3.0_steps100000,8.80637189,1.00350931
10.0,rhoA0.6_rhoB0.6_h1.0_h02.0_T20_RA3.0_steps100000,8.82736896,0.999825014
10.0,rhoA0.6_rhoB0.6_h1.0_h02.0_T20_RA3.0_steps100000,8.84843212,1.00206087
10.0,rhoA0.6_rhoB0.6_h1.0_h02.0_T20_RA3.0_steps100000,8.86933197,0.998699175
10.0,rhoA0.6_rhoB0.6_h1.0_h02.0_T20_RA3.0_steps100000,8.89026857,0.999254962
10.0,rhoA0.6_rhoB0.6_h1.0_h02.0_T20_RA3.0_steps100000,8.91123702,1.00168879
10.0,rhoA0.6_rhoB0.6_h1.0_h02.0_T20_RA3.0_steps100000,8.93214776,1.00024556
10.0,rhoA0.6_rhoB0.6_h1.0_h02.0_T20_RA3.0_steps100000,8.95312097,0.998804826
10.0,rhoA0.6_rhoB0.6_h1.0_h02.0_T20_RA3.0_steps100000,8.9741304,0.998296988
10.0,rhoA0.6_rhoB0.6_h1.0_h02.0_T20_RA3.0_steps100000,8.99505705,1.00136105
10.0,rhoA0.6_rhoB0.6_h1.0_h02.0_T20_RA3.0_steps100000,9.01571368,1.00016233
10.0,rhoA0.6_rhoB0.6_h1.0_h02.0_T20_RA3.0_steps100000,9.03640927,0.998475665
10.0,rhoA0.6_rhoB0.6_h1.0_h02.0_T20_RA3.0_steps100000,9.05755121,0.998585955
10.0,rhoA0.6_rhoB0.6_h1.0_h02.0_T20_RA3.0_steps100000,9.07868023,1.00232642
10.0,rhoA0.6_rhoB0.6_h1.0_h02.0_T20_RA3.0_steps100000,9.09969513,1.00022967
10.0,rhoA0.6_rhoB0.6_h1.0_h02.0_T20_RA3.0_steps100000,9.1205658,0.99976991
10.0,rhoA0.6_rhoB0.6_h1.0_h02.0_T20_RA3.0_steps100000,9.14137844,0.999739496
10.0,rhoA0.6_rhoB0.6_h1.0_h02.0_T20_RA3.0_steps100000,9.16237082,0.999416457
10.0,rhoA0.6_rhoB0.6_h1.0_h02.0_T20_RA3.0_steps100000,9.18339441,1.00017351
10.0,rhoA0.6_rhoB0.6_h1.0_h02.0_T20_RA3.0_steps100000,9.20447395,1.00167985
10.0,rhoA0.6_rhoB0.6_h1.0_h02.0_T20_RA3.0_steps100000,9.22549281,0.998807081
10.0,rhoA0.6_rhoB0.6_h1.0_h02.0_T20_RA3.0_steps100000,9.2463962,1.0008769
10.0,rhoA0.6_rhoB0.6_h1.0_h02.0_T20_RA3.0_steps100000,9.26722673,1.00010641
10.0,rhoA0.6_rhoB0.6_h1.0_h02.0_T20_RA3.0_steps100000,9.28791689,1.00020243
10.0,rhoA0.6_rhoB0.6_h1.0_h02.0_T20_RA3.0_steps100000,9.30892724,1.00070897
10.0,rhoA0.6_rhoB0.6_h1.0_h02.0_T20_RA3.0_steps100000,9.33003065,0.999272837
10.0,rhoA0.6_rhoB0.6_h1.0_h02.0_T20_RA3.0_steps100000,9.35102864,1.00212188
10.0,rhoA0.6_rhoB0.6_h1.0_h02.0_T20_RA3.0_steps100000,9.37196601,1.00021614
10.0,rhoA0.6_rhoB0.6_h1.0_h02.0_T20_RA3.0_steps100000,9.39258783,0.998360704
10.0,rhoA0.6_rhoB0.6_h1.0_h02.0_T20_RA3.0_steps100000,9.41349621,1.00112707
10.0,rhoA0.6_rhoB0.6_h1.0_h02.0_T20_RA3.0_steps100000,9.4347927,0.999451141
10.0,rhoA0.6_rhoB0.6_h1.0_h02.0_T20_RA3.0_steps100000,9.45587737,0.998488929
10.0,rhoA0.6_rhoB0.6_h1.0_h02.0_T20_RA3.0_steps100000,9.47676866,0.998349348
10.0,rhoA0.6_rhoB0.6_h1.0_h02.0_T20_RA3.0_steps100000,9.49762777,1.00058575
10.0,rhoA0.6_rhoB0.6_h1.0_h02.0_T20_RA3.0_steps100000,9.51852362,0.998879514
10.0,rhoA0.6_rhoB0.6_h1.0_h02.0_T20_RA3.0_steps100000,9.53939795,0.999618728
10.0,rhoA0.6_rhoB0.6_h1.0_h02.0_T20_RA3.0_steps100000,9.56035551,1.00114592
10.0,rhoA0.6_rhoB0.6_h1.0_h02.0_T20_RA3.0_steps100000,9.58149741,1.0010057
10.0,rhoA0.6_rhoB0.6_h1.0_h02.0_T20_RA3.0_steps100000,9.60249587,0.999847469
10.0,rhoA0.6_rhoB0.6_h1.0_h02.0_T20_RA3.0_steps100000,9.62336478,1.00087917
10.0,rhoA0.6_rhoB0.6_h1.0_h02.0_T20_RA3.0_steps100000,9.64415055,1.00064427
10.0,rhoA0.6_rhoB0.6_h1.0_h02.0_T20_RA3.0_steps100000,9.66502224,0.999580824
10.0,rhoA0.6_rhoB0.6_h1.0_h02.0_T20_RA3.0_steps100000,9.68597433,1.00074324
10.0,rhoA0.6_rhoB0.6_h1.0_h02.0_T20_RA3.0_steps100000,9.7069728,1.00051013
10.0,rhoA0.6_rhoB0.6_h1.0_h02.0_T20_RA3.0_steps100000,9.72797765,0.999413412
10.0,rhoA0.6_rhoB0.6_h1.0_h02.0_T20_RA3.0_steps100000,9.74896401,0.999924756
10.0,rhoA0.6_rhoB0.6_h1.0_h02.0_T20_RA3.0_steps100000,9.76996217,1.00050495
10.0,rhoA0.6_rhoB0.6_h1.0_h02.0_T20_RA3.0_steps100000,9.79085678,1.00044706
10.0,rhoA0.6_rhoB0.6_h1.0_h02.0_T20_RA3.0_steps100000,9.81166698,0.998212405
10.0,rhoA0.6_rhoB0.6_h1.0_h02.0_T20_RA3.0_steps100000,9.83262494,1.00300399
10.0,rhoA0.6_rhoB0.6_h1.0_h02.0_T20_RA3.0_steps100000,9.85372265,1.00102523
10.0,rhoA0.6_rhoB0.6_h1.0_h02.0_T20_RA3.0_steps100000,9.87472665,1.00017388
10.0,rhoA0.6_rhoB0.6_h1.0_h02.0_T20_RA3.0_steps100000,9.89559934,0.99868666
10.0,rhoA0.6_rhoB0.6_h1.0_h02.0_T20_RA3.0_steps100000,9.91635289,1.00218169
10.0,rhoA0.6_rhoB0.6_h1.0_h02.0_T20_RA3.0_steps100000,9.93737645,0.999648834
10.0,rhoA0.6_rhoB0.6_h1.0_h02.0_T20_RA3.0_steps100000,9.95856995,0.999115483
10.0,rhoA0.6_rhoB0.6_h1.0_h02.0_T20_RA3.0_steps100000,9.97940815,0.999912616
10.0,rhoA0.6_rhoB0.6_h1.0_h02.0_T20_RA3.0_steps100000,10.000082,0.999661029
15.0,rhoA0.6_rhoB0.6_h1.0_h02.0_T30_RA3.0_steps100000,0.0252815853,0.959721637
15.0,rhoA0.6_rhoB0.6_h1.0_h02.0_T30_RA3.0_steps100000,0.0486976344,0.999035767
15.0,rhoA0.6_rhoB0.6_h1.0_h02.0_T30_RA3.0_steps100000,0.0692644017,1.01188315
15.0,rhoA0.6_rhoB0.6_h1.0_h02.0_T30_RA3.0_steps100000,0.08877835,0.982884149
15.0,rhoA0.6_rhoB0.6_h1.0_h02.0_T30_RA3.0_steps100000,0.111604297,1.00347151
15.0,rhoA0.6_rhoB0.6_h1.0_h02.0_T30_RA3.0_steps100000,0.132731806,1.01073313
15.0,rhoA0.6_rhoB0.6_h1.0_h02.0_T30_RA3.0_steps100000,0.153672181,0.988655146
15.0,rhoA0.6_rhoB0.6_h1.0_h02.0_T30_RA3.0_steps100000,0.175641863,0.975404611
15.0,rhoA0.6_rhoB0.6_h1.0_h02.0_T30_RA3.0_steps100000,0.196615509,1.01088526
15.0,rhoA0.6_rhoB0.6_h1.0_h02.0_T30_RA3.0_steps100000,0.217326708,0.993415711
15.0,rhoA0.6_rhoB0.6_h1.0_h02.0_T30_RA3.0_steps100000,0.237538457,0.98640266
15.0,rhoA0.6_rhoB0.6_h1.0_h02.0_T30_RA3.0_steps100000,0.258148683,0.998173591
15.0,rhoA0.6_rhoB0.6_h1.0_h02.0_T30_RA3.0_steps100000,0.28040349,1.004147
15.0,rhoA0.6_rhoB0.6_h1.0_h02.0_T30_RA3.0_steps100000,0.301929084,1.00810292
15.0,rhoA0.6_rhoB0.6_h1.0_h02.0_T30_RA3.0_steps100000,0.322287413,0.995741836
15.0,rhoA0.6_rhoB0.6_h1.0_h02.0_T30_RA3.0_steps100000,0.342663331,0.99938294
15.0,rhoA0.6_rhoB0.6_h1.0_h02.0_T30_RA3.0_steps100000,0.363641289,1.00680557
15.0,rhoA0.6_rhoB0.6_h1.0_h02.0_T30_RA3.0_steps100000,0.385602948,0.996786202
15.0,rhoA0.6_rhoB0.6_h1.0_h02.0_T30_RA3.0_steps100000,0.406737165,1.00367371
15.0,rhoA0.6_rhoB0.6_h1.0_h02.0_T30_RA3.0_steps100000,0.427001871,1.00372092
15.0,rhoA0.6_rhoB0.6_h1.0_h02.0_T30_RA3.0_steps100000,0.448754416,1.00372974
15.0,rhoA0.6_rhoB0.6_h1.0_h02.0_T30_RA3.0_steps100000,0.469601745,1.00626106
15.0,rhoA0.6_rhoB0.6_h1.0_h02.0_T30_RA3.0_steps100000,0.489805379,0.989229103
15.0,rhoA0.6_rhoB0.6_h1.0_h02.0_T30_RA3.0_steps100000,0.510302494,1.01173225
15.0,rhoA0.6_rhoB0.6_h1.0_h02.0_T30_RA3.0_steps100000,0.53178319,0.995639348
15.0,rhoA0.6_rhoB0.6_h1.0_h02.0_T30_RA3.0_steps100000,0.553922362,0.995932842
15.0,rhoA0.6_rhoB0.6_h1.0_h02.0_T30_RA3.0_steps100000,0.574670041,1.00178091
15.0,rhoA0.6_rhoB0.6_h1.0_h02.0_T30_RA3.0_steps100000,0.594645701,1.00345529
15.0,rhoA0.6_rhoB0.6_h1.0_h02.0_T30_RA3.0_steps100000,0.615540037,0.999660651
15.0,rhoA0.6_rhoB0.6_h1.0_h02.0_T30_RA3.0_steps100000,0.636554081,0.999008833
15.0,rhoA0.6_rhoB0.6_h1.0_h02.0_T30_RA3.0_steps100000,0.658102417,1.00251341
15.0,rhoA0.6_rhoB0.6_h1.0_h02.0_T30_RA3.0_steps100000,0.679189641,1.00057845
15.0,rhoA0.6_rhoB0.6_h1.0_h02.0_T30_RA3.0_steps100000,0.700054044,1.00260936
15.0,rhoA0.6_rhoB0.6_h1.0_h02.0_T30_RA3.0_steps100000,0.721329826,0.996829219
15.0,rhoA0.6_rhoB0.6_h1.0_h02.0_T30_RA3.0_steps100000,0.742033923,1.0079066
15.0,rhoA0.6_rhoB0.6_h1.0_h02.0_T30_RA3.0_steps100000,0.762614581,1.00823649
15.0,rhoA0.6_rhoB0.6_h1.0_h02.0_T30_RA3.0_steps100000,0.783270495,0.990538339
15.0,rhoA0.6_rhoB0.6_h1.0_h02.0_T30_RA3.0_steps100000,0.804783918,0.992963117
15.0,rhoA0.6_rhoB0.6_h1.0_h02.0_T30_RA3.0_steps100000,0.826095906,0.997328283
15.0,rhoA0.6_rhoB0.6_h1.0_h02.0_T30_RA3.0_steps100000,0.846303977,0.994029251
15.0,rhoA0.6_rhoB0.6_h1.0_h02.0_T30_RA3.0_steps100000,0.867174819,0.997182029
15.0,rhoA0.6_rhoB0.6_h1.0_h02.0_T30_RA3.0_steps100000,0.888413258,1.00245967
15.0,rhoA0.6_rhoB0.6_h1.0_h02.0_T30_RA3.0_steps100000,0.909910564,0.995428412
15.0,rhoA0.6_rhoB0.6_h1.0_h02.0_T30_RA3.0_steps100000,0.931134698,1.00280356
15.0,rhoA0.6_rhoB0.6_h1.0_h02.0_T30_RA3.0_steps100000,0.951563161,0.995858627
15.0,rhoA0.6_rhoB0.6_h1.0_h02.0_T30_RA3.0_steps100000,0.972160451,1.00122826
15.0,rhoA0.6_rhoB0.6_h1.0_h02.0_T30_RA3.0_steps100000,0.993008165,0.999566326
15.0,rhoA0.6_rhoB0.6_h1.0_h02.0_T30_RA3.0_steps100000,1.0140906,1.00640432
15.0,rhoA0.6_rhoB0.6_h1.0_h02.0_T30_RA3.0_steps100000,1.03500338,0.99474094
15.0,rhoA0.6_rhoB0.6_h1.0_h02.0_T30_RA3.0_steps100000,1.05657413,0.996344895
15.0,rhoA0.6_rhoB0.6_h1.0_h02.0_T30_RA3.0_steps100000,1.07789814,1.00485193
15.0,rhoA0.6_rhoB0.6_h1.0_h02.0_T30_RA3.0_steps100000,1.09835045,1.00094806
15.0,rhoA0.6_rhoB0.6_h1.0_h02.0_T30_RA3.0_steps100000,1.11903902,1.00119638
15.0,rhoA0.6_rhoB0.6_h1.0_h02.0_T30_RA3.0_steps100000,1.1396405,1.00012687
15.0,rhoA0.6_rhoB0.6_h1.0_h02.0_T30_RA3.0_steps100000,1.16109193,0.99860042
15.0,rhoA0.6_rhoB0.6_h1.0_h02.0_T30_RA3.0_steps100000,1.18227503,0.999842069
15.0,rhoA0.6_rhoB0.6_h1.0_h02.0_T30_RA3.0_steps100000,1.2030555,1.00355448
15.0,rhoA0.6_rhoB0.6_h1.0_h02.0_T30_RA3.0_steps100000,1.22375183,1.0020891
15.0,rhoA0.6_rhoB0.6_h1.0_h02.0_T30_RA3.0_steps100000,1.24453484,1.00019017
15.0,rhoA0.6_rhoB0.6_h1.0_h02.0_T30_RA3.0_steps100000,1.26570671,0.997050289
15.0,rhoA0.6_rhoB0.6_h1.0_h02.0_T30_RA3.0_steps100000,1.28693994,0.997655349
15.0,rhoA0.6_rhoB0.6_h1.0_h02.0_T30_RA3.0_steps100000,1.30807124,1.00189227
15.0,rhoA0.6_rhoB0.6_h1.0_h02.0_T30_RA3.0_steps100000,1.32889646,0.996881579
15.0,rhoA0.6_rhoB0.6_h1.0_h02.0_T30_RA3.0_steps100000,1.34945121,0.998727559
15.0,rhoA0.6_rhoB0.6_h1.0_h02.0_T30_RA3.0_steps100000,1.37055188,0.999349079
15.0,rhoA0.6_rhoB0.6_h1.0_h02.0_T30_RA3.0_steps100000,1.39148285,0.999181927
15.0,rhoA0.6_rhoB0.6_h1.0_h02.0_T30_RA3.0_steps100000,1.41220445,1.00134941
15.0,rhoA0.6_rhoB0.6_h1.0_h02.0_T30_RA3.0_steps100000,1.43352474,0.997615955
15.0,rhoA0.6_rhoB0.6_h1.0_h02.0_T30_RA3.0_steps100000,1.45454751,1.00000655
15.0,rhoA0.6_rhoB0.6_h1.0_h02.0_T30_RA3.0_steps100000,1.47511055,0.999600377
15.0,rhoA0.6_rhoB0.6_h1.0_h02.0_T30_RA3.0_steps100000,1.49566583,1.00454693
15.0,rhoA0.6_rhoB0.6_h1.0_h02.0_T30_RA3.0_steps100000,1.51690776,1.00483896
15.0,rhoA0.6_rhoB0.6_h1.0_h02.0_T30_RA3.0_steps100000,1.53826425,1.0030147
15.0,rhoA0.6_rhoB0.6_h1.0_h02.0_T30_RA3.0_steps100000,1.55931449,0.998120866
15.0,rhoA0.6_rhoB0.6_h1.0_h02.0_T30_RA3.0_steps100000,1.58012172,0.995451467
15.0,rhoA0.6_rhoB0.6_h1.0_h02.0_T30_RA3.0_steps100000,1.60114355,1.00509436
15.0,rhoA0.6_rhoB0.6_h1.0_h02.0_T30_RA3.0_steps100000,1.62229155,0.998153406
15.0,rhoA0.6_rhoB0.6_h1.0_h02.0_T30_RA3.0_steps100000,1.64295947,1.00493594
15.0,rhoA0.6_rhoB0.6_h1.0_h02.0_T30_RA3.0_steps100000,1.66366432,1.00167671
15.0,rhoA0.6_rhoB0.6_h1.0_h02.0_T30_RA3.0_steps100000,1.68478217,1.00043112
15.0,rhoA0.6_rhoB0.6_h1.0_h02.0_T30_RA3.0_steps100000,1.7057485,1.0013231
15.0,rhoA0.6_rhoB0.6_h1.0_h02.0_T30_RA3.0_steps100000,1.72683745,1.00123584
15.0,rhoA0.6_rhoB0.6_h1.0_h02.0_T30_RA3.0_steps100000,1.74765849,1.00173281
15.0,rhoA0.6_rhoB0.6_h1.0_h02.0_T30_RA3.0_steps100000,1.76847487,1.00000798
15.0,rhoA0.6_rhoB0.6_h1.0_h02.0_T30_RA3.0_steps100000,1.78961871,1.00217852
15.0,rhoA0.6_rhoB0.6_h1.0_h02.0_T30_RA3.0_steps100000,1.81086098,1.00075208
15.0,rhoA0.6_rhoB0.6_h1.0_h02.0_T30_RA3.0_steps100000,1.83179094,0.997362771
15.0,rhoA0.6_rhoB0.6_h1.0_h02.0_T30_RA3.0_steps100000,1.8521746,1.00088383
15.0,rhoA0.6_rhoB0.6_h1.0_h02.0_T30_RA3.0_steps100000,1.8733654,1.00032539
15.0,rhoA0.6_rhoB0.6_h1.0_h02.0_T30_RA3.0_steps100000,1.89455538,1.00144157
15.0,rhoA0.6_rhoB0.6_h1.0_h02.0_T30_RA3.0_steps100000,1.91534795,1.00514179
15.0,rhoA0.6_rhoB0.6_h1.0_h02.0_T30_RA3.0_steps100000,1.93623233,0.997517849
15.0,rhoA0.6_rhoB0.6_h1.0_h02.0_T30_RA3.0_steps100000,1.9571481,1.00394219
15.0,rhoA0.6_rhoB0.6_h1.0_h02.0_T30_RA3.0_steps100000,1.97825109,0.99701885
15.0,rhoA0.6_rhoB0.6_h1.0_h02.0_T30_RA3.0_steps100000,1.99905898,1.0027015
15.0,rhoA0.6_rhoB0.6_h1.0_h02.0_T30_RA3.0_steps100000,2.01966715,0.999109018
15.0,rhoA0.6_rhoB0.6_h1.0_h02.0_T30_RA3.0_steps100000,2.04082415,0.998421111
15.0,rhoA0.6_rhoB0.6_h1.0_h02.0_T30_RA3.0_steps100000,2.06193171,0.996682972
15.0,rhoA0.6_rhoB0.6_h1.0_h02.0_T30_RA3.0_steps100000,2.08296048,1.00094531
15.0,rhoA0.6_rhoB0.6_h1.0_h02.0_T30_RA3.0_steps100000,2.10383017,0.99607329
15.0,rhoA0.6_rhoB0.6_h1.0_h02.0_T30_RA3.0_steps100000,2.12494312,0.996692852
15.0,rhoA0.6_rhoB0.6_h1.0_h02.0_T30_RA3.0_steps100000,2.14618475,1.00024518
15.0,rhoA0.6_rhoB0.6_h1.0_h02.0_T30_RA3.0_steps100000,2.16679298,1.00518338
15.0,rhoA0.6_rhoB0.6_h1.0_h02.0_T30_RA3.0_steps100000,2.18753482,0.999698571
15.0,rhoA0.6_rhoB0.6_h1.0_h02.0_T30_RA3.0_steps100000,2.20847027,0.996259633
15.0,rhoA0.6_rhoB0.6_h1.0_h02.0_T30_RA3.0_steps100000,2.22955181,1.0043566
15.0,rhoA0.6_rhoB0.6_h1.0_h02.0_T30_RA3.0_steps100000,2.25078374,1.00294993
15.0,rhoA0.6_rhoB0.6_h1.0_h02.0_T30_RA3.0_steps100000,2.27150159,1.0006718
15.0,rhoA0.6_rhoB0.6_h1.0_h02.0_T30_RA3.0_steps100000,2.29205574,0.998394395
15.0,rhoA0.6_rhoB0.6_h1.0_h02.0_T30_RA3.0_steps100000,2.31294326,0.999443018
15.0,rhoA0.6_rhoB0.6_h1.0_h02.0_T30_RA3.0_steps100000,2.3340363,0.997075297
15.0,rhoA0.6_rhoB0.6_h1.0_h02.0_T30_RA3.0_steps100000,2.35514399,1.0008583
15.0,rhoA0.6_rhoB0.6_h1.0_h02.0_T30_RA3.0_steps100000,2.37607726,1.00301366
15.0,rhoA0.6_rhoB0.6_h1.0_h02.0_T30_RA3.0_steps100000,2.39730341,1.00366614
15.0,rhoA0.6_rhoB0.6_h1.0_h02.0_T30_RA3.0_steps100000,2.41857203,0.999745306
15.0,rhoA0.6_rhoB0.6_h1.0_h02.0_T30_RA3.0_steps100000,2.43911056,0.999760618
15.0,rhoA0.6_rhoB0.6_h1.0_h02.0_T30_RA3.0_steps100000,2.45988005,1.00086605
15.0,rhoA0.6_rhoB0.6_h1.0_h02.0_T30_RA3.0_steps100000,2.48094151,0.997518584
15.0,rhoA0.6_rhoB0.6_h1.0_h02.0_T30_RA3.0_steps100000,2.50196601,1.00093566
15.0,rhoA0.6_rhoB0.6_h1.0_h02.0_T30_RA3.0_steps100000,2.52300496,0.996807769
15.0,rhoA0.6_rhoB0.6_h1.0_h02.0_T30_RA3.0_steps100000,2.54340089,0.99956461
15.0,rhoA0.6_rhoB0.6_h1.0_h02.0_T30_RA3.0_steps100000,2.56415297,1.00164526
15.0,rhoA0.6_rhoB0.6_h1.0_h02.0_T30_RA3.0_steps100000,2.58575836,0.998477824
15.0,rhoA0.6_rhoB0.6_h1.0_h02.0_T30_RA3.0_steps100000,2.60684428,0.999575806
15.0,rhoA0.6_rhoB0.6_h1.0_h02.0_T30_RA3.0_steps100000,2.62775949,0.999304535
15.0,rhoA0.6_rhoB0.6_h1.0_h02.0_T30_RA3.0_steps100000,2.64834355,1.00201081
15.0,rhoA0.6_rhoB0.6_h1.0_h02.0_T30_RA3.0_steps100000,2.66912062,0.998953147
15.0,rhoA0.6_rhoB0.6_h1.0_h02.0_T30_RA3.0_steps100000,2.69039946,1.00062631
15.0,rhoA0.6_rhoB0.6_h1.0_h02.0_T30_RA3.0_steps100000,2.71121518,1.00191997
15.0,rhoA0.6_rhoB0.6_h1.0_h02.0_T30_RA3.0_steps100000,2.7321837,0.997111856
15.0,rhoA0.6_rhoB0.6_h1.0_h02.0_T30_RA3.0_steps100000,2.75306239,0.997416937
15.0,rhoA0.6_rhoB0.6_h1.0_h02.0_T30_RA3.0_steps100000,2.77427049,0.99656139
15.0,rhoA0.6_rhoB0.6_h1.0_h02.0_T30_RA3.0_steps100000,2.79557932,1.00009387
15.0,rhoA0.6_rhoB0.6_h1.0_h02.0_T30_RA3.0_steps100000,2.8160646,0.997756741
15.0,rhoA0.6_rhoB0.6_h1.0_h02.0_T30_RA3.0_steps100000,2.83689478,0.994955914
15.0,rhoA0.6_rhoB0.6_h1.0_h02.0_T30_RA3.0_steps100000,2.85801727,1.0000337
15.0,rhoA0.6_rhoB0.6_h1.0_h02.0_T30_RA3.0_steps100000,2.87906973,0.999552597
15.0,rhoA0.6_rhoB0.6_h1.0_h02.0_T30_RA3.0_steps100000,2.89996898,1.00009103
15.0,rhoA0.6_rhoB0.6_h1.0_h02.0_T30_RA3.0_steps100000,2.92062944,0.999821278
15.0,rhoA0.6_rhoB0.6_h1.0_h02.0_T30_RA3.0_steps100000,2.941605,0.997600384
15.0,rhoA0.6_rhoB0.6_h1.0_h02.0_T30_RA3.0_steps100000,2.96267076,0.996419807
15.0,rhoA0.6_rhoB0.6_h1.0_h02.0_T30_RA3.0_steps100000,2.98347442,0.998785442
15.0,rhoA0.6_rhoB0.6_h1.0_h02.0_T30_RA3.0_steps100000,3.00437656,0.999848676
15.0,rhoA0.6_rhoB0.6_h1.0_h02.0_T30_RA3.0_steps100000,3.02542142,0.997141971
15.0,rhoA0.6_rhoB0.6_h1.0_h02.0_T30_RA3.0_steps100000,3.04658726,1.00094083
15.0,rhoA0.6_rhoB0.6_h1.0_h02.0_T30_RA3.0_steps100000,3.06768101,1.00389756
15.0,rhoA0.6_rhoB0.6_h1.0_h02.0_T30_RA3.0_steps100000,3.088328,1.0003281
15.0,rhoA0.6_rhoB0.6_h1.0_h02.0_T30_RA3.0_steps100000,3.10931167,0.999118942
15.0,rhoA0.6_rhoB0.6_h1.0_h02.0_T30_RA3.0_steps100000,3.1305457,1.00112746
15.0,rhoA0.6_rhoB0.6_h1.0_h02.0_T30_RA3.0_steps100000,3.15150209,0.995784275
15.0,rhoA0.6_rhoB0.6_h1.0_h02.0_T30_RA3.0_steps100000,3.17219014,1.00700514
15.0,rhoA0.6_rhoB0.6_h1.0_h02.0_T30_RA3.0_steps100000,3.19299024,1.00136455
15.0,rhoA0.6_rhoB0.6_h1.0_h02.0_T30_RA3.0_steps100000,3.21390436,0.995324947
15.0,rhoA0.6_rhoB0.6_h1.0_h02.0_T30_RA3.0_steps100000,3.23506564,1.00233738
15.0,rhoA0.6_rhoB0.6_h1.0_h02.0_T30_RA3.0_steps100000,3.25605387,1.00015001
15.0,rhoA0.6_rhoB0.6_h1.0_h02.0_T30_RA3.0_steps100000,3.27685776,1.00199206
15.0,rhoA0.6_rhoB0.6_h1.0_h02.0_T30_RA3.0_steps100000,3.29794723,0.995523974
15.0,rhoA0.6_rhoB0.6_h1.0_h02.0_T30_RA3.0_steps100000,3.31884778,1.00134718
15.0,rhoA0.6_rhoB0.6_h1.0_h02.0_T30_RA3.0_steps100000,3.33944269,1.00055529
15.0,rhoA0.6_rhoB0.6_h1.0_h02.0_T30_RA3.0_steps100000,3.36030612,0.99686657
15.0,rhoA0.6_rhoB0.6_h1.0_h02.0_T30_RA3.0_steps100000,3.38171654,0.999304776
15.0,rhoA0.6_rhoB0.6_h1.0_h02.0_T30_RA3.0_steps100000,3.40297495,0.999147094
15.0,rhoA0.6_rhoB0.6_h1.0_h02.0_T30_RA3.0_steps100000,3.42370792,0.999995794
15.0,rhoA0.6_rhoB0.6_h1.0_h02.0_T30_RA3.0_steps100000,3.44440875,0.999850225
15.0,rhoA0.6_rhoB0.6_h1.0_h02.0_T30_RA3.0_steps100000,3.465315,0.998289015
15.0,rhoA0.6_rhoB0.6_h1.0_h02.0_T30_RA3.0_steps100000,3.4865867,1.00192447
15.0,rhoA0.6_rhoB0.6_h1.0_h02.0_T30_RA3.0_steps100000,3.50751221,1.00166954
15.0,rhoA0.6_rhoB0.6_h1.0_h02.0_T30_RA3.0_steps100000,3.52796741,0.998966085
15.0,rhoA0.6_rhoB0.6_h1.0_h02.0_T30_RA3.0_steps100000,3.5488788,0.99976261
15.0,rhoA0.6_rhoB0.6_h1.0_h02.0_T30_RA3.0_steps100000,3.57014151,1.00183866
15.0,rhoA0.6_rhoB0.6_h1.0_h02.0_T30_RA3.0_steps100000,3.59120365,0.998362808
15.0,rhoA0.6_rhoB0.6_h1.0_h02.0_T30_RA3.0_steps100000,3.61190928,0.99830781
15.0,rhoA0.6_rhoB0.6_h1.0_h02.0_T30_RA3.0_steps100000,3.63300558,1.00071188
15.0,rhoA0.6_rhoB0.6_h1.0_h02.0_T30_RA3.0_steps100000,3.6541422,0.998303226
15.0,rhoA0.6_rhoB0.6_h1.0_h02.0_T30_RA3.0_steps100000,3.67500902,0.997611062
15.0,rhoA0.6_rhoB0.6_h1.0_h02.0_T30_RA3.0_steps100000,3.69581564,1.00040875
15.0,rhoA0.6_rhoB0.6_h1.0_h02.0_T30_RA3.0_steps100000,3.71644729,1.00220413
15.0,rhoA0.6_rhoB0.6_h1.0_h02.0_T30_RA3.0_steps100000,3.73749774,1.0024064
15.0,rhoA0.6_rhoB0.6_h1.0_h02.0_T30_RA3.0_steps100000,3.75868086,1.00119808
15.0,rhoA0.6_rhoB0.6_h1.0_h02.0_T30_RA3.0_steps100000,3.77950549,1.00217507
15.0,rhoA0.6_rhoB0.6_h1.0_h02.0_T30_RA3.0_steps100000,3.80027286,0.99819241
15.0,rhoA0.6_rhoB0.6_h1.0_h02.0_T30_RA3.0_steps100000,3.82143123,0.998900884
15.0,rhoA0.6_rhoB0.6_h1.0_h02.0_T30_RA3.0_steps100000,3.84280481,0.998219406
15.0,rhoA0.6_rhoB0.6_h1.0_h02.0_T30_RA3.0_steps100000,3.86349282,0.99867323
15.0,rhoA0.6_rhoB0.6_h1.0_h02.0_T30_RA3.0_steps100000,3.88417456,0.998384325
15.0,rhoA0.6_rhoB0.6_h1.0_h02.0_T30_RA3.0_steps100000,3.90535419,1.0025982
15.0,rhoA0.6_rhoB0.6_h1.0_h02.0_T30_RA3.0_steps100000,3.9264697,1.00060017
15.0,rhoA0.6_rhoB0.6_h1.0_h02.0_T30_RA3.0_steps100000,3.94738681,0.99798289
15.0,rhoA0.6_rhoB0.6_h1.0_h02.0_T30_RA3.0_steps100000,3.96810309,1.00094731
15.0,rhoA0.6_rhoB0.6_h1.0_h02.0_T30_RA3.0_steps100000,3.98888694,0.997204982
15.0,rhoA0.6_rhoB0.6_h1.0_h02.0_T30_RA3.0_steps100000,4.00993371,0.998429197
15.0,rhoA0.6_rhoB0.6_h1.0_h02.0_T30_RA3.0_steps100000,4.03080983,0.995849979
15.0,rhoA0.6_rhoB0.6_h1.0_h02.0_T30_RA3.0_steps100000,4.05178039,0.99498599
15.0,rhoA0.6_rhoB0.6_h1.0_h02.0_T30_RA3.0_steps100000,4.07276799,1.00255165
15.0,rhoA0.6_rhoB0.6_h1.0_h02.0_T30_RA3.0_steps100000,4.09368684,0.997054498
15.0,rhoA0.6_rhoB0.6_h1.0_h02.0_T30_RA3.0_steps100000,4.11485609,1.00181326
15.0,rhoA0.6_rhoB0.6_h1.0_h02.0_T30_RA3.0_steps100000,4.13583188,0.999865132
15.0,rhoA0.6_rhoB0.6_h1.0_h02.0_T30_RA3.0_steps100000,4.15670688,0.999129679
15.0,rhoA0.6_rhoB0.6_h1.0_h02.0_T30_RA3.0_steps100000,4.17758774,0.99781534
15.0,rhoA0.6_rhoB0.6_h1.0_h02.0_T30_RA3.0_steps100000,4.19867141,0.999594839
15.0,rhoA0.6_rhoB0.6_h1.0_h02.0_T30_RA3.0_steps100000,4.21961517,1.00336316
15.0,rhoA0.6_rhoB0.6_h1.0_h02.0_T30_RA3.0_steps100000,4.24013393,1.00142467
15.0,rhoA0.6_rhoB0.6_h1.0_h02.0_T30_RA3.0_steps100000,4.26119077,0.999335435
15.0,rhoA0.6_rhoB0.6_h1.0_h02.0_T30_RA3.0_steps100000,4.28239268,1.00059658
15.0,rhoA0.6_rhoB0.6_h1.0_h02.0_T30_RA3.0_steps100000,4.30342826,0.996948172
15.0,rhoA0.6_rhoB0.6_h1.0_h02.0_T30_RA3.0_steps100000,4.32431592,1.00062203
15.0,rhoA0.6_rhoB0.6_h1.0_h02.0_T30_RA3.0_steps100000,4.34508479,0.998423561
15.0,rhoA0.6_rhoB0.6_h1.0_h02.0_T30_RA3.0_steps100000,4.36604259,1.00107196
15.0,rhoA0.6_rhoB0.6_h1.0_h02.0_T30_RA3.0_steps100000,4.38708086,0.997073548
15.0,rhoA0.6_rhoB0.6_h1.0_h02.0_T30_RA3.0_steps100000,4.40778797,0.999148021
15.0,rhoA0.6_rhoB0.6_h1.0_h02.0_T30_RA3.0_steps100000,4.4288526,1.0002527
15.0,rhoA0.6_rhoB0.6_h1.0_h02.0_T30_RA3.0_steps100000,4.44994967,0.997134535
15.0,rhoA0.6_rhoB0.6_h1.0_h02.0_T30_RA3.0_steps100000,4.47085438,1.00093364
15.0,rhoA0.6_rhoB0.6_h1.0_h02.0_T30_RA3.0_steps100000,4.49188801,1.0040678
15.0,rhoA0.6_rhoB0.6_h1.0_h02.0_T30_RA3.0_steps100000,4.51250216,1.00159072
15.0,rhoA0.6_rhoB0.6_h1.0_h02.0_T30_RA3.0_steps100000,4.5334461,0.998505522
15.0,rhoA0.6_rhoB0.6_h1.0_h02.0_T30_RA3.0_steps100000,4.55463591,1.00040212
15.0,rhoA0.6_rhoB0.6_h1.0_h02.0_T30_RA3.0_steps100000,4.57547609,1.00171645
15.0,rhoA0.6_rhoB0.6_h1.0_h02.0_T30_RA3.0_steps100000,4.59643311,1.0016263
15.0,rhoA0.6_rhoB0.6_h1.0_h02.0_T30_RA3.0_steps100000,4.61732903,1.00163843
15.0,rhoA0.6_rhoB0.6_h1.0_h02.0_T30_RA3.0_steps100000,4.63833098,1.00229104
15.0,rhoA0.6_rhoB0.6_h1.0_h02.0_T30_RA3.0_steps100000,4.65949324,1.00100936
15.0,rhoA0.6_rhoB0.6_h1.0_h02.0_T30_RA3.0_steps100000,4.68039693,0.999021154
15.0,rhoA0.6_rhoB0.6_h1.0_h02.0_T30_RA3.0_steps100000,4.70136745,0.998997091
15.0,rhoA0.6_rhoB0.6_h1.0_h02.0_T30_RA3.0_steps100000,4.72221533,0.999468543
15.0,rhoA0.6_rhoB0.6_h1.0_h02.0_T30_RA3.0_steps100000,4.74309374,1.00228079
15.0,rhoA0.6_rhoB0.6_h1.0_h02.0_T30_RA3.0_steps100000,4.76390784,0.999870148
15.0,rhoA0.6_rhoB0.6_h1.0_h02.0_T30_RA3.0_steps100000,4.78491795,0.997697985
15.0,rhoA0.6_rhoB0.6_h1.0_h02.0_T30_RA3.0_steps100000,4.80636204,0.999021322
15.0,rhoA0.6_rhoB0.6_h1.0_h02.0_T30_RA3.0_steps100000,4.82728449,1.00010235
15.0,rhoA0.6_rhoB0.6_h1.0_h02.0_T30_RA3.0_steps100000,4.84785524,0.998750901
15.0,rhoA0.6_rhoB0.6_h1.0_h02.0_T30_RA3.0_steps100000,4.86859731,0.997003534
15.0,rhoA0.6_rhoB0.6_h1.0_h02.0_T30_RA3.0_steps100000,4.88954319,1.00291676
15.0,rhoA0.6_rhoB0.6_h1.0_h02.0_T30_RA3.0_steps100000,4.91078695,0.996324607
15.0,rhoA0.6_rhoB0.6_h1.0_h02.0_T30_RA3.0_steps100000,4.93172016,1.0007146
15.0,rhoA0.6_rhoB0.6_h1.0_h02.0_T30_RA3.0_steps100000,4.95244063,1.00004148
15.0,rhoA0.6_rhoB0.6_h1.0_h02.0_T30_RA3.0_steps100000,4.97348932,1.00157118
15.0,rhoA0.6_rhoB0.6_h1.0_h02.0_T30_RA3.0_steps100000,4.994309,1.00028572
15.0,rhoA0.6_rhoB0.6_h1.0_h02.0_T30_RA3.0_steps100000,5.01515697,1.0007413
15.0,rhoA0.6_rhoB0.6_h1.0_h02.0_T30_RA3.0_steps100000,5.03598003,1.0027386
15.0,rhoA0.6_rhoB0.6_h1.0_h02.0_T30_RA3.0_steps100000,5.05703237,0.998888271
15.0,rhoA0.6_rhoB0.6_h1.0_h02.0_T30_RA3.0_steps100000,5.07840332,0.998538308
15.0,rhoA0.6_rhoB0.6_h1.0_h02.0_T30_RA3.0_steps100000,5.09943841,1.00089506
15.0,rhoA0.6_rhoB0.6_h1.0_h02.0_T30_RA3.0_steps100000,5.12032938,0.999061674
15.0,rhoA0.6_rhoB0.6_h1.0_h02.0_T30_RA3.0_steps100000,5.14107614,1.00074644
15.0,rhoA0.6_rhoB0.6_h1.0_h02.0_T30_RA3.0_steps100000,5.16214077,0.998569543
15.0,rhoA0.6_rhoB0.6_h1.0_h02.0_T30_RA3.0_steps100000,5.18341099,0.999436089
15.0,rhoA0.6_rhoB0.6_h1.0_h02.0_T30_RA3.0_steps100000,5.2041075,1.00199715
15.0,rhoA0.6_rhoB0.6_h1.0_h02.0_T30_RA3.0_steps100000,5.22477891,0.998963683
15.0,rhoA0.6_rhoB0.6_h1.0_h02.0_T30_RA3.0_steps100000,5.24557967,1.00014977
15.0,rhoA0.6_rhoB0.6_h1.0_h02.0_T30_RA3.0_steps100000,5.26649236,1.00067861
15.0,rhoA0.6_rhoB0.6_h1.0_h02.0_T30_RA3.0_steps100000,5.28753131,1.00010157
15.0,rhoA0.6_rhoB0.6_h1.0_h02.0_T30_RA3.0_steps100000,5.30847064,0.999639719
15.0,rhoA0.6_rhoB0.6_h1.0_h02.0_T30_RA3.0_steps100000,5.32946745,1.00261619
15.0,rhoA0.6_rhoB0.6_h1.0_h02.0_T30_RA3.0_steps100000,5.3506922,0.997747369
15.0,rhoA0.6_rhoB0.6_h1.0_h02.0_T30_RA3.0_steps100000,5.37158853,0.999729422
15.0,rhoA0.6_rhoB0.6_h1.0_h02.0_T30_RA3.0_steps100000,5.39231925,0.997587508
15.0,rhoA0.6_rhoB0.6_h1.0_h02.0_T30_RA3.0_steps100000,5.41333352,0.997534612
15.0,rhoA0.6_rhoB0.6_h1.0_h02.0_T30_RA3.0_steps100000,5.43434316,1.00019605
15.0,rhoA0.6_rhoB0.6_h1.0_h02.0_T30_RA3.0_steps100000,5.45530659,0.999592979
15.0,rhoA0.6_rhoB0.6_h1.0_h02.0_T30_RA3.0_steps100000,5.47618498,1.00089008
15.0,rhoA0.6_rhoB0.6_h1.0_h02.0_T30_RA3.0_steps100000,5.49715755,0.998054265
15.0,rhoA0.6_rhoB0.6_h1.0_h02.0_T30_RA3.0_steps100000,5.51801586,0.998979986
15.0,rhoA0.6_rhoB0.6_h1.0_h02.0_T30_RA3.0_steps100000,5.53881995,1.00148066
15.0,rhoA0.6_rhoB0.6_h1.0_h02.0_T30_RA3.0_steps100000,5.55992514,1.00074293
15.0,rhoA0.6_rhoB0.6_h1.0_h02.0_T30_RA3.0_steps100000,5.58098545,0.999634764
15.0,rhoA0.6_rhoB0.6_h1.0_h02.0_T30_RA3.0_steps100000,5.60183772,1.00153715
15.0,rhoA0.6_rhoB0.6_h1.0_h02.0_T30_RA3.0_steps100000,5.62277584,0.998795654
15.0,rhoA0.6_rhoB0.6_h1.0_h02.0_T30_RA3.0_steps100000,5.64379172,1.0008897
15.0,rhoA0.6_rhoB0.6_h1.0_h02.0_T30_RA3.0_steps100000,5.66460817,0.997200047
15.0,rhoA0.6_rhoB0.6_h1.0_h02.0_T30_RA3.0_steps100000,5.68556022,1.00163845
15.0,rhoA0.6_rhoB0.6_h1.0_h02.0_T30_RA3.0_steps100000,5.7067909,1.00058458
15.0,rhoA0.6_rhoB0.6_h1.0_h02.0_T30_RA3.0_steps100000,5.72769317,1.00051432
15.0,rhoA0.6_rhoB0.6_h1.0_h02.0_T30_RA3.0_steps100000,5.74840017,1.00175712
15.0,rhoA0.6_rhoB0.6_h1.0_h02.0_T30_RA3.0_steps100000,5.76938192,1.00069981
15.0,rhoA0.6_rhoB0.6_h1.0_h02.0_T30_RA3.0_steps100000,5.79039764,0.998873633
15.0,rhoA0.6_rhoB0.6_h1.0_h02.0_T30_RA3.0_steps100000,5.81144039,1.00082318
15.0,rhoA0.6_rhoB0.6_h1.0_h02.0_T30_RA3.0_steps100000,5.83232115,1.0003275
15.0,rhoA0.6_rhoB0.6_h1.0_h02.0_T30_RA3.0_steps100000,5.85320209,0.999756366
15.0,rhoA0.6_rhoB0.6_h1.0_h02.0_T30_RA3.0_steps100000,5.87418919,0.998228671
15.0,rhoA0.6_rhoB0.6_h1.0_h02.0_T30_RA3.0_steps100000,5.89509625,0.999603269
15.0,rhoA0.6_rhoB0.6_h1.0_h02.0_T30_RA3.0_steps100000,5.9159726,0.999805908
15.0,rhoA0.6_rhoB0.6_h1.0_h02.0_T30_RA3.0_steps100000,5.93682663,1.00194644
15.0,rhoA0.6_rhoB0.6_h1.0_h02.0_T30_RA3.0_steps100000,5.95791772,1.00362539
15.0,rhoA0.6_rhoB0.6_h1.0_h02.0_T30_RA3.0_steps100000,5.97900675,0.996886432
15.0,rhoA0.6_rhoB0.6_h1.0_h02.0_T30_RA3.0_steps100000,5.99978945,0.998723993
15.0,rhoA0.6_rhoB0.6_h1.0_h02.0_T30_RA3.0_steps100000,6.02063577,1.00027123
15.0,rhoA0.6_rhoB0.6_h1.0_h02.0_T30_RA3.0_steps100000,6.04156421,1.00297817
15.0,rhoA0.6_rhoB0.6_h1.0_h02.0_T30_RA3.0_steps100000,6.06259364,1.00023136
15.0,rhoA0.6_rhoB0.6_h1.0_h02.0_T30_RA3.0_steps100000,6.08377541,1.00149522
15.0,rhoA0.6_rhoB0.6_h1.0_h02.0_T30_RA3.0_steps100000,6.10447051,0.998601886
15.0,rhoA0.6_rhoB0.6_h1.0_h02.0_T30_RA3.0_steps100000,6.12538157,1.00035964
15.0,rhoA0.6_rhoB0.6_h1.0_h02.0_T30_RA3.0_steps100000,6.14660689,1.00228606
15.0,rhoA0.6_rhoB0.6_h1.0_h02.0_T30_RA3.0_steps100000,6.16752321,1.00147071
15.0,rhoA0.6_rhoB0.6_h1.0_h02.0_T30_RA3.0_steps100000,6.18833806,0.999215606
15.0,rhoA0.6_rhoB0.6_h1.0_h02.0_T30_RA3.0_steps100000,6.20938667,1.00100517
15.0,rhoA0.6_rhoB0.6_h1.0_h02.0_T30_RA3.0_steps100000,6.23052184,0.999280566
15.0,rhoA0.6_rhoB0.6_h1.0_h02.0_T30_RA3.0_steps100000,6.25137137,0.999641041
15.0,rhoA0.6_rhoB0.6_h1.0_h02.0_T30_RA3.0_steps100000,6.27204484,0.999732597
15.0,rhoA0.6_rhoB0.6_h1.0_h02.0_T30_RA3.0_steps100000,6.29290789,0.99987192
15.0,rhoA0.6_rhoB0.6_h1.0_h02.0_T30_RA3.0_steps100000,6.31382104,0.999155236
15.0,rhoA0.6_rhoB0.6_h1.0_h02.0_T30_RA3.0_steps100000,6.33495691,1.00019422
15.0,rhoA0.6_rhoB0.6_h1.0_h02.0_T30_RA3.0_steps100000,6.35600914,0.999847844
15.0,rhoA0.6_rhoB0.6_h1.0_h02.0_T30_RA3.0_steps100000,6.37663869,1.00047793
15.0,rhoA0.6_rhoB0.6_h1.0_h02.0_T30_RA3.0_steps100000,6.39770954,1.00059492
15.0,rhoA0.6_rhoB0.6_h1.0_h02.0_T30_RA3.0_steps100000,6.41872759,0.998888
15.0,rhoA0.6_rhoB0.6_h1.0_h02.0_T30_RA3.0_steps100000,6.43951457,1.00116668
15.0,rhoA0.6_rhoB0.6_h1.0_h02.0_T30_RA3.0_steps100000,6.46033562,0.999913891
15.0,rhoA0.6_rhoB0.6_h1.0_h02.0_T30_RA3.0_steps100000,6.4814564,1.00069656
15.0,rhoA0.6_rhoB0.6_h1.0_h02.0_T30_RA3.0_steps100000,6.50265681,1.00019283
15.0,rhoA0.6_rhoB0.6_h1.0_h02.0_T30_RA3.0_steps100000,6.52350383,0.994909435
15.0,rhoA0.6_rhoB0.6_h1.0_h02.0_T30_RA3.0_steps100000,6.54427866,1.00104408
15.0,rhoA0.6_rhoB0.6_h1.0_h02.0_T30_RA3.0_steps100000,6.56515568,0.997847073
15.0,rhoA0.6_rhoB0.6_h1.0_h02.0_T30_RA3.0_steps100000,6.58628576,0.999822507
15.0,rhoA0.6_rhoB0.6_h1.0_h02.0_T30_RA3.0_steps100000,6.60749316,1.00063046
15.0,rhoA0.6_rhoB0.6_h1.0_h02.0_T30_RA3.0_steps100000,6.62830625,1.00253885
15.0,rhoA0.6_rhoB0.6_h1.0_h02.0_T30_RA3.0_steps100000,6.64913567,1.00108077
15.0,rhoA0.6_rhoB0.6_h1.0_h02.0_T30_RA3.0_steps100000,6.67020149,0.999488745
15.0,rhoA0.6_rhoB0.6_h1.0_h02.0_T30_RA3.0_steps100000,6.69106898,1.00097581
15.0,rhoA0.6_rhoB0.6_h1.0_h02.0_T30_RA3.0_steps100000,6.71185955,1.00076145
15.0,rhoA0.6_rhoB0.6_h1.0_h02.0_T30_RA3.0_steps100000,6.73264651,0.996607449
15.0,rhoA0.6_rhoB0.6_h1.0_h02.0_T30_RA3.0_steps100000,6.7537045,1.00045275
15.0,rhoA0.6_rhoB0.6_h1.0_h02.0_T30_RA3.0_steps100000,6.77487174,1.00143317
15.0,rhoA0.6_rhoB0.6_h1.0_h02.0_T30_RA3.0_steps100000,6.79557562,0.997682959
15.0,rhoA0.6_rhoB0.6_h1.0_h02.0_T30_RA3.0_steps100000,6.81648781,1.00222944
15.0,rhoA0.6_rhoB0.6_h1.0_h02.0_T30_RA3.0_steps100000,6.83753747,1.0011948
15.0,rhoA0.6_rhoB0.6_h1.0_h02.0_T30_RA3.0_steps100000,6.85867557,1.00138332
15.0,rhoA0.6_rhoB0.6_h1.0_h02.0_T30_RA3.0_steps100000,6.87985316,1.0007755
15.0,rhoA0.6_rhoB0.6_h1.0_h02.0_T30_RA3.0_steps100000,6.90065786,0.998627236
15.0,rhoA0.6_rhoB0.6_h1.0_h02.0_T30_RA3.0_steps100000,6.92153112,1.00002062
15.0,rhoA0.6_rhoB0.6_h1.0_h02.0_T30_RA3.0_steps100000,6.94229803,0.99898198
15.0,rhoA0.6_rhoB0.6_h1.0_h02.0_T30_RA3.0_steps100000,6.9630016,1.00171515
15.0,rhoA0.6_rhoB0.6_h1.0_h02.0_T30_RA3.0_steps100000,6.98416877,0.999992096
15.0,rhoA0.6_rhoB0.6_h1.0_h02.0_T30_RA3.0_steps100000,7.0052781,0.999881344
15.0,rhoA0.6_rhoB0.6_h1.0_h02.0_T30_RA3.0_steps100000,7.02617612,1.00174235
15.0,rhoA0.6_rhoB0.6_h1.0_h02.0_T30_RA3.0_steps100000,7.04699526,1.00119027
15.0,rhoA0.6_rhoB0.6_h1.0_h02.0_T30_RA3.0_steps100000,7.06761685,1.00009736
15.0,rhoA0.6_rhoB0.6_h1.0_h02.0_T30_RA3.0_steps100000,7.08873369,0.997993443
15.0,rhoA0.6_rhoB0.6_h1.0_h02.0_T30_RA3.0_steps100000,7.10994937,1.00083942
15.0,rhoA0.6_rhoB0.6_h1.0_h02.0_T30_RA3.0_steps100000,7.13102893,1.00177179
15.0,rhoA0.6_rhoB0.6_h1.0_h02.0_T30_RA3.0_steps100000,7.15201412,0.998822457
15.0,rhoA0.6_rhoB0.6_h1.0_h02.0_T30_RA3.0_steps100000,7.17271336,1.00051285
15.0,rhoA0.6_rhoB0.6_h1.0_h02.0_T30_RA3.0_steps100000,7.19374266,1.00233724
15.0,rhoA0.6_rhoB0.6_h1.0_h02.0_T30_RA3.0_steps100000,7.21473042,1.00178974
15.0,rhoA0.6_rhoB0.6_h1.0_h02.0_T30_RA3.0_steps100000,7.23564263,0.999997996
15.0,rhoA0.6_rhoB0.6_h1.0_h02.0_T30_RA3.0_steps100000,7.25666289,1.00274414
15.0,rhoA0.6_rhoB0.6_h1.0_h02.0_T30_RA3.0_steps100000,7.27757645,1.00162361
15.0,rhoA0.6_rhoB0.6_h1.0_h02.0_T30_RA3.0_steps100000,7.2984411,1.0026228
15.0,rhoA0.6_rhoB0.6_h1.0_h02.0_T30_RA3.0_steps100000,7.31917384,0.999714532
15.0,rhoA0.6_rhoB0.6_h1.0_h02.0_T30_RA3.0_steps100000,7.34001688,0.999364049
15.0,rhoA0.6_rhoB0.6_h1.0_h02.0_T30_RA3.0_steps100000,7.3611683,1.00043412
15.0,rhoA0.6_rhoB0.6_h1.0_h02.0_T30_RA3.0_steps100000,7.38224284,0.998725305
15.0,rhoA0.6_rhoB0.6_h1.0_h02.0_T30_RA3.0_steps100000,7.40324015,0.998815096
15.0,rhoA0.6_rhoB0.6_h1.0_h02.0_T30_RA3.0_steps100000,7.42408854,0.999862952
15.0,rhoA0.6_rhoB0.6_h1.0_h02.0_T30_RA3.0_steps100000,7.44500634,1.00047816
15.0,rhoA0.6_rhoB0.6_h1.0_h02.0_T30_RA3.0_steps100000,7.46595959,1.00017022
15.0,rhoA0.6_rhoB0.6_h1.0_h02.0_T30_RA3.0_steps100000,7.48696308,0.999559596
15.0,rhoA0.6_rhoB0.6_h1.0_h02.0_T30_RA3.0_steps100000,7.5079936,0.999163955
15.0,rhoA0.6_rhoB0.6_h1.0_h02.0_T30_RA3.0_steps100000,7.52871967,1.00126684
15.0,rhoA0.6_rhoB0.6_h1.0_h02.0_T30_RA3.0_steps100000,7.54966921,1.00085355
15.0,rhoA0.6_rhoB0.6_h1.0_h02.0_T30_RA3.0_steps100000,7.57064902,1.00024653
15.0,rhoA0.6_rhoB0.6_h1.0_h02.0_T30_RA3.0_steps100000,7.59151428,0.998888913
15.0,rhoA0.6_rhoB0.6_h1.0_h02.0_T30_RA3.0_steps100000,7.6123809,1.00058597
15.0,rhoA0.6_rhoB0.6_h1.0_h02.0_T30_RA3.0_steps100000,7.63338324,1.00103265
15.0,rhoA0.6_rhoB0.6_h1.0_h02.0_T30_RA3.0_steps100000,7.65450532,1.00084489
15.0,rhoA0.6_rhoB0.6_h1.0_h02.0_T30_RA3.0_steps100000,7.67556944,1.0007839
15.0,rhoA0.6_rhoB0.6_h1.0_h02.0_T30_RA3.0_steps100000,7.69637751,1.00061863
15.0,rhoA0.6_rhoB0.6_h1.0_h02.0_T30_RA3.0_steps100000,7.71727216,0.998508166
15.0,rhoA0.6_rhoB0.6_h1.0_h02.0_T30_RA3.0_steps100000,7.73835725,0.999111199
15.0,rhoA0.6_rhoB0.6_h1.0_h02.0_T30_RA3.0_steps100000,7.75934923,1.00018052
15.0,rhoA0.6_rhoB0.6_h1.0_h02.0_T30_RA3.0_steps100000,7.78023116,1.00147976
15.0,rhoA0.6_rhoB0.6_h1.0_h02.0_T30_RA3.0_steps100000,7.80098697,1.00018586
15.0,rhoA0.6_rhoB0.6_h1.0_h02.0_T30_RA3.0_steps100000,7.82190677,1.00085377
15.0,rhoA0.6_rhoB0.6_h1.0_h02.0_T30_RA3.0_steps100000,7.84304931,1.00211508
15.0,rhoA0.6_rhoB0.6_h1.0_h02.0_T30_RA3.0_steps100000,7.86405132,1.0011901
15.0,rhoA0.6_rhoB0.6_h1.0_h02.0_T30_RA3.0_steps100000,7.88484553,0.998807442
15.0,rhoA0.6_rhoB0.6_h1.0_h02.0_T30_RA3.0_steps100000,7.90574885,0.999249217
15.0,rhoA0.6_rhoB0.6_h1.0_h02.0_T30_RA3.0_steps100000,7.9267531,0.997429587
15.0,rhoA0.6_rhoB0.6_h1.0_h02.0_T30_RA3.0_steps100000,7.94765228,1.00254104
15.0,rhoA0.6_rhoB0.6_h1.0_h02.0_T30_RA3.0_steps100000,7.96842304,0.998487837
15.0,rhoA0.6_rhoB0.6_h1.0_h02.0_T30_RA3.0_steps100000,7.98938616,0.998678379
15.0,rhoA0.6_rhoB0.6_h1.0_h02.0_T30_RA3.0_steps100000,8.01050815,0.998834113
15.0,rhoA0.6_rhoB0.6_h1.0_h02.0_T30_RA3.0_steps100000,8.03153334,0.998296613
15.0,rhoA0.6_rhoB0.6_h1.0_h02.0_T30_RA3.0_steps100000,8.05240251,1.00101078
15.0,rhoA0.6_rhoB0.6_h1.0_h02.0_T30_RA3.0_steps100000,8.07332696,1.00241072
15.0,rhoA0.6_rhoB0.6_h1.0_h02.0_T30_RA3.0_steps100000,8.09438514,1.00160847
15.0,rhoA0.6_rhoB0.6_h1.0_h02.0_T30_RA3.0_steps100000,8.11529588,0.999557096
15.0,rhoA0.6_rhoB0.6_h1.0_h02.0_T30_RA3.0_steps100000,8.13618411,0.998876488
15.0,rhoA0.6_rhoB0.6_h1.0_h02.0_T30_RA3.0_steps100000,8.15717855,0.999320418
15.0,rhoA0.6_rhoB0.6_h1.0_h02.0_T30_RA3.0_steps100000,8.17807847,0.999022351
15.0,rhoA0.6_rhoB0.6_h1.0_h02.0_T30_RA3.0_steps100000,8.19905269,0.999740317
15.0,rhoA0.6_rhoB0.6_h1.0_h02.0_T30_RA3.0_steps100000,8.21991085,0.999436465
15.0,rhoA0.6_rhoB0.6_h1.0_h02.0_T30_RA3.0_steps100000,8.24078529,0.998157624
15.0,rhoA0.6_rhoB0.6_h1.0_h02.0_T30_RA3.0_steps100000,8.26195652,0.998015526
15.0,rhoA0.6_rhoB0.6_h1.0_h02.0_T30_RA3.0_steps100000,8.28293039,1.0017876
15.0,rhoA0.6_rhoB0.6_h1.0_h02.0_T30_RA3.0_steps100000,8.30373423,1.00076862
15.0,rhoA0.6_rhoB0.6_h1.0_h02.0_T30_RA3.0_steps100000,8.32452583,1.00134167
15.0,rhoA0.6_rhoB0.6_h1.0_h02.0_T30_RA3.0_steps100000,8.34556221,1.00240143
15.0,rhoA0.6_rhoB0.6_h1.0_h02.0_T30_RA3.0_steps100000,8.36671927,1.0001163
15.0,rhoA0.6_rhoB0.6_h1.0_h02.0_T30_RA3.0_steps100000,8.38757523,1.00004349
15.0,rhoA0.6_rhoB0.6_h1.0_h02.0_T30_RA3.0_steps100000,8.40855808,1.00026079
15.0,rhoA0.6_rhoB0.6_h1.0_h02.0_T30_RA3.0_steps100000,8.42953585,1.00209443
15.0,rhoA0.6_rhoB0.6_h1.0_h02.0_T30_RA3.0_steps100000,8.45042977,0.999369544
15.0,rhoA0.6_rhoB0.6_h1.0_h02.0_T30_RA3.0_steps100000,8.47138662,1.0025516
15.0,rhoA0.6_rhoB0.6_h1.0_h02.0_T30_RA3.0_steps100000,8.49217243,1.00090446
15.0,rhoA0.6_rhoB0.6_h1.0_h02.0_T30_RA3.0_steps100000,8.51321806,0.999102876
15.0,rhoA0.6_rhoB0.6_h1.0_h02.0_T30_RA3.0_steps100000,8.53421183,1.00055344
15.0,rhoA0.6_rhoB0.6_h1.0_h02.0_T30_RA3.0_steps100000,8.55508292,0.999852259
15.0,rhoA0.6_rhoB0.6_h1.0_h02.0_T30_RA3.0_steps100000,8.57598662,0.999937368
15.0,rhoA0.6_rhoB0.6_h1.0_h02.0_T30_RA3.0_steps100000,8.59679232,1.0001243
15.0,rhoA0.6_rhoB0.6_h1.0_h02.0_T30_RA3.0_steps100000,8.61783107,1.00035003
15.0,rhoA0.6_rhoB0.6_h1.0_h02.0_T30_RA3.0_steps100000,8.63891768,0.998919313
15.0,rhoA0.6_rhoB0.6_h1.0_h02.0_T30_RA3.0_steps100000,8.65972861,0.999938396
15.0,rhoA0.6_rhoB0.6_h1.0_h02.0_T30_RA3.0_steps100000,8.68059853,1.00134912
15.0,rhoA0.6_rhoB0.6_h1.0_h02.0_T30_RA3.0_steps100000,8.70174168,1.00240566
15.0,rhoA0.6_rhoB0.6_h1.0_h02.0_T30_RA3.0_steps100000,8.72279566,0.99752163
15.0,rhoA0.6_rhoB0.6_h1.0_h02.0_T30_RA3.0_steps100000,8.74359241,0.99956323
15.0,rhoA0.6_rhoB0.6_h1.0_h02.0_T30_RA3.0_steps100000,8.76424415,0.998220871
15.0,rhoA0.6_rhoB0.6_h1.0_h02.0_T30_RA3.0_steps100000,8.78526729,0.999353212
15.0,rhoA0.6_rhoB0.6_h1.0_h02.0_T30_RA3.0_steps100000,8.80637189,0.999826593
15.0,rhoA0.6_rhoB0.6_h1.0_h02.0_T30_RA3.0_steps100000,8.82736896,1.00134651
15.0,rhoA0.6_rhoB0.6_h1.0_h02.0_T30_RA3.0_steps100000,8.84843212,0.999209921
15.0,rhoA0.6_rhoB0.6_h1.0_h02.0_T30_RA3.0_steps100000,8.86933197,1.00051568
15.0,rhoA0.6_rhoB0.6_h1.0_h02.0_T30_RA3.0_steps100000,8.89026857,1.00059383
15.0,rhoA0.6_rhoB0.6_h1.0_h02.0_T30_RA3.0_steps100000,8.91123702,1.00065665
15.0,rhoA0.6_rhoB0.6_h1.0_h02.0_T30_RA3.0_steps100000,8.93214776,0.999522368
15.0,rhoA0.6_rhoB0.6_h1.0_h02.0_T30_RA3.0_steps100000,8.95312097,0.999598984
15.0,rhoA0.6_rhoB0.6_h1.0_h02.0_T30_RA3.0_steps100000,8.9741304,1.00104753
15.0,rhoA0.6_rhoB0.6_h1.0_h02.0_T30_RA3.0_steps100000,8.99505705,1.00049644
15.0,rhoA0.6_rhoB0.6_h1.0_h02.0_T30_RA3.0_steps100000,9.01571368,1.00225149
15.0,rhoA0.6_rhoB0.6_h1.0_h02.0_T30_RA3.0_steps100000,9.03640927,0.997311701
15.0,rhoA0.6_rhoB0.6_h1.0_h02.0_T30_RA3.0_steps100000,9.05755121,1.00041604
15.0,rhoA0.6_rhoB0.6_h1.0_h02.0_T30_RA3.0_steps100000,9.07868023,0.999041987
15.0,rhoA0.6_rhoB0.6_h1.0_h02.0_T30_RA3.0_steps100000,9.09969513,1.00115826
15.0,rhoA0.6_rhoB0.6_h1.0_h02.0_T30_RA3.0_steps100000,9.1205658,1.00104843
15.0,rhoA0.6_rhoB0.6_h1.0_h02.0_T30_RA3.0_steps100000,9.14137844,0.999028298
15.0,rhoA0.6_rhoB0.6_h1.0_h02.0_T30_RA3.0_steps100000,9.16237082,0.998201276
15.0,rhoA0.6_rhoB0.6_h1.0_h02.0_T30_RA3.0_steps100000,9.18339441,1.00026632
15.0,rhoA0.6_rhoB0.6_h1.0_h02.0_T30_RA3.0_steps100000,9.20447395,0.999769106
15.0,rhoA0.6_rhoB0.6_h1.0_h02.0_T30_RA3.0_steps100000,9.22549281,0.999783335
15.0,rhoA0.6_rhoB0.6_h1.0_h02.0_T30_RA3.0_steps100000,9.2463962,1.0019153
15.0,rhoA0.6_rhoB0.6_h1.0_h02.0_T30_RA3.0_steps100000,9.26722673,0.999512755
15.0,rhoA0.6_rhoB0.6_h1.0_h02.0_T30_RA3.0_steps100000,9.28791689,1.00302597
15.0,rhoA0.6_rhoB0.6_h1.0_h02.0_T30_RA3.0_steps100000,9.30892724,0.999200055
15.0,rhoA0.6_rhoB0.6_h1.0_h02.0_T30_RA3.0_steps100000,9.33003065,0.999517269
15.0,rhoA0.6_rhoB0.6_h1.0_h02.0_T30_RA3.0_steps100000,9.35102864,0.998550639
15.0,rhoA0.6_rhoB0.6_h1.0_h02.0_T30_RA3.0_steps100000,9.37196601,1.00012468
15.0,rhoA0.6_rhoB0.6_h1.0_h02.0_T30_RA3.0_steps100000,9.39258783,0.999222647
15.0,rhoA0.6_rhoB0.6_h1.0_h02.0_T30_RA3.0_steps100000,9.41349621,0.999113291
15.0,rhoA0.6_rhoB0.6_h1.0_h02.0_T30_RA3.0_steps100000,9.4347927,1.00068691
15.0,rhoA0.6_rhoB0.6_h1.0_h02.0_T30_RA3.0_steps100000,9.45587737,1.00125869
15.0,rhoA0.6_rhoB0.6_h1.0_h02.0_T30_RA3.0_steps100000,9.47676866,0.999401189
15.0,rhoA0.6_rhoB0.6_h1.0_h02.0_T30_RA3.0_steps100000,9.49762777,1.00041328
15.0,rhoA0.6_rhoB0.6_h1.0_h02.0_T30_RA3.0_steps100000,9.51852362,0.999231961
15.0,rhoA0.6_rhoB0.6_h1.0_h02.0_T30_RA3.0_steps100000,9.53939795,0.997562276
15.0,rhoA0.6_rhoB0.6_h1.0_h02.0_T30_RA3.0_steps100000,9.56035551,0.998219899
15.0,rhoA0.6_rhoB0.6_h1.0_h02.0_T30_RA3.0_steps100000,9.58149741,0.998721867
15.0,rhoA0.6_rhoB0.6_h1.0_h02.0_T30_RA3.0_steps100000,9.60249587,1.00090556
15.0,rhoA0.6_rhoB0.6_h1.0_h02.0_T30_RA3.0_steps100000,9.62336478,0.999762429
15.0,rhoA0.6_rhoB0.6_h1.0_h02.0_T30_RA3.0_steps100000,9.64415055,0.999500673
15.0,rhoA0.6_rhoB0.6_h1.0_h02.0_T30_RA3.0_steps100000,9.66502224,1.00037014
15.0,rhoA0.6_rhoB0.6_h1.0_h02.0_T30_RA3.0_steps100000,9.68597433,1.00055032
15.0,rhoA0.6_rhoB0.6_h1.0_h02.0_T30_RA3.0_steps100000,9.7069728,1.00108154
15.0,rhoA0.6_rhoB0.6_h1.0_h02.0_T30_RA3.0_steps100000,9.72797765,0.997820654
15.0,rhoA0.6_rhoB0.6_h1.0_h02.0_T30_RA3.0_steps100000,9.74896401,0.999531707
15.0,rhoA0.6_rhoB0.6_h1.0_h02.0_T30_RA3.0_steps100000,9.76996217,0.998635334
15.0,rhoA0.6_rhoB0.6_h1.0_h02.0_T30_RA3.0_steps100000,9.79085678,0.999045551
15.0,rhoA0.6_rhoB0.6_h1.0_h02.0_T30_RA3.0_steps100000,9.81166698,1.00069486
15.0,rhoA0.6_rhoB0.6_h1.0_h02.0_T30_RA3.0_steps100000,9.83262494,0.999980371
15.0,rhoA0.6_rhoB0.6_h1.0_h02.0_T30_RA3.0_steps100000,9.85372265,1.00008672
15.0,rhoA0.6_rhoB0.6_h1.0_h02.0_T30_RA3.0_steps100000,9.87472665,1.00176774
15.0,rhoA0.6_rhoB0.6_h1.0_h02.0_T30_RA3.0_steps100000,9.89559934,0.998140305
15.0,rhoA0.6_rhoB0.6_h1.0_h02.0_T30_RA3.0_steps100000,9.91635289,0.99977853
15.0,rhoA0.6_rhoB0.6_h1.0_h02.0_T30_RA3.0_steps100000,9.93737645,1.00032845
15.0,rhoA0.6_rhoB0.6_h1.0_h02.0_T30_RA3.0_steps100000,9.95856995,0.999807202
15.0,rhoA0.6_rhoB0.6_h1.0_h02.0_T30_RA3.0_steps100000,9.97940815,1.00111213
15.0,rhoA0.6_rhoB0.6_h1.0_h02.0_T30_RA3.0_steps100000,10.000082,0.999943226
25.0,rhoA0.6_rhoB0.6_h1.0_h02.0_T50_RA3.0_steps100000,0.0252815853,1.0004192
25.0,rhoA0.6_rhoB0.6_h1.0_h02.0_T50_RA3.0_steps100000,0.0486976344,0.982833049
25.0,rhoA0.6_rhoB0.6_h1.0_h02.0_T50_RA3.0_steps100000,0.0692644017,0.983020689
25.0,rhoA0.6_rhoB0.6_h1.0_h02.0_T50_RA3.0_steps100000,0.08877835,1.01932016
25.0,rhoA0.6_rhoB0.6_h1.0_h02.0_T50_RA3.0_steps100000,0.111604297,0.996875547
25.0,rhoA0.6_rhoB0.6_h1.0_h02.0_T50_RA3.0_steps100000,0.132731806,0.987668946
25.0,rhoA0.6_rhoB0.6_h1.0_h02.0_T50_RA3.0_steps100000,0.153672181,0.989307643
25.0,rhoA0.6_rhoB0.6_h1.0_h02.0_T50_RA3.0_steps100000,0.175641863,0.994512151
25.0,rhoA0.6_rhoB0.6_h1.0_h02.0_T50_RA3.0_steps100000,0.196615509,1.03348791
25.0,rhoA0.6_rhoB0.6_h1.0_h02.0_T50_RA3.0_steps100000,0.217326708,0.990005329
25.0,rhoA0.6_rhoB0.6_h1.0_h02.0_T50_RA3.0_steps100000,0.237538457,1.00245798
25.0,rhoA0.6_rhoB0.6_h1.0_h02.0_T50_RA3.0_steps100000,0.258148683,0.983480457
25.0,rhoA0.6_rhoB0.6_h1.0_h02.0_T50_RA3.0_steps100000,0.28040349,1.000139
25.0,rhoA0.6_rhoB0.6_h1.0_h02.0_T50_RA3.0_steps100000,0.301929084,1.00195751
25.0,rhoA0.6_rhoB0.6_h1.0_h02.0_T50_RA3.0_steps100000,0.322287413,1.00882342
25.0,rhoA0.6_rhoB0.6_h1.0_h02.0_T50_RA3.0_steps100000,0.342663331,0.986655498
25.0,rhoA0.6_rhoB0.6_h1.0_h02.0_T50_RA3.0_steps100000,0.363641289,1.00392545
25.0,rhoA0.6_rhoB0.6_h1.0_h02.0_T50_RA3.0_steps100000,0.385602948,0.998055296
25.0,rhoA0.6_rhoB0.6_h1.0_h02.0_T50_RA3.0_steps100000,0.406737165,1.00105617
25.0,rhoA0.6_rhoB0.6_h1.0_h02.0_T50_RA3.0_steps100000,0.427001871,1.00084351
25.0,rhoA0.6_rhoB0.6_h1.0_h02.0_T50_RA3.0_steps100000,0.448754416,0.99860507
25.0,rhoA0.6_rhoB0.6_h1.0_h02.0_T50_RA3.0_steps100000,0.469601745,0.995912683
25.0,rhoA0.6_rhoB0.6_h1.0_h02.0_T50_RA3.0_steps100000,0.489805379,0.997523531
25.0,rhoA0.6_rhoB0.6_h1.0_h02.0_T50_RA3.0_steps100000,0.510302494,0.992410617
25.0,rhoA0.6_rhoB0.6_h1.0_h02.0_T50_RA3.0_steps100000,0.53178319,1.0062196
25.0,rhoA0.6_rhoB0.6_h1.0_h02.0_T50_RA3.0_steps100000,0.553922362,0.993779569
25.0,rhoA0.6_rhoB0.6_h1.0_h02.0_T50_RA3.0_steps100000,0.574670041,0.995513589
25.0,rhoA0.6_rhoB0.6_h1.0_h02.0_T50_RA3.0_steps100000,0.594645701,1.00283995
25.0,rhoA0.6_rhoB0.6_h1.0_h02.0_T50_RA3.0_steps100000,0.615540037,0.992653194
25.0,rhoA0.6_rhoB0.6_h1.0_h02.0_T50_RA3.0_steps100000,0.636554081,1.0034457
25.0,rhoA0.6_rhoB0.6_h1.0_h02.0_T50_RA3.0_steps100000,0.658102417,0.995209974
25.0,rhoA0.6_rhoB0.6_h1.0_h02.0_T50_RA3.0_steps100000,0.679189641,0.999466949
25.0,rhoA0.6_rhoB0.6_h1.0_h02.0_T50_RA3.0_steps100000,0.700054044,0.997310513
25.0,rhoA0.6_rhoB0.6_h1.0_h02.0_T50_RA3.0_steps100000,0.721329826,1.00047876
25.0,rhoA0.6_rhoB0.6_h1.0_h02.0_T50_RA3.0_steps100000,0.742033923,0.995731257
25.0,rhoA0.6_rhoB0.6_h1.0_h02.0_T50_RA3.0_steps100000,0.762614581,1.00214237
25.0,rhoA0.6_rhoB0.6_h1.0_h02.0_T50_RA3.0_steps100000,0.783270495,1.00609167
25.0,rhoA0.6_rhoB0.6_h1.0_h02.0_T50_RA3.0_steps100000,0.804783918,0.997885899
25.0,rhoA0.6_rhoB0.6_h1.0_h02.0_T50_RA3.0_steps100000,0.826095906,0.991835842
25.0,rhoA0.6_rhoB0.6_h1.0_h02.0_T50_RA3.0_steps100000,0.846303977,1.00917966
25.0,rhoA0.6_rhoB0.6_h1.0_h02.0_T50_RA3.0_steps100000,0.867174819,0.999027363
25.0,rhoA0.6_rhoB0.6_h1.0_h02.0_T50_RA3.0_steps100000,0.888413258,0.998183078
25.0,rhoA0.6_rhoB0.6_h1.0_h02.0_T50_RA3.0_steps100000,0.909910564,1.00270388
25.0,rhoA0.6_rhoB0.6_h1.0_h02.0_T50_RA3.0_steps100000,0.931134698,1.00085823
25.0,rhoA0.6_rhoB0.6_h1.0_h02.0_T50_RA3.0_steps100000,0.951563161,1.00474682
25.0,rhoA0.6_rhoB0.6_h1.0_h02.0_T50_RA3.0_steps100000,0.972160451,1.00002709
25.0,rhoA0.6_rhoB0.6_h1.0_h02.0_T50_RA3.0_steps100000,0.993008165,1.00460045
25.0,rhoA0.6_rhoB0.6_h1.0_h02.0_T50_RA3.0_steps100000,1.0140906,1.00254045
25.0,rhoA0.6_rhoB0.6_h1.0_h02.0_T50_RA3.0_steps100000,1.03500338,0.994120522
25.0,rhoA0.6_rhoB0.6_h1.0_h02.0_T50_RA3.0_steps100000,1.05657413,1.0007223
25.0,rhoA0.6_rhoB0.6_h1.0_h02.0_T50_RA3.0_steps100000,1.07789814,1.00392039
25.0,rhoA0.6_rhoB0.6_h1.0_h02.0_T50_RA3.0_steps100000,1.09835045,0.99998809
25.0,rhoA0.6_rhoB0.6_h1.0_h02.0_T50_RA3.0_steps100000,1.11903902,0.991916951
25.0,rhoA0.6_rhoB0.6_h1.0_h02.0_T50_RA3.0_steps100000,1.1396405,0.997029764
25.0,rhoA0.6_rhoB0.6_h1.0_h02.0_T50_RA3.0_steps100000,1.16109193,0.999449789
25.0,rhoA0.6_rhoB0.6_h1.0_h02.0_T50_RA3.0_steps100000,1.18227503,1.00423016
25.0,rhoA0.6_rhoB0.6_h1.0_h02.0_T50_RA3.0_steps100000,1.2030555,1.00068417
25.0,rhoA0.6_rhoB0.6_h1.0_h02.0_T50_RA3.0_steps100000,1.22375183,1.00115847
25.0,rhoA0.6_rhoB0.6_h1.0_h02.0_T50_RA3.0_steps100000,1.24453484,0.997898343
25.0,rhoA0.6_rhoB0.6_h1.0_h02.0_T50_RA3.0_steps100000,1.26570671,1.00028366
25.0,rhoA0.6_rhoB0.6_h1.0_h02.0_T50_RA3.0_steps100000,1.28693994,1.00530247
25.0,rhoA0.6_rhoB0.6_h1.0_h02.0_T50_RA3.0_steps100000,1.30807124,1.00070922
25.0,rhoA0.6_rhoB0.6_h1.0_h02.0_T50_RA3.0_steps100000,1.32889646,0.999661396
25.0,rhoA0.6_rhoB0.6_h1.0_h02.0_T50_RA3.0_steps100000,1.34945121,1.00300545
25.0,rhoA0.6_rhoB0.6_h1.0_h02.0_T50_RA3.0_steps100000,1.37055188,0.997842498
25.0,rhoA0.6_rhoB0.6_h1.0_h02.0_T50_RA3.0_steps100000,1.39148285,1.00203594
25.0,rhoA0.6_rhoB0.6_h1.0_h02.0_T50_RA3.0_steps100000,1.41220445,1.00020112
25.0,rhoA0.6_rhoB0.6_h1.0_h02.0_T50_RA3.0_steps100000,1.43352474,1.00351544
25.0,rhoA0.6_rhoB0.6_h1.0_h02.0_T50_RA3.0_steps100000,1.45454751,0.997215346
25.0,rhoA0.6_rhoB0.6_h1.0_h02.0_T50_RA3.0_steps100000,1.47511055,0.996410228
25.0,rhoA0.6_rhoB0.6_h1.0_h02.0_T50_RA3.0_steps100000,1.49566583,1.00008747
25.0,rhoA0.6_rhoB0.6_h1.0_h02.0_T50_RA3.0_steps100000,1.51690776,1.00189653
25.0,rhoA0.6_rhoB0.6_h1.0_h02.0_T50_RA3.0_steps100000,1.53826425,1.00441827
25.0,rhoA0.6_rhoB0.6_h1.0_h02.0_T50_RA3.0_steps100000,1.55931449,0.99880521
25.0,rhoA0.6_rhoB0.6_h1.0_h02.0_T50_RA3.0_steps100000,1.58012172,1.00100243
25.0,rhoA0.6_rhoB0.6_h1.0_h02.0_T50_RA3.0_steps100000,1.60114355,1.0036315
25.0,rhoA0.6_rhoB0.6_h1.0_h02.0_T50_RA3.0_steps100000,1.62229155,1.00236534
25.0,rhoA0.6_rhoB0.6_h1.0_h02.0_T50_RA3.0_steps100000,1.64295947,0.99910448
25.0,rhoA0.6_rhoB0.6_h1.0_h02.0_T50_RA3.0_steps100000,1.66366432,0.999504751
25.0,rhoA0.6_rhoB0.6_h1.0_h02.0_T50_RA3.0_steps100000,1.68478217,0.998650838
25.0,rhoA0.6_rhoB0.6_h1.0_h02.0_T50_RA3.0_steps100000,1.7057485,0.996068537
25.0,rhoA0.6_rhoB0.6_h1.0_h02.0_T50_RA3.0_steps100000,1.72683745,1.00210773
25.0,rhoA0.6_rhoB0.6_h1.0_h02.0_T50_RA3.0_steps100000,1.74765849,0.996268991
25.0,rhoA0.6_rhoB0.6_h1.0_h02.0_T50_RA3.0_steps100000,1.76847487,0.996275927
25.0,rhoA0.6_rhoB0.6_h1.0_h02.0_T50_RA3.0_steps100000,1.78961871,1.00281555
25.0,rhoA0.6_rhoB0.6_h1.0_h02.0_T50_RA3.0_steps100000,1.81086098,1.00095089
25.0,rhoA0.6_rhoB0.6_h1.0_h02.0_T50_RA3.0_steps100000,1.83179094,1.00307305
25.0,rhoA0.6_rhoB0.6_h1.0_h02.0_T50_RA3.0_steps100000,1.8521746,0.999915217
25.0,rhoA0.6_rhoB0.6_h1.0_h02.0_T50_RA3.0_steps100000,1.8733654,0.993434144
25.0,rhoA0.6_rhoB0.6_h1.0_h02.0_T50_RA3.0_steps100000,1.89455538,1.00245113
25.0,rhoA0.6_rhoB0.6_h1.0_h02.0_T50_RA3.0_steps100000,1.91534795,1.00114293
25.0,rhoA0.6_rhoB0.6_h1.0_h02.0_T50_RA3.0_steps100000,1.93623233,1.0020374
25.0,rhoA0.6_rhoB0.6_h1.0_h02.0_T50_RA3.0_steps100000,1.9571481,0.99743266
25.0,rhoA0.6_rhoB0.6_h1.0_h02.0_T50_RA3.0_steps100000,1.97825109,1.00232524
25.0,rhoA0.6_rhoB0.6_h1.0_h02.0_T50_RA3.0_steps100000,1.99905898,1.00113552
25.0,rhoA0.6_rhoB0.6_h1.0_h02.0_T50_RA3.0_steps100000,2.01966715,1.00070446
25.0,rhoA0.6_rhoB0.6_h1.0_h02.0_T50_RA3.0_steps100000,2.04082415,1.0025962
25.0,rhoA0.6_rhoB0.6_h1.0_h02.0_T50_RA3.0_steps100000,2.06193171,0.998982707
25.0,rhoA0.6_rhoB0.6_h1.0_h02.0_T50_RA3.0_steps100000,2.08296048,1.00347873
25.0,rhoA0.6_rhoB0.6_h1.0_h02.0_T50_RA3.0_steps100000,2.10383017,0.995522469
25.0,rhoA0.6_rhoB0.6_h1.0_h02.0_T50_RA3.0_steps100000,2.12494312,1.00439437
25.0,rhoA0.6_rhoB0.6_h1.0_h02.0_T50_RA3.0_steps100000,2.14618475,1.00311502
25.0,rhoA0.6_rhoB0.6_h1.0_h02.0_T50_RA3.0_steps100000,2.16679298,1.00247015
25.0,rhoA0.6_rhoB0.6_h1.0_h02.0_T50_RA3.0_steps100000,2.18753482,1.00340058
25.0,rhoA0.6_rhoB0.6_h1.0_h02.0_T50_RA3.0_steps100000,2.20847027,1.00100674
25.0,rhoA0.6_rhoB0.6_h1.0_h02.0_T50_RA3.0_steps100000,2.22955181,0.99709177
25.0,rhoA0.6_rhoB0.6_h1.0_h02.0_T50_RA3.0_steps100000,2.25078374,1.00184002
25.0,rhoA0.6_rhoB0.6_h1.0_h02.0_T50_RA3.0_steps100000,2.27150159,0.996830051
25.0,rhoA0.6_rhoB0.6_h1.0_h02.0_T50_RA3.0_steps100000,2.29205574,1.00087708
25.0,rhoA0.6_rhoB0.6_h1.0_h02.0_T50_RA3.0_steps100000,2.31294326,1.00020528
25.0,rhoA0.6_rhoB0.6_h1.0_h02.0_T50_RA3.0_steps100000,2.3340363,1.00090574
25.0,rhoA0.6_rhoB0.6_h1.0_h02.0_T50_RA3.0_steps100000,2.35514399,0.999135192
25.0,rhoA0.6_rhoB0.6_h1.0_h02.0_T50_RA3.0_steps100000,2.37607726,1.00104379
25.0,rhoA0.6_rhoB0.6_h1.0_h02.0_T50_RA3.0_steps100000,2.39730341,0.997839257
25.0,rhoA0.6_rhoB0.6_h1.0_h02.0_T50_RA3.0_steps100000,2.41857203,0.997653723
25.0,rhoA0.6_rhoB0.6_h1.0_h02.0_T50_RA3.0_steps100000,2.43911056,1.00315422
25.0,rhoA0.6_rhoB0.6_h1.0_h02.0_T50_RA3.0_steps100000,2.45988005,1.00255273
25.0,rhoA0.6_rhoB0.6_h1.0_h02.0_T50_RA3.0_steps100000,2.48094151,1.00110264
25.0,rhoA0.6_rhoB0.6_h1.0_h02.0_T50_RA3.0_steps100000,2.50196601,0.993928715
25.0,rhoA0.6_rhoB0.6_h1.0_h02.0_T50_RA3.0_steps100000,2.52300496,1.0054205
25.0,rhoA0.6_rhoB0.6_h1.0_h02.0_T50_RA3.0_steps100000,2.54340089,1.00288867
25.0,rhoA0.6_rhoB0.6_h1.0_h02.0_T50_RA3.0_steps100000,2.56415297,0.998697233
25.0,rhoA0.6_rhoB0.6_h1.0_h02.0_T50_RA3.0_steps100000,2.58575836,0.996563847
25.0,rhoA0.6_rhoB0.6_h1.0_h02.0_T50_RA3.0_steps100000,2.60684428,0.997888686
25.0,rhoA0.6_rhoB0.6_h1.0_h02.0_T50_RA3.0_steps100000,2.62775949,1.00124138
25.0,rhoA0.6_rhoB0.6_h1.0_h02.0_T50_RA3.0_steps100000,2.64834355,1.00023258
25.0,rhoA0.6_rhoB0.6_h1.0_h02.0_T50_RA3.0_steps100000,2.66912062,1.0011539
25.0,rhoA0.6_rhoB0.6_h1.0_h02.0_T50_RA3.0_steps100000,2.69039946,0.996593766
25.0,rhoA0.6_rhoB0.6_h1.0_h02.0_T50_RA3.0_steps100000,2.71121518,1.00084237
25.0,rhoA0.6_rhoB0.6_h1.0_h02.0_T50_RA3.0_steps100000,2.7321837,0.997530014
25.0,rhoA0.6_rhoB0.6_h1.0_h02.0_T50_RA3.0_steps100000,2.75306239,1.00147948
25.0,rhoA0.6_rhoB0.6_h1.0_h02.0_T50_RA3.0_steps100000,2.77427049,0.998068442
25.0,rhoA0.6_rhoB0.6_h1.0_h02.0_T50_RA3.0_steps100000,2.79557932,1.00038126
25.0,rhoA0.6_rhoB0.6_h1.0_h02.0_T50_RA3.0_steps100000,2.8160646,0.998936994
25.0,rhoA0.6_rhoB0.6_h1.0_h02.0_T50_RA3.0_steps100000,2.83689478,0.995599236
25.0,rhoA0.6_rhoB0.6_h1.0_h02.0_T50_RA3.0_steps100000,2.85801727,0.999084168
25.0,rhoA0.6_rhoB0.6_h1.0_h02.0_T50_RA3.0_steps100000,2.87906973,0.9972998
25.0,rhoA0.6_rhoB0.6_h1.0_h02.0_T50_RA3.0_steps100000,2.89996898,0.996699549
25.0,rhoA0.6_rhoB0.6_h1.0_h02.0_T50_RA3.0_steps100000,2.92062944,0.998677009
25.0,rhoA0.6_rhoB0.6_h1.0_h02.0_T50_RA3.0_steps100000,2.941605,1.00120906
25.0,rhoA0.6_rhoB0.6_h1.0_h02.0_T50_RA3.0_steps100000,2.96267076,1.00026295
25.0,rhoA0.6_rhoB0.6_h1.0_h02.0_T50_RA3.0_steps100000,2.98347442,0.998011182
25.0,rhoA0.6_rhoB0.6_h1.0_h02.0_T50_RA3.0_steps100000,3.00437656,0.99674823
25.0,rhoA0.6_rhoB0.6_h1.0_h02.0_T50_RA3.0_steps100000,3.02542142,0.997018502
25.0,rhoA0.6_rhoB0.6_h1.0_h02.0_T50_RA3.0_steps100000,3.04658726,1.00244889
25.0,rhoA0.6_rhoB0.6_h1.0_h02.0_T50_RA3.0_steps100000,3.06768101,0.998636869
25.0,rhoA0.6_rhoB0.6_h1.0_h02.0_T50_RA3.0_steps100000,3.088328,0.996886709
25.0,rhoA0.6_rhoB0.6_h1.0_h02.0_T50_RA3.0_steps100000,3.10931167,1.00009297
25.0,rhoA0.6_rhoB0.6_h1.0_h02.0_T50_RA3.0_steps100000,3.1305457,0.998303064
25.0,rhoA0.6_rhoB0.6_h1.0_h02.0_T50_RA3.0_steps100000,3.15150209,1.00138277
25.0,rhoA0.6_rhoB0.6_h1.0_h02.0_T50_RA3.0_steps100000,3.17219014,1.00157466
25.0,rhoA0.6_rhoB0.6_h1.0_h02.0_T50_RA3.0_steps100000,3.19299024,1.00021929
25.0,rhoA0.6_rhoB0.6_h1.0_h02.0_T50_RA3.0_steps100000,3.21390436,0.999568232
25.0,rhoA0.6_rhoB0.6_h1.0_h02.0_T50_RA3.0_steps100000,3.23506564,1.00022239
25.0,rhoA0.6_rhoB0.6_h1.0_h02.0_T50_RA3.0_steps100000,3.25605387,0.996939624
25.0,rhoA0.6_rhoB0.6_h1.0_h02.0_T50_RA3.0_steps100000,3.27685776,1.00076985
25.0,rhoA0.6_rhoB0.6_h1.0_h02.0_T50_RA3.0_steps100000,3.29794723,1.00122561
25.0,rhoA0.6_rhoB0.6_h1.0_h02.0_T50_RA3.0_steps100000,3.31884778,1.00210327
25.0,rhoA0.6_rhoB0.6_h1.0_h02.0_T50_RA3.0_steps100000,3.33944269,0.999475212
25.0,rhoA0.6_rhoB0.6_h1.0_h02.0_T50_RA3.0_steps100000,3.36030612,0.996652246
25.0,rhoA0.6_rhoB0.6_h1.0_h02.0_T50_RA3.0_steps100000,3.38171654,0.997659176
25.0,rhoA0.6_rhoB0.6_h1.0_h02.0_T50_RA3.0_steps100000,3.40297495,0.999593856
25.0,rhoA0.6_rhoB0.6_h1.0_h02.0_T50_RA3.0_steps100000,3.42370792,0.999881592
25.0,rhoA0.6_rhoB0.6_h1.0_h02.0_T50_RA3.0_steps100000,3.44440875,1.00132026
25.0,rhoA0.6_rhoB0.6_h1.0_h02.0_T50_RA3.0_steps100000,3.465315,0.997649291
25.0,rhoA0.6_rhoB0.6_h1.0_h02.0_T50_RA3.0_steps100000,3.4865867,1.0013107
25.0,rhoA0.6_rhoB0.6_h1.0_h02.0_T50_RA3.0_steps100000,3.50751221,0.998347098
25.0,rhoA0.6_rhoB0.6_h1.0_h02.0_T50_RA3.0_steps100000,3.52796741,0.999759703
25.0,rhoA0.6_rhoB0.6_h1.0_h02.0_T50_RA3.0_steps100000,3.5488788,1.00129625
25.0,rhoA0.6_rhoB0.6_h1.0_h02.0_T50_RA3.0_steps100000,3.57014151,0.998384741
25.0,rhoA0.6_rhoB0.6_h1.0_h02.0_T50_RA3.0_steps100000,3.59120365,0.999896547
25.0,rhoA0.6_rhoB0.6_h1.0_h02.0_T50_RA3.0_steps100000,3.61190928,0.998132403
25.0,rhoA0.6_rhoB0.6_h1.0_h02.0_T50_RA3.0_steps100000,3.63300558,1.00134299
25.0,rhoA0.6_rhoB0.6_h1.0_h02.0_T50_RA3.0_steps100000,3.6541422,1.00112936
25.0,rhoA0.6_rhoB0.6_h1.0_h02.0_T50_RA3.0_steps100000,3.67500902,0.998881504
25.0,rhoA0.6_rhoB0.6_h1.0_h02.0_T50_RA3.0_steps100000,3.69581564,1.00034034
25.0,rhoA0.6_rhoB0.6_h1.0_h02.0_T50_RA3.0_steps100000,3.71644729,1.00303417
25.0,rhoA0.6_rhoB0.6_h1.0_h02.0_T50_RA3.0_steps100000,3.73749774,1.00129642
25.0,rhoA0.6_rhoB0.6_h1.0_h02.0_T50_RA3.0_steps100000,3.75868086,1.00070505
25.0,rhoA0.6_rhoB0.6_h1.0_h02.0_T50_RA3.0_steps100000,3.77950549,0.998554982
25.0,rhoA0.6_rhoB0.6_h1.0_h02.0_T50_RA3.0_steps100000,3.80027286,0.999178684
25.0,rhoA0.6_rhoB0.6_h1.0_h02.0_T50_RA3.0_steps100000,3.82143123,0.997799289
25.0,rhoA0.6_rhoB0.6_h1.0_h02.0_T50_RA3.0_steps100000,3.84280481,0.999099425
25.0,rhoA0.6_rhoB0.6_h1.0_h02.0_T50_RA3.0_steps100000,3.86349282,1.00290487
25.0,rhoA0.6_rhoB0.6_h1.0_h02.0_T50_RA3.0_steps100000,3.88417456,1.00131317
25.0,rhoA0.6_rhoB0.6_h1.0_h02.0_T50_RA3.0_steps100000,3.90535419,0.999485476
25.0,rhoA0.6_rhoB0.6_h1.0_h02.0_T50_RA3.0_steps100000,3.9264697,1.00036515
25.0,rhoA0.6_rhoB0.6_h1.0_h02.0_T50_RA3.0_steps100000,3.94738681,1.00322687
25.0,rhoA0.6_rhoB0.6_h1.0_h02.0_T50_RA3.0_steps100000,3.96810309,1.0002214
25.0,rhoA0.6_rhoB0.6_h1.0_h02.0_T50_RA3.0_steps100000,3.98888694,1.00102571
25.0,rhoA0.6_rhoB0.6_h1.0_h02.0_T50_RA3.0_steps100000,4.00993371,1.00019612
25.0,rhoA0.6_rhoB0.6_h1.0_h02.0_T50_RA3.0_steps100000,4.03080983,1.00216119
25.0,rhoA0.6_rhoB0.6_h1.0_h02.0_T50_RA3.0_steps100000,4.05178039,1.00007739
25.0,rhoA0.6_rhoB0.6_h1.0_h02.0_T50_RA3.0_steps100000,4.07276799,1.00152929
25.0,rhoA0.6_rhoB0.6_h1.0_h02.0_T50_RA3.0_steps100000,4.09368684,1.00324094
25.0,rhoA0.6_rhoB0.6_h1.0_h02.0_T50_RA3.0_steps100000,4.11485609,0.998869256
25.0,rhoA0.6_rhoB0.6_h1.0_h02.0_T50_RA3.0_steps100000,4.13583188,0.99842532
25.0,rhoA0.6_rhoB0.6_h1.0_h02.0_T50_RA3.0_steps100000,4.15670688,1.00219938
25.0,rhoA0.6_rhoB0.6_h1.0_h02.0_T50_RA3.0_steps100000,4.17758774,1.00089116
25.0,rhoA0.6_rhoB0.6_h1.0_h02.0_T50_RA3.0_steps100000,4.19867141,0.999947866
25.0,rhoA0.6_rhoB0.6_h1.0_h02.0_T50_RA3.0_steps100000,4.21961517,0.997077213
25.0,rhoA0.6_rhoB0.6_h1.0_h02.0_T50_RA3.0_steps100000,4.24013393,1.00364082
25.0,rhoA0.6_rhoB0.6_h1.0_h02.0_T50_RA3.0_steps100000,4.26119077,0.999709502
25.0,rhoA0.6_rhoB0.6_h1.0_h02.0_T50_RA3.0_steps100000,4.28239268,0.998367187
25.0,rhoA0.6_rhoB0.6_h1.0_h02.0_T50_RA3.0_steps100000,4.30342826,0.995403882
25.0,rhoA0.6_rhoB0.6_h1.0_h02.0_T50_RA3.0_steps100000,4.32431592,1.0024724
25.0,rhoA0.6_rhoB0.6_h1.0_h02.0_T50_RA3.0_steps100000,4.34508479,0.999639407
25.0,rhoA0.6_rhoB0.6_h1.0_h02.0_T50_RA3.0_steps100000,4.36604259,0.999127996
25.0,rhoA0.6_rhoB0.6_h1.0_h02.0_T50_RA3.0_steps100000,4.38708086,0.998370168
25.0,rhoA0.6_rhoB0.6_h1.0_h02.0_T50_RA3.0_steps100000,4.40778797,0.999596235
25.0,rhoA0.6_rhoB0.6_h1.0_h02.0_T50_RA3.0_steps100000,4.4288526,0.996906376
25.0,rhoA0.6_rhoB0.6_h1.0_h02.0_T50_RA3.0_steps100000,4.44994967,0.997697661
25.0,rhoA0.6_rhoB0.6_h1.0_h02.0_T50_RA3.0_steps100000,4.47085438,1.00091172
25.0,rhoA0.6_rhoB0.6_h1.0_h02.0_T50_RA3.0_steps100000,4.49188801,1.00268587
25.0,rhoA0.6_rhoB0.6_h1.0_h02.0_T50_RA3.0_steps100000,4.51250216,1.00212672
25.0,rhoA0.6_rhoB0.6_h1.0_h02.0_T50_RA3.0_steps100000,4.5334461,1.00029789
25.0,rhoA0.6_rhoB0.6_h1.0_h02.0_T50_RA3.0_steps100000,4.55463591,1.00009472
25.0,rhoA0.6_rhoB0.6_h1.0_h02.0_T50_RA3.0_steps100000,4.57547609,0.998527004
25.0,rhoA0.6_rhoB0.6_h1.0_h02.0_T50_RA3.0_steps100000,4.59643311,1.0025667
25.0,rhoA0.6_rhoB0.6_h1.0_h02.0_T50_RA3.0_steps100000,4.61732903,1.00263791
25.0,rhoA0.6_rhoB0.6_h1.0_h02.0_T50_RA3.0_steps100000,4.63833098,0.999746004
25.0,rhoA0.6_rhoB0.6_h1.0_h02.0_T50_RA3.0_steps100000,4.65949324,1.00585115
25.0,rhoA0.6_rhoB0.6_h1.0_h02.0_T50_RA3.0_steps100000,4.68039693,1.00102912
25.0,rhoA0.6_rhoB0.6_h1.0_h02.0_T50_RA3.0_steps100000,4.70136745,0.998184785
25.0,rhoA0.6_rhoB0.6_h1.0_h02.0_T50_RA3.0_steps100000,4.72221533,0.998158201
25.0,rhoA0.6_rhoB0.6_h1.0_h02.0_T50_RA3.0_steps100000,4.74309374,0.998349767
25.0,rhoA0.6_rhoB0.6_h1.0_h02.0_T50_RA3.0_steps100000,4.76390784,0.999443388
25.0,rhoA0.6_rhoB0.6_h1.0_h02.0_T50_RA3.0_steps100000,4.78491795,1.00040054
25.0,rhoA0.6_rhoB0.6_h1.0_h02.0_T50_RA3.0_steps100000,4.80636204,1.00131059
25.0,rhoA0.6_rhoB0.6_h1.0_h02.0_T50_RA3.0_steps100000,4.82728449,1.00122014
25.0,rhoA0.6_rhoB0.6_h1.0_h02.0_T50_RA3.0_steps100000,4.84785524,0.999465915
25.0,rhoA0.6_rhoB0.6_h1.0_h02.0_T50_RA3.0_steps100000,4.86859731,1.00029603
25.0,rhoA0.6_rhoB0.6_h1.0_h02.0_T50_RA3.0_steps100000,4.88954319,1.00015196
25.0,rhoA0.6_rhoB0.6_h1.0_h02.0_T50_RA3.0_steps100000,4.91078695,0.999662931
25.0,rhoA0.6_rhoB0.6_h1.0_h02.0_T50_RA3.0_steps100000,4.93172016,0.998888097
25.0,rhoA0.6_rhoB0.6_h1.0_h02.0_T50_RA3.0_steps100000,4.95244063,0.998753669
25.0,rhoA0.6_rhoB0.6_h1.0_h02.0_T50_RA3.0_steps100000,4.97348932,0.999503939
25.0,rhoA0.6_rhoB0.6_h1.0_h02.0_T50_RA3.0_steps100000,4.994309,1.00164851
25.0,rhoA0.6_rhoB0.6_h1.0_h02.0_T50_RA3.0_steps100000,5.01515697,1.00068439
25.0,rhoA0.6_rhoB0.6_h1.0_h02.0_T50_RA3.0_steps100000,5.03598003,0.999210339
25.0,rhoA0.6_rhoB0.6_h1.0_h02.0_T50_RA3.0_steps100000,5.05703237,0.999216828
25.0,rhoA0.6_rhoB0.6_h1.0_h02.0_T50_RA3.0_steps100000,5.07840332,1.00119698
25.0,rhoA0.6_rhoB0.6_h1.0_h02.0_T50_RA3.0_steps100000,5.09943841,1.00059902
25.0,rhoA0.6_rhoB0.6_h1.0_h02.0_T50_RA3.0_steps100000,5.12032938,1.0021855
25.0,rhoA0.6_rhoB0.6_h1.0_h02.0_T50_RA3.0_steps100000,5.14107614,0.998460753
25.0,rhoA0.6_rhoB0.6_h1.0_h02.0_T50_RA3.0_steps100000,5.16214077,1.00176282
25.0,rhoA0.6_rhoB0.6_h1.0_h02.0_T50_RA3.0_steps100000,5.18341099,0.99862252
25.0,rhoA0.6_rhoB0.6_h1.0_h02.0_T50_RA3.0_steps100000,5.2041075,0.997447985
25.0,rhoA0.6_rhoB0.6_h1.0_h02.0_T50_RA3.0_steps100000,5.22477891,0.998811333
25.0,rhoA0.6_rhoB0.6_h1.0_h02.0_T50_RA3.0_steps100000,5.24557967,0.998267768
25.0,rhoA0.6_rhoB0.6_h1.0_h02.0_T50_RA3.0_steps100000,5.26649236,0.997354072
25.0,rhoA0.6_rhoB0.6_h1.0_h02.0_T50_RA3.0_steps100000,5.28753131,0.999962511
25.0,rhoA0.6_rhoB0.6_h1.0_h02.0_T50_RA3.0_steps100000,5.30847064,0.996540363
25.0,rhoA0.6_rhoB0.6_h1.0_h02.0_T50_RA3.0_steps100000,5.32946745,0.996992658
25.0,rhoA0.6_rhoB0.6_h1.0_h02.0_T50_RA3.0_steps100000,5.3506922,1.00216016
25.0,rhoA0.6_rhoB0.6_h1.0_h02.0_T50_RA3.0_steps100000,5.37158853,0.997260463
25.0,rhoA0.6_rhoB0.6_h1.0_h02.0_T50_RA3.0_steps100000,5.39231925,1.00072842
25.0,rhoA0.6_rhoB0.6_h1.0_h02.0_T50_RA3.0_steps100000,5.41333352,0.998932687
25.0,rhoA0.6_rhoB0.6_h1.0_h02.0_T50_RA3.0_steps100000,5.43434316,0.999908443
25.0,rhoA0.6_rhoB0.6_h1.0_h02.0_T50_RA3.0_steps100000,5.45530659,1.00009349
25.0,rhoA0.6_rhoB0.6_h1.0_h02.0_T50_RA3.0_steps100000,5.47618498,1.00033342
25.0,rhoA0.6_rhoB0.6_h1.0_h02.0_T50_RA3.0_steps100000,5.49715755,0.999809094
25.0,rhoA0.6_rhoB0.6_h1.0_h02.0_T50_RA3.0_steps100000,5.51801586,1.00003341
25.0,rhoA0.6_rhoB0.6_h1.0_h02.0_T50_RA3.0_steps100000,5.53881995,0.998131729
25.0,rhoA0.6_rhoB0.6_h1.0_h02.0_T50_RA3.0_steps100000,5.55992514,0.999636384
25.0,rhoA0.6_rhoB0.6_h1.0_h02.0_T50_RA3.0_steps100000,5.58098545,1.00089361
25.0,rhoA0.6_rhoB0.6_h1.0_h02.0_T50_RA3.0_steps100000,5.60183772,1.0004106
25.0,rhoA0.6_rhoB0.6_h1.0_h02.0_T50_RA3.0_steps100000,5.62277584,0.997713044
25.0,rhoA0.6_rhoB0.6_h1.0_h02.0_T50_RA3.0_steps100000,5.64379172,0.997712799
25.0,rhoA0.6_rhoB0.6_h1.0_h02.0_T50_RA3.0_steps100000,5.66460817,1.00141541
25.0,rhoA0.6_rhoB0.6_h1.0_h02.0_T50_RA3.0_steps100000,5.68556022,1.00000679
25.0,rhoA0.6_rhoB0.6_h1.0_h02.0_T50_RA3.0_steps100000,5.7067909,1.00011258
25.0,rhoA0.6_rhoB0.6_h1.0_h02.0_T50_RA3.0_steps100000,5.72769317,1.00144448
25.0,rhoA0.6_rhoB0.6_h1.0_h02.0_T50_RA3.0_steps100000,5.74840017,0.999561835
25.0,rhoA0.6_rhoB0.6_h1.0_h02.0_T50_RA3.0_steps100000,5.76938192,1.0020904
25.0,rhoA0.6_rhoB0.6_h1.0_h02.0_T50_RA3.0_steps100000,5.79039764,0.999789778
25.0,rhoA0.6_rhoB0.6_h1.0_h02.0_T50_RA3.0_steps100000,5.81144039,0.997831532
25.0,rhoA0.6_rhoB0.6_h1.0_h02.0_T50_RA3.0_steps100000,5.83232115,1.00086392
25.0,rhoA0.6_rhoB0.6_h1.0_h02.0_T50_RA3.0_steps100000,5.85320209,0.999075469
25.0,rhoA0.6_rhoB0.6_h1.0_h02.0_T50_RA3.0_steps100000,5.87418919,0.997881253
25.0,rhoA0.6_rhoB0.6_h1.0_h02.0_T50_RA3.0_steps100000,5.89509625,1.00066416
25.0,rhoA0.6_rhoB0.6_h1.0_h02.0_T50_RA3.0_steps100000,5.9159726,0.999330766
25.0,rhoA0.6_rhoB0.6_h1.0_h02.0_T50_RA3.0_steps100000,5.93682663,0.998569903
25.0,rhoA0.6_rhoB0.6_h1.0_h02.0_T50_RA3.0_steps100000,5.95791772,1.00089142
25.0,rhoA0.6_rhoB0.6_h1.0_h02.0_T50_RA3.0_steps100000,5.97900675,1.00041491
25.0,rhoA0.6_rhoB0.6_h1.0_h02.0_T50_RA3.0_steps100000,5.99978945,1.00065116
25.0,rhoA0.6_rhoB0.6_h1.0_h02.0_T50_RA3.0_steps100000,6.02063577,1.00009772
25.0,rhoA0.6_rhoB0.6_h1.0_h02.0_T50_RA3.0_steps100000,6.04156421,1.00083574
25.0,rhoA0.6_rhoB0.6_h1.0_h02.0_T50_RA3.0_steps100000,6.06259364,0.999668301
25.0,rhoA0.6_rhoB0.6_h1.0_h02.0_T50_RA3.0_steps100000,6.08377541,0.99880724
25.0,rhoA0.6_rhoB0.6_h1.0_h02.0_T50_RA3.0_steps100000,6.10447051,0.999992278
25.0,rhoA0.6_rhoB0.6_h1.0_h02.0_T50_RA3.0_steps100000,6.12538157,1.00109687
25.0,rhoA0.6_rhoB0.6_h1.0_h02.0_T50_RA3.0_steps100000,6.14660689,0.998200704
25.0,rhoA0.6_rhoB0.6_h1.0_h02.0_T50_RA3.0_steps100000,6.16752321,0.999229311
25.0,rhoA0.6_rhoB0.6_h1.0_h02.0_T50_RA3.0_steps100000,6.18833806,0.999846462
25.0,rhoA0.6_rhoB0.6_h1.0_h02.0_T50_RA3.0_steps100000,6.20938667,0.998878746
25.0,rhoA0.6_rhoB0.6_h1.0_h02.0_T50_RA3.0_steps100000,6.23052184,0.999836278
25.0,rhoA0.6_rhoB0.6_h1.0_h02.0_T50_RA3.0_steps100000,6.25137137,1.00137784
25.0,rhoA0.6_rhoB0.6_h1.0_h02.0_T50_RA3.0_steps100000,6.27204484,1.00043195
25.0,rhoA0.6_rhoB0.6_h1.0_h02.0_T50_RA3.0_steps100000,6.29290789,1.00033856
25.0,rhoA0.6_rhoB0.6_h1.0_h02.0_T50_RA3.0_steps100000,6.31382104,0.99952979
25.0,rhoA0.6_rhoB0.6_h1.0_h02.0_T50_RA3.0_steps100000,6.33495691,0.99967559
25.0,rhoA0.6_rhoB0.6_h1.0_h02.0_T50_RA3.0_steps100000,6.35600914,0.999262522
25.0,rhoA0.6_rhoB0.6_h1.0_h02.0_T50_RA3.0_steps100000,6.37663869,0.997038473
25.0,rhoA0.6_rhoB0.6_h1.0_h02.0_T50_RA3.0_steps100000,6.39770954,0.999675959
25.0,rhoA0.6_rhoB0.6_h1.0_h02.0_T50_RA3.0_steps100000,6.41872759,1.00100704
25.0,rhoA0.6_rhoB0.6_h1.0_h02.0_T50_RA3.0_steps100000,6.43951457,1.00234913
25.0,rhoA0.6_rhoB0.6_h1.0_h02.0_T50_RA3.0_steps100000,6.46033562,0.998419508
25.0,rhoA0.6_rhoB0.6_h1.0_h02.0_T50_RA3.0_steps100000,6.4814564,1.00126027
25.0,rhoA0.6_rhoB0.6_h1.0_h02.0_T50_RA3.0_steps100000,6.50265681,1.00296321
25.0,rhoA0.6_rhoB0.6_h1.0_h02.0_T50_RA3.0_steps100000,6.52350383,1.00049912
25.0,rhoA0.6_rhoB0.6_h1.0_h02.0_T50_RA3.0_steps100000,6.54427866,0.99870439
25.0,rhoA0.6_rhoB0.6_h1.0_h02.0_T50_RA3.0_steps100000,6.56515568,1.00093248
25.0,rhoA0.6_rhoB0.6_h1.0_h02.0_T50_RA3.0_steps100000,6.58628576,1.00167432
25.0,rhoA0.6_rhoB0.6_h1.0_h02.0_T50_RA3.0_steps100000,6.60749316,1.00267581
25.0,rhoA0.6_rhoB0.6_h1.0_h02.0_T50_RA3.0_steps100000,6.62830625,0.999328305
25.0,rhoA0.6_rhoB0.6_h1.0_h02.0_T50_RA3.0_steps100000,6.64913567,1.00084112
25.0,rhoA0.6_rhoB0.6_h1.0_h02.0_T50_RA3.0_steps100000,6.67020149,1.0004696
25.0,rhoA0.6_rhoB0.6_h1.0_h02.0_T50_RA3.0_steps100000,6.69106898,0.998851627
25.0,rhoA0.6_rhoB0.6_h1.0_h02.0_T50_RA3.0_steps100000,6.71185955,1.00186086
25.0,rhoA0.6_rhoB0.6_h1.0_h02.0_T50_RA3.0_steps100000,6.73264651,0.998216102
25.0,rhoA0.6_rhoB0.6_h1.0_h02.0_T50_RA3.0_steps100000,6.7537045,1.00267276
25.0,rhoA0.6_rhoB0.6_h1.0_h02.0_T50_RA3.0_steps100000,6.77487174,1.00039998
25.0,rhoA0.6_rhoB0.6_h1.0_h02.0_T50_RA3.0_steps100000,6.79557562,1.00076884
25.0,rhoA0.6_rhoB0.6_h1.0_h02.0_T50_RA3.0_steps100000,6.81648781,0.998610601
25.0,rhoA0.6_rhoB0.6_h1.0_h02.0_T50_RA3.0_steps100000,6.83753747,0.999429456
25.0,rhoA0.6_rhoB0.6_h1.0_h02.0_T50_RA3.0_steps100000,6.85867557,1.00001506
25.0,rhoA0.6_rhoB0.6_h1.0_h02.0_T50_RA3.0_steps100000,6.87985316,1.0003987
25.0,rhoA0.6_rhoB0.6_h1.0_h02.0_T50_RA3.0_steps100000,6.90065786,0.999974019
25.0,rhoA0.6_rhoB0.6_h1.0_h02.0_T50_RA3.0_steps100000,6.92153112,1.00206513
25.0,rhoA0.6_rhoB0.6_h1.0_h02.0_T50_RA3.0_steps100000,6.94229803,1.00026952
25.0,rhoA0.6_rhoB0.6_h1.0_h02.0_T50_RA3.0_steps100000,6.9630016,1.00052832
25.0,rhoA0.6_rhoB0.6_h1.0_h02.0_T50_RA3.0_steps100000,6.98416877,1.00050784
25.0,rhoA0.6_rhoB0.6_h1.0_h02.0_T50_RA3.0_steps100000,7.0052781,1.00115872
25.0,rhoA0.6_rhoB0.6_h1.0_h02.0_T50_RA3.0_steps100000,7.02617612,0.998515093
25.0,rhoA0.6_rhoB0.6_h1.0_h02.0_T50_RA3.0_steps100000,7.04699526,0.999723045
25.0,rhoA0.6_rhoB0.6_h1.0_h02.0_T50_RA3.0_steps100000,7.06761685,0.997562612
25.0,rhoA0.6_rhoB0.6_h1.0_h02.0_T50_RA3.0_steps100000,7.08873369,0.998441801
25.0,rhoA0.6_rhoB0.6_h1.0_h02.0_T50_RA3.0_steps100000,7.10994937,0.999171448
25.0,rhoA0.6_rhoB0.6_h1.0_h02.0_T50_RA3.0_steps100000,7.13102893,0.999448106
25.0,rhoA0.6_rhoB0.6_h1.0_h02.0_T50_RA3.0_steps100000,7.15201412,0.999501958
25.0,rhoA0.6_rhoB0.6_h1.0_h02.0_T50_RA3.0_steps100000,7.17271336,1.00062371
25.0,rhoA0.6_rhoB0.6_h1.0_h02.0_T50_RA3.0_steps100000,7.19374266,1.00004009
25.0,rhoA0.6_rhoB0.6_h1.0_h02.0_T50_RA3.0_steps100000,7.21473042,0.998463551
25.0,rhoA0.6_rhoB0.6_h1.0_h02.0_T50_RA3.0_steps100000,7.23564263,1.00041787
25.0,rhoA0.6_rhoB0.6_h1.0_h02.0_T50_RA3.0_steps100000,7.25666289,0.997954978
25.0,rhoA0.6_rhoB0.6_h1.0_h02.0_T50_RA3.0_steps100000,7.27757645,1.00204207
25.0,rhoA0.6_rhoB0.6_h1.0_h02.0_T50_RA3.0_steps100000,7.2984411,1.00175885
25.0,rhoA0.6_rhoB0.6_h1.0_h02.0_T50_RA3.0_steps100000,7.31917384,1.00001422
25.0,rhoA0.6_rhoB0.6_h1.0_h02.0_T50_RA3.0_steps100000,7.34001688,1.00046388
25.0,rhoA0.6_rhoB0.6_h1.0_h02.0_T50_RA3.0_steps100000,7.3611683,1.0007182
25.0,rhoA0.6_rhoB0.6_h1.0_h02.0_T50_RA3.0_steps100000,7.38224284,0.999611993
25.0,rhoA0.6_rhoB0.6_h1.0_h02.0_T50_RA3.0_steps100000,7.40324015,1.00146639
25.0,rhoA0.6_rhoB0.6_h1.0_h02.0_T50_RA3.0_steps100000,7.42408854,0.999392339
25.0,rhoA0.6_rhoB0.6_h1.0_h02.0_T50_RA3.0_steps100000,7.44500634,0.998310078
25.0,rhoA0.6_rhoB0.6_h1.0_h02.0_T50_RA3.0_steps100000,7.46595959,1.00173209
25.0,rhoA0.6_rhoB0.6_h1.0_h02.0_T50_RA3.0_steps100000,7.48696308,1.00350747
25.0,rhoA0.6_rhoB0.6_h1.0_h02.0_T50_RA3.0_steps100000,7.5079936,1.00087917
25.0,rhoA0.6_rhoB0.6_h1.0_h02.0_T50_RA3.0_steps100000,7.52871967,1.00036862
25.0,rhoA0.6_rhoB0.6_h1.0_h02.0_T50_RA3.0_steps100000,7.54966921,0.999702792
25.0,rhoA0.6_rhoB0.6_h1.0_h02.0_T50_RA3.0_steps100000,7.57064902,1.00030589
25.0,rhoA0.6_rhoB0.6_h1.0_h02.0_T50_RA3.0_steps100000,7.59151428,0.998684602
25.0,rhoA0.6_rhoB0.6_h1.0_h02.0_T50_RA3.0_steps100000,7.6123809,0.998551363
25.0,rhoA0.6_rhoB0.6_h1.0_h02.0_T50_RA3.0_steps100000,7.63338324,1.00091575
25.0,rhoA0.6_rhoB0.6_h1.0_h02.0_T50_RA3.0_steps100000,7.65450532,0.999705286
25.0,rhoA0.6_rhoB0.6_h1.0_h02.0_T50_RA3.0_steps100000,7.67556944,1.00292627
25.0,rhoA0.6_rhoB0.6_h1.0_h02.0_T50_RA3.0_steps100000,7.69637751,0.999671475
25.0,rhoA0.6_rhoB0.6_h1.0_h02.0_T50_RA3.0_steps100000,7.71727216,1.00119489
25.0,rhoA0.6_rhoB0.6_h1.0_h02.0_T50_RA3.0_steps100000,7.73835725,0.997942369
25.0,rhoA0.6_rhoB0.6_h1.0_h02.0_T50_RA3.0_steps100000,7.75934923,1.00082208
25.0,rhoA0.6_rhoB0.6_h1.0_h02.0_T50_RA3.0_steps100000,7.78023116,0.998272012
25.0,rhoA0.6_rhoB0.6_h1.0_h02.0_T50_RA3.0_steps100000,7.80098697,1.00128149
25.0,rhoA0.6_rhoB0.6_h1.0_h02.0_T50_RA3.0_steps100000,7.82190677,0.998535307
25.0,rhoA0.6_rhoB0.6_h1.0_h02.0_T50_RA3.0_steps100000,7.84304931,1.000612
25.0,rhoA0.6_rhoB0.6_h1.0_h02.0_T50_RA3.0_steps100000,7.86405132,0.997483859
25.0,rhoA0.6_rhoB0.6_h1.0_h02.0_T50_RA3.0_steps100000,7.88484553,1.00124813
25.0,rhoA0.6_rhoB0.6_h1.0_h02.0_T50_RA3.0_steps100000,7.90574885,1.00053836
25.0,rhoA0.6_rhoB0.6_h1.0_h02.0_T50_RA3.0_steps100000,7.9267531,1.00117365
25.0,rhoA0.6_rhoB0.6_h1.0_h02.0_T50_RA3.0_steps100000,7.94765228,0.99984647
25.0,rhoA0.6_rhoB0.6_h1.0_h02.0_T50_RA3.0_steps100000,7.96842304,0.997568996
25.0,rhoA0.6_rhoB0.6_h1.0_h02.0_T50_RA3.0_steps100000,7.98938616,0.997393959
25.0,rhoA0.6_rhoB0.6_h1.0_h02.0_T50_RA3.0_steps100000,8.01050815,0.997650655
25.0,rhoA0.6_rhoB0.6_h1.0_h02.0_T50_RA3.0_steps100000,8.03153334,0.999449068
25.0,rhoA0.6_rhoB0.6_h1.0_h02.0_T50_RA3.0_steps100000,8.05240251,0.999122538
25.0,rhoA0.6_rhoB0.6_h1.0_h02.0_T50_RA3.0_steps100000,8.07332696,0.999941543
25.0,rhoA0.6_rhoB0.6_h1.0_h02.0_T50_RA3.0_steps100000,8.09438514,0.99916417
25.0,rhoA0.6_rhoB0.6_h1.0_h02.0_T50_RA3.0_steps100000,8.11529588,0.999646289
25.0,rhoA0.6_rhoB0.6_h1.0_h02.0_T50_RA3.0_steps100000,8.13618411,1.00143426
25.0,rhoA0.6_rhoB0.6_h1.0_h02.0_T50_RA3.0_steps100000,8.15717855,0.999805714
25.0,rhoA0.6_rhoB0.6_h1.0_h02.0_T50_RA3.0_steps100000,8.17807847,1.00262302
25.0,rhoA0.6_rhoB0.6_h1.0_h02.0_T50_RA3.0_steps100000,8.19905269,1.00030271
25.0,rhoA0.6_rhoB0.6_h1.0_h02.0_T50_RA3.0_steps100000,8.21991085,0.999085999
25.0,rhoA0.6_rhoB0.6_h1.0_h02.0_T50_RA3.0_steps100000,8.24078529,1.00228054
25.0,rhoA0.6_rhoB0.6_h1.0_h02.0_T50_RA3.0_steps100000,8.26195652,0.999471791
25.0,rhoA0.6_rhoB0.6_h1.0_h02.0_T50_RA3.0_steps100000,8.28293039,1.00168257
25.0,rhoA0.6_rhoB0.6_h1.0_h02.0_T50_RA3.0_steps100000,8.30373423,0.998961579
25.0,rhoA0.6_rhoB0.6_h1.0_h02.0_T50_RA3.0_steps100000,8.32452583,0.999870618
25.0,rhoA0.6_rhoB0.6_h1.0_h02.0_T50_RA3.0_steps100000,8.34556221,0.99852785
25.0,rhoA0.6_rhoB0.6_h1.0_h02.0_T50_RA3.0_steps100000,8.36671927,0.999431488
25.0,rhoA0.6_rhoB0.6_h1.0_h02.0_T50_RA3.0_steps100000,8.38757523,0.999402778
25.0,rhoA0.6_rhoB0.6_h1.0_h02.0_T50_RA3.0_steps100000,8.40855808,0.998662568
25.0,rhoA0.6_rhoB0.6_h1.0_h02.0_T50_RA3.0_steps100000,8.42953585,1.00170892
25.0,rhoA0.6_rhoB0.6_h1.0_h02.0_T50_RA3.0_steps100000,8.45042977,1.00002956
25.0,rhoA0.6_rhoB0.6_h1.0_h02.0_T50_RA3.0_steps100000,8.47138662,1.002624
25.0,rhoA0.6_rhoB0.6_h1.0_h02.0_T50_RA3.0_steps100000,8.49217243,0.999513568
25.0,rhoA0.6_rhoB0.6_h1.0_h02.0_T50_RA3.0_steps100000,8.51321806,0.999882066
25.0,rhoA0.6_rhoB0.6_h1.0_h02.0_T50_RA3.0_steps100000,8.53421183,1.00025453
25.0,rhoA0.6_rhoB0.6_h1.0_h02.0_T50_RA3.0_steps100000,8.55508292,1.00168674
25.0,rhoA0.6_rhoB0.6_h1.0_h02.0_T50_RA3.0_steps100000,8.57598662,1.00272839
25.0,rhoA0.6_rhoB0.6_h1.0_h02.0_T50_RA3.0_steps100000,8.59679232,0.99745664
25.0,rhoA0.6_rhoB0.6_h1.0_h02.0_T50_RA3.0_steps100000,8.61783107,0.998923723
25.0,rhoA0.6_rhoB0.6_h1.0_h02.0_T50_RA3.0_steps100000,8.63891768,1.00048386
25.0,rhoA0.6_rhoB0.6_h1.0_h02.0_T50_RA3.0_steps100000,8.65972861,1.00025656
25.0,rhoA0.6_rhoB0.6_h1.0_h02.0_T50_RA3.0_steps100000,8.68059853,1.00128107
25.0,rhoA0.6_rhoB0.6_h1.0_h02.0_T50_RA3.0_steps100000,8.70174168,1.00043734
25.0,rhoA0.6_rhoB0.6_h1.0_h02.0_T50_RA3.0_steps100000,8.72279566,0.999477776
25.0,rhoA0.6_rhoB0.6_h1.0_h02.0_T50_RA3.0_steps100000,8.74359241,0.999460332
25.0,rhoA0.6_rhoB0.6_h1.0_h02.0_T50_RA3.0_steps100000,8.76424415,0.999900265
25.0,rhoA0.6_rhoB0.6_h1.0_h02.0_T50_RA3.0_steps100000,8.78526729,1.00121448
25.0,rhoA0.6_rhoB0.6_h1.0_h02.0_T50_RA3.0_steps100000,8.80637189,0.99920612
25.0,rhoA0.6_rhoB0.6_h1.0_h02.0_T50_RA3.0_steps100000,8.82736896,1.0014188
25.0,rhoA0.6_rhoB0.6_h1.0_h02.0_T50_RA3.0_steps100000,8.84843212,1.00183559
25.0,rhoA0.6_rhoB0.6_h1.0_h02.0_T50_RA3.0_steps100000,8.86933197,0.997753913
25.0,rhoA0.6_rhoB0.6_h1.0_h02.0_T50_RA3.0_steps100000,8.89026857,1.00019827
25.0,rhoA0.6_rhoB0.6_h1.0_h02.0_T50_RA3.0_steps100000,8.91123702,1.00254533
25.0,rhoA0.6_rhoB0.6_h1.0_h02.0_T50_RA3.0_steps100000,8.93214776,0.999625804
25.0,rhoA0.6_rhoB0.6_h1.0_h02.0_T50_RA3.0_steps100000,8.95312097,0.998995494
25.0,rhoA0.6_rhoB0.6_h1.0_h02.0_T50_RA3.0_steps100000,8.9741304,1.00124741
25.0,rhoA0.6_rhoB0.6_h1.0_h02.0_T50_RA3.0_steps100000,8.99505705,1.00015983
25.0,rhoA0.6_rhoB0.6_h1.0_h02.0_T50_RA3.0_steps100000,9.01571368,1.00064219
25.0,rhoA0.6_rhoB0.6_h1.0_h02.0_T50_RA3.0_steps100000,9.03640927,0.999255051
25.0,rhoA0.6_rhoB0.6_h1.0_h02.0_T50_RA3.0_steps100000,9.05755121,1.00067405
25.0,rhoA0.6_rhoB0.6_h1.0_h02.0_T50_RA3.0_steps100000,9.07868023,1.00145614
25.0,rhoA0.6_rhoB0.6_h1.0_h02.0_T50_RA3.0_steps100000,9.09969513,1.00273384
25.0,rhoA0.6_rhoB0.6_h1.0_h02.0_T50_RA3.0_steps100000,9.1205658,1.00107868
25.0,rhoA0.6_rhoB0.6_h1.0_h02.0_T50_RA3.0_steps100000,9.14137844,1.00110748
25.0,rhoA0.6_rhoB0.6_h1.0_h02.0_T50_RA3.0_steps100000,9.16237082,1.00139899
25.0,rhoA0.6_rhoB0.6_h1.0_h02.0_T50_RA3.0_steps100000,9.18339441,0.998843419
25.0,rhoA0.6_rhoB0.6_h1.0_h02.0_T50_RA3.0_steps100000,9.20447395,1.00076833
25.0,rhoA0.6_rhoB0.6_h1.0_h02.0_T50_RA3.0_steps100000,9.22549281,0.999550478
25.0,rhoA0.6_rhoB0.6_h1.0_h02.0_T50_RA3.0_steps100000,9.2463962,1.00032273
25.0,rhoA0.6_rhoB0.6_h1.0_h02.0_T50_RA3.0_steps100000,9.26722673,1.00019441
25.0,rhoA0.6_rhoB0.6_h1.0_h02.0_T50_RA3.0_steps100000,9.28791689,1.00067856
25.0,rhoA0.6_rhoB0.6_h1.0_h02.0_T50_RA3.0_steps100000,9.30892724,0.999757006
25.0,rhoA0.6_rhoB0.6_h1.0_h02.0_T50_RA3.0_steps100000,9.33003065,1.00021753
25.0,rhoA0.6_rhoB0.6_h1.0_h02.0_T50_RA3.0_steps100000,9.35102864,0.999984865
25.0,rhoA0.6_rhoB0.6_h1.0_h02.0_T50_RA3.0_steps100000,9.37196601,0.999952309
25.0,rhoA0.6_rhoB0.6_h1.0_h02.0_T50_RA3.0_steps100000,9.39258783,1.00062511
25.0,rhoA0.6_rhoB0.6_h1.0_h02.0_T50_RA3.0_steps100000,9.41349621,0.999968351
25.0,rhoA0.6_rhoB0.6_h1.0_h02.0_T50_RA3.0_steps100000,9.4347927,0.999934573
25.0,rhoA0.6_rhoB0.6_h1.0_h02.0_T50_RA3.0_steps100000,9.45587737,1.00030115
25.0,rhoA0.6_rhoB0.6_h1.0_h02.0_T50_RA3.0_steps100000,9.47676866,1.00040801
25.0,rhoA0.6_rhoB0.6_h1.0_h02.0_T50_RA3.0_steps100000,9.49762777,0.998564151
25.0,rhoA0.6_rhoB0.6_h1.0_h02.0_T50_RA3.0_steps100000,9.51852362,1.00006387
25.0,rhoA0.6_rhoB0.6_h1.0_h02.0_T50_RA3.0_steps100000,9.53939795,0.999490658
25.0,rhoA0.6_rhoB0.6_h1.0_h02.0_T50_RA3.0_steps100000,9.56035551,1.00079903
25.0,rhoA0.6_rhoB0.6_h1.0_h02.0_T50_RA3.0_steps100000,9.58149741,0.999588673
25.0,rhoA0.6_rhoB0.6_h1.0_h02.0_T50_RA3.0_steps100000,9.60249587,0.998683097
25.0,rhoA0.6_rhoB0.6_h1.0_h02.0_T50_RA3.0_steps100000,9.62336478,1.00019309
25.0,rhoA0.6_rhoB0.6_h1.0_h02.0_T50_RA3.0_steps100000,9.64415055,1.00049969
25.0,rhoA0.6_rhoB0.6_h1.0_h02.0_T50_RA3.0_steps100000,9.66502224,0.999514796
25.0,rhoA0.6_rhoB0.6_h1.0_h02.0_T50_RA3.0_steps100000,9.68597433,1.00076478
25.0,rhoA0.6_rhoB0.6_h1.0_h02.0_T50_RA3.0_steps100000,9.7069728,0.999680813
25.0,rhoA0.6_rhoB0.6_h1.0_h02.0_T50_RA3.0_steps100000,9.72797765,1.00068264
25.0,rhoA0.6_rhoB0.6_h1.0_h02.0_T50_RA3.0_steps100000,9.74896401,0.999769968
25.0,rhoA0.6_rhoB0.6_h1.0_h02.0_T50_RA3.0_steps100000,9.76996217,0.999368958
25.0,rhoA0.6_rhoB0.6_h1.0_h02.0_T50_RA3.0_steps100000,9.79085678,0.998115754
25.0,rhoA0.6_rhoB0.6_h1.0_h02.0_T50_RA3.0_steps100000,9.81166698,1.00044016
25.0,rhoA0.6_rhoB0.6_h1.0_h02.0_T50_RA3.0_steps100000,9.83262494,1.00085483
25.0,rhoA0.6_rhoB0.6_h1.0_h02.0_T50_RA3.0_steps100000,9.85372265,1.00166778
25.0,rhoA0.6_rhoB0.6_h1.0_h02.0_T50_RA3.0_steps100000,9.87472665,0.999978263
25.0,rhoA0.6_rhoB0.6_h1.0_h02.0_T50_RA3.0_steps100000,9.89559934,1.00143263
25.0,rhoA0.6_rhoB0.6_h1.0_h02.0_T50_RA3.0_steps100000,9.91635289,0.997691401
25.0,rhoA0.6_rhoB0.6_h1.0_h02.0_T50_RA3.0_steps100000,9.93737645,0.999240953
25.0,rhoA0.6_rhoB0.6_h1.0_h02.0_T50_RA3.0_steps100000,9.95856995,0.999811159
25.0,rhoA0.6_rhoB0.6_h1.0_h02.0_T50_RA3.0_steps100000,9.97940815,1.00014138
25.0,rhoA0.6_rhoB0.6_h1.0_h02.0_T50_RA3.0_steps100000,10.000082,0.998281707
40.0,rhoA0.6_rhoB0.6_h1.0_h02.0_T80_RA3.0_steps100000,0.0252815853,1.02521627
40.0,rhoA0.6_rhoB0.6_h1.0_h02.0_T80_RA3.0_steps100000,0.0486976344,0.992660516
40.0,rhoA0.6_rhoB0.6_h1.0_h02.0_T80_RA3.0_steps100000,0.0692644017,1.00928534
40.0,rhoA0.6_rhoB0.6_h1.0_h02.0_T80_RA3.0_steps100000,0.08877835,0.996523631
40.0,rhoA0.6_rhoB0.6_h1.0_h02.0_T80_RA3.0_steps100000,0.111604297,0.998124988
40.0,rhoA0.6_rhoB0.6_h1.0_h02.0_T80_RA3.0_steps100000,0.132731806,0.989173108
40.0,rhoA0.6_rhoB0.6_h1.0_h02.0_T80_RA3.0_steps100000,0.153672181,0.993716017
40.0,rhoA0.6_rhoB0.6_h1.0_h02.0_T80_RA3.0_steps100000,0.175641863,0.979417777
40.0,rhoA0.6_rhoB0.6_h1.0_h02.0_T80_RA3.0_steps100000,0.196615509,0.98971676
40.0,rhoA0.6_rhoB0.6_h1.0_h02.0_T80_RA3.0_steps100000,0.217326708,0.996237428
40.0,rhoA0.6_rhoB0.6_h1.0_h02.0_T80_RA3.0_steps100000,0.237538457,1.01134152
40.0,rhoA0.6_rhoB0.6_h1.0_h02.0_T80_RA3.0_steps100000,0.258148683,1.00267381
40.0,rhoA0.6_rhoB0.6_h1.0_h02.0_T80_RA3.0_steps100000,0.28040349,1.00422687
40.0,rhoA0.6_rhoB0.6_h1.0_h02.0_T80_RA3.0_steps100000,0.301929084,0.995821475
40.0,rhoA0.6_rhoB0.6_h1.0_h02.0_T80_RA3.0_steps100000,0.322287413,0.996945655
40.0,rhoA0.6_rhoB0.6_h1.0_h02.0_T80_RA3.0_steps100000,0.342663331,1.00535473
40.0,rhoA0.6_rhoB0.6_h1.0_h02.0_T80_RA3.0_steps100000,0.363641289,0.99922949
40.0,rhoA0.6_rhoB0.6_h1.0_h02.0_T80_RA3.0_steps100000,0.385602948,1.00128018
40.0,rhoA0.6_rhoB0.6_h1.0_h02.0_T80_RA3.0_steps100000,0.406737165,0.991019339
40.0,rhoA0.6_rhoB0.6_h1.0_h02.0_T80_RA3.0_steps100000,0.427001871,0.996407463
40.0,rhoA0.6_rhoB0.6_h1.0_h02.0_T80_RA3.0_steps100000,0.448754416,0.990639306
40.0,rhoA0.6_rhoB0.6_h1.0_h02.0_T80_RA3.0_steps100000,0.469601745,0.998884138
40.0,rhoA0.6_rhoB0.6_h1.0_h02.0_T80_RA3.0_steps100000,0.489805379,1.00874619
40.0,rhoA0.6_rhoB0.6_h1.0_h02.0_T80_RA3.0_steps100000,0.510302494,1.00109176
40.0,rhoA0.6_rhoB0.6_h1.0_h02.0_T80_RA3.0_steps100000,0.53178319,0.992792333
40.0,rhoA0.6_rhoB0.6_h1.0_h02.0_T80_RA3.0_steps100000,0.553922362,1.00318968
40.0,rhoA0.6_rhoB0.6_h1.0_h02.0_T80_RA3.0_steps100000,0.574670041,1.0047696
40.0,rhoA0.6_rhoB0.6_h1.0_h02.0_T80_RA3.0_steps100000,0.594645701,0.994037994
40.0,rhoA0.6_rhoB0.6_h1.0_h02.0_T80_RA3.0_steps100000,0.615540037,1.00575075
40.0,rhoA0.6_rhoB0.6_h1.0_h02.0_T80_RA3.0_steps100000,0.636554081,0.995373202
40.0,rhoA0.6_rhoB0.6_h1.0_h02.0_T80_RA3.0_steps100000,0.658102417,1.00367153
40.0,rhoA0.6_rhoB0.6_h1.0_h02.0_T80_RA3.0_steps100000,0.679189641,1.00422342
40.0,rhoA0.6_rhoB0.6_h1.0_h02.0_T80_RA3.0_steps100000,0.700054044,1.00194676
40.0,rhoA0.6_rhoB0.6_h1.0_h02.0_T80_RA3.0_steps100000,0.721329826,1.00009243
40.0,rhoA0.6_rhoB0.6_h1.0_h02.0_T80_RA3.0_steps100000,0.742033923,1.00794014
40.0,rhoA0.6_rhoB0.6_h1.0_h02.0_T80_RA3.0_steps100000,0.762614581,1.00070441
40.0,rhoA0.6_rhoB0.6_h1.0_h02.0_T80_RA3.0_steps100000,0.783270495,0.998221893
40.0,rhoA0.6_rhoB0.6_h1.0_h02.0_T80_RA3.0_steps100000,0.804783918,1.0024541
40.0,rhoA0.6_rhoB0.6_h1.0_h02.0_T80_RA3.0_steps100000,0.826095906,0.992641714
40.0,rhoA0.6_rhoB0.6_h1.0_h02.0_T80_RA3.0_steps100000,0.846303977,1.00003472
40.0,rhoA0.6_rhoB0.6_h1.0_h02.0_T80_RA3.0_steps100000,0.867174819,1.00506589
40.0,rhoA0.6_rhoB0.6_h1.0_h02.0_T80_RA3.0_steps100000,0.888413258,0.995057846
40.0,rhoA0.6_rhoB0.6_h1.0_h02.0_T80_RA3.0_steps100000,0.909910564,0.994267665
40.0,rhoA0.6_rhoB0.6_h1.0_h02.0_T80_RA3.0_steps100000,0.931134698,0.998377568
40.0,rhoA0.6_rhoB0.6_h1.0_h02.0_T80_RA3.0_steps100000,0.951563161,0.997294206
40.0,rhoA0.6_rhoB0.6_h1.0_h02.0_T80_RA3.0_steps100000,0.972160451,1.00089203
40.0,rhoA0.6_rhoB0.6_h1.0_h02.0_T80_RA3.0_steps100000,0.993008165,0.996431899
40.0,rhoA0.6_rhoB0.6_h1.0_h02.0_T80_RA3.0_steps100000,1.0140906,0.997188693
40.0,rhoA0.6_rhoB0.6_h1.0_h02.0_T80_RA3.0_steps100000,1.03500338,0.998242895
40.0,rhoA0.6_rhoB0.6_h1.0_h02.0_T80_RA3.0_steps100000,1.05657413,0.998695988
40.0,rhoA0.6_rhoB0.6_h1.0_h02.0_T80_RA3.0_steps100000,1.07789814,0.995891246
40.0,rhoA0.6_rhoB0.6_h1.0_h02.0_T80_RA3.0_steps100000,1.09835045,1.00014446
40.0,rhoA0.6_rhoB0.6_h1.0_h02.0_T80_RA3.0_steps100000,1.11903902,1.004623
40.0,rhoA0.6_rhoB0.6_h1.0_h02.0_T80_RA3.0_steps100000,1.1396405,1.00298212
40.0,rhoA0.6_rhoB0.6_h1.0_h02.0_T80_RA3.0_steps100000,1.16109193,0.997641256
40.0,rhoA0.6_rhoB0.6_h1.0_h02.0_T80_RA3.0_steps100000,1.18227503,0.995675894
40.0,rhoA0.6_rhoB0.6_h1.0_h02.0_T80_RA3.0_steps100000,1.2030555,0.995605797
40.0,rhoA0.6_rhoB0.6_h1.0_h02.0_T80_RA3.0_steps100000,1.22375183,1.00129136
40.0,rhoA0.6_rhoB0.6_h1.0_h02.0_T80_RA3.0_steps100000,1.24453484,1.00211296
40.0,rhoA0.6_rhoB0.6_h1.0_h02.0_T80_RA3.0_steps100000,1.26570671,1.00243098
40.0,rhoA0.6_rhoB0.6_h1.0_h02.0_T80_RA3.0_steps100000,1.28693994,0.99989975
40.0,rhoA0.6_rhoB0.6_h1.0_h02.0_T80_RA3.0_steps100000,1.30807124,0.993252131
40.0,rhoA0.6_rhoB0.6_h1.0_h02.0_T80_RA3.0_steps100000,1.32889646,0.995935848
40.0,rhoA0.6_rhoB0.6_h1.0_h02.0_T80_RA3.0_steps100000,1.34945121,1.00001951
40.0,rhoA0.6_rhoB0.6_h1.0_h02.0_T80_RA3.0_steps100000,1.37055188,0.999612275
40.0,rhoA0.6_rhoB0.6_h1.0_h02.0_T80_RA3.0_steps100000,1.39148285,0.997462811
40.0,rhoA0.6_rhoB0.6_h1.0_h02.0_T80_RA3.0_steps100000,1.41220445,1.00128206
40.0,rhoA0.6_rhoB0.6_h1.0_h02.0_T80_RA3.0_steps100000,1.43352474,0.999291347
40.0,rhoA0.6_rhoB0.6_h1.0_h02.0_T80_RA3.0_steps100000,1.45454751,1.00097843
40.0,rhoA0.6_rhoB0.6_h1.0_h02.0_T80_RA3.0_steps100000,1.47511055,1.00296105
40.0,rhoA0.6_rhoB0.6_h1.0_h02.0_T80_RA3.0_steps100000,1.49566583,1.00105213
40.0,rhoA0.6_rhoB0.6_h1.0_h02.0_T80_RA3.0_steps100000,1.51690776,0.998356296
40.0,rhoA0.6_rhoB0.6_h1.0_h02.0_T80_RA3.0_steps100000,1.53826425,0.99686746
40.0,rhoA0.6_rhoB0.6_h1.0_h02.0_T80_RA3.0_steps100000,1.55931449,1.0018987
40.0,rhoA0.6_rhoB0.6_h1.0_h02.0_T80_RA3.0_steps100000,1.58012172,1.00181109
40.0,rhoA0.6_rhoB0.6_h1.0_h02.0_T80_RA3.0_steps100000,1.60114355,1.00133214
40.0,rhoA0.6_rhoB0.6_h1.0_h02.0_T80_RA3.0_steps100000,1.62229155,1.00034975
40.0,rhoA0.6_rhoB0.6_h1.0_h02.0_T80_RA3.0_steps100000,1.64295947,0.993501822
40.0,rhoA0.6_rhoB0.6_h1.0_h02.0_T80_RA3.0_steps100000,1.66366432,0.998013974
40.0,rhoA0.6_rhoB0.6_h1.0_h02.0_T80_RA3.0_steps100000,1.68478217,1.00495627
40.0,rhoA0.6_rhoB0.6_h1.0_h02.0_T80_RA3.0_steps100000,1.7057485,0.99828279
40.0,rhoA0.6_rhoB0.6_h1.0_h02.0_T80_RA3.0_steps100000,1.72683745,0.995307629
40.0,rhoA0.6_rhoB0.6_h1.0_h02.0_T80_RA3.0_steps100000,1.74765849,1.00322156
40.0,rhoA0.6_rhoB0.6_h1.0_h02.0_T80_RA3.0_steps100000,1.76847487,1.0037789
40.0,rhoA0.6_rhoB0.6_h1.0_h02.0_T80_RA3.0_steps100000,1.78961871,0.996980193
40.0,rhoA0.6_rhoB0.6_h1.0_h02.0_T80_RA3.0_steps100000,1.81086098,0.999484445
40.0,rhoA0.6_rhoB0.6_h1.0_h02.0_T80_RA3.0_steps100000,1.83179094,0.997588963
40.0,rhoA0.6_rhoB0.6_h1.0_h02.0_T80_RA3.0_steps100000,1.8521746,0.997554639
40.0,rhoA0.6_rhoB0.6_h1.0_h02.0_T80_RA3.0_steps100000,1.8733654,0.999678116
40.0,rhoA0.6_rhoB0.6_h1.0_h02.0_T80_RA3.0_steps100000,1.89455538,0.998374261
40.0,rhoA0.6_rhoB0.6_h1.0_h02.0_T80_RA3.0_steps100000,1.91534795,1.00250364
40.0,rhoA0.6_rhoB0.6_h1.0_h02.0_T80_RA3.0_steps100000,1.93623233,0.998346917
40.0,rhoA0.6_rhoB0.6_h1.0_h02.0_T80_RA3.0_steps100000,1.9571481,0.999468044
40.0,rhoA0.6_rhoB0.6_h1.0_h02.0_T80_RA3.0_steps100000,1.97825109,1.0030244
40.0,rhoA0.6_rhoB0.6_h1.0_h02.0_T80_RA3.0_steps100000,1.99905898,0.998743194
40.0,rhoA0.6_rhoB0.6_h1.0_h02.0_T80_RA3.0_steps100000,2.01966715,0.995033945
40.0,rhoA0.6_rhoB0.6_h1.0_h02.0_T80_RA3.0_steps100000,2.04082415,1.00370193
40.0,rhoA0.6_rhoB0.6_h1.0_h02.0_T80_RA3.0_steps100000,2.06193171,0.995329319
40.0,rhoA0.6_rhoB0.6_h1.0_h02.0_T80_RA3.0_steps100000,2.08296048,1.00154393
40.0,rhoA0.6_rhoB0.6_h1.0_h02.0_T80_RA3.0_steps100000,2.10383017,0.998769156
40.0,rhoA0.6_rhoB0.6_h1.0_h02.0_T80_RA3.0_steps100000,2.12494312,1.00279457
40.0,rhoA0.6_rhoB0.6_h1.0_h02.0_T80_RA3.0_steps100000,2.14618475,0.997906955
40.0,rhoA0.6_rhoB0.6_h1.0_h02.0_T80_RA3.0_steps100000,2.16679298,0.998535997
40.0,rhoA0.6_rhoB0.6_h1.0_h02.0_T80_RA3.0_steps100000,2.18753482,0.999994256
40.0,rhoA0.6_rhoB0.6_h1.0_h02.0_T80_RA3.0_steps100000,2.20847027,1.00199477
40.0,rhoA0.6_rhoB0.6_h1.0_h02.0_T80_RA3.0_steps100000,2.22955181,1.00194095
40.0,rhoA0.6_rhoB0.6_h1.0_h02.0_T80_RA3.0_steps100000,2.25078374,1.00006457
40.0,rhoA0.6_rhoB0.6_h1.0_h02.0_T80_RA3.0_steps100000,2.27150159,0.998672257
40.0,rhoA0.6_rhoB0.6_h1.0_h02.0_T80_RA3.0_steps100000,2.29205574,1.00128765
40.0,rhoA0.6_rhoB0.6_h1.0_h02.0_T80_RA3.0_steps100000,2.31294326,1.00061276
40.0,rhoA0.6_rhoB0.6_h1.0_h02.0_T80_RA3.0_steps100000,2.3340363,1.00119348
40.0,rhoA0.6_rhoB0.6_h1.0_h02.0_T80_RA3.0_steps100000,2.35514399,0.997850776
40.0,rhoA0.6_rhoB0.6_h1.0_h02.0_T80_RA3.0_steps100000,2.37607726,0.999533948
40.0,rhoA0.6_rhoB0.6_h1.0_h02.0_T80_RA3.0_steps100000,2.39730341,0.998905698
40.0,rhoA0.6_rhoB0.6_h1.0_h02.0_T80_RA3.0_steps100000,2.41857203,1.00148544
40.0,rhoA0.6_rhoB0.6_h1.0_h02.0_T80_RA3.0_steps100000,2.43911056,0.996753663
40.0,rhoA0.6_rhoB0.6_h1.0_h02.0_T80_RA3.0_steps100000,2.45988005,0.994270442
40.0,rhoA0.6_rhoB0.6_h1.0_h02.0_T80_RA3.0_steps100000,2.48094151,1.00546416
40.0,rhoA0.6_rhoB0.6_h1.0_h02.0_T80_RA3.0_steps100000,2.50196601,1.00033933
40.0,rhoA0.6_rhoB0.6_h1.0_h02.0_T80_RA3.0_steps100000,2.52300496,1.00008405
40.0,rhoA0.6_rhoB0.6_h1.0_h02.0_T80_RA3.0_steps100000,2.54340089,1.00151666
40.0,rhoA0.6_rhoB0.6_h1.0_h02.0_T80_RA3.0_steps100000,2.56415297,0.994956934
40.0,rhoA0.6_rhoB0.6_h1.0_h02.0_T80_RA3.0_steps100000,2.58575836,1.00186908
40.0,rhoA0.6_rhoB0.6_h1.0_h02.0_T80_RA3.0_steps100000,2.60684428,0.999549818
40.0,rhoA0.6_rhoB0.6_h1.0_h02.0_T80_RA3.0_steps100000,2.62775949,0.99847325
40.0,rhoA0.6_rhoB0.6_h1.0_h02.0_T80_RA3.0_steps100000,2.64834355,1.00221327
40.0,rhoA0.6_rhoB0.6_h1.0_h02.0_T80_RA3.0_steps100000,2.66912062,0.997753151
40.0,rhoA0.6_rhoB0.6_h1.0_h02.0_T80_RA3.0_steps100000,2.69039946,0.998353596
40.0,rhoA0.6_rhoB0.6_h1.0_h02.0_T80_RA3.0_steps100000,2.71121518,1.00062543
40.0,rhoA0.6_rhoB0.6_h1.0_h02.0_T80_RA3.0_steps100000,2.7321837,1.00274235
40.0,rhoA0.6_rhoB0.6_h1.0_h02.0_T80_RA3.0_steps100000,2.75306239,0.996365876
40.0,rhoA0.6_rhoB0.6_h1.0_h02.0_T80_RA3.0_steps100000,2.77427049,1.00155555
40.0,rhoA0.6_rhoB0.6_h1.0_h02.0_T80_RA3.0_steps100000,2.79557932,1.00259327
40.0,rhoA0.6_rhoB0.6_h1.0_h02.0_T80_RA3.0_steps100000,2.8160646,0.994374947
40.0,rhoA0.6_rhoB0.6_h1.0_h02.0_T80_RA3.0_steps100000,2.83689478,1.00041825
40.0,rhoA0.6_rhoB0.6_h1.0_h02.0_T80_RA3.0_steps100000,2.85801727,0.999730889
40.0,rhoA0.6_rhoB0.6_h1.0_h02.0_T80_RA3.0_steps100000,2.87906973,1.00125625
40.0,rhoA0.6_rhoB0.6_h1.0_h02.0_T80_RA3.0_steps100000,2.89996898,1.00136676
40.0,rhoA0.6_rhoB0.6_h1.0_h02.0_T80_RA3.0_steps100000,2.92062944,1.00024839
40.0,rhoA0.6_rhoB0.6_h1.0_h02.0_T80_RA3.0_steps100000,2.941605,0.995568738
40.0,rhoA0.6_rhoB0.6_h1.0_h02.0_T80_RA3.0_steps100000,2.96267076,0.996037226
40.0,rhoA0.6_rhoB0.6_h1.0_h02.0_T80_RA3.0_steps100000,2.98347442,1.00459382
40.0,rhoA0.6_rhoB0.6_h1.0_h02.0_T80_RA3.0_steps100000,3.00437656,1.00237842
40.0,rhoA0.6_rhoB0.6_h1.0_h02.0_T80_RA3.0_steps100000,3.02542142,0.999139523
40.0,rhoA0.6_rhoB0.6_h1.0_h02.0_T80_RA3.0_steps100000,3.04658726,0.998447103
40.0,rhoA0.6_rhoB0.6_h1.0_h02.0_T80_RA3.0_steps100000,3.06768101,0.999759542
40.0,rhoA0.6_rhoB0.6_h1.0_h02.0_T80_RA3.0_steps100000,3.088328,0.997274695
40.0,rhoA0.6_rhoB0.6_h1.0_h02.0_T80_RA3.0_steps100000,3.10931167,1.00418397
40.0,rhoA0.6_rhoB0.6_h1.0_h02.0_T80_RA3.0_steps100000,3.1305457,1.00203661
40.0,rhoA0.6_rhoB0.6_h1.0_h02.0_T80_RA3.0_steps100000,3.15150209,0.998585493
40.0,rhoA0.6_rhoB0.6_h1.0_h02.0_T80_RA3.0_steps100000,3.17219014,0.999638137
40.0,rhoA0.6_rhoB0.6_h1.0_h02.0_T80_RA3.0_steps100000,3.19299024,0.998589706
40.0,rhoA0.6_rhoB0.6_h1.0_h02.0_T80_RA3.0_steps100000,3.21390436,1.00008416
40.0,rhoA0.6_rhoB0.6_h1.0_h02.0_T80_RA3.0_steps100000,3.23506564,0.99958904
40.0,rhoA0.6_rhoB0.6_h1.0_h02.0_T80_RA3.0_steps100000,3.25605387,0.997916758
40.0,rhoA0.6_rhoB0.6_h1.0_h02.0_T80_RA3.0_steps100000,3.27685776,1.00237435
40.0,rhoA0.6_rhoB0.6_h1.0_h02.0_T80_RA3.0_steps100000,3.29794723,0.999627728
40.0,rhoA0.6_rhoB0.6_h1.0_h02.0_T80_RA3.0_steps100000,3.31884778,1.00291857
40.0,rhoA0.6_rhoB0.6_h1.0_h02.0_T80_RA3.0_steps100000,3.33944269,1.00113639
40.0,rhoA0.6_rhoB0.6_h1.0_h02.0_T80_RA3.0_steps100000,3.36030612,1.00039089
40.0,rhoA0.6_rhoB0.6_h1.0_h02.0_T80_RA3.0_steps100000,3.38171654,1.0000795
40.0,rhoA0.6_rhoB0.6_h1.0_h02.0_T80_RA3.0_steps100000,3.40297495,0.998692871
40.0,rhoA0.6_rhoB0.6_h1.0_h02.0_T80_RA3.0_steps100000,3.42370792,0.999970383
40.0,rhoA0.6_rhoB0.6_h1.0_h02.0_T80_RA3.0_steps100000,3.44440875,0.999175308
40.0,rhoA0.6_rhoB0.6_h1.0_h02.0_T80_RA3.0_steps100000,3.465315,0.999776436
40.0,rhoA0.6_rhoB0.6_h1.0_h02.0_T80_RA3.0_steps100000,3.4865867,0.997797974
40.0,rhoA0.6_rhoB0.6_h1.0_h02.0_T80_RA3.0_steps100000,3.50751221,0.999547268
40.0,rhoA0.6_rhoB0.6_h1.0_h02.0_T80_RA3.0_steps100000,3.52796741,0.999900253
40.0,rhoA0.6_rhoB0.6_h1.0_h02.0_T80_RA3.0_steps100000,3.5488788,0.999114533
40.0,rhoA0.6_rhoB0.6_h1.0_h02.0_T80_RA3.0_steps100000,3.57014151,0.998074567
40.0,rhoA0.6_rhoB0.6_h1.0_h02.0_T80_RA3.0_steps100000,3.59120365,1.00075787
40.0,rhoA0.6_rhoB0.6_h1.0_h02.0_T80_RA3.0_steps100000,3.61190928,1.00020437
40.0,rhoA0.6_rhoB0.6_h1.0_h02.0_T80_RA3.0_steps100000,3.63300558,1.00106813
40.0,rhoA0.6_rhoB0.6_h1.0_h02.0_T80_RA3.0_steps100000,3.6541422,1.00338091
40.0,rhoA0.6_rhoB0.6_h1.0_h02.0_T80_RA3.0_steps100000,3.67500902,0.99865156
40.0,rhoA0.6_rhoB0.6_h1.0_h02.0_T80_RA3.0_steps100000,3.69581564,0.999718003
40.0,rhoA0.6_rhoB0.6_h1.0_h02.0_T80_RA3.0_steps100000,3.71644729,1.00000105
40.0,rhoA0.6_rhoB0.6_h1.0_h02.0_T80_RA3.0_steps100000,3.73749774,0.99787408
40.0,rhoA0.6_rhoB0.6_h1.0_h02.0_T80_RA3.0_steps100000,3.75868086,0.998875082
40.0,rhoA0.6_rhoB0.6_h1.0_h02.0_T80_RA3.0_steps100000,3.77950549,0.998470294
40.0,rhoA0.6_rhoB0.6_h1.0_h02.0_T80_RA3.0_steps100000,3.80027286,0.998720288
40.0,rhoA0.6_rhoB0.6_h1.0_h02.0_T80_RA3.0_steps100000,3.82143123,1.0002777
40.0,rhoA0.6_rhoB0.6_h1.0_h02.0_T80_RA3.0_steps100000,3.84280481,0.998783972
40.0,rhoA0.6_rhoB0.6_h1.0_h02.0_T80_RA3.0_steps100000,3.86349282,0.998618691
40.0,rhoA0.6_rhoB0.6_h1.0_h02.0_T80_RA3.0_steps100000,3.88417456,0.999924115
40.0,rhoA0.6_rhoB0.6_h1.0_h02.0_T80_RA3.0_steps100000,3.90535419,0.998452311
40.0,rhoA0.6_rhoB0.6_h1.0_h02.0_T80_RA3.0_steps100000,3.9264697,0.998667549
40.0,rhoA0.6_rhoB0.6_h1.0_h02.0_T80_RA3.0_steps100000,3.94738681,0.999457158
40.0,rhoA0.6_rhoB0.6_h1.0_h02.0_T80_RA3.0_steps100000,3.96810309,0.999455269
40.0,rhoA0.6_rhoB0.6_h1.0_h02.0_T80_RA3.0_steps100000,3.98888694,0.99820259
40.0,rhoA0.6_rhoB0.6_h1.0_h02.0_T80_RA3.0_steps100000,4.00993371,0.998516291
40.0,rhoA0.6_rhoB0.6_h1.0_h02.0_T80_RA3.0_steps100000,4.03080983,0.996704399
40.0,rhoA0.6_rhoB0.6_h1.0_h02.0_T80_RA3.0_steps100000,4.05178039,1.000355
40.0,rhoA0.6_rhoB0.6_h1.0_h02.0_T80_RA3.0_steps100000,4.07276799,0.999661046
40.0,rhoA0.6_rhoB0.6_h1.0_h02.0_T80_RA3.0_steps100000,4.09368684,0.997525769
40.0,rhoA0.6_rhoB0.6_h1.0_h02.0_T80_RA3.0_steps100000,4.11485609,0.999964776
40.0,rhoA0.6_rhoB0.6_h1.0_h02.0_T80_RA3.0_steps100000,4.13583188,1.00169116
40.0,rhoA0.6_rhoB0.6_h1.0_h02.0_T80_RA3.0_steps100000,4.15670688,0.999478177
40.0,rhoA0.6_rhoB0.6_h1.0_h02.0_T80_RA3.0_steps100000,4.17758774,1.00002441
40.0,rhoA0.6_rhoB0.6_h1.0_h02.0_T80_RA3.0_steps100000,4.19867141,0.995980361
40.0,rhoA0.6_rhoB0.6_h1.0_h02.0_T80_RA3.0_steps100000,4.21961517,1.00018203
40.0,rhoA0.6_rhoB0.6_h1.0_h02.0_T80_RA3.0_steps100000,4.24013393,0.998697577
40.0,rhoA0.6_rhoB0.6_h1.0_h02.0_T80_RA3.0_steps100000,4.26119077,0.998390233
40.0,rhoA0.6_rhoB0.6_h1.0_h02.0_T80_RA3.0_steps100000,4.28239268,0.999004013
40.0,rhoA0.6_rhoB0.6_h1.0_h02.0_T80_RA3.0_steps100000,4.30342826,0.998105825
40.0,rhoA0.6_rhoB0.6_h1.0_h02.0_T80_RA3.0_steps100000,4.32431592,1.00085558
40.0,rhoA0.6_rhoB0.6_h1.0_h02.0_T80_RA3.0_steps100000,4.34508479,1.00203983
40.0,rhoA0.6_rhoB0.6_h1.0_h02.0_T80_RA3.0_steps100000,4.36604259,1.00285594
40.0,rhoA0.6_rhoB0.6_h1.0_h02.0_T80_RA3.0_steps100000,4.38708086,0.999766229
40.0,rhoA0.6_rhoB0.6_h1.0_h02.0_T80_RA3.0_steps100000,4.40778797,1.00149218
40.0,rhoA0.6_rhoB0.6_h1.0_h02.0_T80_RA3.0_steps100000,4.4288526,1.0000366
40.0,rhoA0.6_rhoB0.6_h1.0_h02.0_T80_RA3.0_steps100000,4.44994967,1.00102906
40.0,rhoA0.6_rhoB0.6_h1.0_h02.0_T80_RA3.0_steps100000,4.47085438,1.00050195
40.0,rhoA0.6_rhoB0.6_h1.0_h02.0_T80_RA3.0_steps100000,4.49188801,1.0038537
40.0,rhoA0.6_rhoB0.6_h1.0_h02.0_T80_RA3.0_steps100000,4.51250216,0.99765001
40.0,rhoA0.6_rhoB0.6_h1.0_h02.0_T80_RA3.0_steps100000,4.5334461,0.998483039
40.0,rhoA0.6_rhoB0.6_h1.0_h02.0_T80_RA3.0_steps100000,4.55463591,1.0007535
40.0,rhoA0.6_rhoB0.6_h1.0_h02.0_T80_RA3.0_steps100000,4.57547609,1.00194978
40.0,rhoA0.6_rhoB0.6_h1.0_h02.0_T80_RA3.0_steps100000,4.59643311,1.00046274
40.0,rhoA0.6_rhoB0.6_h1.0_h02.0_T80_RA3.0_steps100000,4.61732903,0.999226573
40.0,rhoA0.6_rhoB0.6_h1.0_h02.0_T80_RA3.0_steps100000,4.63833098,0.99893296
40.0,rhoA0.6_rhoB0.6_h1.0_h02.0_T80_RA3.0_steps100000,4.65949324,1.00132373
40.0,rhoA0.6_rhoB0.6_h1.0_h02.0_T80_RA3.0_steps100000,4.68039693,0.999860603
40.0,rhoA0.6_rhoB0.6_h1.0_h02.0_T80_RA3.0_steps100000,4.70136745,1.00192196
40.0,rhoA0.6_rhoB0.6_h1.0_h02.0_T80_RA3.0_steps100000,4.72221533,1.00108374
40.0,rhoA0.6_rhoB0.6_h1.0_h02.0_T80_RA3.0_steps100000,4.74309374,1.00288955
40.0,rhoA0.6_rhoB0.6_h1.0_h02.0_T80_RA3.0_steps100000,4.76390784,0.998889692
40.0,rhoA0.6_rhoB0.6_h1.0_h02.0_T80_RA3.0_steps100000,4.78491795,0.999927108
40.0,rhoA0.6_rhoB0.6_h1.0_h02.0_T80_RA3.0_steps100000,4.80636204,1.00318903
40.0,rhoA0.6_rhoB0.6_h1.0_h02.0_T80_RA3.0_steps100000,4.82728449,1.00235072
40.0,rhoA0.6_rhoB0.6_h1.0_h02.0_T80_RA3.0_steps100000,4.84785524,0.998515171
40.0,rhoA0.6_rhoB0.6_h1.0_h02.0_T80_RA3.0_steps100000,4.86859731,0.998628963
40.0,rhoA0.6_rhoB0.6_h1.0_h02.0_T80_RA3.0_steps100000,4.88954319,0.997013303
40.0,rhoA0.6_rhoB0.6_h1.0_h02.0_T80_RA3.0_steps100000,4.91078695,0.998911457
40.0,rhoA0.6_rhoB0.6_h1.0_h02.0_T80_RA3.0_steps100000,4.93172016,1.00238898
40.0,rhoA0.6_rhoB0.6_h1.0_h02.0_T80_RA3.0_steps100000,4.95244063,1.00068515
40.0,rhoA0.6_rhoB0.6_h1.0_h02.0_T80_RA3.0_steps100000,4.97348932,1.00080361
40.0,rhoA0.6_rhoB0.6_h1.0_h02.0_T80_RA3.0_steps100000,4.994309,1.00045366
40.0,rhoA0.6_rhoB0.6_h1.0_h02.0_T80_RA3.0_steps100000,5.01515697,1.00009868
40.0,rhoA0.6_rhoB0.6_h1.0_h02.0_T80_RA3.0_steps100000,5.03598003,0.998255287
40.0,rhoA0.6_rhoB0.6_h1.0_h02.0_T80_RA3.0_steps100000,5.05703237,1.00273679
40.0,rhoA0.6_rhoB0.6_h1.0_h02.0_T80_RA3.0_steps100000,5.07840332,1.00212674
40.0,rhoA0.6_rhoB0.6_h1.0_h02.0_T80_RA3.0_steps100000,5.09943841,1.00074949
40.0,rhoA0.6_rhoB0.6_h1.0_h02.0_T80_RA3.0_steps100000,5.12032938,0.997015133
40.0,rhoA0.6_rhoB0.6_h1.0_h02.0_T80_RA3.0_steps100000,5.14107614,1.0011516
40.0,rhoA0.6_rhoB0.6_h1.0_h02.0_T80_RA3.0_steps100000,5.16214077,1.00033173
40.0,rhoA0.6_rhoB0.6_h1.0_h02.0_T80_RA3.0_steps100000,5.18341099,1.00076608
40.0,rhoA0.6_rhoB0.6_h1.0_h02.0_T80_RA3.0_steps100000,5.2041075,0.998869634
40.0,rhoA0.6_rhoB0.6_h1.0_h02.0_T80_RA3.0_steps100000,5.22477891,0.997520821
40.0,rhoA0.6_rhoB0.6_h1.0_h02.0_T80_RA3.0_steps100000,5.24557967,1.00002597
40.0,rhoA0.6_rhoB0.6_h1.0_h02.0_T80_RA3.0_steps100000,5.26649236,1.00143669
40.0,rhoA0.6_rhoB0.6_h1.0_h02.0_T80_RA3.0_steps100000,5.28753131,0.998788339
40.0,rhoA0.6_rhoB0.6_h1.0_h02.0_T80_RA3.0_steps100000,5.30847064,1.00264287
40.0,rhoA0.6_rhoB0.6_h1.0_h02.0_T80_RA3.0_steps100000,5.32946745,1.00213606
40.0,rhoA0.6_rhoB0.6_h1.0_h02.0_T80_RA3.0_steps100000,5.3506922,1.00160783
40.0,rhoA0.6_rhoB0.6_h1.0_h02.0_T80_RA3.0_steps100000,5.37158853,1.00032296
40.0,rhoA0.6_rhoB0.6_h1.0_h02.0_T80_RA3.0_steps100000,5.39231925,0.999076552
40.0,rhoA0.6_rhoB0.6_h1.0_h02.0_T80_RA3.0_steps100000,5.41333352,1.00010665
40.0,rhoA0.6_rhoB0.6_h1.0_h02.0_T80_RA3.0_steps100000,5.43434316,1.00160435
40.0,rhoA0.6_rhoB0.6_h1.0_h02.0_T80_RA3.0_steps100000,5.45530659,1.00090468
40.0,rhoA0.6_rhoB0.6_h1.0_h02.0_T80_RA3.0_steps100000,5.47618498,0.99924268
40.0,rhoA0.6_rhoB0.6_h1.0_h02.0_T80_RA3.0_steps100000,5.49715755,1.00012708
40.0,rhoA0.6_rhoB0.6_h1.0_h02.0_T80_RA3.0_steps100000,5.51801586,1.00038339
40.0,rhoA0.6_rhoB0.6_h1.0_h02.0_T80_RA3.0_steps100000,5.53881995,1.00308705
40.0,rhoA0.6_rhoB0.6_h1.0_h02.0_T80_RA3.0_steps100000,5.55992514,0.999430576
40.0,rhoA0.6_rhoB0.6_h1.0_h02.0_T80_RA3.0_steps100000,5.58098545,1.00175489
40.0,rhoA0.6_rhoB0.6_h1.0_h02.0_T80_RA3.0_steps100000,5.60183772,1.00167329
40.0,rhoA0.6_rhoB0.6_h1.0_h02.0_T80_RA3.0_steps100000,5.62277584,0.999219378
40.0,rhoA0.6_rhoB0.6_h1.0_h02.0_T80_RA3.0_steps100000,5.64379172,1.00080397
40.0,rhoA0.6_rhoB0.6_h1.0_h02.0_T80_RA3.0_steps100000,5.66460817,1.0017597
40.0,rhoA0.6_rhoB0.6_h1.0_h02.0_T80_RA3.0_steps100000,5.68556022,0.999586551
40.0,rhoA0.6_rhoB0.6_h1.0_h02.0_T80_RA3.0_steps100000,5.7067909,0.99956305
40.0,rhoA0.6_rhoB0.6_h1.0_h02.0_T80_RA3.0_steps100000,5.72769317,1.00060473
40.0,rhoA0.6_rhoB0.6_h1.0_h02.0_T80_RA3.0_steps100000,5.74840017,1.00123187
40.0,rhoA0.6_rhoB0.6_h1.0_h02.0_T80_RA3.0_steps100000,5.76938192,1.00125989
40.0,rhoA0.6_rhoB0.6_h1.0_h02.0_T80_RA3.0_steps100000,5.79039764,0.999077115
40.0,rhoA0.6_rhoB0.6_h1.0_h02.0_T80_RA3.0_steps100000,5.81144039,0.99942588
40.0,rhoA0.6_rhoB0.6_h1.0_h02.0_T80_RA3.0_steps100000,5.83232115,1.00062651
40.0,rhoA0.6_rhoB0.6_h1.0_h02.0_T80_RA3.0_steps100000,5.85320209,1.00036328
40.0,rhoA0.6_rhoB0.6_h1.0_h02.0_T80_RA3.0_steps100000,5.87418919,0.999318896
40.0,rhoA0.6_rhoB0.6_h1.0_h02.0_T80_RA3.0_steps100000,5.89509625,0.999538834
40.0,rhoA0.6_rhoB0.6_h1.0_h02.0_T80_RA3.0_steps100000,5.9159726,1.00196683
40.0,rhoA0.6_rhoB0.6_h1.0_h02.0_T80_RA3.0_steps100000,5.93682663,1.00224279
40.0,rhoA0.6_rhoB0.6_h1.0_h02.0_T80_RA3.0_steps100000,5.95791772,1.00177213
40.0,rhoA0.6_rhoB0.6_h1.0_h02.0_T80_RA3.0_steps100000,5.97900675,0.99977155
40.0,rhoA0.6_rhoB0.6_h1.0_h02.0_T80_RA3.0_steps100000,5.99978945,0.999638042
40.0,rhoA0.6_rhoB0.6_h1.0_h02.0_T80_RA3.0_steps100000,6.02063577,0.999661181
40.0,rhoA0.6_rhoB0.6_h1.0_h02.0_T80_RA3.0_steps100000,6.04156421,0.999976214
40.0,rhoA0.6_rhoB0.6_h1.0_h02.0_T80_RA3.0_steps100000,6.06259364,0.999463364
40.0,rhoA0.6_rhoB0.6_h1.0_h02.0_T80_RA3.0_steps100000,6.08377541,0.999438934
40.0,rhoA0.6_rhoB0.6_h1.0_h02.0_T80_RA3.0_steps100000,6.10447051,0.998287896
40.0,rhoA0.6_rhoB0.6_h1.0_h02.0_T80_RA3.0_steps100000,6.12538157,0.997712378
40.0,rhoA0.6_rhoB0.6_h1.0_h02.0_T80_RA3.0_steps100000,6.14660689,1.00205883
40.0,rhoA0.6_rhoB0.6_h1.0_h02.0_T80_RA3.0_steps100000,6.16752321,0.995827729
40.0,rhoA0.6_rhoB0.6_h1.0_h02.0_T80_RA3.0_steps100000,6.18833806,0.999905545
40.0,rhoA0.6_rhoB0.6_h1.0_h02.0_T80_RA3.0_steps100000,6.20938667,0.99999797
40.0,rhoA0.6_rhoB0.6_h1.0_h02.0_T80_RA3.0_steps100000,6.23052184,1.00012209
40.0,rhoA0.6_rhoB0.6_h1.0_h02.0_T80_RA3.0_steps100000,6.25137137,1.00188933
40.0,rhoA0.6_rhoB0.6_h1.0_h02.0_T80_RA3.0_steps100000,6.27204484,1.00001748
40.0,rhoA0.6_rhoB0.6_h1.0_h02.0_T80_RA3.0_steps100000,6.29290789,1.00289172
40.0,rhoA0.6_rhoB0.6_h1.0_h02.0_T80_RA3.0_steps100000,6.31382104,1.00048153
40.0,rhoA0.6_rhoB0.6_h1.0_h02.0_T80_RA3.0_steps100000,6.33495691,0.999028911
40.0,rhoA0.6_rhoB0.6_h1.0_h02.0_T80_RA3.0_steps100000,6.35600914,1.0041486
40.0,rhoA0.6_rhoB0.6_h1.0_h02.0_T80_RA3.0_steps100000,6.37663869,1.00111177
40.0,rhoA0.6_rhoB0.6_h1.0_h02.0_T80_RA3.0_steps100000,6.39770954,0.99954613
40.0,rhoA0.6_rhoB0.6_h1.0_h02.0_T80_RA3.0_steps100000,6.41872759,1.00048948
40.0,rhoA0.6_rhoB0.6_h1.0_h02.0_T80_RA3.0_steps100000,6.43951457,1.00001177
40.0,rhoA0.6_rhoB0.6_h1.0_h02.0_T80_RA3.0_steps100000,6.46033562,0.999724259
40.0,rhoA0.6_rhoB0.6_h1.0_h02.0_T80_RA3.0_steps100000,6.4814564,1.00164043
40.0,rhoA0.6_rhoB0.6_h1.0_h02.0_T80_RA3.0_steps100000,6.50265681,1.00189452
40.0,rhoA0.6_rhoB0.6_h1.0_h02.0_T80_RA3.0_steps100000,6.52350383,0.997733251
40.0,rhoA0.6_rhoB0.6_h1.0_h02.0_T80_RA3.0_steps100000,6.54427866,1.00185603
40.0,rhoA0.6_rhoB0.6_h1.0_h02.0_T80_RA3.0_steps100000,6.56515568,0.999869469
40.0,rhoA0.6_rhoB0.6_h1.0_h02.0_T80_RA3.0_steps100000,6.58628576,1.00224878
40.0,rhoA0.6_rhoB0.6_h1.0_h02.0_T80_RA3.0_steps100000,6.60749316,0.999071685
40.0,rhoA0.6_rhoB0.6_h1.0_h02.0_T80_RA3.0_steps100000,6.62830625,1.00052046
40.0,rhoA0.6_rhoB0.6_h1.0_h02.0_T80_RA3.0_steps100000,6.64913567,0.999677759
40.0,rhoA0.6_rhoB0.6_h1.0_h02.0_T80_RA3.0_steps100000,6.67020149,0.998424173
40.0,rhoA0.6_rhoB0.6_h1.0_h02.0_T80_RA3.0_steps100000,6.69106898,0.999826924
40.0,rhoA0.6_rhoB0.6_h1.0_h02.0_T80_RA3.0_steps100000,6.71185955,0.998940647
40.0,rhoA0.6_rhoB0.6_h1.0_h02.0_T80_RA3.0_steps100000,6.73264651,1.00263659
40.0,rhoA0.6_rhoB0.6_h1.0_h02.0_T80_RA3.0_steps100000,6.7537045,0.9955802
40.0,rhoA0.6_rhoB0.6_h1.0_h02.0_T80_RA3.0_steps100000,6.77487174,0.998761439
40.0,rhoA0.6_rhoB0.6_h1.0_h02.0_T80_RA3.0_steps100000,6.79557562,1.00110869
40.0,rhoA0.6_rhoB0.6_h1.0_h02.0_T80_RA3.0_steps100000,6.81648781,0.999603518
40.0,rhoA0.6_rhoB0.6_h1.0_h02.0_T80_RA3.0_steps100000,6.83753747,1.00033545
40.0,rhoA0.6_rhoB0.6_h1.0_h02.0_T80_RA3.0_steps100000,6.85867557,1.00011491
40.0,rhoA0.6_rhoB0.6_h1.0_h02.0_T80_RA3.0_steps100000,6.87985316,1.00085541
40.0,rhoA0.6_rhoB0.6_h1.0_h02.0_T80_RA3.0_steps100000,6.90065786,0.997348858
40.0,rhoA0.6_rhoB0.6_h1.0_h02.0_T80_RA3.0_steps100000,6.92153112,0.999760645
40.0,rhoA0.6_rhoB0.6_h1.0_h02.0_T80_RA3.0_steps100000,6.94229803,1.0008227
40.0,rhoA0.6_rhoB0.6_h1.0_h02.0_T80_RA3.0_steps100000,6.9630016,0.999497969
40.0,rhoA0.6_rhoB0.6_h1.0_h02.0_T80_RA3.0_steps100000,6.98416877,0.999286616
40.0,rhoA0.6_rhoB0.6_h1.0_h02.0_T80_RA3.0_steps100000,7.0052781,1.00009827
40.0,rhoA0.6_rhoB0.6_h1.0_h02.0_T80_RA3.0_steps100000,7.02617612,1.00091709
40.0,rhoA0.6_rhoB0.6_h1.0_h02.0_T80_RA3.0_steps100000,7.04699526,0.999592517
40.0,rhoA0.6_rhoB0.6_h1.0_h02.0_T80_RA3.0_steps100000,7.06761685,0.999477805
40.0,rhoA0.6_rhoB0.6_h1.0_h02.0_T80_RA3.0_steps100000,7.08873369,0.999167788
40.0,rhoA0.6_rhoB0.6_h1.0_h02.0_T80_RA3.0_steps100000,7.10994937,1.00114403
40.0,rhoA0.6_rhoB0.6_h1.0_h02.0_T80_RA3.0_steps100000,7.13102893,1.00147771
40.0,rhoA0.6_rhoB0.6_h1.0_h02.0_T80_RA3.0_steps100000,7.15201412,0.997811739
40.0,rhoA0.6_rhoB0.6_h1.0_h02.0_T80_RA3.0_steps100000,7.17271336,0.99984887
40.0,rhoA0.6_rhoB0.6_h1.0_h02.0_T80_RA3.0_steps100000,7.19374266,0.998986769
40.0,rhoA0.6_rhoB0.6_h1.0_h02.0_T80_RA3.0_steps100000,7.21473042,0.999276737
40.0,rhoA0.6_rhoB0.6_h1.0_h02.0_T80_RA3.0_steps100000,7.23564263,1.00027785
40.0,rhoA0.6_rhoB0.6_h1.0_h02.0_T80_RA3.0_steps100000,7.25666289,1.00061025
40.0,rhoA0.6_rhoB0.6_h1.0_h02.0_T80_RA3.0_steps100000,7.27757645,1.00132963
40.0,rhoA0.6_rhoB0.6_h1.0_h02.0_T80_RA3.0_steps100000,7.2984411,0.999733961
40.0,rhoA0.6_rhoB0.6_h1.0_h02.0_T80_RA3.0_steps100000,7.31917384,0.999589636
40.0,rhoA0.6_rhoB0.6_h1.0_h02.0_T80_RA3.0_steps100000,7.34001688,1.00140653
40.0,rhoA0.6_rhoB0.6_h1.0_h02.0_T80_RA3.0_steps100000,7.3611683,0.99835466
40.0,rhoA0.6_rhoB0.6_h1.0_h02.0_T80_RA3.0_steps100000,7.38224284,1.00034496
40.0,rhoA0.6_rhoB0.6_h1.0_h02.0_T80_RA3.0_steps100000,7.40324015,0.999376789
40.0,rhoA0.6_rhoB0.6_h1.0_h02.0_T80_RA3.0_steps100000,7.42408854,0.999617368
40.0,rhoA0.6_rhoB0.6_h1.0_h02.0_T80_RA3.0_steps100000,7.44500634,0.999174044
40.0,rhoA0.6_rhoB0.6_h1.0_h02.0_T80_RA3.0_steps100000,7.46595959,0.998341825
40.0,rhoA0.6_rhoB0.6_h1.0_h02.0_T80_RA3.0_steps100000,7.48696308,0.999880361
40.0,rhoA0.6_rhoB0.6_h1.0_h02.0_T80_RA3.0_steps100000,7.5079936,1.00007991
40.0,rhoA0.6_rhoB0.6_h1.0_h02.0_T80_RA3.0_steps100000,7.52871967,1.00149179
40.0,rhoA0.6_rhoB0.6_h1.0_h02.0_T80_RA3.0_steps100000,7.54966921,0.998844161
40.0,rhoA0.6_rhoB0.6_h1.0_h02.0_T80_RA3.0_steps100000,7.57064902,1.0005849
40.0,rhoA0.6_rhoB0.6_h1.0_h02.0_T80_RA3.0_steps100000,7.59151428,1.000698
40.0,rhoA0.6_rhoB0.6_h1.0_h02.0_T80_RA3.0_steps100000,7.6123809,1.00112517
40.0,rhoA0.6_rhoB0.6_h1.0_h02.0_T80_RA3.0_steps100000,7.63338324,1.0009593
40.0,rhoA0.6_rhoB0.6_h1.0_h02.0_T80_RA3.0_steps100000,7.65450532,0.99776555
40.0,rhoA0.6_rhoB0.6_h1.0_h02.0_T80_RA3.0_steps100000,7.67556944,0.997094565
40.0,rhoA0.6_rhoB0.6_h1.0_h02.0_T80_RA3.0_steps100000,7.69637751,1.00095003
40.0,rhoA0.6_rhoB0.6_h1.0_h02.0_T80_RA3.0_steps100000,7.71727216,1.00004965
40.0,rhoA0.6_rhoB0.6_h1.0_h02.0_T80_RA3.0_steps100000,7.73835725,1.00074844
40.0,rhoA0.6_rhoB0.6_h1.0_h02.0_T80_RA3.0_steps100000,7.75934923,1.00022343
40.0,rhoA0.6_rhoB0.6_h1.0_h02.0_T80_RA3.0_steps100000,7.78023116,1.00128323
40.0,rhoA0.6_rhoB0.6_h1.0_h02.0_T80_RA3.0_steps100000,7.80098697,0.997977909
40.0,rhoA0.6_rhoB0.6_h1.0_h02.0_T80_RA3.0_steps100000,7.82190677,0.999765693
40.0,rhoA0.6_rhoB0.6_h1.0_h02.0_T80_RA3.0_steps100000,7.84304931,1.00148453
40.0,rhoA0.6_rhoB0.6_h1.0_h02.0_T80_RA3.0_steps100000,7.86405132,0.999308162
40.0,rhoA0.6_rhoB0.6_h1.0_h02.0_T80_RA3.0_steps100000,7.88484553,1.00158522
40.0,rhoA0.6_rhoB0.6_h1.0_h02.0_T80_RA3.0_steps100000,7.90574885,1.00188874
40.0,rhoA0.6_rhoB0.6_h1.0_h02.0_T80_RA3.0_steps100000,7.9267531,1.0029485
40.0,rhoA0.6_rhoB0.6_h1.0_h02.0_T80_RA3.0_steps100000,7.94765228,0.999456647
40.0,rhoA0.6_rhoB0.6_h1.0_h02.0_T80_RA3.0_steps100000,7.96842304,1.00172451
40.0,rhoA0.6_rhoB0.6_h1.0_h02.0_T80_RA3.0_steps100000,7.98938616,1.00024233
40.0,rhoA0.6_rhoB0.6_h1.0_h02.0_T80_RA3.0_steps100000,8.01050815,1.00100513
40.0,rhoA0.6_rhoB0.6_h1.0_h02.0_T80_RA3.0_steps100000,8.03153334,1.00126986
40.0,rhoA0.6_rhoB0.6_h1.0_h02.0_T80_RA3.0_steps100000,8.05240251,1.00160885
40.0,rhoA0.6_rhoB0.6_h1.0_h02.0_T80_RA3.0_steps100000,8.07332696,0.998643117
40.0,rhoA0.6_rhoB0.6_h1.0_h02.0_T80_RA3.0_steps100000,8.09438514,0.999912886
40.0,rhoA0.6_rhoB0.6_h1.0_h02.0_T80_RA3.0_steps100000,8.11529588,0.99794801
40.0,rhoA0.6_rhoB0.6_h1.0_h02.0_T80_RA3.0_steps100000,8.13618411,1.00069875
40.0,rhoA0.6_rhoB0.6_h1.0_h02.0_T80_RA3.0_steps100000,8.15717855,0.998810861
40.0,rhoA0.6_rhoB0.6_h1.0_h02.0_T80_RA3.0_steps100000,8.17807847,0.99922533
40.0,rhoA0.6_rhoB0.6_h1.0_h02.0_T80_RA3.0_steps100000,8.19905269,1.00017641
40.0,rhoA0.6_rhoB0.6_h1.0_h02.0_T80_RA3.0_steps100000,8.21991085,0.998960817
40.0,rhoA0.6_rhoB0.6_h1.0_h02.0_T80_RA3.0_steps100000,8.24078529,1.00098653
40.0,rhoA0.6_rhoB0.6_h1.0_h02.0_T80_RA3.0_steps100000,8.26195652,0.999049964
40.0,rhoA0.6_rhoB0.6_h1.0_h02.0_T80_RA3.0_steps100000,8.28293039,1.00025058
40.0,rhoA0.6_rhoB0.6_h1.0_h02.0_T80_RA3.0_steps100000,8.30373423,0.997622273
40.0,rhoA0.6_rhoB0.6_h1.0_h02.0_T80_RA3.0_steps100000,8.32452583,0.998866338
40.0,rhoA0.6_rhoB0.6_h1.0_h02.0_T80_RA3.0_steps100000,8.34556221,0.998334468
40.0,rhoA0.6_rhoB0.6_h1.0_h02.0_T80_RA3.0_steps100000,8.36671927,1.00125159
40.0,rhoA0.6_rhoB0.6_h1.0_h02.0_T80_RA3.0_steps100000,8.38757523,0.999369512
40.0,rhoA0.6_rhoB0.6_h1.0_h02.0_T80_RA3.0_steps100000,8.40855808,0.999011864
40.0,rhoA0.6_rhoB0.6_h1.0_h02.0_T80_RA3.0_steps100000,8.42953585,0.999857855
40.0,rhoA0.6_rhoB0.6_h1.0_h02.0_T80_RA3.0_steps100000,8.45042977,0.998119486
40.0,rhoA0.6_rhoB0.6_h1.0_h02.0_T80_RA3.0_steps100000,8.47138662,1.00017736
40.0,rhoA0.6_rhoB0.6_h1.0_h02.0_T80_RA3.0_steps100000,8.49217243,0.998671683
40.0,rhoA0.6_rhoB0.6_h1.0_h02.0_T80_RA3.0_steps100000,8.51321806,0.996744415
40.0,rhoA0.6_rhoB0.6_h1.0_h02.0_T80_RA3.0_steps100000,8.53421183,0.999330598
40.0,rhoA0.6_rhoB0.6_h1.0_h02.0_T80_RA3.0_steps100000,8.55508292,1.00011126
40.0,rhoA0.6_rhoB0.6_h1.0_h02.0_T80_RA3.0_steps100000,8.57598662,1.00021722
40.0,rhoA0.6_rhoB0.6_h1.0_h02.0_T80_RA3.0_steps100000,8.59679232,0.998394294
40.0,rhoA0.6_rhoB0.6_h1.0_h02.0_T80_RA3.0_steps100000,8.61783107,1.00081307
40.0,rhoA0.6_rhoB0.6_h1.0_h02.0_T80_RA3.0_steps100000,8.63891768,0.998899862
40.0,rhoA0.6_rhoB0.6_h1.0_h02.0_T80_RA3.0_steps100000,8.65972861,0.999893972
40.0,rhoA0.6_rhoB0.6_h1.0_h02.0_T80_RA3.0_steps100000,8.68059853,1.00054718
40.0,rhoA0.6_rhoB0.6_h1.0_h02.0_T80_RA3.0_steps100000,8.70174168,1.00076853
40.0,rhoA0.6_rhoB0.6_h1.0_h02.0_T80_RA3.0_steps100000,8.72279566,0.998527121
40.0,rhoA0.6_rhoB0.6_h1.0_h02.0_T80_RA3.0_steps100000,8.74359241,1.00191911
40.0,rhoA0.6_rhoB0.6_h1.0_h02.0_T80_RA3.0_steps100000,8.76424415,1.0004092
40.0,rhoA0.6_rhoB0.6_h1.0_h02.0_T80_RA3.0_steps100000,8.78526729,1.00042739
40.0,rhoA0.6_rhoB0.6_h1.0_h02.0_T80_RA3.0_steps100000,8.80637189,0.998926991
40.0,rhoA0.6_rhoB0.6_h1.0_h02.0_T80_RA3.0_steps100000,8.82736896,0.999014786
40.0,rhoA0.6_rhoB0.6_h1.0_h02.0_T80_RA3.0_steps100000,8.84843212,0.999810506
40.0,rhoA0.6_rhoB0.6_h1.0_h02.0_T80_RA3.0_steps100000,8.86933197,1.0000803
40.0,rhoA0.6_rhoB0.6_h1.0_h02.0_T80_RA3.0_steps100000,8.89026857,0.998241617
40.0,rhoA0.6_rhoB0.6_h1.0_h02.0_T80_RA3.0_steps100000,8.91123702,1.0006544
40.0,rhoA0.6_rhoB0.6_h1.0_h02.0_T80_RA3.0_steps100000,8.93214776,0.999334187
40.0,rhoA0.6_rhoB0.6_h1.0_h02.0_T80_RA3.0_steps100000,8.95312097,0.998109659
40.0,rhoA0.6_rhoB0.6_h1.0_h02.0_T80_RA3.0_steps100000,8.9741304,1.00194863
40.0,rhoA0.6_rhoB0.6_h1.0_h02.0_T80_RA3.0_steps100000,8.99505705,1.00246366
40.0,rhoA0.6_rhoB0.6_h1.0_h02.0_T80_RA3.0_steps100000,9.01571368,0.998611178
40.0,rhoA0.6_rhoB0.6_h1.0_h02.0_T80_RA3.0_steps100000,9.03640927,1.00120868
40.0,rhoA0.6_rhoB0.6_h1.0_h02.0_T80_RA3.0_steps100000,9.05755121,0.998998887
40.0,rhoA0.6_rhoB0.6_h1.0_h02.0_T80_RA3.0_steps100000,9.07868023,1.00292159
40.0,rhoA0.6_rhoB0.6_h1.0_h02.0_T80_RA3.0_steps100000,9.09969513,0.999394029
40.0,rhoA0.6_rhoB0.6_h1.0_h02.0_T80_RA3.0_steps100000,9.1205658,1.00168664
40.0,rhoA0.6_rhoB0.6_h1.0_h02.0_T80_RA3.0_steps100000,9.14137844,0.998988116
40.0,rhoA0.6_rhoB0.6_h1.0_h02.0_T80_RA3.0_steps100000,9.16237082,1.00150596
40.0,rhoA0.6_rhoB0.6_h1.0_h02.0_T80_RA3.0_steps100000,9.18339441,0.999237733
40.0,rhoA0.6_rhoB0.6_h1.0_h02.0_T80_RA3.0_steps100000,9.20447395,0.999093734
40.0,rhoA0.6_rhoB0.6_h1.0_h02.0_T80_RA3.0_steps100000,9.22549281,1.00088955
40.0,rhoA0.6_rhoB0.6_h1.0_h02.0_T80_RA3.0_steps100000,9.2463962,1.00143314
40.0,rhoA0.6_rhoB0.6_h1.0_h02.0_T80_RA3.0_steps100000,9.26722673,0.999280476
40.0,rhoA0.6_rhoB0.6_h1.0_h02.0_T80_RA3.0_steps100000,9.28791689,1.00120684
40.0,rhoA0.6_rhoB0.6_h1.0_h02.0_T80_RA3.0_steps100000,9.30892724,0.998275249
40.0,rhoA0.6_rhoB0.6_h1.0_h02.0_T80_RA3.0_steps100000,9.33003065,0.999523428
40.0,rhoA0.6_rhoB0.6_h1.0_h02.0_T80_RA3.0_steps100000,9.35102864,0.999724331
40.0,rhoA0.6_rhoB0.6_h1.0_h02.0_T80_RA3.0_steps100000,9.37196601,1.000207
40.0,rhoA0.6_rhoB0.6_h1.0_h02.0_T80_RA3.0_steps100000,9.39258783,1.00138108
40.0,rhoA0.6_rhoB0.6_h1.0_h02.0_T80_RA3.0_steps100000,9.41349621,0.99853872
40.0,rhoA0.6_rhoB0.6_h1.0_h02.0_T80_RA3.0_steps100000,9.4347927,0.999560147
40.0,rhoA0.6_rhoB0.6_h1.0_h02.0_T80_RA3.0_steps100000,9.45587737,0.999526285
40.0,rhoA0.6_rhoB0.6_h1.0_h02.0_T80_RA3.0_steps100000,9.47676866,0.999114158
40.0,rhoA0.6_rhoB0.6_h1.0_h02.0_T80_RA3.0_steps100000,9.49762777,0.999415817
40.0,rhoA0.6_rhoB0.6_h1.0_h02.0_T80_RA3.0_steps100000,9.51852362,1.00030632
40.0,rhoA0.6_rhoB0.6_h1.0_h02.0_T80_RA3.0_steps100000,9.53939795,1.00106215
40.0,rhoA0.6_rhoB0.6_h1.0_h02.0_T80_RA3.0_steps100000,9.56035551,0.999204178
40.0,rhoA0.6_rhoB0.6_h1.0_h02.0_T80_RA3.0_steps100000,9.58149741,0.999679872
40.0,rhoA0.6_rhoB0.6_h1.0_h02.0_T80_RA3.0_steps100000,9.60249587,1.00083018
40.0,rhoA0.6_rhoB0.6_h1.0_h02.0_T80_RA3.0_steps100000,9.62336478,0.998578515
40.0,rhoA0.6_rhoB0.6_h1.0_h02.0_T80_RA3.0_steps100000,9.64415055,1.00053397
40.0,rhoA0.6_rhoB0.6_h1.0_h02.0_T80_RA3.0_steps100000,9.66502224,0.998326835
40.0,rhoA0.6_rhoB0.6_h1.0_h02.0_T80_RA3.0_steps100000,9.68597433,0.999834276
40.0,rhoA0.6_rhoB0.6_h1.0_h02.0_T80_RA3.0_steps100000,9.7069728,1.00066588
40.0,rhoA0.6_rhoB0.6_h1.0_h02.0_T80_RA3.0_steps100000,9.72797765,0.998026489
40.0,rhoA0.6_rhoB0.6_h1.0_h02.0_T80_RA3.0_steps100000,9.74896401,1.00086447
40.0,rhoA0.6_rhoB0.6_h1.0_h02.0_T80_RA3.0_steps100000,9.76996217,1.00125373
40.0,rhoA0.6_rhoB0.6_h1.0_h02.0_T80_RA3.0_steps100000,9.79085678,0.998247709
40.0,rhoA0.6_rhoB0.6_h1.0_h02.0_T80_RA3.0_steps100000,9.81166698,1.00058998
40.0,rhoA0.6_rhoB0.6_h1.0_h02.0_T80_RA3.0_steps100000,9.83262494,1.00087875
40.0,rhoA0.6_rhoB0.6_h1.0_h02.0_T80_RA3.0_steps100000,9.85372265,0.999703762
40.0,rhoA0.6_rhoB0.6_h1.0_h02.0_T80_RA3.0_steps100000,9.87472665,0.999976433
40.0,rhoA0.6_rhoB0.6_h1.0_h02.0_T80_RA3.0_steps100000,9.89559934,0.998915426
40.0,rhoA0.6_rhoB0.6_h1.0_h02.0_T80_RA3.0_steps100000,9.91635289,0.997003905
40.0,rhoA0.6_rhoB0.6_h1.0_h02.0_T80_RA3.0_steps100000,9.93737645,0.999685854
40.0,rhoA0.6_rhoB0.6_h1.0_h02.0_T80_RA3.0_steps100000,9.95856995,0.997382047
40.0,rhoA0.6_rhoB0.6_h1.0_h02.0_T80_RA3.0_steps100000,9.97940815,1.00148864
40.0,rhoA0.6_rhoB0.6_h1.0_h02.0_T80_RA3.0_steps100000,10.000082,0.998754778
50.0,rhoA0.6_rhoB0.6_h1.0_h02.0_T100_RA3.0_steps100000,0.0252815853,0.968640626
50.0,rhoA0.6_rhoB0.6_h1.0_h02.0_T100_RA3.0_steps100000,0.0486976344,1.02016316
50.0,rhoA0.6_rhoB0.6_h1.0_h02.0_T100_RA3.0_steps100000,0.0692644017,0.994946345
50.0,rhoA0.6_rhoB0.6_h1.0_h02.0_T100_RA3.0_steps100000,0.08877835,1.00642648
50.0,rhoA0.6_rhoB0.6_h1.0_h02.0_T100_RA3.0_steps100000,0.111604297,0.993322902
50.0,rhoA0.6_rhoB0.6_h1.0_h02.0_T100_RA3.0_steps100000,0.132731806,1.00383049
50.0,rhoA0.6_rhoB0.6_h1.0_h02.0_T100_RA3.0_steps100000,0.153672181,0.989474553
50.0,rhoA0.6_rhoB0.6_h1.0_h02.0_T100_RA3.0_steps100000,0.175641863,1.00813684
50.0,rhoA0.6_rhoB0.6_h1.0_h02.0_T100_RA3.0_steps100000,0.196615509,0.998919635
50.0,rhoA0.6_rhoB0.6_h1.0_h02.0_T100_RA3.0_steps100000,0.217326708,0.993914208
50.0,rhoA0.6_rhoB0.6_h1.0_h02.0_T100_RA3.0_steps100000,0.237538457,1.00610267
50.0,rhoA0.6_rhoB0.6_h1.0_h02.0_T100_RA3.0_steps100000,0.258148683,1.00032975
50.0,rhoA0.6_rhoB0.6_h1.0_h02.0_T100_RA3.0_steps100000,0.28040349,0.993114697
50.0,rhoA0.6_rhoB0.6_h1.0_h02.0_T100_RA3.0_steps100000,0.301929084,0.997041368
50.0,rhoA0.6_rhoB0.6_h1.0_h02.0_T100_RA3.0_steps100000,0.322287413,0.997860988
50.0,rhoA0.6_rhoB0.6_h1.0_h02.0_T100_RA3.0_steps100000,0.342663331,1.00332074
50.0,rhoA0.6_rhoB0.6_h1.0_h02.0_T100_RA3.0_steps100000,0.363641289,0.994979085
50.0,rhoA0.6_rhoB0.6_h1.0_h02.0_T100_RA3.0_steps100000,0.385602948,0.997310818
50.0,rhoA0.6_rhoB0.6_h1.0_h02.0_T100_RA3.0_steps100000,0.406737165,1.00837083
50.0,rhoA0.6_rhoB0.6_h1.0_h02.0_T100_RA3.0_steps100000,0.427001871,1.00709805
50.0,rhoA0.6_rhoB0.6_h1.0_h02.0_T100_RA3.0_steps100000,0.448754416,1.0016293
50.0,rhoA0.6_rhoB0.6_h1.0_h02.0_T100_RA3.0_steps100000,0.469601745,0.998297784
50.0,rhoA0.6_rhoB0.6_h1.0_h02.0_T100_RA3.0_steps100000,0.489805379,1.00510751
50.0,rhoA0.6_rhoB0.6_h1.0_h02.0_T100_RA3.0_steps100000,0.510302494,1.00092272
50.0,rhoA0.6_rhoB0.6_h1.0_h02.0_T100_RA3.0_steps100000,0.53178319,0.995268238
50.0,rhoA0.6_rhoB0.6_h1.0_h02.0_T100_RA3.0_steps100000,0.553922362,0.999834641
50.0,rhoA0.6_rhoB0.6_h1.0_h02.0_T100_RA3.0_steps100000,0.574670041,0.992724236
50.0,rhoA0.6_rhoB0.6_h1.0_h02.0_T100_RA3.0_steps100000,0.594645701,1.00289307
50.0,rhoA0.6_rhoB0.6_h1.0_h02.0_T100_RA3.0_steps100000,0.615540037,1.00004991
50.0,rhoA0.6_rhoB0.6_h1.0_h02.0_T100_RA3.0_steps100000,0.636554081,1.00387161
50.0,rhoA0.6_rhoB0.6_h1.0_h02.0_T100_RA3.0_steps100000,0.658102417,0.998973324
50.0,rhoA0.6_rhoB0.6_h1.0_h02.0_T100_RA3.0_steps100000,0.679189641,1.00286871
50.0,rhoA0.6_rhoB0.6_h1.0_h02.0_T100_RA3.0_steps100000,0.700054044,0.995133454
50.0,rhoA0.6_rhoB0.6_h1.0_h02.0_T100_RA3.0_steps100000,0.721329826,1.00428276
50.0,rhoA0.6_rhoB0.6_h1.0_h02.0_T100_RA3.0_steps100000,0.742033923,0.999211191
50.0,rhoA0.6_rhoB0.6_h1.0_h02.0_T100_RA3.0_steps100000,0.762614581,1.00394601
50.0,rhoA0.6_rhoB0.6_h1.0_h02.0_T100_RA3.0_steps100000,0.783270495,0.999097311
50.0,rhoA0.6_rhoB0.6_h1.0_h02.0_T100_RA3.0_steps100000,0.804783918,1.0025139
50.0,rhoA0.6_rhoB0.6_h1.0_h02.0_T100_RA3.0_steps100000,0.826095906,1.003812
50.0,rhoA0.6_rhoB0.6_h1.0_h02.0_T100_RA3.0_steps100000,0.846303977,1.00796443
50.0,rhoA0.6_rhoB0.6_h1.0_h02.0_T100_RA3.0_steps100000,0.867174819,1.00211757
50.0,rhoA0.6_rhoB0.6_h1.0_h02.0_T100_RA3.0_steps100000,0.888413258,1.00010553
50.0,rhoA0.6_rhoB0.6_h1.0_h02.0_T100_RA3.0_steps100000,0.909910564,0.98662346
50.0,rhoA0.6_rhoB0.6_h1.0_h02.0_T100_RA3.0_steps100000,0.931134698,0.998603217
50.0,rhoA0.6_rhoB0.6_h1.0_h02.0_T100_RA3.0_steps100000,0.951563161,1.00347551
50.0,rhoA0.6_rhoB0.6_h1.0_h02.0_T100_RA3.0_steps100000,0.972160451,1.00016198
50.0,rhoA0.6_rhoB0.6_h1.0_h02.0_T100_RA3.0_steps100000,0.993008165,0.992705472
50.0,rhoA0.6_rhoB0.6_h1.0_h02.0_T100_RA3.0_steps100000,1.0140906,1.00230736
50.0,rhoA0.6_rhoB0.6_h1.0_h02.0_T100_RA3.0_steps100000,1.03500338,1.00009414
50.0,rhoA0.6_rhoB0.6_h1.0_h02.0_T100_RA3.0_steps100000,1.05657413,0.999617248
50.0,rhoA0.6_rhoB0.6_h1.0_h02.0_T100_RA3.0_steps100000,1.07789814,1.0034882
50.0,rhoA0.6_rhoB0.6_h1.0_h02.0_T100_RA3.0_steps100000,1.09835045,1.00368512
50.0,rhoA0.6_rhoB0.6_h1.0_h02.0_T100_RA3.0_steps100000,1.11903902,0.994710237
50.0,rhoA0.6_rhoB0.6_h1.0_h02.0_T100_RA3.0_steps100000,1.1396405,1.00195542
50.0,rhoA0.6_rhoB0.6_h1.0_h02.0_T100_RA3.0_steps100000,1.16109193,0.993746855
50.0,rhoA0.6_rhoB0.6_h1.0_h02.0_T100_RA3.0_steps100000,1.18227503,0.997380506
50.0,rhoA0.6_rhoB0.6_h1.0_h02.0_T100_RA3.0_steps100000,1.2030555,1.0005776
50.0,rhoA0.6_rhoB0.6_h1.0_h02.0_T100_RA3.0_steps100000,1.22375183,1.00714455
50.0,rhoA0.6_rhoB0.6_h1.0_h02.0_T100_RA3.0_steps100000,1.24453484,0.999975751
50.0,rhoA0.6_rhoB0.6_h1.0_h02.0_T100_RA3.0_steps100000,1.26570671,0.999937211
50.0,rhoA0.6_rhoB0.6_h1.0_h02.0_T100_RA3.0_steps100000,1.28693994,0.999749747
50.0,rhoA0.6_rhoB0.6_h1.0_h02.0_T100_RA3.0_steps100000,1.30807124,0.997332547
50.0,rhoA0.6_rhoB0.6_h1.0_h02.0_T100_RA3.0_steps100000,1.32889646,0.998354987
50.0,rhoA0.6_rhoB0.6_h1.0_h02.0_T100_RA3.0_steps100000,1.34945121,0.995499308
50.0,rhoA0.6_rhoB0.6_h1.0_h02.0_T100_RA3.0_steps100000,1.37055188,0.99728436
50.0,rhoA0.6_rhoB0.6_h1.0_h02.0_T100_RA3.0_steps100000,1.39148285,1.00445405
50.0,rhoA0.6_rhoB0.6_h1.0_h02.0_T100_RA3.0_steps100000,1.41220445,0.997112937
50.0,rhoA0.6_rhoB0.6_h1.0_h02.0_T100_RA3.0_steps100000,1.43352474,1.00094206
50.0,rhoA0.6_rhoB0.6_h1.0_h02.0_T100_RA3.0_steps100000,1.45454751,1.00264123
50.0,rhoA0.6_rhoB0.6_h1.0_h02.0_T100_RA3.0_steps100000,1.47511055,1.00083056
50.0,rhoA0.6_rhoB0.6_h1.0_h02.0_T100_RA3.0_steps100000,1.49566583,1.00028639
50.0,rhoA0.6_rhoB0.6_h1.0_h02.0_T100_RA3.0_steps100000,1.51690776,0.997563557
50.0,rhoA0.6_rhoB0.6_h1.0_h02.0_T100_RA3.0_steps100000,1.53826425,1.00413838
50.0,rhoA0.6_rhoB0.6_h1.0_h02.0_T100_RA3.0_steps100000,1.55931449,1.00457597
50.0,rhoA0.6_rhoB0.6_h1.0_h02.0_T100_RA3.0_steps100000,1.58012172,1.00103269
50.0,rhoA0.6_rhoB0.6_h1.0_h02.0_T100_RA3.0_steps100000,1.60114355,0.993526669
50.0,rhoA0.6_rhoB0.6_h1.0_h02.0_T100_RA3.0_steps100000,1.62229155,1.00011584
50.0,rhoA0.6_rhoB0.6_h1.0_h02.0_T100_RA3.0_steps100000,1.64295947,1.00103718
50.0,rhoA0.6_rhoB0.6_h1.0_h02.0_T100_RA3.0_steps100000,1.66366432,0.999651052
50.0,rhoA0.6_rhoB0.6_h1.0_h02.0_T100_RA3.0_steps100000,1.68478217,1.00083843
50.0,rhoA0.6_rhoB0.6_h1.0_h02.0_T100_RA3.0_steps100000,1.7057485,0.994776089
50.0,rhoA0.6_rhoB0.6_h1.0_h02.0_T100_RA3.0_steps100000,1.72683745,0.994087728
50.0,rhoA0.6_rhoB0.6_h1.0_h02.0_T100_RA3.0_steps100000,1.74765849,0.999145123
50.0,rhoA0.6_rhoB0.6_h1.0_h02.0_T100_RA3.0_steps100000,1.76847487,0.994773736
50.0,rhoA0.6_rhoB0.6_h1.0_h02.0_T100_RA3.0_steps100000,1.78961871,1.0061763
50.0,rhoA0.6_rhoB0.6_h1.0_h02.0_T100_RA3.0_steps100000,1.81086098,1.00077939
50.0,rhoA0.6_rhoB0.6_h1.0_h02.0_T100_RA3.0_steps100000,1.83179094,1.00565902
50.0,rhoA0.6_rhoB0.6_h1.0_h02.0_T100_RA3.0_steps100000,1.8521746,1.00308831
50.0,rhoA0.6_rhoB0.6_h1.0_h02.0_T100_RA3.0_steps100000,1.8733654,0.999260381
50.0,rhoA0.6_rhoB0.6_h1.0_h02.0_T100_RA3.0_steps100000,1.89455538,1.00052179
50.0,rhoA0.6_rhoB0.6_h1.0_h02.0_T100_RA3.0_steps100000,1.91534795,1.00271239
50.0,rhoA0.6_rhoB0.6_h1.0_h02.0_T100_RA3.0_steps100000,1.93623233,0.997986354
50.0,rhoA0.6_rhoB0.6_h1.0_h02.0_T100_RA3.0_steps100000,1.9571481,1.00239633
50.0,rhoA0.6_rhoB0.6_h1.0_h02.0_T100_RA3.0_steps100000,1.97825109,1.00625129
50.0,rhoA0.6_rhoB0.6_h1.0_h02.0_T100_RA3.0_steps100000,1.99905898,0.998402654
50.0,rhoA0.6_rhoB0.6_h1.0_h02.0_T100_RA3.0_steps100000,2.01966715,1.00311491
50.0,rhoA0.6_rhoB0.6_h1.0_h02.0_T100_RA3.0_steps100000,2.04082415,0.99689248
50.0,rhoA0.6_rhoB0.6_h1.0_h02.0_T100_RA3.0_steps100000,2.06193171,0.998829046
50.0,rhoA0.6_rhoB0.6_h1.0_h02.0_T100_RA3.0_steps100000,2.08296048,1.00053758
50.0,rhoA0.6_rhoB0.6_h1.0_h02.0_T100_RA3.0_steps100000,2.10383017,0.999727965
50.0,rhoA0.6_rhoB0.6_h1.0_h02.0_T100_RA3.0_steps100000,2.12494312,1.00090943
50.0,rhoA0.6_rhoB0.6_h1.0_h02.0_T100_RA3.0_steps100000,2.14618475,1.00007185
50.0,rhoA0.6_rhoB0.6_h1.0_h02.0_T100_RA3.0_steps100000,2.16679298,1.00321324
50.0,rhoA0.6_rhoB0.6_h1.0_h02.0_T100_RA3.0_steps100000,2.18753482,1.00301011
50.0,rhoA0.6_rhoB0.6_h1.0_h02.0_T100_RA3.0_steps100000,2.20847027,0.999961233
50.0,rhoA0.6_rhoB0.6_h1.0_h02.0_T100_RA3.0_steps100000,2.22955181,0.999656643
50.0,rhoA0.6_rhoB0.6_h1.0_h02.0_T100_RA3.0_steps100000,2.25078374,0.998900228
50.0,rhoA0.6_rhoB0.6_h1.0_h02.0_T100_RA3.0_steps100000,2.27150159,1.00213188
50.0,rhoA0.6_rhoB0.6_h1.0_h02.0_T100_RA3.0_steps100000,2.29205574,1.00192148
50.0,rhoA0.6_rhoB0.6_h1.0_h02.0_T100_RA3.0_steps100000,2.31294326,0.998863729
50.0,rhoA0.6_rhoB0.6_h1.0_h02.0_T100_RA3.0_steps100000,2.3340363,1.00126094
50.0,rhoA0.6_rhoB0.6_h1.0_h02.0_T100_RA3.0_steps100000,2.35514399,1.00139293
50.0,rhoA0.6_rhoB0.6_h1.0_h02.0_T100_RA3.0_steps100000,2.37607726,1.00281042
50.0,rhoA0.6_rhoB0.6_h1.0_h02.0_T100_RA3.0_steps100000,2.39730341,1.00101098
50.0,rhoA0.6_rhoB0.6_h1.0_h02.0_T100_RA3.0_steps100000,2.41857203,1.00195596
50.0,rhoA0.6_rhoB0.6_h1.0_h02.0_T100_RA3.0_steps100000,2.43911056,1.00266604
50.0,rhoA0.6_rhoB0.6_h1.0_h02.0_T100_RA3.0_steps100000,2.45988005,0.99505747
50.0,rhoA0.6_rhoB0.6_h1.0_h02.0_T100_RA3.0_steps100000,2.48094151,1.0027149
50.0,rhoA0.6_rhoB0.6_h1.0_h02.0_T100_RA3.0_steps100000,2.50196601,1.00105884
50.0,rhoA0.6_rhoB0.6_h1.0_h02.0_T100_RA3.0_steps100000,2.52300496,1.00099914
50.0,rhoA0.6_rhoB0.6_h1.0_h02.0_T100_RA3.0_steps100000,2.54340089,0.998913362
50.0,rhoA0.6_rhoB0.6_h1.0_h02.0_T100_RA3.0_steps100000,2.56415297,1.00207481
50.0,rhoA0.6_rhoB0.6_h1.0_h02.0_T100_RA3.0_steps100000,2.58575836,0.998661547
50.0,rhoA0.6_rhoB0.6_h1.0_h02.0_T100_RA3.0_steps100000,2.60684428,0.999695248
50.0,rhoA0.6_rhoB0.6_h1.0_h02.0_T100_RA3.0_steps100000,2.62775949,1.00113617
50.0,rhoA0.6_rhoB0.6_h1.0_h02.0_T100_RA3.0_steps100000,2.64834355,0.997869497
50.0,rhoA0.6_rhoB0.6_h1.0_h02.0_T100_RA3.0_steps100000,2.66912062,1.00085626
50.0,rhoA0.6_rhoB0.6_h1.0_h02.0_T100_RA3.0_steps100000,2.69039946,1.00050307
50.0,rhoA0.6_rhoB0.6_h1.0_h02.0_T100_RA3.0_steps100000,2.71121518,1.00020355
50.0,rhoA0.6_rhoB0.6_h1.0_h02.0_T100_RA3.0_steps100000,2.7321837,0.998567377
50.0,rhoA0.6_rhoB0.6_h1.0_h02.0_T100_RA3.0_steps100000,2.75306239,0.99630445
50.0,rhoA0.6_rhoB0.6_h1.0_h02.0_T100_RA3.0_steps100000,2.77427049,0.997262366
50.0,rhoA0.6_rhoB0.6_h1.0_h02.0_T100_RA3.0_steps100000,2.79557932,0.997941917
50.0,rhoA0.6_rhoB0.6_h1.0_h02.0_T100_RA3.0_steps100000,2.8160646,1.00055776
50.0,rhoA0.6_rhoB0.6_h1.0_h02.0_T100_RA3.0_steps100000,2.83689478,0.997513795
50.0,rhoA0.6_rhoB0.6_h1.0_h02.0_T100_RA3.0_steps100000,2.85801727,1.00011774
50.0,rhoA0.6_rhoB0.6_h1.0_h02.0_T100_RA3.0_steps100000,2.87906973,1.00410473
50.0,rhoA0.6_rhoB0.6_h1.0_h02.0_T100_RA3.0_steps100000,2.89996898,1.0028762
50.0,rhoA0.6_rhoB0.6_h1.0_h02.0_T100_RA3.0_steps100000,2.92062944,1.0023578
50.0,rhoA0.6_rhoB0.6_h1.0_h02.0_T100_RA3.0_steps100000,2.941605,0.999074061
50.0,rhoA0.6_rhoB0.6_h1.0_h02.0_T100_RA3.0_steps100000,2.96267076,0.998658208
50.0,rhoA0.6_rhoB0.6_h1.0_h02.0_T100_RA3.0_steps100000,2.98347442,0.995461413
50.0,rhoA0.6_rhoB0.6_h1.0_h02.0_T100_RA3.0_steps100000,3.00437656,1.00110904
50.0,rhoA0.6_rhoB0.6_h1.0_h02.0_T100_RA3.0_steps100000,3.02542142,1.00109269
50.0,rhoA0.6_rhoB0.6_h1.0_h02.0_T100_RA3.0_steps100000,3.04658726,0.99854729
50.0,rhoA0.6_rhoB0.6_h1.0_h02.0_T100_RA3.0_steps100000,3.06768101,0.999187836
50.0,rhoA0.6_rhoB0.6_h1.0_h02.0_T100_RA3.0_steps100000,3.088328,0.999010326
50.0,rhoA0.6_rhoB0.6_h1.0_h02.0_T100_RA3.0_steps100000,3.10931167,0.999076771
50.0,rhoA0.6_rhoB0.6_h1.0_h02.0_T100_RA3.0_steps100000,3.1305457,1.00015634
50.0,rhoA0.6_rhoB0.6_h1.0_h02.0_T100_RA3.0_steps100000,3.15150209,0.998932622
50.0,rhoA0.6_rhoB0.6_h1.0_h02.0_T100_RA3.0_steps100000,3.17219014,0.999278189
50.0,rhoA0.6_rhoB0.6_h1.0_h02.0_T100_RA3.0_steps100000,3.19299024,0.999238581
50.0,rhoA0.6_rhoB0.6_h1.0_h02.0_T100_RA3.0_steps100000,3.21390436,1.00260674
50.0,rhoA0.6_rhoB0.6_h1.0_h02.0_T100_RA3.0_steps100000,3.23506564,1.00119781
50.0,rhoA0.6_rhoB0.6_h1.0_h02.0_T100_RA3.0_steps100000,3.25605387,1.00061752
50.0,rhoA0.6_rhoB0.6_h1.0_h02.0_T100_RA3.0_steps100000,3.27685776,0.997192088
50.0,rhoA0.6_rhoB0.6_h1.0_h02.0_T100_RA3.0_steps100000,3.29794723,1.00091401
50.0,rhoA0.6_rhoB0.6_h1.0_h02.0_T100_RA3.0_steps100000,3.31884778,1.0005721
50.0,rhoA0.6_rhoB0.6_h1.0_h02.0_T100_RA3.0_steps100000,3.33944269,0.999193768
50.0,rhoA0.6_rhoB0.6_h1.0_h02.0_T100_RA3.0_steps100000,3.36030612,1.00020386
50.0,rhoA0.6_rhoB0.6_h1.0_h02.0_T100_RA3.0_steps100000,3.38171654,0.999858041
50.0,rhoA0.6_rhoB0.6_h1.0_h02.0_T100_RA3.0_steps100000,3.40297495,0.998257098
50.0,rhoA0.6_rhoB0.6_h1.0_h02.0_T100_RA3.0_steps100000,3.42370792,1.00202881
50.0,rhoA0.6_rhoB0.6_h1.0_h02.0_T100_RA3.0_steps100000,3.44440875,1.00072838
50.0,rhoA0.6_rhoB0.6_h1.0_h02.0_T100_RA3.0_steps100000,3.465315,0.997311613
50.0,rhoA0.6_rhoB0.6_h1.0_h02.0_T100_RA3.0_steps100000,3.4865867,1.00075294
50.0,rhoA0.6_rhoB0.6_h1.0_h02.0_T100_RA3.0_steps100000,3.50751221,0.999003263
50.0,rhoA0.6_rhoB0.6_h1.0_h02.0_T100_RA3.0_steps100000,3.52796741,1.00210631
50.0,rhoA0.6_rhoB0.6_h1.0_h02.0_T100_RA3.0_steps100000,3.5488788,1.00032237
50.0,rhoA0.6_rhoB0.6_h1.0_h02.0_T100_RA3.0_steps100000,3.57014151,1.00110763
50.0,rhoA0.6_rhoB0.6_h1.0_h02.0_T100_RA3.0_steps100000,3.59120365,1.00177117
50.0,rhoA0.6_rhoB0.6_h1.0_h02.0_T100_RA3.0_steps100000,3.61190928,1.00288347
50.0,rhoA0.6_rhoB0.6_h1.0_h02.0_T100_RA3.0_steps100000,3.63300558,1.00324719
50.0,rhoA0.6_rhoB0.6_h1.0_h02.0_T100_RA3.0_steps100000,3.6541422,1.0025613
50.0,rhoA0.6_rhoB0.6_h1.0_h02.0_T100_RA3.0_steps100000,3.67500902,1.00113027
50.0,rhoA0.6_rhoB0.6_h1.0_h02.0_T100_RA3.0_steps100000,3.69581564,1.001116
50.0,rhoA0.6_rhoB0.6_h1.0_h02.0_T100_RA3.0_steps100000,3.71644729,0.99890675
50.0,rhoA0.6_rhoB0.6_h1.0_h02.0_T100_RA3.0_steps100000,3.73749774,0.997682073
50.0,rhoA0.6_rhoB0.6_h1.0_h02.0_T100_RA3.0_steps100000,3.75868086,0.999916621
50.0,rhoA0.6_rhoB0.6_h1.0_h02.0_T100_RA3.0_steps100000,3.77950549,1.00075181
50.0,rhoA0.6_rhoB0.6_h1.0_h02.0_T100_RA3.0_steps100000,3.80027286,0.999260989
50.0,rhoA0.6_rhoB0.6_h1.0_h02.0_T100_RA3.0_steps100000,3.82143123,0.998294364
50.0,rhoA0.6_rhoB0.6_h1.0_h02.0_T100_RA3.0_steps100000,3.84280481,0.997846603
50.0,rhoA0.6_rhoB0.6_h1.0_h02.0_T100_RA3.0_steps100000,3.86349282,0.996109574
50.0,rhoA0.6_rhoB0.6_h1.0_h02.0_T100_RA3.0_steps100000,3.88417456,1.00027256
50.0,rhoA0.6_rhoB0.6_h1.0_h02.0_T100_RA3.0_steps100000,3.90535419,1.00061026
50.0,rhoA0.6_rhoB0.6_h1.0_h02.0_T100_RA3.0_steps100000,3.9264697,1.00190213
50.0,rhoA0.6_rhoB0.6_h1.0_h02.0_T100_RA3.0_steps100000,3.94738681,1.00097505
50.0,rhoA0.6_rhoB0.6_h1.0_h02.0_T100_RA3.0_steps100000,3.96810309,1.00239718
50.0,rhoA0.6_rhoB0.6_h1.0_h02.0_T100_RA3.0_steps100000,3.98888694,1.00270068
50.0,rhoA0.6_rhoB0.6_h1.0_h02.0_T100_RA3.0_steps100000,4.00993371,1.00330548
50.0,rhoA0.6_rhoB0.6_h1.0_h02.0_T100_RA3.0_steps100000,4.03080983,0.996304317
50.0,rhoA0.6_rhoB0.6_h1.0_h02.0_T100_RA3.0_steps100000,4.05178039,0.998767095
50.0,rhoA0.6_rhoB0.6_h1.0_h02.0_T100_RA3.0_steps100000,4.07276799,1.00170483
50.0,rhoA0.6_rhoB0.6_h1.0_h02.0_T100_RA3.0_steps100000,4.09368684,1.00303195
50.0,rhoA0.6_rhoB0.6_h1.0_h02.0_T100_RA3.0_steps100000,4.11485609,0.999292267
50.0,rhoA0.6_rhoB0.6_h1.0_h02.0_T100_RA3.0_steps100000,4.13583188,0.999316841
50.0,rhoA0.6_rhoB0.6_h1.0_h02.0_T100_RA3.0_steps100000,4.15670688,0.999167868
50.0,rhoA0.6_rhoB0.6_h1.0_h02.0_T100_RA3.0_steps100000,4.17758774,1.00003229
50.0,rhoA0.6_rhoB0.6_h1.0_h02.0_T100_RA3.0_steps100000,4.19867141,0.9997389
50.0,rhoA0.6_rhoB0.6_h1.0_h02.0_T100_RA3.0_steps100000,4.21961517,0.999838003
50.0,rhoA0.6_rhoB0.6_h1.0_h02.0_T100_RA3.0_steps100000,4.24013393,1.00026815
50.0,rhoA0.6_rhoB0.6_h1.0_h02.0_T100_RA3.0_steps100000,4.26119077,1.00149575
50.0,rhoA0.6_rhoB0.6_h1.0_h02.0_T100_RA3.0_steps100000,4.28239268,1.00172657
50.0,rhoA0.6_rhoB0.6_h1.0_h02.0_T100_RA3.0_steps100000,4.30342826,0.999417662
50.0,rhoA0.6_rhoB0.6_h1.0_h02.0_T100_RA3.0_steps100000,4.32431592,0.99838422
50.0,rhoA0.6_rhoB0.6_h1.0_h02.0_T100_RA3.0_steps100000,4.34508479,0.999810219
50.0,rhoA0.6_rhoB0.6_h1.0_h02.0_T100_RA3.0_steps100000,4.36604259,0.998440738
50.0,rhoA0.6_rhoB0.6_h1.0_h02.0_T100_RA3.0_steps100000,4.38708086,1.00021597
50.0,rhoA0.6_rhoB0.6_h1.0_h02.0_T100_RA3.0_steps100000,4.40778797,1.00030455
50.0,rhoA0.6_rhoB0.6_h1.0_h02.0_T100_RA3.0_steps100000,4.4288526,0.997677329
50.0,rhoA0.6_rhoB0.6_h1.0_h02.0_T100_RA3.0_steps100000,4.44994967,0.997652843
50.0,rhoA0.6_rhoB0.6_h1.0_h02.0_T100_RA3.0_steps100000,4.47085438,0.997851561
50.0,rhoA0.6_rhoB0.6_h1.0_h02.0_T100_RA3.0_steps100000,4.49188801,1.00217641
50.0,rhoA0.6_rhoB0.6_h1.0_h02.0_T100_RA3.0_steps100000,4.51250216,0.998303803
50.0,rhoA0.6_rhoB0.6_h1.0_h02.0_T100_RA3.0_steps100000,4.5334461,0.999296045
50.0,rhoA0.6_rhoB0.6_h1.0_h02.0_T100_RA3.0_steps100000,4.55463591,1.00001428
50.0,rhoA0.6_rhoB0.6_h1.0_h02.0_T100_RA3.0_steps100000,4.57547609,1.00162783
50.0,rhoA0.6_rhoB0.6_h1.0_h02.0_T100_RA3.0_steps100000,4.59643311,1.00222983
50.0,rhoA0.6_rhoB0.6_h1.0_h02.0_T100_RA3.0_steps100000,4.61732903,0.999759713
50.0,rhoA0.6_rhoB0.6_h1.0_h02.0_T100_RA3.0_steps100000,4.63833098,0.999115559
50.0,rhoA0.6_rhoB0.6_h1.0_h02.0_T100_RA3.0_steps100000,4.65949324,1.00002365
50.0,rhoA0.6_rhoB0.6_h1.0_h02.0_T100_RA3.0_steps100000,4.68039693,1.00192074
50.0,rhoA0.6_rhoB0.6_h1.0_h02.0_T100_RA3.0_steps100000,4.70136745,1.00115955
50.0,rhoA0.6_rhoB0.6_h1.0_h02.0_T100_RA3.0_steps100000,4.72221533,1.00143275
50.0,rhoA0.6_rhoB0.6_h1.0_h02.0_T100_RA3.0_steps100000,4.74309374,0.998971549
50.0,rhoA0.6_rhoB0.6_h1.0_h02.0_T100_RA3.0_steps100000,4.76390784,0.998845621
50.0,rhoA0.6_rhoB0.6_h1.0_h02.0_T100_RA3.0_steps100000,4.78491795,0.998780434
50.0,rhoA0.6_rhoB0.6_h1.0_h02.0_T100_RA3.0_steps100000,4.80636204,0.99917058
50.0,rhoA0.6_rhoB0.6_h1.0_h02.0_T100_RA3.0_steps100000,4.82728449,1.00133779
50.0,rhoA0.6_rhoB0.6_h1.0_h02.0_T100_RA3.0_steps100000,4.84785524,0.999805701
50.0,rhoA0.6_rhoB0.6_h1.0_h02.0_T100_RA3.0_steps100000,4.86859731,0.999270179
50.0,rhoA0.6_rhoB0.6_h1.0_h02.0_T100_RA3.0_steps100000,4.88954319,0.999738891
50.0,rhoA0.6_rhoB0.6_h1.0_h02.0_T100_RA3.0_steps100000,4.91078695,0.999683832
50.0,rhoA0.6_rhoB0.6_h1.0_h02.0_T100_RA3.0_steps100000,4.93172016,0.998806703
50.0,rhoA0.6_rhoB0.6_h1.0_h02.0_T100_RA3.0_steps100000,4.95244063,0.996990529
50.0,rhoA0.6_rhoB0.6_h1.0_h02.0_T100_RA3.0_steps100000,4.97348932,1.0014128
50.0,rhoA0.6_rhoB0.6_h1.0_h02.0_T100_RA3.0_steps100000,4.994309,1.00000466
50.0,rhoA0.6_rhoB0.6_h1.0_h02.0_T100_RA3.0_steps100000,5.01515697,0.999568401
50.0,rhoA0.6_rhoB0.6_h1.0_h02.0_T100_RA3.0_steps100000,5.03598003,0.996908791
50.0,rhoA0.6_rhoB0.6_h1.0_h02.0_T100_RA3.0_steps100000,5.05703237,0.999095664
50.0,rhoA0.6_rhoB0.6_h1.0_h02.0_T100_RA3.0_steps100000,5.07840332,0.999118103
50.0,rhoA0.6_rhoB0.6_h1.0_h02.0_T100_RA3.0_steps100000,5.09943841,0.997083862
50.0,rhoA0.6_rhoB0.6_h1.0_h02.0_T100_RA3.0_steps100000,5.12032938,0.999144347
50.0,rhoA0.6_rhoB0.6_h1.0_h02.0_T100_RA3.0_steps100000,5.14107614,0.998547827
50.0,rhoA0.6_rhoB0.6_h1.0_h02.0_T100_RA3.0_steps100000,5.16214077,0.999979305
50.0,rhoA0.6_rhoB0.6_h1.0_h02.0_T100_RA3.0_steps100000,5.18341099,0.999849463
50.0,rhoA0.6_rhoB0.6_h1.0_h02.0_T100_RA3.0_steps100000,5.2041075,1.00056427
50.0,rhoA0.6_rhoB0.6_h1.0_h02.0_T100_RA3.0_steps100000,5.22477891,0.997255144
50.0,rhoA0.6_rhoB0.6_h1.0_h02.0_T100_RA3.0_steps100000,5.24557967,0.999211211
50.0,rhoA0.6_rhoB0.6_h1.0_h02.0_T100_RA3.0_steps100000,5.26649236,0.998655893
50.0,rhoA0.6_rhoB0.6_h1.0_h02.0_T100_RA3.0_steps100000,5.28753131,1.00250273
50.0,rhoA0.6_rhoB0.6_h1.0_h02.0_T100_RA3.0_steps100000,5.30847064,1.000147
50.0,rhoA0.6_rhoB0.6_h1.0_h02.0_T100_RA3.0_steps100000,5.32946745,0.998162547
50.0,rhoA0.6_rhoB0.6_h1.0_h02.0_T100_RA3.0_steps100000,5.3506922,0.999179051
50.0,rhoA0.6_rhoB0.6_h1.0_h02.0_T100_RA3.0_steps100000,5.37158853,1.00157975
50.0,rhoA0.6_rhoB0.6_h1.0_h02.0_T100_RA3.0_steps100000,5.39231925,1.00198075
50.0,rhoA0.6_rhoB0.6_h1.0_h02.0_T100_RA3.0_steps100000,5.41333352,0.999292672
50.0,rhoA0.6_rhoB0.6_h1.0_h02.0_T100_RA3.0_steps100000,5.43434316,0.999408839
50.0,rhoA0.6_rhoB0.6_h1.0_h02.0_T100_RA3.0_steps100000,5.45530659,1.00227787
50.0,rhoA0.6_rhoB0.6_h1.0_h02.0_T100_RA3.0_steps100000,5.47618498,1.00042512
50.0,rhoA0.6_rhoB0.6_h1.0_h02.0_T100_RA3.0_steps100000,5.49715755,1.00197965
50.0,rhoA0.6_rhoB0.6_h1.0_h02.0_T100_RA3.0_steps100000,5.51801586,1.00120657
50.0,rhoA0.6_rhoB0.6_h1.0_h02.0_T100_RA3.0_steps100000,5.53881995,1.00111093
50.0,rhoA0.6_rhoB0.6_h1.0_h02.0_T100_RA3.0_steps100000,5.55992514,0.999365606
50.0,rhoA0.6_rhoB0.6_h1.0_h02.0_T100_RA3.0_steps100000,5.58098545,1.00225464
50.0,rhoA0.6_rhoB0.6_h1.0_h02.0_T100_RA3.0_steps100000,5.60183772,0.999757141
50.0,rhoA0.6_rhoB0.6_h1.0_h02.0_T100_RA3.0_steps100000,5.62277584,1.00023676
50.0,rhoA0.6_rhoB0.6_h1.0_h02.0_T100_RA3.0_steps100000,5.64379172,1.00193865
50.0,rhoA0.6_rhoB0.6_h1.0_h02.0_T100_RA3.0_steps100000,5.66460817,0.997707225
50.0,rhoA0.6_rhoB0.6_h1.0_h02.0_T100_RA3.0_steps100000,5.68556022,0.999635673
50.0,rhoA0.6_rhoB0.6_h1.0_h02.0_T100_RA3.0_steps100000,5.7067909,1.00059805
50.0,rhoA0.6_rhoB0.6_h1.0_h02.0_T100_RA3.0_steps100000,5.72769317,0.999038354
50.0,rhoA0.6_rhoB0.6_h1.0_h02.0_T100_RA3.0_steps100000,5.74840017,1.00193246
50.0,rhoA0.6_rhoB0.6_h1.0_h02.0_T100_RA3.0_steps100000,5.76938192,1.00104364
50.0,rhoA0.6_rhoB0.6_h1.0_h02.0_T100_RA3.0_steps100000,5.79039764,1.0021108
50.0,rhoA0.6_rhoB0.6_h1.0_h02.0_T100_RA3.0_steps100000,5.81144039,0.999610485
50.0,rhoA0.6_rhoB0.6_h1.0_h02.0_T100_RA3.0_steps100000,5.83232115,0.999731345
50.0,rhoA0.6_rhoB0.6_h1.0_h02.0_T100_RA3.0_steps100000,5.85320209,1.00192463
50.0,rhoA0.6_rhoB0.6_h1.0_h02.0_T100_RA3.0_steps100000,5.87418919,1.00060835
50.0,rhoA0.6_rhoB0.6_h1.0_h02.0_T100_RA3.0_steps100000,5.89509625,0.998830654
50.0,rhoA0.6_rhoB0.6_h1.0_h02.0_T100_RA3.0_steps100000,5.9159726,1.00169242
50.0,rhoA0.6_rhoB0.6_h1.0_h02.0_T100_RA3.0_steps100000,5.93682663,1.00087224
50.0,rhoA0.6_rhoB0.6_h1.0_h02.0_T100_RA3.0_steps100000,5.95791772,1.00058678
50.0,rhoA0.6_rhoB0.6_h1.0_h02.0_T100_RA3.0_steps100000,5.97900675,0.999640784
50.0,rhoA0.6_rhoB0.6_h1.0_h02.0_T100_RA3.0_steps100000,5.99978945,0.998407516
50.0,rhoA0.6_rhoB0.6_h1.0_h02.0_T100_RA3.0_steps100000,6.02063577,0.999869099
50.0,rhoA0.6_rhoB0.6_h1.0_h02.0_T100_RA3.0_steps100000,6.04156421,0.99961268
50.0,rhoA0.6_rhoB0.6_h1.0_h02.0_T100_RA3.0_steps100000,6.06259364,1.00086061
50.0,rhoA0.6_rhoB0.6_h1.0_h02.0_T100_RA3.0_steps100000,6.08377541,1.00064574
50.0,rhoA0.6_rhoB0.6_h1.0_h02.0_T100_RA3.0_steps100000,6.10447051,0.999497912
50.0,rhoA0.6_rhoB0.6_h1.0_h02.0_T100_RA3.0_steps100000,6.12538157,1.00164662
50.0,rhoA0.6_rhoB0.6_h1.0_h02.0_T100_RA3.0_steps100000,6.14660689,1.00092448
50.0,rhoA0.6_rhoB0.6_h1.0_h02.0_T100_RA3.0_steps100000,6.16752321,0.998540096
50.0,rhoA0.6_rhoB0.6_h1.0_h02.0_T100_RA3.0_steps100000,6.18833806,1.00109568
50.0,rhoA0.6_rhoB0.6_h1.0_h02.0_T100_RA3.0_steps100000,6.20938667,1.0018881
50.0,rhoA0.6_rhoB0.6_h1.0_h02.0_T100_RA3.0_steps100000,6.23052184,0.999647531
50.0,rhoA0.6_rhoB0.6_h1.0_h02.0_T100_RA3.0_steps100000,6.25137137,1.0002936
50.0,rhoA0.6_rhoB0.6_h1.0_h02.0_T100_RA3.0_steps100000,6.27204484,1.00229197
50.0,rhoA0.6_rhoB0.6_h1.0_h02.0_T100_RA3.0_steps100000,6.29290789,0.998098029
50.0,rhoA0.6_rhoB0.6_h1.0_h02.0_T100_RA3.0_steps100000,6.31382104,1.00038775
50.0,rhoA0.6_rhoB0.6_h1.0_h02.0_T100_RA3.0_steps100000,6.33495691,0.999411688
50.0,rhoA0.6_rhoB0.6_h1.0_h02.0_T100_RA3.0_steps100000,6.35600914,0.999242348
50.0,rhoA0.6_rhoB0.6_h1.0_h02.0_T100_RA3.0_steps100000,6.37663869,0.999791264
50.0,rhoA0.6_rhoB0.6_h1.0_h02.0_T100_RA3.0_steps100000,6.39770954,1.00109004
50.0,rhoA0.6_rhoB0.6_h1.0_h02.0_T100_RA3.0_steps100000,6.41872759,0.998336143
50.0,rhoA0.6_rhoB0.6_h1.0_h02.0_T100_RA3.0_steps100000,6.43951457,0.99895719
50.0,rhoA0.6_rhoB0.6_h1.0_h02.0_T100_RA3.0_steps100000,6.46033562,1.0051714
50.0,rhoA0.6_rhoB0.6_h1.0_h02.0_T100_RA3.0_steps100000,6.4814564,1.00210931
50.0,rhoA0.6_rhoB0.6_h1.0_h02.0_T100_RA3.0_steps100000,6.50265681,0.999973121
50.0,rhoA0.6_rhoB0.6_h1.0_h02.0_T100_RA3.0_steps100000,6.52350383,1.00007998
50.0,rhoA0.6_rhoB0.6_h1.0_h02.0_T100_RA3.0_steps100000,6.54427866,0.996938983
50.0,rhoA0.6_rhoB0.6_h1.0_h02.0_T100_RA3.0_steps100000,6.56515568,0.996199953
50.0,rhoA0.6_rhoB0.6_h1.0_h02.0_T100_RA3.0_steps100000,6.58628576,1.00117789
50.0,rhoA0.6_rhoB0.6_h1.0_h02.0_T100_RA3.0_steps100000,6.60749316,1.00040357
50.0,rhoA0.6_rhoB0.6_h1.0_h02.0_T100_RA3.0_steps100000,6.62830625,1.00096267
50.0,rhoA0.6_rhoB0.6_h1.0_h02.0_T100_RA3.0_steps100000,6.64913567,0.998291522
50.0,rhoA0.6_rhoB0.6_h1.0_h02.0_T100_RA3.0_steps100000,6.67020149,1.00062973
50.0,rhoA0.6_rhoB0.6_h1.0_h02.0_T100_RA3.0_steps100000,6.69106898,0.999553371
50.0,rhoA0.6_rhoB0.6_h1.0_h02.0_T100_RA3.0_steps100000,6.71185955,1.00116685
50.0,rhoA0.6_rhoB0.6_h1.0_h02.0_T100_RA3.0_steps100000,6.73264651,1.00104421
50.0,rhoA0.6_rhoB0.6_h1.0_h02.0_T100_RA3.0_steps100000,6.7537045,0.999424679
50.0,rhoA0.6_rhoB0.6_h1.0_h02.0_T100_RA3.0_steps100000,6.77487174,1.00026798
50.0,rhoA0.6_rhoB0.6_h1.0_h02.0_T100_RA3.0_steps100000,6.79557562,1.00111479
50.0,rhoA0.6_rhoB0.6_h1.0_h02.0_T100_RA3.0_steps100000,6.81648781,0.999954883
50.0,rhoA0.6_rhoB0.6_h1.0_h02.0_T100_RA3.0_steps100000,6.83753747,1.00028627
50.0,rhoA0.6_rhoB0.6_h1.0_h02.0_T100_RA3.0_steps100000,6.85867557,1.0001872
50.0,rhoA0.6_rhoB0.6_h1.0_h02.0_T100_RA3.0_steps100000,6.87985316,0.999765408
50.0,rhoA0.6_rhoB0.6_h1.0_h02.0_T100_RA3.0_steps100000,6.90065786,1.0017458
50.0,rhoA0.6_rhoB0.6_h1.0_h02.0_T100_RA3.0_steps100000,6.92153112,1.00127413
50.0,rhoA0.6_rhoB0.6_h1.0_h02.0_T100_RA3.0_steps100000,6.94229803,1.0004902
50.0,rhoA0.6_rhoB0.6_h1.0_h02.0_T100_RA3.0_steps100000,6.9630016,1.00117088
50.0,rhoA0.6_rhoB0.6_h1.0_h02.0_T100_RA3.0_steps100000,6.98416877,1.0005533
50.0,rhoA0.6_rhoB0.6_h1.0_h02.0_T100_RA3.0_steps100000,7.0052781,1.00165743
50.0,rhoA0.6_rhoB0.6_h1.0_h02.0_T100_RA3.0_steps100000,7.02617612,1.00020385
50.0,rhoA0.6_rhoB0.6_h1.0_h02.0_T100_RA3.0_steps100000,7.04699526,0.999039877
50.0,rhoA0.6_rhoB0.6_h1.0_h02.0_T100_RA3.0_steps100000,7.06761685,1.00043551
50.0,rhoA0.6_rhoB0.6_h1.0_h02.0_T100_RA3.0_steps100000,7.08873369,1.00116439
50.0,rhoA0.6_rhoB0.6_h1.0_h02.0_T100_RA3.0_steps100000,7.10994937,1.00185389
50.0,rhoA0.6_rhoB0.6_h1.0_h02.0_T100_RA3.0_steps100000,7.13102893,0.999972885
50.0,rhoA0.6_rhoB0.6_h1.0_h02.0_T100_RA3.0_steps100000,7.15201412,1.00200136
50.0,rhoA0.6_rhoB0.6_h1.0_h02.0_T100_RA3.0_steps100000,7.17271336,1.00175782
50.0,rhoA0.6_rhoB0.6_h1.0_h02.0_T100_RA3.0_steps100000,7.19374266,0.999254457
50.0,rhoA0.6_rhoB0.6_h1.0_h02.0_T100_RA3.0_steps100000,7.21473042,1.00023806
50.0,rhoA0.6_rhoB0.6_h1.0_h02.0_T100_RA3.0_steps100000,7.23564263,0.996898111
50.0,rhoA0.6_rhoB0.6_h1.0_h02.0_T100_RA3.0_steps100000,7.25666289,1.00073911
50.0,rhoA0.6_rhoB0.6_h1.0_h02.0_T100_RA3.0_steps100000,7.27757645,1.00143728
50.0,rhoA0.6_rhoB0.6_h1.0_h02.0_T100_RA3.0_steps100000,7.2984411,1.00075761
50.0,rhoA0.6_rhoB0.6_h1.0_h02.0_T100_RA3.0_steps100000,7.31917384,1.00193178
50.0,rhoA0.6_rhoB0.6_h1.0_h02.0_T100_RA3.0_steps100000,7.34001688,1.00071547
50.0,rhoA0.6_rhoB0.6_h1.0_h02.0_T100_RA3.0_steps100000,7.3611683,1.000146
50.0,rhoA0.6_rhoB0.6_h1.0_h02.0_T100_RA3.0_steps100000,7.38224284,1.00049853
50.0,rhoA0.6_rhoB0.6_h1.0_h02.0_T100_RA3.0_steps100000,7.40324015,1.00084622
50.0,rhoA0.6_rhoB0.6_h1.0_h02.0_T100_RA3.0_steps100000,7.42408854,1.00020265
50.0,rhoA0.6_rhoB0.6_h1.0_h02.0_T100_RA3.0_steps100000,7.44500634,0.999185158
50.0,rhoA0.6_rhoB0.6_h1.0_h02.0_T100_RA3.0_steps100000,7.46595959,0.999548327
50.0,rhoA0.6_rhoB0.6_h1.0_h02.0_T100_RA3.0_steps100000,7.48696308,0.998765574
50.0,rhoA0.6_rhoB0.6_h1.0_h02.0_T100_RA3.0_steps100000,7.5079936,0.999430775
50.0,rhoA0.6_rhoB0.6_h1.0_h02.0_T100_RA3.0_steps100000,7.52871967,1.00260849
50.0,rhoA0.6_rhoB0.6_h1.0_h02.0_T100_RA3.0_steps100000,7.54966921,0.999527905
50.0,rhoA0.6_rhoB0.6_h1.0_h02.0_T100_RA3.0_steps100000,7.57064902,1.00213453
50.0,rhoA0.6_rhoB0.6_h1.0_h02.0_T100_RA3.0_steps100000,7.59151428,1.000277
50.0,rhoA0.6_rhoB0.6_h1.0_h02.0_T100_RA3.0_steps100000,7.6123809,0.999281239
50.0,rhoA0.6_rhoB0.6_h1.0_h02.0_T100_RA3.0_steps100000,7.63338324,1.00126996
50.0,rhoA0.6_rhoB0.6_h1.0_h02.0_T100_RA3.0_steps100000,7.65450532,0.999234604
50.0,rhoA0.6_rhoB0.6_h1.0_h02.0_T100_RA3.0_steps100000,7.67556944,1.00082648
50.0,rhoA0.6_rhoB0.6_h1.0_h02.0_T100_RA3.0_steps100000,7.69637751,0.999756539
50.0,rhoA0.6_rhoB0.6_h1.0_h02.0_T100_RA3.0_steps100000,7.71727216,0.999719575
50.0,rhoA0.6_rhoB0.6_h1.0_h02.0_T100_RA3.0_steps100000,7.73835725,0.999058651
50.0,rhoA0.6_rhoB0.6_h1.0_h02.0_T100_RA3.0_steps100000,7.75934923,0.998927377
50.0,rhoA0.6_rhoB0.6_h1.0_h02.0_T100_RA3.0_steps100000,7.78023116,0.999850035
50.0,rhoA0.6_rhoB0.6_h1.0_h02.0_T100_RA3.0_steps100000,7.80098697,1.00018481
50.0,rhoA0.6_rhoB0.6_h1.0_h02.0_T100_RA3.0_steps100000,7.82190677,0.999284241
50.0,rhoA0.6_rhoB0.6_h1.0_h02.0_T100_RA3.0_steps100000,7.84304931,0.999527772
50.0,rhoA0.6_rhoB0.6_h1.0_h02.0_T100_RA3.0_steps100000,7.86405132,1.00076358
50.0,rhoA0.6_rhoB0.6_h1.0_h02.0_T100_RA3.0_steps100000,7.88484553,1.0010696
50.0,rhoA0.6_rhoB0.6_h1.0_h02.0_T100_RA3.0_steps100000,7.90574885,1.00234132
50.0,rhoA0.6_rhoB0.6_h1.0_h02.0_T100_RA3.0_steps100000,7.9267531,0.997553949
50.0,rhoA0.6_rhoB0.6_h1.0_h02.0_T100_RA3.0_steps100000,7.94765228,0.99926479
50.0,rhoA0.6_rhoB0.6_h1.0_h02.0_T100_RA3.0_steps100000,7.96842304,1.00031752
50.0,rhoA0.6_rhoB0.6_h1.0_h02.0_T100_RA3.0_steps100000,7.98938616,1.00018778
50.0,rhoA0.6_rhoB0.6_h1.0_h02.0_T100_RA3.0_steps100000,8.01050815,0.999552114
50.0,rhoA0.6_rhoB0.6_h1.0_h02.0_T100_RA3.0_steps100000,8.03153334,0.999886339
50.0,rhoA0.6_rhoB0.6_h1.0_h02.0_T100_RA3.0_steps100000,8.05240251,0.996221413
50.0,rhoA0.6_rhoB0.6_h1.0_h02.0_T100_RA3.0_steps100000,8.07332696,1.00191343
50.0,rhoA0.6_rhoB0.6_h1.0_h02.0_T100_RA3.0_steps100000,8.09438514,1.00195534
50.0,rhoA0.6_rhoB0.6_h1.0_h02.0_T100_RA3.0_steps100000,8.11529588,0.999819924
50.0,rhoA0.6_rhoB0.6_h1.0_h02.0_T100_RA3.0_steps100000,8.13618411,0.999237762
50.0,rhoA0.6_rhoB0.6_h1.0_h02.0_T100_RA3.0_steps100000,8.15717855,0.999741142
50.0,rhoA0.6_rhoB0.6_h1.0_h02.0_T100_RA3.0_steps100000,8.17807847,0.997110354
50.0,rhoA0.6_rhoB0.6_h1.0_h02.0_T100_RA3.0_steps100000,8.19905269,0.99978397
50.0,rhoA0.6_rhoB0.6_h1.0_h02.0_T100_RA3.0_steps100000,8.21991085,0.99901155
50.0,rhoA0.6_rhoB0.6_h1.0_h02.0_T100_RA3.0_steps100000,8.24078529,0.999373073
50.0,rhoA0.6_rhoB0.6_h1.0_h02.0_T100_RA3.0_steps100000,8.26195652,1.00217012
50.0,rhoA0.6_rhoB0.6_h1.0_h02.0_T100_RA3.0_steps100000,8.28293039,0.998991493
50.0,rhoA0.6_rhoB0.6_h1.0_h02.0_T100_RA3.0_steps100000,8.30373423,0.998574701
50.0,rhoA0.6_rhoB0.6_h1.0_h02.0_T100_RA3.0_steps100000,8.32452583,0.999896156
50.0,rhoA0.6_rhoB0.6_h1.0_h02.0_T100_RA3.0_steps100000,8.34556221,0.999354132
50.0,rhoA0.6_rhoB0.6_h1.0_h02.0_T100_RA3.0_steps100000,8.36671927,0.999766875
50.0,rhoA0.6_rhoB0.6_h1.0_h02.0_T100_RA3.0_steps100000,8.38757523,0.998944002
50.0,rhoA0.6_rhoB0.6_h1.0_h02.0_T100_RA3.0_steps100000,8.40855808,1.00132768
50.0,rhoA0.6_rhoB0.6_h1.0_h02.0_T100_RA3.0_steps100000,8.42953585,0.999074568
50.0,rhoA0.6_rhoB0.6_h1.0_h02.0_T100_RA3.0_steps100000,8.45042977,0.999819753
50.0,rhoA0.6_rhoB0.6_h1.0_h02.0_T100_RA3.0_steps100000,8.47138662,0.998830581
50.0,rhoA0.6_rhoB0.6_h1.0_h02.0_T100_RA3.0_steps100000,8.49217243,1.00012782
50.0,rhoA0.6_rhoB0.6_h1.0_h02.0_T100_RA3.0_steps100000,8.51321806,1.00030385
50.0,rhoA0.6_rhoB0.6_h1.0_h02.0_T100_RA3.0_steps100000,8.53421183,1.00033827
50.0,rhoA0.6_rhoB0.6_h1.0_h02.0_T100_RA3.0_steps100000,8.55508292,1.00110907
50.0,rhoA0.6_rhoB0.6_h1.0_h02.0_T100_RA3.0_steps100000,8.57598662,0.999583556
50.0,rhoA0.6_rhoB0.6_h1.0_h02.0_T100_RA3.0_steps100000,8.59679232,1.00074406
50.0,rhoA0.6_rhoB0.6_h1.0_h02.0_T100_RA3.0_steps100000,8.61783107,1.00078849
50.0,rhoA0.6_rhoB0.6_h1.0_h02.0_T100_RA3.0_steps100000,8.63891768,0.999448976
50.0,rhoA0.6_rhoB0.6_h1.0_h02.0_T100_RA3.0_steps100000,8.65972861,1.00192695
50.0,rhoA0.6_rhoB0.6_h1.0_h02.0_T100_RA3.0_steps100000,8.68059853,0.998485388
50.0,rhoA0.6_rhoB0.6_h1.0_h02.0_T100_RA3.0_steps100000,8.70174168,1.00124138
50.0,rhoA0.6_rhoB0.6_h1.0_h02.0_T100_RA3.0_steps100000,8.72279566,1.00080022
50.0,rhoA0.6_rhoB0.6_h1.0_h02.0_T100_RA3.0_steps100000,8.74359241,1.00197834
50.0,rhoA0.6_rhoB0.6_h1.0_h02.0_T100_RA3.0_steps100000,8.76424415,1.00218302
50.0,rhoA0.6_rhoB0.6_h1.0_h02.0_T100_RA3.0_steps100000,8.78526729,0.99956624
50.0,rhoA0.6_rhoB0.6_h1.0_h02.0_T100_RA3.0_steps100000,8.80637189,1.0005151
50.0,rhoA0.6_rhoB0.6_h1.0_h02.0_T100_RA3.0_steps100000,8.82736896,0.998553534
50.0,rhoA0.6_rhoB0.6_h1.0_h02.0_T100_RA3.0_steps100000,8.84843212,0.998815132
50.0,rhoA0.6_rhoB0.6_h1.0_h02.0_T100_RA3.0_steps100000,8.86933197,1.00088042
50.0,rhoA0.6_rhoB0.6_h1.0_h02.0_T100_RA3.0_steps100000,8.89026857,1.00131132
50.0,rhoA0.6_rhoB0.6_h1.0_h02.0_T100_RA3.0_steps100000,8.91123702,1.00153239
50.0,rhoA0.6_rhoB0.6_h1.0_h02.0_T100_RA3.0_steps100000,8.93214776,1.00132901
50.0,rhoA0.6_rhoB0.6_h1.0_h02.0_T100_RA3.0_steps100000,8.95312097,0.999737413
50.0,rhoA0.6_rhoB0.6_h1.0_h02.0_T100_RA3.0_steps100000,8.9741304,1.00007422
50.0,rhoA0.6_rhoB0.6_h1.0_h02.0_T100_RA3.0_steps100000,8.99505705,1.0033067
50.0,rhoA0.6_rhoB0.6_h1.0_h02.0_T100_RA3.0_steps100000,9.01571368,0.998685462
50.0,rhoA0.6_rhoB0.6_h1.0_h02.0_T100_RA3.0_steps100000,9.03640927,1.00012535
50.0,rhoA0.6_rhoB0.6_h1.0_h02.0_T100_RA3.0_steps100000,9.05755121,0.998559552
50.0,rhoA0.6_rhoB0.6_h1.0_h02.0_T100_RA3.0_steps100000,9.07868023,1.00049773
50.0,rhoA0.6_rhoB0.6_h1.0_h02.0_T100_RA3.0_steps100000,9.09969513,1.00118419
50.0,rhoA0.6_rhoB0.6_h1.0_h02.0_T100_RA3.0_steps100000,9.1205658,1.00228442
50.0,rhoA0.6_rhoB0.6_h1.0_h02.0_T100_RA3.0_steps100000,9.14137844,0.99956494
50.0,rhoA0.6_rhoB0.6_h1.0_h02.0_T100_RA3.0_steps100000,9.16237082,0.998883249
50.0,rhoA0.6_rhoB0.6_h1.0_h02.0_T100_RA3.0_steps100000,9.18339441,0.998234284
50.0,rhoA0.6_rhoB0.6_h1.0_h02.0_T100_RA3.0_steps100000,9.20447395,1.00018007
50.0,rhoA0.6_rhoB0.6_h1.0_h02.0_T100_RA3.0_steps100000,9.22549281,0.998506199
50.0,rhoA0.6_rhoB0.6_h1.0_h02.0_T100_RA3.0_steps100000,9.2463962,0.997781067
50.0,rhoA0.6_rhoB0.6_h1.0_h02.0_T100_RA3.0_steps100000,9.26722673,0.999193336
50.0,rhoA0.6_rhoB0.6_h1.0_h02.0_T100_RA3.0_steps100000,9.28791689,1.0005644
50.0,rhoA0.6_rhoB0.6_h1.0_h02.0_T100_RA3.0_steps100000,9.30892724,0.999011097
50.0,rhoA0.6_rhoB0.6_h1.0_h02.0_T100_RA3.0_steps100000,9.33003065,1.00066024
50.0,rhoA0.6_rhoB0.6_h1.0_h02.0_T100_RA3.0_steps100000,9.35102864,1.00015167
50.0,rhoA0.6_rhoB0.6_h1.0_h02.0_T100_RA3.0_steps100000,9.37196601,0.998495681
50.0,rhoA0.6_rhoB0.6_h1.0_h02.0_T100_RA3.0_steps100000,9.39258783,1.00115975
50.0,rhoA0.6_rhoB0.6_h1.0_h02.0_T100_RA3.0_steps100000,9.41349621,1.00037542
50.0,rhoA0.6_rhoB0.6_h1.0_h02.0_T100_RA3.0_steps100000,9.4347927,1.0004707
50.0,rhoA0.6_rhoB0.6_h1.0_h02.0_T100_RA3.0_steps100000,9.45587737,1.00128198
50.0,rhoA0.6_rhoB0.6_h1.0_h02.0_T100_RA3.0_steps100000,9.47676866,0.997934052
50.0,rhoA0.6_rhoB0.6_h1.0_h02.0_T100_RA3.0_steps100000,9.49762777,0.998244001
50.0,rhoA0.6_rhoB0.6_h1.0_h02.0_T100_RA3.0_steps100000,9.51852362,1.00044163
50.0,rhoA0.6_rhoB0.6_h1.0_h02.0_T100_RA3.0_steps100000,9.53939795,0.998947371
50.0,rhoA0.6_rhoB0.6_h1.0_h02.0_T100_RA3.0_steps100000,9.56035551,1.00102327
50.0,rhoA0.6_rhoB0.6_h1.0_h02.0_T100_RA3.0_steps100000,9.58149741,0.99921743
50.0,rhoA0.6_rhoB0.6_h1.0_h02.0_T100_RA3.0_steps100000,9.60249587,0.99937758
50.0,rhoA0.6_rhoB0.6_h1.0_h02.0_T100_RA3.0_steps100000,9.62336478,1.00043951
50.0,rhoA0.6_rhoB0.6_h1.0_h02.0_T100_RA3.0_steps100000,9.64415055,1.00106949
50.0,rhoA0.6_rhoB0.6_h1.0_h02.0_T100_RA3.0_steps100000,9.66502224,1.0013554
50.0,rhoA0.6_rhoB0.6_h1.0_h02.0_T100_RA3.0_steps100000,9.68597433,0.997077943
50.0,rhoA0.6_rhoB0.6_h1.0_h02.0_T100_RA3.0_steps100000,9.7069728,0.999681821
50.0,rhoA0.6_rhoB0.6_h1.0_h02.0_T100_RA3.0_steps100000,9.72797765,1.0002401
50.0,rhoA0.6_rhoB0.6_h1.0_h02.0_T100_RA3.0_steps100000,9.74896401,1.00079812
50.0,rhoA0.6_rhoB0.6_h1.0_h02.0_T100_RA3.0_steps100000,9.76996217,1.0031194
50.0,rhoA0.6_rhoB0.6_h1.0_h02.0_T100_RA3.0_steps100000,9.79085678,0.998910457
50.0,rhoA0.6_rhoB0.6_h1.0_h02.0_T100_RA3.0_steps100000,9.81166698,0.99881983
50.0,rhoA0.6_rhoB0.6_h1.0_h02.0_T100_RA3.0_steps100000,9.83262494,1.00082847
50.0,rhoA0.6_rhoB0.6_h1.0_h02.0_T100_RA3.0_steps100000,9.85372265,1.0014984
50.0,rhoA0.6_rhoB0.6_h1.0_h02.0_T100_RA3.0_steps100000,9.87472665,0.998421343
50.0,rhoA0.6_rhoB0.6_h1.0_h02.0_T100_RA3.0_steps100000,9.89559934,1.0002537
50.0,rhoA0.6_rhoB0.6_h1.0_h02.0_T100_RA3.0_steps100000,9.91635289,0.999028034
50.0,rhoA0.6_rhoB0.6_h1.0_h02.0_T100_RA3.0_steps100000,9.93737645,0.999413581
50.0,rhoA0.6_rhoB0.6_h1.0_h02.0_T100_RA3.0_steps100000,9.95856995,0.999579069
50.0,rhoA0.6_rhoB0.6_h1.0_h02.0_T100_RA3.0_steps100000,9.97940815,0.997533398
50.0,rhoA0.6_rhoB0.6_h1.0_h02.0_T100_RA3.0_steps100000,10.000082,1.00029316
75.0,rhoA0.6_rhoB0.6_h1.0_h02.0_T150_RA3.0_steps100000,0.0252815853,1.04471604
75.0,rhoA0.6_rhoB0.6_h1.0_h02.0_T150_RA3.0_steps100000,0.0486976344,1.01273734
75.0,rhoA0.6_rhoB0.6_h1.0_h02.0_T150_RA3.0_steps100000,0.0692644017,1.01583904
75.0,rhoA0.6_rhoB0.6_h1.0_h02.0_T150_RA3.0_steps100000,0.08877835,0.994866063
75.0,rhoA0.6_rhoB0.6_h1.0_h02.0_T150_RA3.0_steps100000,0.111604297,0.994997327
75.0,rhoA0.6_rhoB0.6_h1.0_h02.0_T150_RA3.0_steps100000,0.132731806,0.994301158
75.0,rhoA0.6_rhoB0.6_h1.0_h02.0_T150_RA3.0_steps100000,0.153672181,1.00414075
75.0,rhoA0.6_rhoB0.6_h1.0_h02.0_T150_RA3.0_steps100000,0.175641863,0.995726697
75.0,rhoA0.6_rhoB0.6_h1.0_h02.0_T150_RA3.0_steps100000,0.196615509,1.00702377
75.0,rhoA0.6_rhoB0.6_h1.0_h02.0_T150_RA3.0_steps100000,0.217326708,1.00047395
75.0,rhoA0.6_rhoB0.6_h1.0_h02.0_T150_RA3.0_steps100000,0.237538457,1.00064654
75.0,rhoA0.6_rhoB0.6_h1.0_h02.0_T150_RA3.0_steps100000,0.258148683,1.0095581
75.0,rhoA0.6_rhoB0.6_h1.0_h02.0_T150_RA3.0_steps100000,0.28040349,0.997870299
75.0,rhoA0.6_rhoB0.6_h1.0_h02.0_T150_RA3.0_steps100000,0.301929084,1.0031555
75.0,rhoA0.6_rhoB0.6_h1.0_h02.0_T150_RA3.0_steps100000,0.322287413,0.997653447
75.0,rhoA0.6_rhoB0.6_h1.0_h02.0_T150_RA3.0_steps100000,0.342663331,1.0049852
75.0,rhoA0.6_rhoB0.6_h1.0_h02.0_T150_RA3.0_steps100000,0.363641289,0.996909404
75.0,rhoA0.6_rhoB0.6_h1.0_h02.0_T150_RA3.0_steps100000,0.385602948,1.01328246
75.0,rhoA0.6_rhoB0.6_h1.0_h02.0_T150_RA3.0_steps100000,0.406737165,0.995127535
75.0,rhoA0.6_rhoB0.6_h1.0_h02.0_T150_RA3.0_steps100000,0.427001871,0.999693616
75.0,rhoA0.6_rhoB0.6_h1.0_h02.0_T150_RA3.0_steps100000,0.448754416,1.01443539
75.0,rhoA0.6_rhoB0.6_h1.0_h02.0_T150_RA3.0_steps100000,0.469601745,1.01030402
75.0,rhoA0.6_rhoB0.6_h1.0_h02.0_T150_RA3.0_steps100000,0.489805379,1.00418342
75.0,rhoA0.6_rhoB0.6_h1.0_h02.0_T150_RA3.0_steps100000,0.510302494,1.00589969
75.0,rhoA0.6_rhoB0.6_h1.0_h02.0_T150_RA3.0_steps100000,0.53178319,0.999097714
75.0,rhoA0.6_rhoB0.6_h1.0_h02.0_T150_RA3.0_steps100000,0.553922362,1.00200643
75.0,rhoA0.6_rhoB0.6_h1.0_h02.0_T150_RA3.0_steps100000,0.574670041,0.999998822
75.0,rhoA0.6_rhoB0.6_h1.0_h02.0_T150_RA3.0_steps100000,0.594645701,1.00086766
75.0,rhoA0.6_rhoB0.6_h1.0_h02.0_T150_RA3.0_steps100000,0.615540037,1.0008624
75.0,rhoA0.6_rhoB0.6_h1.0_h02.0_T150_RA3.0_steps100000,0.636554081,0.998991237
75.0,rhoA0.6_rhoB0.6_h1.0_h02.0_T150_RA3.0_steps100000,0.658102417,0.997406949
75.0,rhoA0.6_rhoB0.6_h1.0_h02.0_T150_RA3.0_steps100000,0.679189641,0.997408441
75.0,rhoA0.6_rhoB0.6_h1.0_h02.0_T150_RA3.0_steps100000,0.700054044,1.00649992
75.0,rhoA0.6_rhoB0.6_h1.0_h02.0_T150_RA3.0_steps100000,0.721329826,1.00536464
75.0,rhoA0.6_rhoB0.6_h1.0_h02.0_T150_RA3.0_steps100000,0.742033923,1.00027936
75.0,rhoA0.6_rhoB0.6_h1.0_h02.0_T150_RA3.0_steps100000,0.762614581,1.00885088
75.0,rhoA0.6_rhoB0.6_h1.0_h02.0_T150_RA3.0_steps100000,0.783270495,0.992083501
75.0,rhoA0.6_rhoB0.6_h1.0_h02.0_T150_RA3.0_steps100000,0.804783918,1.00414043
75.0,rhoA0.6_rhoB0.6_h1.0_h02.0_T150_RA3.0_steps100000,0.826095906,0.9970245
75.0,rhoA0.6_rhoB0.6_h1.0_h02.0_T150_RA3.0_steps100000,0.846303977,1.00127331
75.0,rhoA0.6_rhoB0.6_h1.0_h02.0_T150_RA3.0_steps100000,0.867174819,0.996962811
75.0,rhoA0.6_rhoB0.6_h1.0_h02.0_T150_RA3.0_steps100000,0.888413258,0.998544973
75.0,rhoA0.6_rhoB0.6_h1.0_h02.0_T150_RA3.0_steps100000,0.909910564,1.00093103
75.0,rhoA0.6_rhoB0.6_h1.0_h02.0_T150_RA3.0_steps100000,0.931134698,0.997775096
75.0,rhoA0.6_rhoB0.6_h1.0_h02.0_T150_RA3.0_steps100000,0.951563161,0.998305347
75.0,rhoA0.6_rhoB0.6_h1.0_h02.0_T150_RA3.0_steps100000,0.972160451,0.999780858
75.0,rhoA0.6_rhoB0.6_h1.0_h02.0_T150_RA3.0_steps100000,0.993008165,1.00918225
75.0,rhoA0.6_rhoB0.6_h1.0_h02.0_T150_RA3.0_steps100000,1.0140906,1.00451121
75.0,rhoA0.6_rhoB0.6_h1.0_h02.0_T150_RA3.0_steps100000,1.03500338,0.997042499
75.0,rhoA0.6_rhoB0.6_h1.0_h02.0_T150_RA3.0_steps100000,1.05657413,0.997235422
75.0,rhoA0.6_rhoB0.6_h1.0_h02.0_T150_RA3.0_steps100000,1.07789814,0.999262902
75.0,rhoA0.6_rhoB0.6_h1.0_h02.0_T150_RA3.0_steps100000,1.09835045,1.00234045
75.0,rhoA0.6_rhoB0.6_h1.0_h02.0_T150_RA3.0_steps100000,1.11903902,0.996467393
75.0,rhoA0.6_rhoB0.6_h1.0_h02.0_T150_RA3.0_steps100000,1.1396405,1.00322953
75.0,rhoA0.6_rhoB0.6_h1.0_h02.0_T150_RA3.0_steps100000,1.16109193,0.998754943
75.0,rhoA0.6_rhoB0.6_h1.0_h02.0_T150_RA3.0_steps100000,1.18227503,1.00308913
75.0,rhoA0.6_rhoB0.6_h1.0_h02.0_T150_RA3.0_steps100000,1.2030555,1.00022307
75.0,rhoA0.6_rhoB0.6_h1.0_h02.0_T150_RA3.0_steps100000,1.22375183,1.00004348
75.0,rhoA0.6_rhoB0.6_h1.0_h02.0_T150_RA3.0_steps100000,1.24453484,0.998475296
75.0,rhoA0.6_rhoB0.6_h1.0_h02.0_T150_RA3.0_steps100000,1.26570671,0.999474136
75.0,rhoA0.6_rhoB0.6_h1.0_h02.0_T150_RA3.0_steps100000,1.28693994,0.9971376
75.0,rhoA0.6_rhoB0.6_h1.0_h02.0_T150_RA3.0_steps100000,1.30807124,1.00134334
75.0,rhoA0.6_rhoB0.6_h1.0_h02.0_T150_RA3.0_steps100000,1.32889646,0.99982549
75.0,rhoA0.6_rhoB0.6_h1.0_h02.0_T150_RA3.0_steps100000,1.34945121,0.999332349
75.0,rhoA0.6_rhoB0.6_h1.0_h02.0_T150_RA3.0_steps100000,1.37055188,1.003411
75.0,rhoA0.6_rhoB0.6_h1.0_h02.0_T150_RA3.0_steps100000,1.39148285,0.999259992
75.0,rhoA0.6_rhoB0.6_h1.0_h02.0_T150_RA3.0_steps100000,1.41220445,1.00260819
75.0,rhoA0.6_rhoB0.6_h1.0_h02.0_T150_RA3.0_steps100000,1.43352474,1.00135284
75.0,rhoA0.6_rhoB0.6_h1.0_h02.0_T150_RA3.0_steps100000,1.45454751,0.998988067
75.0,rhoA0.6_rhoB0.6_h1.0_h02.0_T150_RA3.0_steps100000,1.47511055,1.00109189
75.0,rhoA0.6_rhoB0.6_h1.0_h02.0_T150_RA3.0_steps100000,1.49566583,1.00058161
75.0,rhoA0.6_rhoB0.6_h1.0_h02.0_T150_RA3.0_steps100000,1.51690776,0.999071
75.0,rhoA0.6_rhoB0.6_h1.0_h02.0_T150_RA3.0_steps100000,1.53826425,1.000883
75.0,rhoA0.6_rhoB0.6_h1.0_h02.0_T150_RA3.0_steps100000,1.55931449,1.00139161
75.0,rhoA0.6_rhoB0.6_h1.0_h02.0_T150_RA3.0_steps100000,1.58012172,0.999647849
75.0,rhoA0.6_rhoB0.6_h1.0_h02.0_T150_RA3.0_steps100000,1.60114355,1.0012737
75.0,rhoA0.6_rhoB0.6_h1.0_h02.0_T150_RA3.0_steps100000,1.62229155,1.00352614
75.0,rhoA0.6_rhoB0.6_h1.0_h02.0_T150_RA3.0_steps100000,1.64295947,1.00094699
75.0,rhoA0.6_rhoB0.6_h1.0_h02.0_T150_RA3.0_steps100000,1.66366432,0.998460022
75.0,rhoA0.6_rhoB0.6_h1.0_h02.0_T150_RA3.0_steps100000,1.68478217,0.997433222
75.0,rhoA0.6_rhoB0.6_h1.0_h02.0_T150_RA3.0_steps100000,1.7057485,0.997145032
75.0,rhoA0.6_rhoB0.6_h1.0_h02.0_T150_RA3.0_steps100000,1.72683745,0.995437261
75.0,rhoA0.6_rhoB0.6_h1.0_h02.0_T150_RA3.0_steps100000,1.74765849,1.00217839
75.0,rhoA0.6_rhoB0.6_h1.0_h02.0_T150_RA3.0_steps100000,1.76847487,0.996450289
75.0,rhoA0.6_rhoB0.6_h1.0_h02.0_T150_RA3.0_steps100000,1.78961871,0.996276346
75.0,rhoA0.6_rhoB0.6_h1.0_h02.0_T150_RA3.0_steps100000,1.81086098,1.00434079
75.0,rhoA0.6_rhoB0.6_h1.0_h02.0_T150_RA3.0_steps100000,1.83179094,0.995976369
75.0,rhoA0.6_rhoB0.6_h1.0_h02.0_T150_RA3.0_steps100000,1.8521746,0.99697454
75.0,rhoA0.6_rhoB0.6_h1.0_h02.0_T150_RA3.0_steps100000,1.8733654,0.996576418
75.0,rhoA0.6_rhoB0.6_h1.0_h02.0_T150_RA3.0_steps100000,1.89455538,1.00071083
75.0,rhoA0.6_rhoB0.6_h1.0_h02.0_T150_RA3.0_steps100000,1.91534795,1.00150427
75.0,rhoA0.6_rhoB0.6_h1.0_h02.0_T150_RA3.0_steps100000,1.93623233,0.998234886
75.0,rhoA0.6_rhoB0.6_h1.0_h02.0_T150_RA3.0_steps100000,1.9571481,0.998704141
75.0,rhoA0.6_rhoB0.6_h1.0_h02.0_T150_RA3.0_steps100000,1.97825109,0.998503773
75.0,rhoA0.6_rhoB0.6_h1.0_h02.0_T150_RA3.0_steps100000,1.99905898,1.00237803
75.0,rhoA0.6_rhoB0.6_h1.0_h02.0_T150_RA3.0_steps100000,2.01966715,0.999717201
75.0,rhoA0.6_rhoB0.6_h1.0_h02.0_T150_RA3.0_steps100000,2.04082415,0.998291361
75.0,rhoA0.6_rhoB0.6_h1.0_h02.0_T150_RA3.0_steps100000,2.06193171,1.00135806
75.0,rhoA0.6_rhoB0.6_h1.0_h02.0_T150_RA3.0_steps100000,2.08296048,0.999767724
75.0,rhoA0.6_rhoB0.6_h1.0_h02.0_T150_RA3.0_steps100000,2.10383017,1.00293572
75.0,rhoA0.6_rhoB0.6_h1.0_h02.0_T150_RA3.0_steps100000,2.12494312,0.998294955
75.0,rhoA0.6_rhoB0.6_h1.0_h02.0_T150_RA3.0_steps100000,2.14618475,1.00424179
75.0,rhoA0.6_rhoB0.6_h1.0_h02.0_T150_RA3.0_steps100000,2.16679298,1.00093761
75.0,rhoA0.6_rhoB0.6_h1.0_h02.0_T150_RA3.0_steps100000,2.18753482,1.00190794
75.0,rhoA0.6_rhoB0.6_h1.0_h02.0_T150_RA3.0_steps100000,2.20847027,1.00329935
75.0,rhoA0.6_rhoB0.6_h1.0_h02.0_T150_RA3.0_steps100000,2.22955181,0.996254523
75.0,rhoA0.6_rhoB0.6_h1.0_h02.0_T150_RA3.0_steps100000,2.25078374,1.00299393
75.0,rhoA0.6_rhoB0.6_h1.0_h02.0_T150_RA3.0_steps100000,2.27150159,0.993597115
75.0,rhoA0.6_rhoB0.6_h1.0_h02.0_T150_RA3.0_steps100000,2.29205574,1.00370008
75.0,rhoA0.6_rhoB0.6_h1.0_h02.0_T150_RA3.0_steps100000,2.31294326,0.992758198
75.0,rhoA0.6_rhoB0.6_h1.0_h02.0_T150_RA3.0_steps100000,2.3340363,0.999331058
75.0,rhoA0.6_rhoB0.6_h1.0_h02.0_T150_RA3.0_steps100000,2.35514399,0.996764249
75.0,rhoA0.6_rhoB0.6_h1.0_h02.0_T150_RA3.0_steps100000,2.37607726,1.00224658
75.0,rhoA0.6_rhoB0.6_h1.0_h02.0_T150_RA3.0_steps100000,2.39730341,1.00040756
75.0,rhoA0.6_rhoB0.6_h1.0_h02.0_T150_RA3.0_steps100000,2.41857203,1.00262819
75.0,rhoA0.6_rhoB0.6_h1.0_h02.0_T150_RA3.0_steps100000,2.43911056,1.00036439
75.0,rhoA0.6_rhoB0.6_h1.0_h02.0_T150_RA3.0_steps100000,2.45988005,0.997730518
75.0,rhoA0.6_rhoB0.6_h1.0_h02.0_T150_RA3.0_steps100000,2.48094151,1.00139487
75.0,rhoA0.6_rhoB0.6_h1.0_h02.0_T150_RA3.0_steps100000,2.50196601,0.996940597
75.0,rhoA0.6_rhoB0.6_h1.0_h02.0_T150_RA3.0_steps100000,2.52300496,1.00149431
75.0,rhoA0.6_rhoB0.6_h1.0_h02.0_T150_RA3.0_steps100000,2.54340089,0.998656909
75.0,rhoA0.6_rhoB0.6_h1.0_h02.0_T150_RA3.0_steps100000,2.56415297,0.996965368
75.0,rhoA0.6_rhoB0.6_h1.0_h02.0_T150_RA3.0_steps100000,2.58575836,1.0007257
75.0,rhoA0.6_rhoB0.6_h1.0_h02.0_T150_RA3.0_steps100000,2.60684428,1.00172883
75.0,rhoA0.6_rhoB0.6_h1.0_h02.0_T150_RA3.0_steps100000,2.62775949,0.997856375
75.0,rhoA0.6_rhoB0.6_h1.0_h02.0_T150_RA3.0_steps100000,2.64834355,1.00020207
75.0,rhoA0.6_rhoB0.6_h1.0_h02.0_T150_RA3.0_steps100000,2.66912062,1.00130711
75.0,rhoA0.6_rhoB0.6_h1.0_h02.0_T150_RA3.0_steps100000,2.69039946,0.998444072
75.0,rhoA0.6_rhoB0.6_h1.0_h02.0_T150_RA3.0_steps100000,2.71121518,0.995691572
75.0,rhoA0.6_rhoB0.6_h1.0_h02.0_T150_RA3.0_steps100000,2.7321837,1.00310487
75.0,rhoA0.6_rhoB0.6_h1.0_h02.0_T150_RA3.0_steps100000,2.75306239,0.99911216
75.0,rhoA0.6_rhoB0.6_h1.0_h02.0_T150_RA3.0_steps100000,2.77427049,0.99989101
75.0,rhoA0.6_rhoB0.6_h1.0_h02.0_T150_RA3.0_steps100000,2.79557932,0.999241854
75.0,rhoA0.6_rhoB0.6_h1.0_h02.0_T150_RA3.0_steps100000,2.8160646,0.997749021
75.0,rhoA0.6_rhoB0.6_h1.0_h02.0_T150_RA3.0_steps100000,2.83689478,0.998737887
75.0,rhoA0.6_rhoB0.6_h1.0_h02.0_T150_RA3.0_steps100000,2.85801727,0.999456183
75.0,rhoA0.6_rhoB0.6_h1.0_h02.0_T150_RA3.0_steps100000,2.87906973,1.00084618
75.0,rhoA0.6_rhoB0.6_h1.0_h02.0_T150_RA3.0_steps100000,2.89996898,1.00074027
75.0,rhoA0.6_rhoB0.6_h1.0_h02.0_T150_RA3.0_steps100000,2.92062944,1.00537161
75.0,rhoA0.6_rhoB0.6_h1.0_h02.0_T150_RA3.0_steps100000,2.941605,1.00296468
75.0,rhoA0.6_rhoB0.6_h1.0_h02.0_T150_RA3.0_steps100000,2.96267076,1.00089824
75.0,rhoA0.6_rhoB0.6_h1.0_h02.0_T150_RA3.0_steps100000,2.98347442,1.00124141
75.0,rhoA0.6_rhoB0.6_h1.0_h02.0_T150_RA3.0_steps100000,3.00437656,0.997147016
75.0,rhoA0.6_rhoB0.6_h1.0_h02.0_T150_RA3.0_steps100000,3.02542142,1.00125885
75.0,rhoA0.6_rhoB0.6_h1.0_h02.0_T150_RA3.0_steps100000,3.04658726,0.997857093
75.0,rhoA0.6_rhoB0.6_h1.0_h02.0_T150_RA3.0_steps100000,3.06768101,1.00171847
75.0,rhoA0.6_rhoB0.6_h1.0_h02.0_T150_RA3.0_steps100000,3.088328,0.997743221
75.0,rhoA0.6_rhoB0.6_h1.0_h02.0_T150_RA3.0_steps100000,3.10931167,1.00001816
75.0,rhoA0.6_rhoB0.6_h1.0_h02.0_T150_RA3.0_steps100000,3.1305457,1.00262738
75.0,rhoA0.6_rhoB0.6_h1.0_h02.0_T150_RA3.0_steps100000,3.15150209,0.997203642
75.0,rhoA0.6_rhoB0.6_h1.0_h02.0_T150_RA3.0_steps100000,3.17219014,0.99728301
75.0,rhoA0.6_rhoB0.6_h1.0_h02.0_T150_RA3.0_steps100000,3.19299024,1.00371031
75.0,rhoA0.6_rhoB0.6_h1.0_h02.0_T150_RA3.0_steps100000,3.21390436,0.998015826
75.0,rhoA0.6_rhoB0.6_h1.0_h02.0_T150_RA3.0_steps100000,3.23506564,0.99898939
75.0,rhoA0.6_rhoB0.6_h1.0_h02.0_T150_RA3.0_steps100000,3.25605387,0.998087911
75.0,rhoA0.6_rhoB0.6_h1.0_h02.0_T150_RA3.0_steps100000,3.27685776,1.00085331
75.0,rhoA0.6_rhoB0.6_h1.0_h02.0_T150_RA3.0_steps100000,3.29794723,0.997037214
75.0,rhoA0.6_rhoB0.6_h1.0_h02.0_T150_RA3.0_steps100000,3.31884778,1.00154087
75.0,rhoA0.6_rhoB0.6_h1.0_h02.0_T150_RA3.0_steps100000,3.33944269,1.00156605
75.0,rhoA0.6_rhoB0.6_h1.0_h02.0_T150_RA3.0_steps100000,3.36030612,0.99872292
75.0,rhoA0.6_rhoB0.6_h1.0_h02.0_T150_RA3.0_steps100000,3.38171654,1.00054677
75.0,rhoA0.6_rhoB0.6_h1.0_h02.0_T150_RA3.0_steps100000,3.40297495,1.00172603
75.0,rhoA0.6_rhoB0.6_h1.0_h02.0_T150_RA3.0_steps100000,3.42370792,0.99730347
75.0,rhoA0.6_rhoB0.6_h1.0_h02.0_T150_RA3.0_steps100000,3.44440875,1.00261908
75.0,rhoA0.6_rhoB0.6_h1.0_h02.0_T150_RA3.0_steps100000,3.465315,1.00204732
75.0,rhoA0.6_rhoB0.6_h1.0_h02.0_T150_RA3.0_steps100000,3.4865867,1.00398888
75.0,rhoA0.6_rhoB0.6_h1.0_h02.0_T150_RA3.0_steps100000,3.50751221,0.999252384
75.0,rhoA0.6_rhoB0.6_h1.0_h02.0_T150_RA3.0_steps100000,3.52796741,1.00178985
75.0,rhoA0.6_rhoB0.6_h1.0_h02.0_T150_RA3.0_steps100000,3.5488788,0.999075783
75.0,rhoA0.6_rhoB0.6_h1.0_h02.0_T150_RA3.0_steps100000,3.57014151,0.995426433
75.0,rhoA0.6_rhoB0.6_h1.0_h02.0_T150_RA3.0_steps100000,3.59120365,1.00188838
75.0,rhoA0.6_rhoB0.6_h1.0_h02.0_T150_RA3.0_steps100000,3.61190928,1.00084643
75.0,rhoA0.6_rhoB0.6_h1.0_h02.0_T150_RA3.0_steps100000,3.63300558,1.00108491
75.0,rhoA0.6_rhoB0.6_h1.0_h02.0_T150_RA3.0_steps100000,3.6541422,0.99924665
75.0,rhoA0.6_rhoB0.6_h1.0_h02.0_T150_RA3.0_steps100000,3.67500902,1.00085544
75.0,rhoA0.6_rhoB0.6_h1.0_h02.0_T150_RA3.0_steps100000,3.69581564,0.998820658
75.0,rhoA0.6_rhoB0.6_h1.0_h02.0_T150_RA3.0_steps100000,3.71644729,0.999881661
75.0,rhoA0.6_rhoB0.6_h1.0_h02.0_T150_RA3.0_steps100000,3.73749774,0.999871097
75.0,rhoA0.6_rhoB0.6_h1.0_h02.0_T150_RA3.0_steps100000,3.75868086,0.99635081
75.0,rhoA0.6_rhoB0.6_h1.0_h02.0_T150_RA3.0_steps100000,3.77950549,0.9981045
75.0,rhoA0.6_rhoB0.6_h1.0_h02.0_T150_RA3.0_steps100000,3.80027286,1.00000299
75.0,rhoA0.6_rhoB0.6_h1.0_h02.0_T150_RA3.0_steps100000,3.82143123,0.999992835
75.0,rhoA0.6_rhoB0.6_h1.0_h02.0_T150_RA3.0_steps100000,3.84280481,1.00015229
75.0,rhoA0.6_rhoB0.6_h1.0_h02.0_T150_RA3.0_steps100000,3.86349282,0.999195279
75.0,rhoA0.6_rhoB0.6_h1.0_h02.0_T150_RA3.0_steps100000,3.88417456,0.997935562
75.0,rhoA0.6_rhoB0.6_h1.0_h02.0_T150_RA3.0_steps100000,3.90535419,1.00160588
75.0,rhoA0.6_rhoB0.6_h1.0_h02.0_T150_RA3.0_steps100000,3.9264697,0.996191966
75.0,rhoA0.6_rhoB0.6_h1.0_h02.0_T150_RA3.0_steps100000,3.94738681,1.00106237
75.0,rhoA0.6_rhoB0.6_h1.0_h02.0_T150_RA3.0_steps100000,3.96810309,1.00136513
75.0,rhoA0.6_rhoB0.6_h1.0_h02.0_T150_RA3.0_steps100000,3.98888694,1.00181745
75.0,rhoA0.6_rhoB0.6_h1.0_h02.0_T150_RA3.0_steps100000,4.00993371,0.99845917
75.0,rhoA0.6_rhoB0.6_h1.0_h02.0_T150_RA3.0_steps100000,4.03080983,0.996555706
75.0,rhoA0.6_rhoB0.6_h1.0_h02.0_T150_RA3.0_steps100000,4.05178039,1.00043795
75.0,rhoA0.6_rhoB0.6_h1.0_h02.0_T150_RA3.0_steps100000,4.07276799,1.00124868
75.0,rhoA0.6_rhoB0.6_h1.0_h02.0_T150_RA3.0_steps100000,4.09368684,1.00228753
75.0,rhoA0.6_rhoB0.6_h1.0_h02.0_T150_RA3.0_steps100000,4.11485609,1.00117592
75.0,rhoA0.6_rhoB0.6_h1.0_h02.0_T150_RA3.0_steps100000,4.13583188,0.998520324
75.0,rhoA0.6_rhoB0.6_h1.0_h02.0_T150_RA3.0_steps100000,4.15670688,1.00050517
75.0,rhoA0.6_rhoB0.6_h1.0_h02.0_T150_RA3.0_steps100000,4.17758774,0.998497952
75.0,rhoA0.6_rhoB0.6_h1.0_h02.0_T150_RA3.0_steps100000,4.19867141,0.995773881
75.0,rhoA0.6_rhoB0.6_h1.0_h02.0_T150_RA3.0_steps100000,4.21961517,1.00195491
75.0,rhoA0.6_rhoB0.6_h1.0_h02.0_T150_RA3.0_steps100000,4.24013393,0.998013263
75.0,rhoA0.6_rhoB0.6_h1.0_h02.0_T150_RA3.0_steps100000,4.26119077,0.999760907
75.0,rhoA0.6_rhoB0.6_h1.0_h02.0_T150_RA3.0_steps100000,4.28239268,1.00088824
75.0,rhoA0.6_rhoB0.6_h1.0_h02.0_T150_RA3.0_steps100000,4.30342826,1.0057151
75.0,rhoA0.6_rhoB0.6_h1.0_h02.0_T150_RA3.0_steps100000,4.32431592,1.00143748
75.0,rhoA0.6_rhoB0.6_h1.0_h02.0_T150_RA3.0_steps100000,4.34508479,0.999434342
75.0,rhoA0.6_rhoB0.6_h1.0_h02.0_T150_RA3.0_steps100000,4.36604259,1.00630401
75.0,rhoA0.6_rhoB0.6_h1.0_h02.0_T150_RA3.0_steps100000,4.38708086,0.999119383
75.0,rhoA0.6_rhoB0.6_h1.0_h02.0_T150_RA3.0_steps100000,4.40778797,0.999597201
75.0,rhoA0.6_rhoB0.6_h1.0_h02.0_T150_RA3.0_steps100000,4.4288526,1.00048748
75.0,rhoA0.6_rhoB0.6_h1.0_h02.0_T150_RA3.0_steps100000,4.44994967,1.00022905
75.0,rhoA0.6_rhoB0.6_h1.0_h02.0_T150_RA3.0_steps100000,4.47085438,1.00075169
75.0,rhoA0.6_rhoB0.6_h1.0_h02.0_T150_RA3.0_steps100000,4.49188801,1.00002401
75.0,rhoA0.6_rhoB0.6_h1.0_h02.0_T150_RA3.0_steps100000,4.51250216,1.00231428
75.0,rhoA0.6_rhoB0.6_h1.0_h02.0_T150_RA3.0_steps100000,4.5334461,0.999930848
75.0,rhoA0.6_rhoB0.6_h1.0_h02.0_T150_RA3.0_steps100000,4.55463591,0.997701134
75.0,rhoA0.6_rhoB0.6_h1.0_h02.0_T150_RA3.0_steps100000,4.57547609,0.999020474
75.0,rhoA0.6_rhoB0.6_h1.0_h02.0_T150_RA3.0_steps100000,4.59643311,0.997534454
75.0,rhoA0.6_rhoB0.6_h1.0_h02.0_T150_RA3.0_steps100000,4.61732903,1.00302795
75.0,rhoA0.6_rhoB0.6_h1.0_h02.0_T150_RA3.0_steps100000,4.63833098,1.00082734
75.0,rhoA0.6_rhoB0.6_h1.0_h02.0_T150_RA3.0_steps100000,4.65949324,1.00224001
75.0,rhoA0.6_rhoB0.6_h1.0_h02.0_T150_RA3.0_steps100000,4.68039693,0.999801337
75.0,rhoA0.6_rhoB0.6_h1.0_h02.0_T150_RA3.0_steps100000,4.70136745,1.00081627
75.0,rhoA0.6_rhoB0.6_h1.0_h02.0_T150_RA3.0_steps100000,4.72221533,1.00070519
75.0,rhoA0.6_rhoB0.6_h1.0_h02.0_T150_RA3.0_steps100000,4.74309374,0.999626725
75.0,rhoA0.6_rhoB0.6_h1.0_h02.0_T150_RA3.0_steps100000,4.76390784,0.999743133
75.0,rhoA0.6_rhoB0.6_h1.0_h02.0_T150_RA3.0_steps100000,4.78491795,0.999723857
75.0,rhoA0.6_rhoB0.6_h1.0_h02.0_T150_RA3.0_steps100000,4.80636204,0.999444035
75.0,rhoA0.6_rhoB0.6_h1.0_h02.0_T150_RA3.0_steps100000,4.82728449,1.00280365
75.0,rhoA0.6_rhoB0.6_h1.0_h02.0_T150_RA3.0_steps100000,4.84785524,1.00000639
75.0,rhoA0.6_rhoB0.6_h1.0_h02.0_T150_RA3.0_steps100000,4.86859731,0.999395525
75.0,rhoA0.6_rhoB0.6_h1.0_h02.0_T150_RA3.0_steps100000,4.88954319,1.00044163
75.0,rhoA0.6_rhoB0.6_h1.0_h02.0_T150_RA3.0_steps100000,4.91078695,0.996338567
75.0,rhoA0.6_rhoB0.6_h1.0_h02.0_T150_RA3.0_steps100000,4.93172016,0.999754513
75.0,rhoA0.6_rhoB0.6_h1.0_h02.0_T150_RA3.0_steps100000,4.95244063,1.00059595
75.0,rhoA0.6_rhoB0.6_h1.0_h02.0_T150_RA3.0_steps100000,4.97348932,0.998983215
75.0,rhoA0.6_rhoB0.6_h1.0_h02.0_T150_RA3.0_steps100000,4.994309,0.999755045
75.0,rhoA0.6_rhoB0.6_h1.0_h02.0_T150_RA3.0_steps100000,5.01515697,1.00037242
75.0,rhoA0.6_rhoB0.6_h1.0_h02.0_T150_RA3.0_steps100000,5.03598003,0.999862289
75.0,rhoA0.6_rhoB0.6_h1.0_h02.0_T150_RA3.0_steps100000,5.05703237,1.00016702
75.0,rhoA0.6_rhoB0.6_h1.0_h02.0_T150_RA3.0_steps100000,5.07840332,1.00010385
75.0,rhoA0.6_rhoB0.6_h1.0_h02.0_T150_RA3.0_steps100000,5.09943841,1.00319923
75.0,rhoA0.6_rhoB0.6_h1.0_h02.0_T150_RA3.0_steps100000,5.12032938,0.998496658
75.0,rhoA0.6_rhoB0.6_h1.0_h02.0_T150_RA3.0_steps100000,5.14107614,1.00013279
75.0,rhoA0.6_rhoB0.6_h1.0_h02.0_T150_RA3.0_steps100000,5.16214077,0.997226834
75.0,rhoA0.6_rhoB0.6_h1.0_h02.0_T150_RA3.0_steps100000,5.18341099,0.99780475
75.0,rhoA0.6_rhoB0.6_h1.0_h02.0_T150_RA3.0_steps100000,5.2041075,0.999295833
75.0,rhoA0.6_rhoB0.6_h1.0_h02.0_T150_RA3.0_steps100000,5.22477891,1.00036953
75.0,rhoA0.6_rhoB0.6_h1.0_h02.0_T150_RA3.0_steps100000,5.24557967,1.00072062
75.0,rhoA0.6_rhoB0.6_h1.0_h02.0_T150_RA3.0_steps100000,5.26649236,1.00203019
75.0,rhoA0.6_rhoB0.6_h1.0_h02.0_T150_RA3.0_steps100000,5.28753131,0.999632338
75.0,rhoA0.6_rhoB0.6_h1.0_h02.0_T150_RA3.0_steps100000,5.30847064,1.00165712
75.0,rhoA0.6_rhoB0.6_h1.0_h02.0_T150_RA3.0_steps100000,5.32946745,0.999632207
75.0,rhoA0.6_rhoB0.6_h1.0_h02.0_T150_RA3.0_steps100000,5.3506922,1.00222409
75.0,rhoA0.6_rhoB0.6_h1.0_h02.0_T150_RA3.0_steps100000,5.37158853,0.999415109
75.0,rhoA0.6_rhoB0.6_h1.0_h02.0_T150_RA3.0_steps100000,5.39231925,0.998581883
75.0,rhoA0.6_rhoB0.6_h1.0_h02.0_T150_RA3.0_steps100000,5.41333352,0.996689496
75.0,rhoA0.6_rhoB0.6_h1.0_h02.0_T150_RA3.0_steps100000,5.43434316,1.00046108
75.0,rhoA0.6_rhoB0.6_h1.0_h02.0_T150_RA3.0_steps100000,5.45530659,0.998050883
75.0,rhoA0.6_rhoB0.6_h1.0_h02.0_T150_RA3.0_steps100000,5.47618498,0.999717344
75.0,rhoA0.6_rhoB0.6_h1.0_h02.0_T150_RA3.0_steps100000,5.49715755,0.998560846
75.0,rhoA0.6_rhoB0.6_h1.0_h02.0_T150_RA3.0_steps100000,5.51801586,1.00005049
75.0,rhoA0.6_rhoB0.6_h1.0_h02.0_T150_RA3.0_steps100000,5.53881995,1.00117622
75.0,rhoA0.6_rhoB0.6_h1.0_h02.0_T150_RA3.0_steps100000,5.55992514,1.00099424
75.0,rhoA0.6_rhoB0.6_h1.0_h02.0_T150_RA3.0_steps100000,5.58098545,0.999867465
75.0,rhoA0.6_rhoB0.6_h1.0_h02.0_T150_RA3.0_steps100000,5.60183772,0.997922939
75.0,rhoA0.6_rhoB0.6_h1.0_h02.0_T150_RA3.0_steps100000,5.62277584,0.99849796
75.0,rhoA0.6_rhoB0.6_h1.0_h02.0_T150_RA3.0_steps100000,5.64379172,1.00176067
75.0,rhoA0.6_rhoB0.6_h1.0_h02.0_T150_RA3.0_steps100000,5.66460817,1.00051811
75.0,rhoA0.6_rhoB0.6_h1.0_h02.0_T150_RA3.0_steps100000,5.68556022,0.998634063
75.0,rhoA0.6_rhoB0.6_h1.0_h02.0_T150_RA3.0_steps100000,5.7067909,1.00039819
75.0,rhoA0.6_rhoB0.6_h1.0_h02.0_T150_RA3.0_steps100000,5.72769317,0.999820823
75.0,rhoA0.6_rhoB0.6_h1.0_h02.0_T150_RA3.0_steps100000,5.74840017,1.00118965
75.0,rhoA0.6_rhoB0.6_h1.0_h02.0_T150_RA3.0_steps100000,5.76938192,0.997960008
75.0,rhoA0.6_rhoB0.6_h1.0_h02.0_T150_RA3.0_steps100000,5.79039764,0.999881196
75.0,rhoA0.6_rhoB0.6_h1.0_h02.0_T150_RA3.0_steps100000,5.81144039,0.999829703
75.0,rhoA0.6_rhoB0.6_h1.0_h02.0_T150_RA3.0_steps100000,5.83232115,0.999862362
75.0,rhoA0.6_rhoB0.6_h1.0_h02.0_T150_RA3.0_steps100000,5.85320209,0.999722853
75.0,rhoA0.6_rhoB0.6_h1.0_h02.0_T150_RA3.0_steps100000,5.87418919,1.00149491
75.0,rhoA0.6_rhoB0.6_h1.0_h02.0_T150_RA3.0_steps100000,5.89509625,1.00233717
75.0,rhoA0.6_rhoB0.6_h1.0_h02.0_T150_RA3.0_steps100000,5.9159726,0.999679741
75.0,rhoA0.6_rhoB0.6_h1.0_h02.0_T150_RA3.0_steps100000,5.93682663,1.00038273
75.0,rhoA0.6_rhoB0.6_h1.0_h02.0_T150_RA3.0_steps100000,5.95791772,0.999920856
75.0,rhoA0.6_rhoB0.6_h1.0_h02.0_T150_RA3.0_steps100000,5.97900675,1.00077331
75.0,rhoA0.6_rhoB0.6_h1.0_h02.0_T150_RA3.0_steps100000,5.99978945,1.00155612
75.0,rhoA0.6_rhoB0.6_h1.0_h02.0_T150_RA3.0_steps100000,6.02063577,1.00263963
75.0,rhoA0.6_rhoB0.6_h1.0_h02.0_T150_RA3.0_steps100000,6.04156421,0.999474987
75.0,rhoA0.6_rhoB0.6_h1.0_h02.0_T150_RA3.0_steps100000,6.06259364,0.999543363
75.0,rhoA0.6_rhoB0.6_h1.0_h02.0_T150_RA3.0_steps100000,6.08377541,1.00332631
75.0,rhoA0.6_rhoB0.6_h1.0_h02.0_T150_RA3.0_steps100000,6.10447051,0.999894334
75.0,rhoA0.6_rhoB0.6_h1.0_h02.0_T150_RA3.0_steps100000,6.12538157,0.998946666
75.0,rhoA0.6_rhoB0.6_h1.0_h02.0_T150_RA3.0_steps100000,6.14660689,1.00137483
75.0,rhoA0.6_rhoB0.6_h1.0_h02.0_T150_RA3.0_steps100000,6.16752321,0.998342574
75.0,rhoA0.6_rhoB0.6_h1.0_h02.0_T150_RA3.0_steps100000,6.18833806,0.998680018
75.0,rhoA0.6_rhoB0.6_h1.0_h02.0_T150_RA3.0_steps100000,6.20938667,1.00138497
75.0,rhoA0.6_rhoB0.6_h1.0_h02.0_T150_RA3.0_steps100000,6.23052184,1.00010938
75.0,rhoA0.6_rhoB0.6_h1.0_h02.0_T150_RA3.0_steps100000,6.25137137,1.0015502
75.0,rhoA0.6_rhoB0.6_h1.0_h02.0_T150_RA3.0_steps100000,6.27204484,0.997691459
75.0,rhoA0.6_rhoB0.6_h1.0_h02.0_T150_RA3.0_steps100000,6.29290789,0.999478297
75.0,rhoA0.6_rhoB0.6_h1.0_h02.0_T150_RA3.0_steps100000,6.31382104,0.99986332
75.0,rhoA0.6_rhoB0.6_h1.0_h02.0_T150_RA3.0_steps100000,6.33495691,1.00129863
75.0,rhoA0.6_rhoB0.6_h1.0_h02.0_T150_RA3.0_steps100000,6.35600914,1.00115062
75.0,rhoA0.6_rhoB0.6_h1.0_h02.0_T150_RA3.0_steps100000,6.37663869,0.997654358
75.0,rhoA0.6_rhoB0.6_h1.0_h02.0_T150_RA3.0_steps100000,6.39770954,1.00056369
75.0,rhoA0.6_rhoB0.6_h1.0_h02.0_T150_RA3.0_steps100000,6.41872759,0.998699166
75.0,rhoA0.6_rhoB0.6_h1.0_h02.0_T150_RA3.0_steps100000,6.43951457,1.00139216
75.0,rhoA0.6_rhoB0.6_h1.0_h02.0_T150_RA3.0_steps100000,6.46033562,1.00025984
75.0,rhoA0.6_rhoB0.6_h1.0_h02.0_T150_RA3.0_steps100000,6.4814564,0.999917222
75.0,rhoA0.6_rhoB0.6_h1.0_h02.0_T150_RA3.0_steps100000,6.50265681,0.999599122
75.0,rhoA0.6_rhoB0.6_h1.0_h02.0_T150_RA3.0_steps100000,6.52350383,0.999357389
75.0,rhoA0.6_rhoB0.6_h1.0_h02.0_T150_RA3.0_steps100000,6.54427866,0.999521297
75.0,rhoA0.6_rhoB0.6_h1.0_h02.0_T150_RA3.0_steps100000,6.56515568,1.00058912
75.0,rhoA0.6_rhoB0.6_h1.0_h02.0_T150_RA3.0_steps100000,6.58628576,0.999648509
75.0,rhoA0.6_rhoB0.6_h1.0_h02.0_T150_RA3.0_steps100000,6.60749316,1.00113011
75.0,rhoA0.6_rhoB0.6_h1.0_h02.0_T150_RA3.0_steps100000,6.62830625,0.999812634
75.0,rhoA0.6_rhoB0.6_h1.0_h02.0_T150_RA3.0_steps100000,6.64913567,1.00091821
75.0,rhoA0.6_rhoB0.6_h1.0_h02.0_T150_RA3.0_steps100000,6.67020149,1.00048595
75.0,rhoA0.6_rhoB0.6_h1.0_h02.0_T150_RA3.0_steps100000,6.69106898,0.997805101
75.0,rhoA0.6_rhoB0.6_h1.0_h02.0_T150_RA3.0_steps100000,6.71185955,0.998154471
75.0,rhoA0.6_rhoB0.6_h1.0_h02.0_T150_RA3.0_steps100000,6.73264651,0.997019243
75.0,rhoA0.6_rhoB0.6_h1.0_h02.0_T150_RA3.0_steps100000,6.7537045,0.999321021
75.0,rhoA0.6_rhoB0.6_h1.0_h02.0_T150_RA3.0_steps100000,6.77487174,1.0007147
75.0,rhoA0.6_rhoB0.6_h1.0_h02.0_T150_RA3.0_steps100000,6.79557562,1.00025539
75.0,rhoA0.6_rhoB0.6_h1.0_h02.0_T150_RA3.0_steps100000,6.81648781,0.999601154
75.0,rhoA0.6_rhoB0.6_h1.0_h02.0_T150_RA3.0_steps100000,6.83753747,1.00121849
75.0,rhoA0.6_rhoB0.6_h1.0_h02.0_T150_RA3.0_steps100000,6.85867557,0.999680794
75.0,rhoA0.6_rhoB0.6_h1.0_h02.0_T150_RA3.0_steps100000,6.87985316,1.00279682
75.0,rhoA0.6_rhoB0.6_h1.0_h02.0_T150_RA3.0_steps100000,6.90065786,1.00126074
75.0,rhoA0.6_rhoB0.6_h1.0_h02.0_T150_RA3.0_steps100000,6.92153112,0.99707995
75.0,rhoA0.6_rhoB0.6_h1.0_h02.0_T150_RA3.0_steps100000,6.94229803,0.999593088
75.0,rhoA0.6_rhoB0.6_h1.0_h02.0_T150_RA3.0_steps100000,6.9630016,1.00053413
75.0,rhoA0.6_rhoB0.6_h1.0_h02.0_T150_RA3.0_steps100000,6.98416877,0.997926526
75.0,rhoA0.6_rhoB0.6_h1.0_h02.0_T150_RA3.0_steps100000,7.0052781,1.00010567
75.0,rhoA0.6_rhoB0.6_h1.0_h02.0_T150_RA3.0_steps100000,7.02617612,1.00152092
75.0,rhoA0.6_rhoB0.6_h1.0_h02.0_T150_RA3.0_steps100000,7.04699526,0.996629982
75.0,rhoA0.6_rhoB0.6_h1.0_h02.0_T150_RA3.0_steps100000,7.06761685,0.999109653
75.0,rhoA0.6_rhoB0.6_h1.0_h02.0_T150_RA3.0_steps100000,7.08873369,0.999378408
75.0,rhoA0.6_rhoB0.6_h1.0_h02.0_T150_RA3.0_steps100000,7.10994937,0.999709981
75.0,rhoA0.6_rhoB0.6_h1.0_h02.0_T150_RA3.0_steps100000,7.13102893,1.00071015
75.0,rhoA0.6_rhoB0.6_h1.0_h02.0_T150_RA3.0_steps100000,7.15201412,0.999256424
75.0,rhoA0.6_rhoB0.6_h1.0_h02.0_T150_RA3.0_steps100000,7.17271336,1.00221301
75.0,rhoA0.6_rhoB0.6_h1.0_h02.0_T150_RA3.0_steps100000,7.19374266,0.999402851
75.0,rhoA0.6_rhoB0.6_h1.0_h02.0_T150_RA3.0_steps100000,7.21473042,1.00051535
75.0,rhoA0.6_rhoB0.6_h1.0_h02.0_T150_RA3.0_steps100000,7.23564263,1.00204276
75.0,rhoA0.6_rhoB0.6_h1.0_h02.0_T150_RA3.0_steps100000,7.25666289,0.997248716
75.0,rhoA0.6_rhoB0.6_h1.0_h02.0_T150_RA3.0_steps100000,7.27757645,0.998333671
75.0,rhoA0.6_rhoB0.6_h1.0_h02.0_T150_RA3.0_steps100000,7.2984411,1.00112368
75.0,rhoA0.6_rhoB0.6_h1.0_h02.0_T150_RA3.0_steps100000,7.31917384,0.999739533
75.0,rhoA0.6_rhoB0.6_h1.0_h02.0_T150_RA3.0_steps100000,7.34001688,1.0016172
75.0,rhoA0.6_rhoB0.6_h1.0_h02.0_T150_RA3.0_steps100000,7.3611683,1.00100409
75.0,rhoA0.6_rhoB0.6_h1.0_h02.0_T150_RA3.0_steps100000,7.38224284,1.00166184
75.0,rhoA0.6_rhoB0.6_h1.0_h02.0_T150_RA3.0_steps100000,7.40324015,0.999796621
75.0,rhoA0.6_rhoB0.6_h1.0_h02.0_T150_RA3.0_steps100000,7.42408854,1.00154349
75.0,rhoA0.6_rhoB0.6_h1.0_h02.0_T150_RA3.0_steps100000,7.44500634,0.999287415
75.0,rhoA0.6_rhoB0.6_h1.0_h02.0_T150_RA3.0_steps100000,7.46595959,0.999265202
75.0,rhoA0.6_rhoB0.6_h1.0_h02.0_T150_RA3.0_steps100000,7.48696308,1.00068538
75.0,rhoA0.6_rhoB0.6_h1.0_h02.0_T150_RA3.0_steps100000,7.5079936,0.999206736
75.0,rhoA0.6_rhoB0.6_h1.0_h02.0_T150_RA3.0_steps100000,7.52871967,1.00155438
75.0,rhoA0.6_rhoB0.6_h1.0_h02.0_T150_RA3.0_steps100000,7.54966921,0.996676522
75.0,rhoA0.6_rhoB0.6_h1.0_h02.0_T150_RA3.0_steps100000,7.57064902,0.998259856
75.0,rhoA0.6_rhoB0.6_h1.0_h02.0_T150_RA3.0_steps100000,7.59151428,0.999498392
75.0,rhoA0.6_rhoB0.6_h1.0_h02.0_T150_RA3.0_steps100000,7.6123809,0.99854799
75.0,rhoA0.6_rhoB0.6_h1.0_h02.0_T150_RA3.0_steps100000,7.63338324,0.998919221
75.0,rhoA0.6_rhoB0.6_h1.0_h02.0_T150_RA3.0_steps100000,7.65450532,1.00053458
75.0,rhoA0.6_rhoB0.6_h1.0_h02.0_T150_RA3.0_steps100000,7.67556944,1.0003495
75.0,rhoA0.6_rhoB0.6_h1.0_h02.0_T150_RA3.0_steps100000,7.69637751,1.00096639
75.0,rhoA0.6_rhoB0.6_h1.0_h02.0_T150_RA3.0_steps100000,7.71727216,0.999656892
75.0,rhoA0.6_rhoB0.6_h1.0_h02.0_T150_RA3.0_steps100000,7.73835725,0.997076476
75.0,rhoA0.6_rhoB0.6_h1.0_h02.0_T150_RA3.0_steps100000,7.75934923,0.999018637
75.0,rhoA0.6_rhoB0.6_h1.0_h02.0_T150_RA3.0_steps100000,7.78023116,1.0011289
75.0,rhoA0.6_rhoB0.6_h1.0_h02.0_T150_RA3.0_steps100000,7.80098697,0.998877943
75.0,rhoA0.6_rhoB0.6_h1.0_h02.0_T150_RA3.0_steps100000,7.82190677,1.00328434
75.0,rhoA0.6_rhoB0.6_h1.0_h02.0_T150_RA3.0_steps100000,7.84304931,0.999801681
75.0,rhoA0.6_rhoB0.6_h1.0_h02.0_T150_RA3.0_steps100000,7.86405132,0.998282883
75.0,rhoA0.6_rhoB0.6_h1.0_h02.0_T150_RA3.0_steps100000,7.88484553,0.998900355
75.0,rhoA0.6_rhoB0.6_h1.0_h02.0_T150_RA3.0_steps100000,7.90574885,1.00016821
75.0,rhoA0.6_rhoB0.6_h1.0_h02.0_T150_RA3.0_steps100000,7.9267531,0.999701397
75.0,rhoA0.6_rhoB0.6_h1.0_h02.0_T150_RA3.0_steps100000,7.94765228,0.9997236
75.0,rhoA0.6_rhoB0.6_h1.0_h02.0_T150_RA3.0_steps100000,7.96842304,0.999998798
75.0,rhoA0.6_rhoB0.6_h1.0_h02.0_T150_RA3.0_steps100000,7.98938616,1.0008204
75.0,rhoA0.6_rhoB0.6_h1.0_h02.0_T150_RA3.0_steps100000,8.01050815,1.00042785
75.0,rhoA0.6_rhoB0.6_h1.0_h02.0_T150_RA3.0_steps100000,8.03153334,0.999586794
75.0,rhoA0.6_rhoB0.6_h1.0_h02.0_T150_RA3.0_steps100000,8.05240251,0.998074077
75.0,rhoA0.6_rhoB0.6_h1.0_h02.0_T150_RA3.0_steps100000,8.07332696,1.00234223
75.0,rhoA0.6_rhoB0.6_h1.0_h02.0_T150_RA3.0_steps100000,8.09438514,0.99997934
75.0,rhoA0.6_rhoB0.6_h1.0_h02.0_T150_RA3.0_steps100000,8.11529588,1.00053314
75.0,rhoA0.6_rhoB0.6_h1.0_h02.0_T150_RA3.0_steps100000,8.13618411,1.00079019
75.0,rhoA0.6_rhoB0.6_h1.0_h02.0_T150_RA3.0_steps100000,8.15717855,1.00181903
75.0,rhoA0.6_rhoB0.6_h1.0_h02.0_T150_RA3.0_steps100000,8.17807847,0.999451699
75.0,rhoA0.6_rhoB0.6_h1.0_h02.0_T150_RA3.0_steps100000,8.19905269,0.997904381
75.0,rhoA0.6_rhoB0.6_h1.0_h02.0_T150_RA3.0_steps100000,8.21991085,0.999185059
75.0,rhoA0.6_rhoB0.6_h1.0_h02.0_T150_RA3.0_steps100000,8.24078529,1.00017735
75.0,rhoA0.6_rhoB0.6_h1.0_h02.0_T150_RA3.0_steps100000,8.26195652,0.997659169
75.0,rhoA0.6_rhoB0.6_h1.0_h02.0_T150_RA3.0_steps100000,8.28293039,0.999847432
75.0,rhoA0.6_rhoB0.6_h1.0_h02.0_T150_RA3.0_steps100000,8.30373423,1.00129516
75.0,rhoA0.6_rhoB0.6_h1.0_h02.0_T150_RA3.0_steps100000,8.32452583,0.999736067
75.0,rhoA0.6_rhoB0.6_h1.0_h02.0_T150_RA3.0_steps100000,8.34556221,0.999391708
75.0,rhoA0.6_rhoB0.6_h1.0_h02.0_T150_RA3.0_steps100000,8.36671927,1.00045101
75.0,rhoA0.6_rhoB0.6_h1.0_h02.0_T150_RA3.0_steps100000,8.38757523,0.999061985
75.0,rhoA0.6_rhoB0.6_h1.0_h02.0_T150_RA3.0_steps100000,8.40855808,0.99998299
75.0,rhoA0.6_rhoB0.6_h1.0_h02.0_T150_RA3.0_steps100000,8.42953585,1.0015294
75.0,rhoA0.6_rhoB0.6_h1.0_h02.0_T150_RA3.0_steps100000,8.45042977,1.00003104
75.0,rhoA0.6_rhoB0.6_h1.0_h02.0_T150_RA3.0_steps100000,8.47138662,0.998365885
75.0,rhoA0.6_rhoB0.6_h1.0_h02.0_T150_RA3.0_steps100000,8.49217243,0.999488147
75.0,rhoA0.6_rhoB0.6_h1.0_h02.0_T150_RA3.0_steps100000,8.51321806,1.00096352
75.0,rhoA0.6_rhoB0.6_h1.0_h02.0_T150_RA3.0_steps100000,8.53421183,0.998993657
75.0,rhoA0.6_rhoB0.6_h1.0_h02.0_T150_RA3.0_steps100000,8.55508292,0.999419435
75.0,rhoA0.6_rhoB0.6_h1.0_h02.0_T150_RA3.0_steps100000,8.57598662,1.00125857
75.0,rhoA0.6_rhoB0.6_h1.0_h02.0_T150_RA3.0_steps100000,8.59679232,0.999037151
75.0,rhoA0.6_rhoB0.6_h1.0_h02.0_T150_RA3.0_steps100000,8.61783107,0.998084127
75.0,rhoA0.6_rhoB0.6_h1.0_h02.0_T150_RA3.0_steps100000,8.63891768,1.00028688
75.0,rhoA0.6_rhoB0.6_h1.0_h02.0_T150_RA3.0_steps100000,8.65972861,0.998233601
75.0,rhoA0.6_rhoB0.6_h1.0_h02.0_T150_RA3.0_steps100000,8.68059853,1.00162799
75.0,rhoA0.6_rhoB0.6_h1.0_h02.0_T150_RA3.0_steps100000,8.70174168,0.999989225
75.0,rhoA0.6_rhoB0.6_h1.0_h02.0_T150_RA3.0_steps100000,8.72279566,1.00032403
75.0,rhoA0.6_rhoB0.6_h1.0_h02.0_T150_RA3.0_steps100000,8.74359241,1.00106855
75.0,rhoA0.6_rhoB0.6_h1.0_h02.0_T150_RA3.0_steps100000,8.76424415,1.00125838
75.0,rhoA0.6_rhoB0.6_h1.0_h02.0_T150_RA3.0_steps100000,8.78526729,0.998497805
75.0,rhoA0.6_rhoB0.6_h1.0_h02.0_T150_RA3.0_steps100000,8.80637189,1.00131765
75.0,rhoA0.6_rhoB0.6_h1.0_h02.0_T150_RA3.0_steps100000,8.82736896,1.00006424
75.0,rhoA0.6_rhoB0.6_h1.0_h02.0_T150_RA3.0_steps100000,8.84843212,1.00017359
75.0,rhoA0.6_rhoB0.6_h1.0_h02.0_T150_RA3.0_steps100000,8.86933197,0.999925184
75.0,rhoA0.6_rhoB0.6_h1.0_h02.0_T150_RA3.0_steps100000,8.89026857,0.998407227
75.0,rhoA0.6_rhoB0.6_h1.0_h02.0_T150_RA3.0_steps100000,8.91123702,0.999811255
75.0,rhoA0.6_rhoB0.6_h1.0_h02.0_T150_RA3.0_steps100000,8.93214776,0.997913229
75.0,rhoA0.6_rhoB0.6_h1.0_h02.0_T150_RA3.0_steps100000,8.95312097,0.999432677
75.0,rhoA0.6_rhoB0.6_h1.0_h02.0_T150_RA3.0_steps100000,8.9741304,0.999582925
75.0,rhoA0.6_rhoB0.6_h1.0_h02.0_T150_RA3.0_steps100000,8.99505705,0.999349788
75.0,rhoA0.6_rhoB0.6_h1.0_h02.0_T150_RA3.0_steps100000,9.01571368,0.999082901
75.0,rhoA0.6_rhoB0.6_h1.0_h02.0_T150_RA3.0_steps100000,9.03640927,1.00061837
75.0,rhoA0.6_rhoB0.6_h1.0_h02.0_T150_RA3.0_steps100000,9.05755121,1.0016065
75.0,rhoA0.6_rhoB0.6_h1.0_h02.0_T150_RA3.0_steps100000,9.07868023,1.0005201
75.0,rhoA0.6_rhoB0.6_h1.0_h02.0_T150_RA3.0_steps100000,9.09969513,1.00303414
75.0,rhoA0.6_rhoB0.6_h1.0_h02.0_T150_RA3.0_steps100000,9.1205658,0.999843287
75.0,rhoA0.6_rhoB0.6_h1.0_h02.0_T150_RA3.0_steps100000,9.14137844,0.999035445
75.0,rhoA0.6_rhoB0.6_h1.0_h02.0_T150_RA3.0_steps100000,9.16237082,1.0005155
75.0,rhoA0.6_rhoB0.6_h1.0_h02.0_T150_RA3.0_steps100000,9.18339441,1.00066396
75.0,rhoA0.6_rhoB0.6_h1.0_h02.0_T150_RA3.0_steps100000,9.20447395,0.999456016
75.0,rhoA0.6_rhoB0.6_h1.0_h02.0_T150_RA3.0_steps100000,9.22549281,1.00139697
75.0,rhoA0.6_rhoB0.6_h1.0_h02.0_T150_RA3.0_steps100000,9.2463962,1.00045191
75.0,rhoA0.6_rhoB0.6_h1.0_h02.0_T150_RA3.0_steps100000,9.26722673,0.998371007
75.0,rhoA0.6_rhoB0.6_h1.0_h02.0_T150_RA3.0_steps100000,9.28791689,0.998843493
75.0,rhoA0.6_rhoB0.6_h1.0_h02.0_T150_RA3.0_steps100000,9.30892724,1.00230661
75.0,rhoA0.6_rhoB0.6_h1.0_h02.0_T150_RA3.0_steps100000,9.33003065,0.998138707
75.0,rhoA0.6_rhoB0.6_h1.0_h02.0_T150_RA3.0_steps100000,9.35102864,0.998525383
75.0,rhoA0.6_rhoB0.6_h1.0_h02.0_T150_RA3.0_steps100000,9.37196601,1.00212318
75.0,rhoA0.6_rhoB0.6_h1.0_h02.0_T150_RA3.0_steps100000,9.39258783,1.00062851
75.0,rhoA0.6_rhoB0.6_h1.0_h02.0_T150_RA3.0_steps100000,9.41349621,1.00099344
75.0,rhoA0.6_rhoB0.6_h1.0_h02.0_T150_RA3.0_steps100000,9.4347927,0.99956325
75.0,rhoA0.6_rhoB0.6_h1.0_h02.0_T150_RA3.0_steps100000,9.45587737,1.00170354
75.0,rhoA0.6_rhoB0.6_h1.0_h02.0_T150_RA3.0_steps100000,9.47676866,1.00006698
75.0,rhoA0.6_rhoB0.6_h1.0_h02.0_T150_RA3.0_steps100000,9.49762777,1.0006382
75.0,rhoA0.6_rhoB0.6_h1.0_h02.0_T150_RA3.0_steps100000,9.51852362,0.999242476
75.0,rhoA0.6_rhoB0.6_h1.0_h02.0_T150_RA3.0_steps100000,9.53939795,1.000172
75.0,rhoA0.6_rhoB0.6_h1.0_h02.0_T150_RA3.0_steps100000,9.56035551,1.00066405
75.0,rhoA0.6_rhoB0.6_h1.0_h02.0_T150_RA3.0_steps100000,9.58149741,0.999127401
75.0,rhoA0.6_rhoB0.6_h1.0_h02.0_T150_RA3.0_steps100000,9.60249587,1.00061564
75.0,rhoA0.6_rhoB0.6_h1.0_h02.0_T150_RA3.0_steps100000,9.62336478,0.997220936
75.0,rhoA0.6_rhoB0.6_h1.0_h02.0_T150_RA3.0_steps100000,9.64415055,0.999098508
75.0,rhoA0.6_rhoB0.6_h1.0_h02.0_T150_RA3.0_steps100000,9.66502224,1.00189764
75.0,rhoA0.6_rhoB0.6_h1.0_h02.0_T150_RA3.0_steps100000,9.68597433,1.00131521
75.0,rhoA0.6_rhoB0.6_h1.0_h02.0_T150_RA3.0_steps100000,9.7069728,1.00244432
75.0,rhoA0.6_rhoB0.6_h1.0_h02.0_T150_RA3.0_steps100000,9.72797765,1.00040908
75.0,rhoA0.6_rhoB0.6_h1.0_h02.0_T150_RA3.0_steps100000,9.74896401,0.999688395
75.0,rhoA0.6_rhoB0.6_h1.0_h02.0_T150_RA3.0_steps100000,9.76996217,1.000516
75.0,rhoA0.6_rhoB0.6_h1.0_h02.0_T150_RA3.0_steps100000,9.79085678,0.999178115
75.0,rhoA0.6_rhoB0.6_h1.0_h02.0_T150_RA3.0_steps100000,9.81166698,1.00114116
75.0,rhoA0.6_rhoB0.6_h1.0_h02.0_T150_RA3.0_steps100000,9.83262494,1.00141247
75.0,rhoA0.6_rhoB0.6_h1.0_h02.0_T150_RA3.0_steps100000,9.85372265,1.00083442
75.0,rhoA0.6_rhoB0.6_h1.0_h02.0_T150_RA3.0_steps100000,9.87472665,1.00093695
75.0,rhoA0.6_rhoB0.6_h1.0_h02.0_T150_RA3.0_steps100000,9.89559934,0.998154839
75.0,rhoA0.6_rhoB0.6_h1.0_h02.0_T150_RA3.0_steps100000,9.91635289,0.999726098
75.0,rhoA0.6_rhoB0.6_h1.0_h02.0_T150_RA3.0_steps100000,9.93737645,0.999963515
75.0,rhoA0.6_rhoB0.6_h1.0_h02.0_T150_RA3.0_steps100000,9.95856995,1.00008683
75.0,rhoA0.6_rhoB0.6_h1.0_h02.0_T150_RA3.0_steps100000,9.97940815,1.00037733
75.0,rhoA0.6_rhoB0.6_h1.0_h02.0_T150_RA3.0_steps100000,10.000082,1.00112958
100.0,rhoA0.6_rhoB0.6_h1.0_h02.0_T200_RA3.0_steps100000,0.0252815853,1.05368769
100.0,rhoA0.6_rhoB0.6_h1.0_h02.0_T200_RA3.0_steps100000,0.0486976344,1.00901142
100.0,rhoA0.6_rhoB0.6_h1.0_h02.0_T200_RA3.0_steps100000,0.0692644017,0.991419959
100.0,rhoA0.6_rhoB0.6_h1.0_h02.0_T200_RA3.0_steps100000,0.08877835,0.996854691
100.0,rhoA0.6_rhoB0.6_h1.0_h02.0_T200_RA3.0_steps100000,0.111604297,1.01494338
100.0,rhoA0.6_rhoB0.6_h1.0_h02.0_T200_RA3.0_steps100000,0.132731806,0.985793078
100.0,rhoA0.6_rhoB0.6_h1.0_h02.0_T200_RA3.0_steps100000,0.153672181,0.990249605
100.0,rhoA0.6_rhoB0.6_h1.0_h02.0_T200_RA3.0_steps100000,0.175641863,0.984465298
100.0,rhoA0.6_rhoB0.6_h1.0_h02.0_T200_RA3.0_steps100000,0.196615509,0.99524914
100.0,rhoA0.6_rhoB0.6_h1.0_h02.0_T200_RA3.0_steps100000,0.217326708,0.994206185
100.0,rhoA0.6_rhoB0.6_h1.0_h02.0_T200_RA3.0_steps100000,0.237538457,1.00256314
100.0,rhoA0.6_rhoB0.6_h1.0_h02.0_T200_RA3.0_steps100000,0.258148683,0.997461899
100.0,rhoA0.6_rhoB0.6_h1.0_h02.0_T200_RA3.0_steps100000,0.28040349,0.990228789
100.0,rhoA0.6_rhoB0.6_h1.0_h02.0_T200_RA3.0_steps100000,0.301929084,0.999557797
100.0,rhoA0.6_rhoB0.6_h1.0_h02.0_T200_RA3.0_steps100000,0.322287413,1.00412963
100.0,rhoA0.6_rhoB0.6_h1.0_h02.0_T200_RA3.0_steps100000,0.342663331,0.998457311
100.0,rhoA0.6_rhoB0.6_h1.0_h02.0_T200_RA3.0_steps100000,0.363641289,0.995887029
100.0,rhoA0.6_rhoB0.6_h1.0_h02.0_T200_RA3.0_steps100000,0.385602948,1.00202363
100.0,rhoA0.6_rhoB0.6_h1.0_h02.0_T200_RA3.0_steps100000,0.406737165,1.000804
100.0,rhoA0.6_rhoB0.6_h1.0_h02.0_T200_RA3.0_steps100000,0.427001871,0.9954932
100.0,rhoA0.6_rhoB0.6_h1.0_h02.0_T200_RA3.0_steps100000,0.448754416,0.996845014
100.0,rhoA0.6_rhoB0.6_h1.0_h02.0_T200_RA3.0_steps100000,0.469601745,0.988849622
100.0,rhoA0.6_rhoB0.6_h1.0_h02.0_T200_RA3.0_steps100000,0.489805379,1.00249914
100.0,rhoA0.6_rhoB0.6_h1.0_h02.0_T200_RA3.0_steps100000,0.510302494,0.995197361
100.0,rhoA0.6_rhoB0.6_h1.0_h02.0_T200_RA3.0_steps100000,0.53178319,0.998194348
100.0,rhoA0.6_rhoB0.6_h1.0_h02.0_T200_RA3.0_steps100000,0.553922362,0.99949442
100.0,rhoA0.6_rhoB0.6_h1.0_h02.0_T200_RA3.0_steps100000,0.574670041,0.993387103
100.0,rhoA0.6_rhoB0.6_h1.0_h02.0_T200_RA3.0_steps100000,0.594645701,1.00037377
100.0,rhoA0.6_rhoB0.6_h1.0_h02.0_T200_RA3.0_steps100000,0.615540037,1.00225517
100.0,rhoA0.6_rhoB0.6_h1.0_h02.0_T200_RA3.0_steps100000,0.636554081,0.994808737
100.0,rhoA0.6_rhoB0.6_h1.0_h02.0_T200_RA3.0_steps100000,0.658102417,0.99902844
100.0,rhoA0.6_rhoB0.6_h1.0_h02.0_T200_RA3.0_steps100000,0.679189641,0.999911055
100.0,rhoA0.6_rhoB0.6_h1.0_h02.0_T200_RA3.0_steps100000,0.700054044,0.999279386
100.0,rhoA0.6_rhoB0.6_h1.0_h02.0_T200_RA3.0_steps100000,0.721329826,0.998067315
100.0,rhoA0.6_rhoB0.6_h1.0_h02.0_T200_RA3.0_steps100000,0.742033923,0.996600386
100.0,rhoA0.6_rhoB0.6_h1.0_h02.0_T200_RA3.0_steps100000,0.762614581,0.99886876
100.0,rhoA0.6_rhoB0.6_h1.0_h02.0_T200_RA3.0_steps100000,0.783270495,1.00237321
100.0,rhoA0.6_rhoB0.6_h1.0_h02.0_T200_RA3.0_steps100000,0.804783918,0.999628248
100.0,rhoA0.6_rhoB0.6_h1.0_h02.0_T200_RA3.0_steps100000,0.826095906,0.996715326
100.0,rhoA0.6_rhoB0.6_h1.0_h02.0_T200_RA3.0_steps100000,0.846303977,0.993036118
100.0,rhoA0.6_rhoB0.6_h1.0_h02.0_T200_RA3.0_steps100000,0.867174819,1.00125
100.0,rhoA0.6_rhoB0.6_h1.0_h02.0_T200_RA3.0_steps100000,0.888413258,0.99318736
100.0,rhoA0.6_rhoB0.6_h1.0_h02.0_T200_RA3.0_steps100000,0.909910564,0.992850455
100.0,rhoA0.6_rhoB0.6_h1.0_h02.0_T200_RA3.0_steps100000,0.931134698,0.996525339
100.0,rhoA0.6_rhoB0.6_h1.0_h02.0_T200_RA3.0_steps100000,0.951563161,0.996849642
100.0,rhoA0.6_rhoB0.6_h1.0_h02.0_T200_RA3.0_steps100000,0.972160451,0.999984346
100.0,rhoA0.6_rhoB0.6_h1.0_h02.0_T200_RA3.0_steps100000,0.993008165,0.998475788
100.0,rhoA0.6_rhoB0.6_h1.0_h02.0_T200_RA3.0_steps100000,1.0140906,0.998367173
100.0,rhoA0.6_rhoB0.6_h1.0_h02.0_T200_RA3.0_steps100000,1.03500338,1.00235653
100.0,rhoA0.6_rhoB0.6_h1.0_h02.0_T200_RA3.0_steps100000,1.05657413,0.996296906
100.0,rhoA0.6_rhoB0.6_h1.0_h02.0_T200_RA3.0_steps100000,1.07789814,0.99507566
100.0,rhoA0.6_rhoB0.6_h1.0_h02.0_T200_RA3.0_steps100000,1.09835045,1.00074311
100.0,rhoA0.6_rhoB0.6_h1.0_h02.0_T200_RA3.0_steps100000,1.11903902,0.993359625
100.0,rhoA0.6_rhoB0.6_h1.0_h02.0_T200_RA3.0_steps100000,1.1396405,0.997179858
100.0,rhoA0.6_rhoB0.6_h1.0_h02.0_T200_RA3.0_steps100000,1.16109193,0.999367669
100.0,rhoA0.6_rhoB0.6_h1.0_h02.0_T200_RA3.0_steps100000,1.18227503,1.00560357
100.0,rhoA0.6_rhoB0.6_h1.0_h02.0_T200_RA3.0_steps100000,1.2030555,0.998253839
100.0,rhoA0.6_rhoB0.6_h1.0_h02.0_T200_RA3.0_steps100000,1.22375183,0.998126962
100.0,rhoA0.6_rhoB0.6_h1.0_h02.0_T200_RA3.0_steps100000,1.24453484,1.00059898
100.0,rhoA0.6_rhoB0.6_h1.0_h02.0_T200_RA3.0_steps100000,1.26570671,0.995967826
100.0,rhoA0.6_rhoB0.6_h1.0_h02.0_T200_RA3.0_steps100000,1.28693994,1.00223046
100.0,rhoA0.6_rhoB0.6_h1.0_h02.0_T200_RA3.0_steps100000,1.30807124,0.993819712
100.0,rhoA0.6_rhoB0.6_h1.0_h02.0_T200_RA3.0_steps100000,1.32889646,1.00375075
100.0,rhoA0.6_rhoB0.6_h1.0_h02.0_T200_RA3.0_steps100000,1.34945121,0.999891946
100.0,rhoA0.6_rhoB0.6_h1.0_h02.0_T200_RA3.0_steps100000,1.37055188,1.00304374
100.0,rhoA0.6_rhoB0.6_h1.0_h02.0_T200_RA3.0_steps100000,1.39148285,0.997933672
100.0,rhoA0.6_rhoB0.6_h1.0_h02.0_T200_RA3.0_steps100000,1.41220445,1.004686
100.0,rhoA0.6_rhoB0.6_h1.0_h02.0_T200_RA3.0_steps100000,1.43352474,1.00165316
100.0,rhoA0.6_rhoB0.6_h1.0_h02.0_T200_RA3.0_steps100000,1.45454751,0.99932718
100.0,rhoA0.6_rhoB0.6_h1.0_h02.0_T200_RA3.0_steps100000,1.47511055,0.999315362
100.0,rhoA0.6_rhoB0.6_h1.0_h02.0_T200_RA3.0_steps100000,1.49566583,1.00071557
100.0,rhoA0.6_rhoB0.6_h1.0_h02.0_T200_RA3.0_steps100000,1.51690776,0.993072352
100.0,rhoA0.6_rhoB0.6_h1.0_h02.0_T200_RA3.0_steps100000,1.53826425,0.998302864
100.0,rhoA0.6_rhoB0.6_h1.0_h02.0_T200_RA3.0_steps100000,1.55931449,0.999249184
100.0,rhoA0.6_rhoB0.6_h1.0_h02.0_T200_RA3.0_steps100000,1.58012172,1.0014036
100.0,rhoA0.6_rhoB0.6_h1.0_h02.0_T200_RA3.0_steps100000,1.60114355,0.999862729
100.0,rhoA0.6_rhoB0.6_h1.0_h02.0_T200_RA3.0_steps100000,1.62229155,1.00049601
100.0,rhoA0.6_rhoB0.6_h1.0_h02.0_T200_RA3.0_steps100000,1.64295947,1.00009858
100.0,rhoA0.6_rhoB0.6_h1.0_h02.0_T200_RA3.0_steps100000,1.66366432,1.00438679
100.0,rhoA0.6_rhoB0.6_h1.0_h02.0_T200_RA3.0_steps100000,1.68478217,0.997352247
100.0,rhoA0.6_rhoB0.6_h1.0_h02.0_T200_RA3.0_steps100000,1.7057485,0.999358123
100.0,rhoA0.6_rhoB0.6_h1.0_h02.0_T200_RA3.0_steps100000,1.72683745,0.997161495
100.0,rhoA0.6_rhoB0.6_h1.0_h02.0_T200_RA3.0_steps100000,1.74765849,1.00143943
100.0,rhoA0.6_rhoB0.6_h1.0_h02.0_T200_RA3.0_steps100000,1.76847487,1.00103466
100.0,rhoA0.6_rhoB0.6_h1.0_h02.0_T200_RA3.0_steps100000,1.78961871,0.99937725
100.0,rhoA0.6_rhoB0.6_h1.0_h02.0_T200_RA3.0_steps100000,1.81086098,1.00174634
100.0,rhoA0.6_rhoB0.6_h1.0_h02.0_T200_RA3.0_steps100000,1.83179094,0.998601474
100.0,rhoA0.6_rhoB0.6_h1.0_h02.0_T200_RA3.0_steps100000,1.8521746,1.00189546
100.0,rhoA0.6_rhoB0.6_h1.0_h02.0_T200_RA3.0_steps100000,1.8733654,0.991796034
100.0,rhoA0.6_rhoB0.6_h1.0_h02.0_T200_RA3.0_steps100000,1.89455538,1.0043622
100.0,rhoA0.6_rhoB0.6_h1.0_h02.0_T200_RA3.0_steps100000,1.91534795,0.99486027
100.0,rhoA0.6_rhoB0.6_h1.0_h02.0_T200_RA3.0_steps100000,1.93623233,0.999933857
100.0,rhoA0.6_rhoB0.6_h1.0_h02.0_T200_RA3.0_steps100000,1.9571481,1.00286742
100.0,rhoA0.6_rhoB0.6_h1.0_h02.0_T200_RA3.0_steps100000,1.97825109,1.00209707
100.0,rhoA0.6_rhoB0.6_h1.0_h02.0_T200_RA3.0_steps100000,1.99905898,1.00182702
100.0,rhoA0.6_rhoB0.6_h1.0_h02.0_T200_RA3.0_steps100000,2.01966715,1.00222427
100.0,rhoA0.6_rhoB0.6_h1.0_h02.0_T200_RA3.0_steps100000,2.04082415,0.999148361
100.0,rhoA0.6_rhoB0.6_h1.0_h02.0_T200_RA3.0_steps100000,2.06193171,1.00038472
100.0,rhoA0.6_rhoB0.6_h1.0_h02.0_T200_RA3.0_steps100000,2.08296048,1.00009695
100.0,rhoA0.6_rhoB0.6_h1.0_h02.0_T200_RA3.0_steps100000,2.10383017,1.00478849
100.0,rhoA0.6_rhoB0.6_h1.0_h02.0_T200_RA3.0_steps100000,2.12494312,0.995335824
100.0,rhoA0.6_rhoB0.6_h1.0_h02.0_T200_RA3.0_steps100000,2.14618475,1.00360575
100.0,rhoA0.6_rhoB0.6_h1.0_h02.0_T200_RA3.0_steps100000,2.16679298,0.994854634
100.0,rhoA0.6_rhoB0.6_h1.0_h02.0_T200_RA3.0_steps100000,2.18753482,0.999027957
100.0,rhoA0.6_rhoB0.6_h1.0_h02.0_T200_RA3.0_steps100000,2.20847027,0.996310755
100.0,rhoA0.6_rhoB0.6_h1.0_h02.0_T200_RA3.0_steps100000,2.22955181,0.999975298
100.0,rhoA0.6_rhoB0.6_h1.0_h02.0_T200_RA3.0_steps100000,2.25078374,1.00091669
100.0,rhoA0.6_rhoB0.6_h1.0_h02.0_T200_RA3.0_steps100000,2.27150159,0.995992009
100.0,rhoA0.6_rhoB0.6_h1.0_h02.0_T200_RA3.0_steps100000,2.29205574,1.00475321
100.0,rhoA0.6_rhoB0.6_h1.0_h02.0_T200_RA3.0_steps100000,2.31294326,1.00011071
100.0,rhoA0.6_rhoB0.6_h1.0_h02.0_T200_RA3.0_steps100000,2.3340363,1.00291628
100.0,rhoA0.6_rhoB0.6_h1.0_h02.0_T200_RA3.0_steps100000,2.35514399,1.00252686
100.0,rhoA0.6_rhoB0.6_h1.0_h02.0_T200_RA3.0_steps100000,2.37607726,0.998751582
100.0,rhoA0.6_rhoB0.6_h1.0_h02.0_T200_RA3.0_steps100000,2.39730341,0.997924902
100.0,rhoA0.6_rhoB0.6_h1.0_h02.0_T200_RA3.0_steps100000,2.41857203,0.995997374
100.0,rhoA0.6_rhoB0.6_h1.0_h02.0_T200_RA3.0_steps100000,2.43911056,1.00074132
100.0,rhoA0.6_rhoB0.6_h1.0_h02.0_T200_RA3.0_steps100000,2.45988005,0.9972291
100.0,rhoA0.6_rhoB0.6_h1.0_h02.0_T200_RA3.0_steps100000,2.48094151,1.0020025
100.0,rhoA0.6_rhoB0.6_h1.0_h02.0_T200_RA3.0_steps100000,2.50196601,0.998732547
100.0,rhoA0.6_rhoB0.6_h1.0_h02.0_T200_RA3.0_steps100000,2.52300496,0.998888072
100.0,rhoA0.6_rhoB0.6_h1.0_h02.0_T200_RA3.0_steps100000,2.54340089,0.997787381
100.0,rhoA0.6_rhoB0.6_h1.0_h02.0_T200_RA3.0_steps100000,2.56415297,0.999881128
100.0,rhoA0.6_rhoB0.6_h1.0_h02.0_T200_RA3.0_steps100000,2.58575836,0.998293316
100.0,rhoA0.6_rhoB0.6_h1.0_h02.0_T200_RA3.0_steps100000,2.60684428,0.998424954
100.0,rhoA0.6_rhoB0.6_h1.0_h02.0_T200_RA3.0_steps100000,2.62775949,1.00354512
100.0,rhoA0.6_rhoB0.6_h1.0_h02.0_T200_RA3.0_steps100000,2.64834355,0.999222411
100.0,rhoA0.6_rhoB0.6_h1.0_h02.0_T200_RA3.0_steps100000,2.66912062,1.00130838
100.0,rhoA0.6_rhoB0.6_h1.0_h02.0_T200_RA3.0_steps100000,2.69039946,1.00070523
100.0,rhoA0.6_rhoB0.6_h1.0_h02.0_T200_RA3.0_steps100000,2.71121518,1.00080094
100.0,rhoA0.6_rhoB0.6_h1.0_h02.0_T200_RA3.0_steps100000,2.7321837,1.00366845
100.0,rhoA0.6_rhoB0.6_h1.0_h02.0_T200_RA3.0_steps100000,2.75306239,1.00088747
100.0,rhoA0.6_rhoB0.6_h1.0_h02.0_T200_RA3.0_steps100000,2.77427049,1.00292774
100.0,rhoA0.6_rhoB0.6_h1.0_h02.0_T200_RA3.0_steps100000,2.79557932,0.995987531
100.0,rhoA0.6_rhoB0.6_h1.0_h02.0_T200_RA3.0_steps100000,2.8160646,0.999583698
100.0,rhoA0.6_rhoB0.6_h1.0_h02.0_T200_RA3.0_steps100000,2.83689478,0.997982303
100.0,rhoA0.6_rhoB0.6_h1.0_h02.0_T200_RA3.0_steps100000,2.85801727,1.00047577
100.0,rhoA0.6_rhoB0.6_h1.0_h02.0_T200_RA3.0_steps100000,2.87906973,1.0019506
100.0,rhoA0.6_rhoB0.6_h1.0_h02.0_T200_RA3.0_steps100000,2.89996898,1.00364801
100.0,rhoA0.6_rhoB0.6_h1.0_h02.0_T200_RA3.0_steps100000,2.92062944,1.00186016
100.0,rhoA0.6_rhoB0.6_h1.0_h02.0_T200_RA3.0_steps100000,2.941605,1.00083192
100.0,rhoA0.6_rhoB0.6_h1.0_h02.0_T200_RA3.0_steps100000,2.96267076,0.997665143
100.0,rhoA0.6_rhoB0.6_h1.0_h02.0_T200_RA3.0_steps100000,2.98347442,1.00116639
100.0,rhoA0.6_rhoB0.6_h1.0_h02.0_T200_RA3.0_steps100000,3.00437656,1.00498825
100.0,rhoA0.6_rhoB0.6_h1.0_h02.0_T200_RA3.0_steps100000,3.02542142,0.999729749
100.0,rhoA0.6_rhoB0.6_h1.0_h02.0_T200_RA3.0_steps100000,3.04658726,0.998122254
100.0,rhoA0.6_rhoB0.6_h1.0_h02.0_T200_RA3.0_steps100000,3.06768101,1.00189173
100.0,rhoA0.6_rhoB0.6_h1.0_h02.0_T200_RA3.0_steps100000,3.088328,1.00312743
100.0,rhoA0.6_rhoB0.6_h1.0_h02.0_T200_RA3.0_steps100000,3.10931167,0.999955323
100.0,rhoA0.6_rhoB0.6_h1.0_h02.0_T200_RA3.0_steps100000,3.1305457,1.00159966
100.0,rhoA0.6_rhoB0.6_h1.0_h02.0_T200_RA3.0_steps100000,3.15150209,1.00299528
100.0,rhoA0.6_rhoB0.6_h1.0_h02.0_T200_RA3.0_steps100000,3.17219014,1.00198523
100.0,rhoA0.6_rhoB0.6_h1.0_h02.0_T200_RA3.0_steps100000,3.19299024,0.997969034
100.0,rhoA0.6_rhoB0.6_h1.0_h02.0_T200_RA3.0_steps100000,3.21390436,0.998063801
100.0,rhoA0.6_rhoB0.6_h1.0_h02.0_T200_RA3.0_steps100000,3.23506564,0.999327431
100.0,rhoA0.6_rhoB0.6_h1.0_h02.0_T200_RA3.0_steps100000,3.25605387,1.00073779
100.0,rhoA0.6_rhoB0.6_h1.0_h02.0_T200_RA3.0_steps100000,3.27685776,0.998172452
100.0,rhoA0.6_rhoB0.6_h1.0_h02.0_T200_RA3.0_steps100000,3.29794723,1.00362314
100.0,rhoA0.6_rhoB0.6_h1.0_h02.0_T200_RA3.0_steps100000,3.31884778,0.999967372
100.0,rhoA0.6_rhoB0.6_h1.0_h02.0_T200_RA3.0_steps100000,3.33944269,1.0001183
100.0,rhoA0.6_rhoB0.6_h1.0_h02.0_T200_RA3.0_steps100000,3.36030612,0.999436248
100.0,rhoA0.6_rhoB0.6_h1.0_h02.0_T200_RA3.0_steps100000,3.38171654,0.999367684
100.0,rhoA0.6_rhoB0.6_h1.0_h02.0_T200_RA3.0_steps100000,3.40297495,0.99597165
100.0,rhoA0.6_rhoB0.6_h1.0_h02.0_T200_RA3.0_steps100000,3.42370792,0.999105873
100.0,rhoA0.6_rhoB0.6_h1.0_h02.0_T200_RA3.0_steps100000,3.44440875,0.998771775
100.0,rhoA0.6_rhoB0.6_h1.0_h02.0_T200_RA3.0_steps100000,3.465315,1.00229867
100.0,rhoA0.6_rhoB0.6_h1.0_h02.0_T200_RA3.0_steps100000,3.4865867,0.998711974
100.0,rhoA0.6_rhoB0.6_h1.0_h02.0_T200_RA3.0_steps100000,3.50751221,1.00102782
100.0,rhoA0.6_rhoB0.6_h1.0_h02.0_T200_RA3.0_steps100000,3.52796741,1.00144094
100.0,rhoA0.6_rhoB0.6_h1.0_h02.0_T200_RA3.0_steps100000,3.5488788,1.00109436
100.0,rhoA0.6_rhoB0.6_h1.0_h02.0_T200_RA3.0_steps100000,3.57014151,1.00065579
100.0,rhoA0.6_rhoB0.6_h1.0_h02.0_T200_RA3.0_steps100000,3.59120365,1.00340301
100.0,rhoA0.6_rhoB0.6_h1.0_h02.0_T200_RA3.0_steps100000,3.61190928,1.00295226
100.0,rhoA0.6_rhoB0.6_h1.0_h02.0_T200_RA3.0_steps100000,3.63300558,1.0004287
100.0,rhoA0.6_rhoB0.6_h1.0_h02.0_T200_RA3.0_steps100000,3.6541422,1.00093481
100.0,rhoA0.6_rhoB0.6_h1.0_h02.0_T200_RA3.0_steps100000,3.67500902,0.999634648
100.0,rhoA0.6_rhoB0.6_h1.0_h02.0_T200_RA3.0_steps100000,3.69581564,1.00251247
100.0,rhoA0.6_rhoB0.6_h1.0_h02.0_T200_RA3.0_steps100000,3.71644729,0.999472994
100.0,rhoA0.6_rhoB0.6_h1.0_h02.0_T200_RA3.0_steps100000,3.73749774,1.00043221
100.0,rhoA0.6_rhoB0.6_h1.0_h02.0_T200_RA3.0_steps100000,3.75868086,0.998647716
100.0,rhoA0.6_rhoB0.6_h1.0_h02.0_T200_RA3.0_steps100000,3.77950549,0.99861796
100.0,rhoA0.6_rhoB0.6_h1.0_h02.0_T200_RA3.0_steps100000,3.80027286,1.0021625
100.0,rhoA0.6_rhoB0.6_h1.0_h02.0_T200_RA3.0_steps100000,3.82143123,0.998790207
100.0,rhoA0.6_rhoB0.6_h1.0_h02.0_T200_RA3.0_steps100000,3.84280481,0.998296852
100.0,rhoA0.6_rhoB0.6_h1.0_h02.0_T200_RA3.0_steps100000,3.86349282,1.00089532
100.0,rhoA0.6_rhoB0.6_h1.0_h02.0_T200_RA3.0_steps100000,3.88417456,1.00203091
100.0,rhoA0.6_rhoB0.6_h1.0_h02.0_T200_RA3.0_steps100000,3.90535419,0.999807873
100.0,rhoA0.6_rhoB0.6_h1.0_h02.0_T200_RA3.0_steps100000,3.9264697,1.00167825
100.0,rhoA0.6_rhoB0.6_h1.0_h02.0_T200_RA3.0_steps100000,3.94738681,1.00018374
100.0,rhoA0.6_rhoB0.6_h1.0_h02.0_T200_RA3.0_steps100000,3.96810309,1.00196674
100.0,rhoA0.6_rhoB0.6_h1.0_h02.0_T200_RA3.0_steps100000,3.98888694,0.997809044
100.0,rhoA0.6_rhoB0.6_h1.0_h02.0_T200_RA3.0_steps100000,4.00993371,0.998726673
100.0,rhoA0.6_rhoB0.6_h1.0_h02.0_T200_RA3.0_steps100000,4.03080983,1.00277777
100.0,rhoA0.6_rhoB0.6_h1.0_h02.0_T200_RA3.0_steps100000,4.05178039,1.00235749
100.0,rhoA0.6_rhoB0.6_h1.0_h02.0_T200_RA3.0_steps100000,4.07276799,0.998742791
100.0,rhoA0.6_rhoB0.6_h1.0_h02.0_T200_RA3.0_steps100000,4.09368684,1.00133586
100.0,rhoA0.6_rhoB0.6_h1.0_h02.0_T200_RA3.0_steps100000,4.11485609,1.00111771
100.0,rhoA0.6_rhoB0.6_h1.0_h02.0_T200_RA3.0_steps100000,4.13583188,1.00214468
100.0,rhoA0.6_rhoB0.6_h1.0_h02.0_T200_RA3.0_steps100000,4.15670688,1.00194709
100.0,rhoA0.6_rhoB0.6_h1.0_h02.0_T200_RA3.0_steps100000,4.17758774,1.00036174
100.0,rhoA0.6_rhoB0.6_h1.0_h02.0_T200_RA3.0_steps100000,4.19867141,1.00060174
100.0,rhoA0.6_rhoB0.6_h1.0_h02.0_T200_RA3.0_steps100000,4.21961517,1.00094619
100.0,rhoA0.6_rhoB0.6_h1.0_h02.0_T200_RA3.0_steps100000,4.24013393,0.997590196
100.0,rhoA0.6_rhoB0.6_h1.0_h02.0_T200_RA3.0_steps100000,4.26119077,1.00102225
100.0,rhoA0.6_rhoB0.6_h1.0_h02.0_T200_RA3.0_steps100000,4.28239268,0.999883241
100.0,rhoA0.6_rhoB0.6_h1.0_h02.0_T200_RA3.0_steps100000,4.30342826,1.0019904
100.0,rhoA0.6_rhoB0.6_h1.0_h02.0_T200_RA3.0_steps100000,4.32431592,0.999302351
100.0,rhoA0.6_rhoB0.6_h1.0_h02.0_T200_RA3.0_steps100000,4.34508479,0.999421752
100.0,rhoA0.6_rhoB0.6_h1.0_h02.0_T200_RA3.0_steps100000,4.36604259,0.998458585
100.0,rhoA0.6_rhoB0.6_h1.0_h02.0_T200_RA3.0_steps100000,4.38708086,0.999706278
100.0,rhoA0.6_rhoB0.6_h1.0_h02.0_T200_RA3.0_steps100000,4.40778797,0.999854212
100.0,rhoA0.6_rhoB0.6_h1.0_h02.0_T200_RA3.0_steps100000,4.4288526,1.00045535
100.0,rhoA0.6_rhoB0.6_h1.0_h02.0_T200_RA3.0_steps100000,4.44994967,0.997487188
100.0,rhoA0.6_rhoB0.6_h1.0_h02.0_T200_RA3.0_steps100000,4.47085438,1.00139747
100.0,rhoA0.6_rhoB0.6_h1.0_h02.0_T200_RA3.0_steps100000,4.49188801,0.999801431
100.0,rhoA0.6_rhoB0.6_h1.0_h02.0_T200_RA3.0_steps100000,4.51250216,0.99663244
100.0,rhoA0.6_rhoB0.6_h1.0_h02.0_T200_RA3.0_steps100000,4.5334461,1.00061725
100.0,rhoA0.6_rhoB0.6_h1.0_h02.0_T200_RA3.0_steps100000,4.55463591,1.00042773
100.0,rhoA0.6_rhoB0.6_h1.0_h02.0_T200_RA3.0_steps100000,4.57547609,1.00019563
100.0,rhoA0.6_rhoB0.6_h1.0_h02.0_T200_RA3.0_steps100000,4.59643311,1.00227667
100.0,rhoA0.6_rhoB0.6_h1.0_h02.0_T200_RA3.0_steps100000,4.61732903,1.00033761
100.0,rhoA0.6_rhoB0.6_h1.0_h02.0_T200_RA3.0_steps100000,4.63833098,0.997642695
100.0,rhoA0.6_rhoB0.6_h1.0_h02.0_T200_RA3.0_steps100000,4.65949324,1.0030936
100.0,rhoA0.6_rhoB0.6_h1.0_h02.0_T200_RA3.0_steps100000,4.68039693,1.00302904
100.0,rhoA0.6_rhoB0.6_h1.0_h02.0_T200_RA3.0_steps100000,4.70136745,0.998547503
100.0,rhoA0.6_rhoB0.6_h1.0_h02.0_T200_RA3.0_steps100000,4.72221533,0.999660936
100.0,rhoA0.6_rhoB0.6_h1.0_h02.0_T200_RA3.0_steps100000,4.74309374,1.00096712
100.0,rhoA0.6_rhoB0.6_h1.0_h02.0_T200_RA3.0_steps100000,4.76390784,1.00032206
100.0,rhoA0.6_rhoB0.6_h1.0_h02.0_T200_RA3.0_steps100000,4.78491795,1.00073237
100.0,rhoA0.6_rhoB0.6_h1.0_h02.0_T200_RA3.0_steps100000,4.80636204,1.0026895
100.0,rhoA0.6_rhoB0.6_h1.0_h02.0_T200_RA3.0_steps100000,4.82728449,0.997234796
100.0,rhoA0.6_rhoB0.6_h1.0_h02.0_T200_RA3.0_steps100000,4.84785524,0.999327544
100.0,rhoA0.6_rhoB0.6_h1.0_h02.0_T200_RA3.0_steps100000,4.86859731,0.997758887
100.0,rhoA0.6_rhoB0.6_h1.0_h02.0_T200_RA3.0_steps100000,4.88954319,0.999480155
100.0,rhoA0.6_rhoB0.6_h1.0_h02.0_T200_RA3.0_steps100000,4.91078695,0.999890709
100.0,rhoA0.6_rhoB0.6_h1.0_h02.0_T200_RA3.0_steps100000,4.93172016,0.998697574
100.0,rhoA0.6_rhoB0.6_h1.0_h02.0_T200_RA3.0_steps100000,4.95244063,1.00372139
100.0,rhoA0.6_rhoB0.6_h1.0_h02.0_T200_RA3.0_steps100000,4.97348932,0.998026235
100.0,rhoA0.6_rhoB0.6_h1.0_h02.0_T200_RA3.0_steps100000,4.994309,0.99981879
100.0,rhoA0.6_rhoB0.6_h1.0_h02.0_T200_RA3.0_steps100000,5.01515697,0.99769186
100.0,rhoA0.6_rhoB0.6_h1.0_h02.0_T200_RA3.0_steps100000,5.03598003,0.999520956
100.0,rhoA0.6_rhoB0.6_h1.0_h02.0_T200_RA3.0_steps100000,5.05703237,1.00037307
100.0,rhoA0.6_rhoB0.6_h1.0_h02.0_T200_RA3.0_steps100000,5.07840332,1.0028213
100.0,rhoA0.6_rhoB0.6_h1.0_h02.0_T200_RA3.0_steps100000,5.09943841,0.999817659
100.0,rhoA0.6_rhoB0.6_h1.0_h02.0_T200_RA3.0_steps100000,5.12032938,0.999380484
100.0,rhoA0.6_rhoB0.6_h1.0_h02.0_T200_RA3.0_steps100000,5.14107614,1.00266582
100.0,rhoA0.6_rhoB0.6_h1.0_h02.0_T200_RA3.0_steps100000,5.16214077,1.00140731
100.0,rhoA0.6_rhoB0.6_h1.0_h02.0_T200_RA3.0_steps100000,5.18341099,0.999359373
100.0,rhoA0.6_rhoB0.6_h1.0_h02.0_T200_RA3.0_steps100000,5.2041075,1.00023336
100.0,rhoA0.6_rhoB0.6_h1.0_h02.0_T200_RA3.0_steps100000,5.22477891,0.998775344
100.0,rhoA0.6_rhoB0.6_h1.0_h02.0_T200_RA3.0_steps100000,5.24557967,0.99906341
100.0,rhoA0.6_rhoB0.6_h1.0_h02.0_T200_RA3.0_steps100000,5.26649236,0.999499981
100.0,rhoA0.6_rhoB0.6_h1.0_h02.0_T200_RA3.0_steps100000,5.28753131,1.00046636
100.0,rhoA0.6_rhoB0.6_h1.0_h02.0_T200_RA3.0_steps100000,5.30847064,0.99893862
100.0,rhoA0.6_rhoB0.6_h1.0_h02.0_T200_RA3.0_steps100000,5.32946745,0.999906242
100.0,rhoA0.6_rhoB0.6_h1.0_h02.0_T200_RA3.0_steps100000,5.3506922,0.999315793
100.0,rhoA0.6_rhoB0.6_h1.0_h02.0_T200_RA3.0_steps100000,5.37158853,0.998345277
100.0,rhoA0.6_rhoB0.6_h1.0_h02.0_T200_RA3.0_steps100000,5.39231925,0.999232834
100.0,rhoA0.6_rhoB0.6_h1.0_h02.0_T200_RA3.0_steps100000,5.41333352,1.00308792
100.0,rhoA0.6_rhoB0.6_h1.0_h02.0_T200_RA3.0_steps100000,5.43434316,0.99837679
100.0,rhoA0.6_rhoB0.6_h1.0_h02.0_T200_RA3.0_steps100000,5.45530659,0.996748255
100.0,rhoA0.6_rhoB0.6_h1.0_h02.0_T200_RA3.0_steps100000,5.47618498,0.998603621
100.0,rhoA0.6_rhoB0.6_h1.0_h02.0_T200_RA3.0_steps100000,5.49715755,1.00218254
100.0,rhoA0.6_rhoB0.6_h1.0_h02.0_T200_RA3.0_steps100000,5.51801586,1.00202518
100.0,rhoA0.6_rhoB0.6_h1.0_h02.0_T200_RA3.0_steps100000,5.53881995,1.00034937
100.0,rhoA0.6_rhoB0.6_h1.0_h02.0_T200_RA3.0_steps100000,5.55992514,0.999684283
100.0,rhoA0.6_rhoB0.6_h1.0_h02.0_T200_RA3.0_steps100000,5.58098545,0.998849862
100.0,rhoA0.6_rhoB0.6_h1.0_h02.0_T200_RA3.0_steps100000,5.60183772,0.997649276
100.0,rhoA0.6_rhoB0.6_h1.0_h02.0_T200_RA3.0_steps100000,5.62277584,1.00102606
100.0,rhoA0.6_rhoB0.6_h1.0_h02.0_T200_RA3.0_steps100000,5.64379172,1.00220937
100.0,rhoA0.6_rhoB0.6_h1.0_h02.0_T200_RA3.0_steps100000,5.66460817,0.997315821
100.0,rhoA0.6_rhoB0.6_h1.0_h02.0_T200_RA3.0_steps100000,5.68556022,0.999153437
100.0,rhoA0.6_rhoB0.6_h1.0_h02.0_T200_RA3.0_steps100000,5.7067909,1.00328047
100.0,rhoA0.6_rhoB0.6_h1.0_h02.0_T200_RA3.0_steps100000,5.72769317,1.00357068
100.0,rhoA0.6_rhoB0.6_h1.0_h02.0_T200_RA3.0_steps100000,5.74840017,1.0021493
100.0,rhoA0.6_rhoB0.6_h1.0_h02.0_T200_RA3.0_steps100000,5.76938192,0.99976618
100.0,rhoA0.6_rhoB0.6_h1.0_h02.0_T200_RA3.0_steps100000,5.79039764,0.997932876
100.0,rhoA0.6_rhoB0.6_h1.0_h02.0_T200_RA3.0_steps100000,5.81144039,1.00148418
100.0,rhoA0.6_rhoB0.6_h1.0_h02.0_T200_RA3.0_steps100000,5.83232115,0.99978637
100.0,rhoA0.6_rhoB0.6_h1.0_h02.0_T200_RA3.0_steps100000,5.85320209,0.998122486
100.0,rhoA0.6_rhoB0.6_h1.0_h02.0_T200_RA3.0_steps100000,5.87418919,1.00130126
100.0,rhoA0.6_rhoB0.6_h1.0_h02.0_T200_RA3.0_steps100000,5.89509625,0.9989015
100.0,rhoA0.6_rhoB0.6_h1.0_h02.0_T200_RA3.0_steps100000,5.9159726,0.999529043
100.0,rhoA0.6_rhoB0.6_h1.0_h02.0_T200_RA3.0_steps100000,5.93682663,0.998595164
100.0,rhoA0.6_rhoB0.6_h1.0_h02.0_T200_RA3.0_steps100000,5.95791772,0.999830708
100.0,rhoA0.6_rhoB0.6_h1.0_h02.0_T200_RA3.0_steps100000,5.97900675,0.998006566
100.0,rhoA0.6_rhoB0.6_h1.0_h02.0_T200_RA3.0_steps100000,5.99978945,0.999067094
100.0,rhoA0.6_rhoB0.6_h1.0_h02.0_T200_RA3.0_steps100000,6.02063577,1.00271799
100.0,rhoA0.6_rhoB0.6_h1.0_h02.0_T200_RA3.0_steps100000,6.04156421,1.00094909
100.0,rhoA0.6_rhoB0.6_h1.0_h02.0_T200_RA3.0_steps100000,6.06259364,1.00025446
100.0,rhoA0.6_rhoB0.6_h1.0_h02.0_T200_RA3.0_steps100000,6.08377541,1.0004586
100.0,rhoA0.6_rhoB0.6_h1.0_h02.0_T200_RA3.0_steps100000,6.10447051,0.998324097
100.0,rhoA0.6_rhoB0.6_h1.0_h02.0_T200_RA3.0_steps100000,6.12538157,0.99965187
100.0,rhoA0.6_rhoB0.6_h1.0_h02.0_T200_RA3.0_steps100000,6.14660689,0.997327561
100.0,rhoA0.6_rhoB0.6_h1.0_h02.0_T200_RA3.0_steps100000,6.16752321,0.998972783
100.0,rhoA0.6_rhoB0.6_h1.0_h02.0_T200_RA3.0_steps100000,6.18833806,0.997685944
100.0,rhoA0.6_rhoB0.6_h1.0_h02.0_T200_RA3.0_steps100000,6.20938667,1.0010319
100.0,rhoA0.6_rhoB0.6_h1.0_h02.0_T200_RA3.0_steps100000,6.23052184,0.999194597
100.0,rhoA0.6_rhoB0.6_h1.0_h02.0_T200_RA3.0_steps100000,6.25137137,1.00071073
100.0,rhoA0.6_rhoB0.6_h1.0_h02.0_T200_RA3.0_steps100000,6.27204484,1.0006399
100.0,rhoA0.6_rhoB0.6_h1.0_h02.0_T200_RA3.0_steps100000,6.29290789,0.998369099
100.0,rhoA0.6_rhoB0.6_h1.0_h02.0_T200_RA3.0_steps100000,6.31382104,1.00201507
100.0,rhoA0.6_rhoB0.6_h1.0_h02.0_T200_RA3.0_steps100000,6.33495691,1.0007501
100.0,rhoA0.6_rhoB0.6_h1.0_h02.0_T200_RA3.0_steps100000,6.35600914,0.999902787
100.0,rhoA0.6_rhoB0.6_h1.0_h02.0_T200_RA3.0_steps100000,6.37663869,1.00011461
100.0,rhoA0.6_rhoB0.6_h1.0_h02.0_T200_RA3.0_steps100000,6.39770954,1.00202979
100.0,rhoA0.6_rhoB0.6_h1.0_h02.0_T200_RA3.0_steps100000,6.41872759,1.00171924
100.0,rhoA0.6_rhoB0.6_h1.0_h02.0_T200_RA3.0_steps100000,6.43951457,0.997430353
100.0,rhoA0.6_rhoB0.6_h1.0_h02.0_T200_RA3.0_steps100000,6.46033562,0.998834136
100.0,rhoA0.6_rhoB0.6_h1.0_h02.0_T200_RA3.0_steps100000,6.4814564,1.00004954
100.0,rhoA0.6_rhoB0.6_h1.0_h02.0_T200_RA3.0_steps100000,6.50265681,0.996997135
100.0,rhoA0.6_rhoB0.6_h1.0_h02.0_T200_RA3.0_steps100000,6.52350383,1.00019811
100.0,rhoA0.6_rhoB0.6_h1.0_h02.0_T200_RA3.0_steps100000,6.54427866,1.00173193
100.0,rhoA0.6_rhoB0.6_h1.0_h02.0_T200_RA3.0_steps100000,6.56515568,0.99868728
100.0,rhoA0.6_rhoB0.6_h1.0_h02.0_T200_RA3.0_steps100000,6.58628576,1.00220954
100.0,rhoA0.6_rhoB0.6_h1.0_h02.0_T200_RA3.0_steps100000,6.60749316,0.999707846
100.0,rhoA0.6_rhoB0.6_h1.0_h02.0_T200_RA3.0_steps100000,6.62830625,1.00120314
100.0,rhoA0.6_rhoB0.6_h1.0_h02.0_T200_RA3.0_steps100000,6.64913567,1.00299985
100.0,rhoA0.6_rhoB0.6_h1.0_h02.0_T200_RA3.0_steps100000,6.67020149,1.000524
100.0,rhoA0.6_rhoB0.6_h1.0_h02.0_T200_RA3.0_steps100000,6.69106898,1.00141798
100.0,rhoA0.6_rhoB0.6_h1.0_h02.0_T200_RA3.0_steps100000,6.71185955,0.999271677
100.0,rhoA0.6_rhoB0.6_h1.0_h02.0_T200_RA3.0_steps100000,6.73264651,1.00171763
100.0,rhoA0.6_rhoB0.6_h1.0_h02.0_T200_RA3.0_steps100000,6.7537045,1.00010199
100.0,rhoA0.6_rhoB0.6_h1.0_h02.0_T200_RA3.0_steps100000,6.77487174,1.0003419
100.0,rhoA0.6_rhoB0.6_h1.0_h02.0_T200_RA3.0_steps100000,6.79557562,1.00207899
100.0,rhoA0.6_rhoB0.6_h1.0_h02.0_T200_RA3.0_steps100000,6.81648781,1.00053521
100.0,rhoA0.6_rhoB0.6_h1.0_h02.0_T200_RA3.0_steps100000,6.83753747,1.00058764
100.0,rhoA0.6_rhoB0.6_h1.0_h02.0_T200_RA3.0_steps100000,6.85867557,0.998428057
100.0,rhoA0.6_rhoB0.6_h1.0_h02.0_T200_RA3.0_steps100000,6.87985316,1.00160253
100.0,rhoA0.6_rhoB0.6_h1.0_h02.0_T200_RA3.0_steps100000,6.90065786,0.999355285
100.0,rhoA0.6_rhoB0.6_h1.0_h02.0_T200_RA3.0_steps100000,6.92153112,1.00128977
100.0,rhoA0.6_rhoB0.6_h1.0_h02.0_T200_RA3.0_steps100000,6.94229803,1.00215998
100.0,rhoA0.6_rhoB0.6_h1.0_h02.0_T200_RA3.0_steps100000,6.9630016,1.00112421
100.0,rhoA0.6_rhoB0.6_h1.0_h02.0_T200_RA3.0_steps100000,6.98416877,0.999533995
100.0,rhoA0.6_rhoB0.6_h1.0_h02.0_T200_RA3.0_steps100000,7.0052781,0.997186759
100.0,rhoA0.6_rhoB0.6_h1.0_h02.0_T200_RA3.0_steps100000,7.02617612,0.998854721
100.0,rhoA0.6_rhoB0.6_h1.0_h02.0_T200_RA3.0_steps100000,7.04699526,0.999205149
100.0,rhoA0.6_rhoB0.6_h1.0_h02.0_T200_RA3.0_steps100000,7.06761685,0.999429451
100.0,rhoA0.6_rhoB0.6_h1.0_h02.0_T200_RA3.0_steps100000,7.08873369,1.00120056
100.0,rhoA0.6_rhoB0.6_h1.0_h02.0_T200_RA3.0_steps100000,7.10994937,1.00166508
100.0,rhoA0.6_rhoB0.6_h1.0_h02.0_T200_RA3.0_steps100000,7.13102893,0.999897271
100.0,rhoA0.6_rhoB0.6_h1.0_h02.0_T200_RA3.0_steps100000,7.15201412,0.99968226
100.0,rhoA0.6_rhoB0.6_h1.0_h02.0_T200_RA3.0_steps100000,7.17271336,0.999532887
100.0,rhoA0.6_rhoB0.6_h1.0_h02.0_T200_RA3.0_steps100000,7.19374266,1.00058192
100.0,rhoA0.6_rhoB0.6_h1.0_h02.0_T200_RA3.0_steps100000,7.21473042,1.00027501
100.0,rhoA0.6_rhoB0.6_h1.0_h02.0_T200_RA3.0_steps100000,7.23564263,0.999154784
100.0,rhoA0.6_rhoB0.6_h1.0_h02.0_T200_RA3.0_steps100000,7.25666289,0.99952109
100.0,rhoA0.6_rhoB0.6_h1.0_h02.0_T200_RA3.0_steps100000,7.27757645,0.999252603
100.0,rhoA0.6_rhoB0.6_h1.0_h02.0_T200_RA3.0_steps100000,7.2984411,0.99987543
100.0,rhoA0.6_rhoB0.6_h1.0_h02.0_T200_RA3.0_steps100000,7.31917384,0.999870267
100.0,rhoA0.6_rhoB0.6_h1.0_h02.0_T200_RA3.0_steps100000,7.34001688,0.999512048
100.0,rhoA0.6_rhoB0.6_h1.0_h02.0_T200_RA3.0_steps100000,7.3611683,0.999759103
100.0,rhoA0.6_rhoB0.6_h1.0_h02.0_T200_RA3.0_steps100000,7.38224284,1.00052236
100.0,rhoA0.6_rhoB0.6_h1.0_h02.0_T200_RA3.0_steps100000,7.40324015,0.999091713
100.0,rhoA0.6_rhoB0.6_h1.0_h02.0_T200_RA3.0_steps100000,7.42408854,0.998840488
100.0,rhoA0.6_rhoB0.6_h1.0_h02.0_T200_RA3.0_steps100000,7.44500634,0.998153985
100.0,rhoA0.6_rhoB0.6_h1.0_h02.0_T200_RA3.0_steps100000,7.46595959,1.00224203
100.0,rhoA0.6_rhoB0.6_h1.0_h02.0_T200_RA3.0_steps100000,7.48696308,1.0023114
100.0,rhoA0.6_rhoB0.6_h1.0_h02.0_T200_RA3.0_steps100000,7.5079936,0.99965928
100.0,rhoA0.6_rhoB0.6_h1.0_h02.0_T200_RA3.0_steps100000,7.52871967,1.00019351
100.0,rhoA0.6_rhoB0.6_h1.0_h02.0_T200_RA3.0_steps100000,7.54966921,0.999721939
100.0,rhoA0.6_rhoB0.6_h1.0_h02.0_T200_RA3.0_steps100000,7.57064902,0.998261172
100.0,rhoA0.6_rhoB0.6_h1.0_h02.0_T200_RA3.0_steps100000,7.59151428,1.00100973
100.0,rhoA0.6_rhoB0.6_h1.0_h02.0_T200_RA3.0_steps100000,7.6123809,0.999884582
100.0,rhoA0.6_rhoB0.6_h1.0_h02.0_T200_RA3.0_steps100000,7.63338324,0.999921927
100.0,rhoA0.6_rhoB0.6_h1.0_h02.0_T200_RA3.0_steps100000,7.65450532,0.999539958
100.0,rhoA0.6_rhoB0.6_h1.0_h02.0_T200_RA3.0_steps100000,7.67556944,0.999460746
100.0,rhoA0.6_rhoB0.6_h1.0_h02.0_T200_RA3.0_steps100000,7.69637751,0.994903374
100.0,rhoA0.6_rhoB0.6_h1.0_h02.0_T200_RA3.0_steps100000,7.71727216,0.998367586
100.0,rhoA0.6_rhoB0.6_h1.0_h02.0_T200_RA3.0_steps100000,7.73835725,1.00067834
100.0,rhoA0.6_rhoB0.6_h1.0_h02.0_T200_RA3.0_steps100000,7.75934923,1.00054658
100.0,rhoA0.6_rhoB0.6_h1.0_h02.0_T200_RA3.0_steps100000,7.78023116,1.00135326
100.0,rhoA0.6_rhoB0.6_h1.0_h02.0_T200_RA3.0_steps100000,7.80098697,1.00337607
100.0,rhoA0.6_rhoB0.6_h1.0_h02.0_T200_RA3.0_steps100000,7.82190677,1.00162306
100.0,rhoA0.6_rhoB0.6_h1.0_h02.0_T200_RA3.0_steps100000,7.84304931,0.999560127
100.0,rhoA0.6_rhoB0.6_h1.0_h02.0_T200_RA3.0_steps100000,7.86405132,1.00033684
100.0,rhoA0.6_rhoB0.6_h1.0_h02.0_T200_RA3.0_steps100000,7.88484553,1.00055596
100.0,rhoA0.6_rhoB0.6_h1.0_h02.0_T200_RA3.0_steps100000,7.90574885,1.00038258
100.0,rhoA0.6_rhoB0.6_h1.0_h02.0_T200_RA3.0_steps100000,7.9267531,1.00165084
100.0,rhoA0.6_rhoB0.6_h1.0_h02.0_T200_RA3.0_steps100000,7.94765228,0.998799708
100.0,rhoA0.6_rhoB0.6_h1.0_h02.0_T200_RA3.0_steps100000,7.96842304,0.998680958
100.0,rhoA0.6_rhoB0.6_h1.0_h02.0_T200_RA3.0_steps100000,7.98938616,0.998994265
100.0,rhoA0.6_rhoB0.6_h1.0_h02.0_T200_RA3.0_steps100000,8.01050815,0.999160369
100.0,rhoA0.6_rhoB0.6_h1.0_h02.0_T200_RA3.0_steps100000,8.03153334,0.999872837
100.0,rhoA0.6_rhoB0.6_h1.0_h02.0_T200_RA3.0_steps100000,8.05240251,0.998210801
100.0,rhoA0.6_rhoB0.6_h1.0_h02.0_T200_RA3.0_steps100000,8.07332696,1.00263317
100.0,rhoA0.6_rhoB0.6_h1.0_h02.0_T200_RA3.0_steps100000,8.09438514,1.00063675
100.0,rhoA0.6_rhoB0.6_h1.0_h02.0_T200_RA3.0_steps100000,8.11529588,0.998942705
100.0,rhoA0.6_rhoB0.6_h1.0_h02.0_T200_RA3.0_steps100000,8.13618411,1.00043979
100.0,rhoA0.6_rhoB0.6_h1.0_h02.0_T200_RA3.0_steps100000,8.15717855,0.998058639
100.0,rhoA0.6_rhoB0.6_h1.0_h02.0_T200_RA3.0_steps100000,8.17807847,0.998673029
100.0,rhoA0.6_rhoB0.6_h1.0_h02.0_T200_RA3.0_steps100000,8.19905269,0.999452991
100.0,rhoA0.6_rhoB0.6_h1.0_h02.0_T200_RA3.0_steps100000,8.21991085,0.999589469
100.0,rhoA0.6_rhoB0.6_h1.0_h02.0_T200_RA3.0_steps100000,8.24078529,0.99921847
100.0,rhoA0.6_rhoB0.6_h1.0_h02.0_T200_RA3.0_steps100000,8.26195652,0.998760061
100.0,rhoA0.6_rhoB0.6_h1.0_h02.0_T200_RA3.0_steps100000,8.28293039,0.999172863
100.0,rhoA0.6_rhoB0.6_h1.0_h02.0_T200_RA3.0_steps100000,8.30373423,1.00573581
100.0,rhoA0.6_rhoB0.6_h1.0_h02.0_T200_RA3.0_steps100000,8.32452583,1.00157215
100.0,rhoA0.6_rhoB0.6_h1.0_h02.0_T200_RA3.0_steps100000,8.34556221,1.0000494
100.0,rhoA0.6_rhoB0.6_h1.0_h02.0_T200_RA3.0_steps100000,8.36671927,0.999750183
100.0,rhoA0.6_rhoB0.6_h1.0_h02.0_T200_RA3.0_steps100000,8.38757523,1.00045253
100.0,rhoA0.6_rhoB0.6_h1.0_h02.0_T200_RA3.0_steps100000,8.40855808,1.00129788
100.0,rhoA0.6_rhoB0.6_h1.0_h02.0_T200_RA3.0_steps100000,8.42953585,0.996374867
100.0,rhoA0.6_rhoB0.6_h1.0_h02.0_T200_RA3.0_steps100000,8.45042977,1.000776
100.0,rhoA0.6_rhoB0.6_h1.0_h02.0_T200_RA3.0_steps100000,8.47138662,0.99962844
100.0,rhoA0.6_rhoB0.6_h1.0_h02.0_T200_RA3.0_steps100000,8.49217243,1.0004328
100.0,rhoA0.6_rhoB0.6_h1.0_h02.0_T200_RA3.0_steps100000,8.51321806,0.998862714
100.0,rhoA0.6_rhoB0.6_h1.0_h02.0_T200_RA3.0_steps100000,8.53421183,1.00086793
100.0,rhoA0.6_rhoB0.6_h1.0_h02.0_T200_RA3.0_steps100000,8.55508292,1.00094924
100.0,rhoA0.6_rhoB0.6_h1.0_h02.0_T200_RA3.0_steps100000,8.57598662,0.997027976
100.0,rhoA0.6_rhoB0.6_h1.0_h02.0_T200_RA3.0_steps100000,8.59679232,0.999958491
100.0,rhoA0.6_rhoB0.6_h1.0_h02.0_T200_RA3.0_steps100000,8.61783107,0.999178222
100.0,rhoA0.6_rhoB0.6_h1.0_h02.0_T200_RA3.0_steps100000,8.63891768,1.00051956
100.0,rhoA0.6_rhoB0.6_h1.0_h02.0_T200_RA3.0_steps100000,8.65972861,0.998984232
100.0,rhoA0.6_rhoB0.6_h1.0_h02.0_T200_RA3.0_steps100000,8.68059853,0.998867146
100.0,rhoA0.6_rhoB0.6_h1.0_h02.0_T200_RA3.0_steps100000,8.70174168,1.00074657
100.0,rhoA0.6_rhoB0.6_h1.0_h02.0_T200_RA3.0_steps100000,8.72279566,1.00152018
100.0,rhoA0.6_rhoB0.6_h1.0_h02.0_T200_RA3.0_steps100000,8.74359241,0.998576086
100.0,rhoA0.6_rhoB0.6_h1.0_h02.0_T200_RA3.0_steps100000,8.76424415,0.999189746
100.0,rhoA0.6_rhoB0.6_h1.0_h02.0_T200_RA3.0_steps100000,8.78526729,1.00017548
100.0,rhoA0.6_rhoB0.6_h1.0_h02.0_T200_RA3.0_steps100000,8.80637189,1.00008689
100.0,rhoA0.6_rhoB0.6_h1.0_h02.0_T200_RA3.0_steps100000,8.82736896,0.999553695
100.0,rhoA0.6_rhoB0.6_h1.0_h02.0_T200_RA3.0_steps100000,8.84843212,0.999512301
100.0,rhoA0.6_rhoB0.6_h1.0_h02.0_T200_RA3.0_steps100000,8.86933197,0.998551894
100.0,rhoA0.6_rhoB0.6_h1.0_h02.0_T200_RA3.0_steps100000,8.89026857,1.0006672
100.0,rhoA0.6_rhoB0.6_h1.0_h02.0_T200_RA3.0_steps100000,8.91123702,0.998836596
100.0,rhoA0.6_rhoB0.6_h1.0_h02.0_T200_RA3.0_steps100000,8.93214776,1.0003412
100.0,rhoA0.6_rhoB0.6_h1.0_h02.0_T200_RA3.0_steps100000,8.95312097,0.999786936
100.0,rhoA0.6_rhoB0.6_h1.0_h02.0_T200_RA3.0_steps100000,8.9741304,0.999598642
100.0,rhoA0.6_rhoB0.6_h1.0_h02.0_T200_RA3.0_steps100000,8.99505705,0.999319187
100.0,rhoA0.6_rhoB0.6_h1.0_h02.0_T200_RA3.0_steps100000,9.01571368,1.00101923
100.0,rhoA0.6_rhoB0.6_h1.0_h02.0_T200_RA3.0_steps100000,9.03640927,0.998075828
100.0,rhoA0.6_rhoB0.6_h1.0_h02.0_T200_RA3.0_steps100000,9.05755121,0.997790765
100.0,rhoA0.6_rhoB0.6_h1.0_h02.0_T200_RA3.0_steps100000,9.07868023,0.998837288
100.0,rhoA0.6_rhoB0.6_h1.0_h02.0_T200_RA3.0_steps100000,9.09969513,1.00093316
100.0,rhoA0.6_rhoB0.6_h1.0_h02.0_T200_RA3.0_steps100000,9.1205658,1.00072123
100.0,rhoA0.6_rhoB0.6_h1.0_h02.0_T200_RA3.0_steps100000,9.14137844,1.00044977
100.0,rhoA0.6_rhoB0.6_h1.0_h02.0_T200_RA3.0_steps100000,9.16237082,1.00093915
100.0,rhoA0.6_rhoB0.6_h1.0_h02.0_T200_RA3.0_steps100000,9.18339441,0.999286472
100.0,rhoA0.6_rhoB0.6_h1.0_h02.0_T200_RA3.0_steps100000,9.20447395,0.999113686
100.0,rhoA0.6_rhoB0.6_h1.0_h02.0_T200_RA3.0_steps100000,9.22549281,0.998956209
100.0,rhoA0.6_rhoB0.6_h1.0_h02.0_T200_RA3.0_steps100000,9.2463962,1.00030902
100.0,rhoA0.6_rhoB0.6_h1.0_h02.0_T200_RA3.0_steps100000,9.26722673,0.996994159
100.0,rhoA0.6_rhoB0.6_h1.0_h02.0_T200_RA3.0_steps100000,9.28791689,0.99998228
100.0,rhoA0.6_rhoB0.6_h1.0_h02.0_T200_RA3.0_steps100000,9.30892724,1.00179042
100.0,rhoA0.6_rhoB0.6_h1.0_h02.0_T200_RA3.0_steps100000,9.33003065,1.00020388
100.0,rhoA0.6_rhoB0.6_h1.0_h02.0_T200_RA3.0_steps100000,9.35102864,1.00008258
100.0,rhoA0.6_rhoB0.6_h1.0_h02.0_T200_RA3.0_steps100000,9.37196601,1.00047458
100.0,rhoA0.6_rhoB0.6_h1.0_h02.0_T200_RA3.0_steps100000,9.39258783,1.00375298
100.0,rhoA0.6_rhoB0.6_h1.0_h02.0_T200_RA3.0_steps100000,9.41349621,0.999168009
100.0,rhoA0.6_rhoB0.6_h1.0_h02.0_T200_RA3.0_steps100000,9.4347927,1.0007423
100.0,rhoA0.6_rhoB0.6_h1.0_h02.0_T200_RA3.0_steps100000,9.45587737,0.999557971
100.0,rhoA0.6_rhoB0.6_h1.0_h02.0_T200_RA3.0_steps100000,9.47676866,1.00034295
100.0,rhoA0.6_rhoB0.6_h1.0_h02.0_T200_RA3.0_steps100000,9.49762777,0.999173273
100.0,rhoA0.6_rhoB0.6_h1.0_h02.0_T200_RA3.0_steps100000,9.51852362,1.00110194
100.0,rhoA0.6_rhoB0.6_h1.0_h02.0_T200_RA3.0_steps100000,9.53939795,1.0013569
100.0,rhoA0.6_rhoB0.6_h1.0_h02.0_T200_RA3.0_steps100000,9.56035551,1.00134578
100.0,rhoA0.6_rhoB0.6_h1.0_h02.0_T200_RA3.0_steps100000,9.58149741,1.00138785
100.0,rhoA0.6_rhoB0.6_h1.0_h02.0_T200_RA3.0_steps100000,9.60249587,1.00099346
100.0,rhoA0.6_rhoB0.6_h1.0_h02.0_T200_RA3.0_steps100000,9.62336478,0.99990021
100.0,rhoA0.6_rhoB0.6_h1.0_h02.0_T200_RA3.0_steps100000,9.64415055,1.00175027
100.0,rhoA0.6_rhoB0.6_h1.0_h02.0_T200_RA3.0_steps100000,9.66502224,0.999766519
100.0,rhoA0.6_rhoB0.6_h1.0_h02.0_T200_RA3.0_steps100000,9.68597433,1.00086148
100.0,rhoA0.6_rhoB0.6_h1.0_h02.0_T200_RA3.0_steps100000,9.7069728,1.00134786
100.0,rhoA0.6_rhoB0.6_h1.0_h02.0_T200_RA3.0_steps100000,9.72797765,0.997888052
100.0,rhoA0.6_rhoB0.6_h1.0_h02.0_T200_RA3.0_steps100000,9.74896401,1.00009356
100.0,rhoA0.6_rhoB0.6_h1.0_h02.0_T200_RA3.0_steps100000,9.76996217,0.999144458
100.0,rhoA0.6_rhoB0.6_h1.0_h02.0_T200_RA3.0_steps100000,9.79085678,1.00148212
100.0,rhoA0.6_rhoB0.6_h1.0_h02.0_T200_RA3.0_steps100000,9.81166698,0.999410177
100.0,rhoA0.6_rhoB0.6_h1.0_h02.0_T200_RA3.0_steps100000,9.83262494,1.00034457
100.0,rhoA0.6_rhoB0.6_h1.0_h02.0_T200_RA3.0_steps100000,9.85372265,0.999115621
100.0,rhoA0.6_rhoB0.6_h1.0_h02.0_T200_RA3.0_steps100000,9.87472665,1.00292045
100.0,rhoA0.6_rhoB0.6_h1.0_h02.0_T200_RA3.0_steps100000,9.89559934,1.00125077
100.0,rhoA0.6_rhoB0.6_h1.0_h02.0_T200_RA3.0_steps100000,9.91635289,0.999792592
100.0,rhoA0.6_rhoB0.6_h1.0_h02.0_T200_RA3.0_steps100000,9.93737645,1.00037302
100.0,rhoA0.6_rhoB0.6_h1.0_h02.0_T200_RA3.0_steps100000,9.95856995,0.998735882
100.0,rhoA0.6_rhoB0.6_h1.0_h02.0_T200_RA3.0_steps100000,9.97940815,0.999077545
100.0,rhoA0.6_rhoB0.6_h1.0_h02.0_T200_RA3.0_steps100000,10.000082,1.00020072
