panel,quantity,sweep,value,q_sigma,measured,fit
A,S_BB,D_A,0.5,0.0252815853,0.0488480128,
A,S_BB,D_A,0.5,0.0486976344,0.0445216941,
A,S_BB,D_A,0.5,0.0692644017,0.0473025835,
A,S_BB,D_A,0.5,0.08877835,0.0507200679,
A,S_BB,D_A,0.5,0.111604297,0.0524768263,
A,S_BB,D_A,0.5,0.132731806,0.0568918001,
A,S_BB,D_A,0.5,0.153672181,0.0600085198,
A,S_BB,D_A,0.5,0.175641863,0.0648045416,
A,S_BB,D_A,0.5,0.196615509,0.0689759977,
A,S_BB,D_A,0.5,0.217326708,0.0741947222,
A,S_BB,D_A,0.5,0.237538457,0.0789676074,
A,S_BB,D_A,0.5,0.258148683,0.0857952488,
A,S_BB,D_A,0.5,0.28040349,0.0939536556,
A,S_BB,D_A,0.5,0.301929084,0.101006378,
A,S_BB,D_A,0.5,0.322287413,0.107343171,
A,S_BB,D_A,0.5,0.342663331,0.116230221,
A,S_BB,D_A,0.5,0.363641289,0.125369903,
A,S_BB,D_A,0.5,0.385602948,0.132628318,
A,S_BB,D_A,0.5,0.406737165,0.144347715,
A,S_BB,D_A,0.5,0.427001871,0.153864224,
A,S_BB,D_A,0.5,0.448754416,0.16279459,
A,S_BB,D_A,0.5,0.469601745,0.174709107,
A,S_BB,D_A,0.5,0.489805379,0.186760228,
A,S_BB,D_A,0.5,0.510302494,0.198993374,
A,S_BB,D_A,0.5,0.53178319,0.211983067,
A,S_BB,D_A,0.5,0.553922362,0.224334606,
A,S_BB,D_A,0.5,0.574670041,0.234939774,
A,S_BB,D_A,0.5,0.594645701,0.250492676,
A,S_BB,D_A,0.5,0.615540037,0.262855289,
A,S_BB,D_A,0.5,0.636554081,0.279438041,
A,S_BB,D_A,0.5,0.658102417,0.293373534,
A,S_BB,D_A,0.5,0.679189641,0.308448048,
A,S_BB,D_A,0.5,0.700054044,0.325235306,
A,S_BB,D_A,0.5,0.721329826,0.34055827,
A,S_BB,D_A,0.5,0.742033923,0.354926124,
A,S_BB,D_A,0.5,0.762614581,0.371931453,
A,S_BB,D_A,0.5,0.783270495,0.388140471,
A,S_BB,D_A,0.5,0.804783918,0.40390803,
A,S_BB,D_A,0.5,0.826095906,0.423288817,
A,S_BB,D_A,0.5,0.846303977,0.439838994,
A,S_BB,D_A,0.5,0.867174819,0.456906931,
A,S_BB,D_A,0.5,0.888413258,0.473142415,
A,S_BB,D_A,0.5,0.909910564,0.491635591,
A,S_BB,D_A,0.5,0.931134698,0.509164612,
A,S_BB,D_A,0.5,0.951563161,0.523923227,
A,S_BB,D_A,0.5,0.972160451,0.541490112,
A,S_BB,D_A,0.5,0.993008165,0.559314678,
A,S_BB,D_A,0.5,1.0140906,0.576882018,
A,S_BB,D_A,0.5,1.03500338,0.590793882,
A,S_BB,D_A,0.5,1.05657413,0.612755379,
A,S_BB,D_A,0.5,1.07789814,0.631761026,
A,S_BB,D_A,0.5,1.09835045,0.651276585,
A,S_BB,D_A,0.5,1.11903902,0.671039265,
A,S_BB,D_A,0.5,1.1396405,0.686862944,
A,S_BB,D_A,0.5,1.16109193,0.700487721,
A,S_BB,D_A,0.5,1.18227503,0.713489503,
A,S_BB,D_A,0.5,1.2030555,0.733048217,
A,S_BB,D_A,0.5,1.22375183,0.747680986,
A,S_BB,D_A,0.5,1.24453484,0.770066616,
A,S_BB,D_A,0.5,1.26570671,0.776434824,
A,S_BB,D_A,0.5,1.28693994,0.795090105,
A,S_BB,D_A,0.5,1.30807124,0.808308421,
A,S_BB,D_A,0.5,1.32889646,0.824425467,
A,S_BB,D_A,0.5,1.34945121,0.828968192,
A,S_BB,D_A,0.5,1.37055188,0.842214856,
A,S_BB,D_A,0.5,1.39148285,0.858078332,
A,S_BB,D_A,0.5,1.41220445,0.867872991,
A,S_BB,D_A,0.5,1.43352474,0.879967326,
A,S_BB,D_A,0.5,1.45454751,0.889491228,
A,S_BB,D_A,0.5,1.47511055,0.898886943,
A,S_BB,D_A,0.5,1.49566583,0.915192348,
A,S_BB,D_A,0.5,1.51690776,0.915073661,
A,S_BB,D_A,0.5,1.53826425,0.92334109,
A,S_BB,D_A,0.5,1.55931449,0.933116472,
A,S_BB,D_A,0.5,1.58012172,0.933115635,
A,S_BB,D_A,0.5,1.60114355,0.946136619,
A,S_BB,D_A,0.5,1.62229155,0.942083423,
A,S_BB,D_A,0.5,1.64295947,0.955141697,
A,S_BB,D_A,0.5,1.66366432,0.953089479,
A,S_BB,D_A,0.5,1.68478217,0.961146558,
A,S_BB,D_A,0.5,1.7057485,0.964001331,
A,S_BB,D_A,0.5,1.72683745,0.970131576,
A,S_BB,D_A,0.5,1.74765849,0.971617077,
A,S_BB,D_A,0.5,1.76847487,0.975556935,
A,S_BB,D_A,0.5,1.78961871,0.975711978,
A,S_BB,D_A,0.5,1.81086098,0.98012343,
A,S_BB,D_A,0.5,1.83179094,0.979758371,
A,S_BB,D_A,0.5,1.8521746,0.979642971,
A,S_BB,D_A,0.5,1.8733654,0.981959649,
A,S_BB,D_A,0.5,1.89455538,0.977539197,
A,S_BB,D_A,0.5,1.91534795,0.977784546,
A,S_BB,D_A,0.5,1.93623233,0.982860609,
A,S_BB,D_A,0.5,1.9571481,0.97889298,
A,S_BB,D_A,0.5,1.97825109,0.97289079,
A,S_BB,D_A,0.5,1.99905898,0.975777492,
A,S_BB,D_A,0.5,2.01966715,0.976641257,
A,S_BB,D_A,0.5,2.04082415,0.974599234,
A,S_BB,D_A,0.5,2.06193171,0.975694981,
A,S_BB,D_A,0.5,2.08296048,0.972193388,
A,S_BB,D_A,0.5,2.10383017,0.97561454,
A,S_BB,D_A,0.5,2.12494312,0.971646364,
A,S_BB,D_A,0.5,2.14618475,0.972620427,
A,S_BB,D_A,0.5,2.16679298,0.971633118,
A,S_BB,D_A,0.5,2.18753482,0.968900486,
A,S_BB,D_A,0.5,2.20847027,0.966185458,
A,S_BB,D_A,0.5,2.22955181,0.969674143,
A,S_BB,D_A,0.5,2.25078374,0.962686662,
A,S_BB,D_A,0.5,2.27150159,0.962665785,
A,S_BB,D_A,0.5,2.29205574,0.958792425,
A,S_BB,D_A,0.5,2.31294326,0.958169066,
A,S_BB,D_A,0.5,2.3340363,0.955020081,
A,S_BB,D_A,0.5,2.35514399,0.959968143,
A,S_BB,D_A,0.5,2.37607726,0.955273986,
A,S_BB,D_A,0.5,2.39730341,0.95665364,
A,S_BB,D_A,0.5,2.41857203,0.951339842,
A,S_BB,D_A,0.5,2.43911056,0.951905023,
A,S_BB,D_A,0.5,2.45988005,0.949807048,
A,S_BB,D_A,0.5,2.48094151,0.951135105,
A,S_BB,D_A,0.5,2.50196601,0.948631072,
A,S_BB,D_A,0.5,2.52300496,0.946626562,
A,S_BB,D_A,0.5,2.54340089,0.947989592,
A,S_BB,D_A,0.5,2.56415297,0.945425249,
A,S_BB,D_A,0.5,2.58575836,0.948758393,
A,S_BB,D_A,0.5,2.60684428,0.947002222,
A,S_BB,D_A,0.5,2.62775949,0.947294065,
A,S_BB,D_A,0.5,2.64834355,0.943505499,
A,S_BB,D_A,0.5,2.66912062,0.943679594,
A,S_BB,D_A,0.5,2.69039946,0.942090564,
A,S_BB,D_A,0.5,2.71121518,0.947028422,
A,S_BB,D_A,0.5,2.7321837,0.945798216,
A,S_BB,D_A,0.5,2.75306239,0.94468286,
A,S_BB,D_A,0.5,2.77427049,0.945406145,
A,S_BB,D_A,0.5,2.79557932,0.947503867,
A,S_BB,D_A,0.5,2.8160646,0.946595211,
A,S_BB,D_A,0.5,2.83689478,0.948795593,
A,S_BB,D_A,0.5,2.85801727,0.942902186,
A,S_BB,D_A,0.5,2.87906973,0.947997834,
A,S_BB,D_A,0.5,2.89996898,0.949152316,
A,S_BB,D_A,0.5,2.92062944,0.945491802,
A,S_BB,D_A,0.5,2.941605,0.948956217,
A,S_BB,D_A,0.5,2.96267076,0.946354919,
A,S_BB,D_A,0.5,2.98347442,0.952133006,
A,S_BB,D_A,0.5,3.00437656,0.949837565,
A,S_BB,D_A,0.5,3.02542142,0.950150339,
A,S_BB,D_A,0.5,3.04658726,0.951690364,
A,S_BB,D_A,0.5,3.06768101,0.949725104,
A,S_BB,D_A,0.5,3.088328,0.95320136,
A,S_BB,D_A,0.5,3.10931167,0.952962166,
A,S_BB,D_A,0.5,3.1305457,0.954643066,
A,S_BB,D_A,0.5,3.15150209,0.95293725,
A,S_BB,D_A,0.5,3.17219014,0.955069742,
A,S_BB,D_A,0.5,3.19299024,0.956810885,
A,S_BB,D_A,0.5,3.21390436,0.955517432,
A,S_BB,D_A,0.5,3.23506564,0.957667911,
A,S_BB,D_A,0.5,3.25605387,0.957778856,
A,S_BB,D_A,0.5,3.27685776,0.959148275,
A,S_BB,D_A,0.5,3.29794723,0.956701979,
A,S_BB,D_A,0.5,3.31884778,0.958891521,
A,S_BB,D_A,0.5,3.33944269,0.961392602,
A,S_BB,D_A,0.5,3.36030612,0.957843926,
A,S_BB,D_A,0.5,3.38171654,0.960900234,
A,S_BB,D_A,0.5,3.40297495,0.961944478,
A,S_BB,D_A,0.5,3.42370792,0.964055476,
A,S_BB,D_A,0.5,3.44440875,0.962829571,
A,S_BB,D_A,0.5,3.465315,0.962192755,
A,S_BB,D_A,0.5,3.4865867,0.965963763,
A,S_BB,D_A,0.5,3.50751221,0.964970112,
A,S_BB,D_A,0.5,3.52796741,0.965905219,
A,S_BB,D_A,0.5,3.5488788,0.964661846,
A,S_BB,D_A,0.5,3.57014151,0.967524208,
A,S_BB,D_A,0.5,3.59120365,0.967755085,
A,S_BB,D_A,0.5,3.61190928,0.96740475,
A,S_BB,D_A,0.5,3.63300558,0.968999523,
A,S_BB,D_A,0.5,3.6541422,0.965539628,
A,S_BB,D_A,0.5,3.67500902,0.970813814,
A,S_BB,D_A,0.5,3.69581564,0.96932717,
A,S_BB,D_A,0.5,3.71644729,0.972986908,
A,S_BB,D_A,0.5,3.73749774,0.971379852,
A,S_BB,D_A,0.5,3.75868086,0.975849563,
A,S_BB,D_A,0.5,3.77950549,0.974708672,
A,S_BB,D_A,0.5,3.80027286,0.975549875,
A,S_BB,D_A,0.5,3.82143123,0.975852665,
A,S_BB,D_A,0.5,3.84280481,0.97567055,
A,S_BB,D_A,0.5,3.86349282,0.976712931,
A,S_BB,D_A,0.5,3.88417456,0.978739107,
A,S_BB,D_A,0.5,3.90535419,0.977247464,
A,S_BB,D_A,0.5,3.9264697,0.977374418,
A,S_BB,D_A,0.5,3.94738681,0.980716055,
A,S_BB,D_A,0.5,3.96810309,0.982265673,
A,S_BB,D_A,0.5,3.98888694,0.982635302,
A,S_BB,D_A,0.5,4.00993371,0.984715265,
A,S_BB,D_A,0.5,4.03080983,0.982880204,
A,S_BB,D_A,0.5,4.05178039,0.987956179,
A,S_BB,D_A,0.5,4.07276799,0.987139691,
A,S_BB,D_A,0.5,4.09368684,0.98591415,
A,S_BB,D_A,0.5,4.11485609,0.987818641,
A,S_BB,D_A,0.5,4.13583188,0.987331235,
A,S_BB,D_A,0.5,4.15670688,0.992128182,
A,S_BB,D_A,0.5,4.17758774,0.99027488,
A,S_BB,D_A,0.5,4.19867141,0.993665595,
A,S_BB,D_A,0.5,4.21961517,0.994414191,
A,S_BB,D_A,0.5,4.24013393,0.994829273,
A,S_BB,D_A,0.5,4.26119077,0.993308998,
A,S_BB,D_A,0.5,4.28239268,0.991902171,
A,S_BB,D_A,0.5,4.30342826,0.991400604,
A,S_BB,D_A,0.5,4.32431592,0.997942041,
A,S_BB,D_A,0.5,4.34508479,0.995545295,
A,S_BB,D_A,0.5,4.36604259,0.997221452,
A,S_BB,D_A,0.5,4.38708086,1.00079086,
A,S_BB,D_A,0.5,4.40778797,0.998111776,
A,S_BB,D_A,0.5,4.4288526,1.00319797,
A,S_BB,D_A,0.5,4.44994967,0.999310589,
A,S_BB,D_A,0.5,4.47085438,1.0002548,
A,S_BB,D_A,0.5,4.49188801,1.0022888,
A,S_BB,D_A,0.5,4.51250216,1.00534594,
A,S_BB,D_A,0.5,4.5334461,1.00635797,
A,S_BB,D_A,0.5,4.55463591,1.0035411,
A,S_BB,D_A,0.5,4.57547609,1.00426404,
A,S_BB,D_A,0.5,4.59643311,1.00526682,
A,S_BB,D_A,0.5,4.61732903,1.00369308,
A,S_BB,D_A,0.5,4.63833098,1.00262172,
A,S_BB,D_A,0.5,4.65949324,1.00643143,
A,S_BB,D_A,0.5,4.68039693,1.00630851,
A,S_BB,D_A,0.5,4.70136745,1.00996578,
A,S_BB,D_A,0.5,4.72221533,1.01026056,
A,S_BB,D_A,0.5,4.74309374,1.00806813,
A,S_BB,D_A,0.5,4.76390784,1.0074303,
A,S_BB,D_A,0.5,4.78491795,1.01187085,
A,S_BB,D_A,0.5,4.80636204,1.00947595,
A,S_BB,D_A,0.5,4.82728449,1.01406388,
A,S_BB,D_A,0.5,4.84785524,1.01319169,
A,S_BB,D_A,0.5,4.86859731,1.01288945,
A,S_BB,D_A,0.5,4.88954319,1.01163112,
A,S_BB,D_A,0.5,4.91078695,1.01180638,
A,S_BB,D_A,0.5,4.93172016,1.00971902,
A,S_BB,D_A,0.5,4.95244063,1.01520821,
A,S_BB,D_A,0.5,4.97348932,1.01320287,
A,S_BB,D_A,0.5,4.994309,1.01416379,
A,S_BB,D_A,0.5,5.01515697,1.01350219,
A,S_BB,D_A,0.5,5.03598003,1.01340711,
A,S_BB,D_A,0.5,5.05703237,1.01363856,
A,S_BB,D_A,0.5,5.07840332,1.01495138,
A,S_BB,D_A,0.5,5.09943841,1.01287204,
A,S_BB,D_A,0.5,5.12032938,1.01574319,
A,S_BB,D_A,0.5,5.14107614,1.01565337,
A,S_BB,D_A,0.5,5.16214077,1.01670959,
A,S_BB,D_A,0.5,5.18341099,1.01991311,
A,S_BB,D_A,0.5,5.2041075,1.01777403,
A,S_BB,D_A,0.5,5.22477891,1.01768048,
A,S_BB,D_A,0.5,5.24557967,1.01583407,
A,S_BB,D_A,0.5,5.26649236,1.01640996,
A,S_BB,D_A,0.5,5.28753131,1.01613328,
A,S_BB,D_A,0.5,5.30847064,1.01802787,
A,S_BB,D_A,0.5,5.32946745,1.0175229,
A,S_BB,D_A,0.5,5.3506922,1.01797301,
A,S_BB,D_A,0.5,5.37158853,1.01603422,
A,S_BB,D_A,0.5,5.39231925,1.01582317,
A,S_BB,D_A,0.5,5.41333352,1.0196549,
A,S_BB,D_A,0.5,5.43434316,1.01524606,
A,S_BB,D_A,0.5,5.45530659,1.01728756,
A,S_BB,D_A,0.5,5.47618498,1.01779592,
A,S_BB,D_A,0.5,5.49715755,1.02009718,
A,S_BB,D_A,0.5,5.51801586,1.01706869,
A,S_BB,D_A,0.5,5.53881995,1.01857567,
A,S_BB,D_A,0.5,5.55992514,1.01966642,
A,S_BB,D_A,0.5,5.58098545,1.01671468,
A,S_BB,D_A,0.5,5.60183772,1.01875746,
A,S_BB,D_A,0.5,5.62277584,1.01613253,
A,S_BB,D_A,0.5,5.64379172,1.01814994,
A,S_BB,D_A,0.5,5.66460817,1.01827646,
A,S_BB,D_A,0.5,5.68556022,1.01750103,
A,S_BB,D_A,0.5,5.7067909,1.01702788,
A,S_BB,D_A,0.5,5.72769317,1.01822386,
A,S_BB,D_A,0.5,5.74840017,1.01698523,
A,S_BB,D_A,0.5,5.76938192,1.01686555,
A,S_BB,D_A,0.5,5.79039764,1.01728749,
A,S_BB,D_A,0.5,5.81144039,1.01747529,
A,S_BB,D_A,0.5,5.83232115,1.01658903,
A,S_BB,D_A,0.5,5.85320209,1.0141221,
A,S_BB,D_A,0.5,5.87418919,1.01605784,
A,S_BB,D_A,0.5,5.89509625,1.01781364,
A,S_BB,D_A,0.5,5.9159726,1.01861578,
A,S_BB,D_A,0.5,5.93682663,1.01734551,
A,S_BB,D_A,0.5,5.95791772,1.01597749,
A,S_BB,D_A,0.5,5.97900675,1.01555701,
A,S_BB,D_A,0.5,5.99978945,1.01391064,
A,S_BB,D_A,0.5,6.02063577,1.01650426,
A,S_BB,D_A,0.5,6.04156421,1.01548575,
A,S_BB,D_A,0.5,6.06259364,1.01453139,
A,S_BB,D_A,0.5,6.08377541,1.01475017,
A,S_BB,D_A,0.5,6.10447051,1.01472904,
A,S_BB,D_A,0.5,6.12538157,1.01793914,
A,S_BB,D_A,0.5,6.14660689,1.01357535,
A,S_BB,D_A,0.5,6.16752321,1.01523641,
A,S_BB,D_A,0.5,6.18833806,1.01319357,
A,S_BB,D_A,0.5,6.20938667,1.01479275,
A,S_BB,D_A,0.5,6.23052184,1.0130411,
A,S_BB,D_A,0.5,6.25137137,1.01391367,
A,S_BB,D_A,0.5,6.27204484,1.01268819,
A,S_BB,D_A,0.5,6.29290789,1.01448742,
A,S_BB,D_A,0.5,6.31382104,1.01622753,
A,S_BB,D_A,0.5,6.33495691,1.01108756,
A,S_BB,D_A,0.5,6.35600914,1.00979984,
A,S_BB,D_A,0.5,6.37663869,1.01099907,
A,S_BB,D_A,0.5,6.39770954,1.01201916,
A,S_BB,D_A,0.5,6.41872759,1.00996809,
A,S_BB,D_A,0.5,6.43951457,1.01123183,
A,S_BB,D_A,0.5,6.46033562,1.00791716,
A,S_BB,D_A,0.5,6.4814564,1.01012319,
A,S_BB,D_A,0.5,6.50265681,1.00929685,
A,S_BB,D_A,0.5,6.52350383,1.00797716,
A,S_BB,D_A,0.5,6.54427866,1.00798852,
A,S_BB,D_A,0.5,6.56515568,1.00844971,
A,S_BB,D_A,0.5,6.58628576,1.00939824,
A,S_BB,D_A,0.5,6.60749316,1.00664439,
A,S_BB,D_A,0.5,6.62830625,1.01033376,
A,S_BB,D_A,0.5,6.64913567,1.0072325,
A,S_BB,D_A,0.5,6.67020149,1.00798196,
A,S_BB,D_A,0.5,6.69106898,1.00711127,
A,S_BB,D_A,0.5,6.71185955,1.00778711,
A,S_BB,D_A,0.5,6.73264651,1.00841663,
A,S_BB,D_A,0.5,6.7537045,1.00775876,
A,S_BB,D_A,0.5,6.77487174,1.00806648,
A,S_BB,D_A,0.5,6.79557562,1.00581833,
A,S_BB,D_A,0.5,6.81648781,1.00825719,
A,S_BB,D_A,0.5,6.83753747,1.00677112,
A,S_BB,D_A,0.5,6.85867557,1.00702672,
A,S_BB,D_A,0.5,6.87985316,1.00501054,
A,S_BB,D_A,0.5,6.90065786,1.00333598,
A,S_BB,D_A,0.5,6.92153112,1.00579697,
A,S_BB,D_A,0.5,6.94229803,1.00591498,
A,S_BB,D_A,0.5,6.9630016,1.00250771,
A,S_BB,D_A,0.5,6.98416877,1.00387062,
A,S_BB,D_A,0.5,7.0052781,1.00428546,
A,S_BB,D_A,0.5,7.02617612,1.0013302,
A,S_BB,D_A,0.5,7.04699526,1.00151245,
A,S_BB,D_A,0.5,7.06761685,1.00190466,
A,S_BB,D_A,0.5,7.08873369,1.00309887,
A,S_BB,D_A,0.5,7.10994937,1.00247141,
A,S_BB,D_A,0.5,7.13102893,0.999691842,
A,S_BB,D_A,0.5,7.15201412,1.00069833,
A,S_BB,D_A,0.5,7.17271336,1.00151377,
A,S_BB,D_A,0.5,7.19374266,1.00174365,
A,S_BB,D_A,0.5,7.21473042,0.997984567,
A,S_BB,D_A,0.5,7.23564263,1.00250457,
A,S_BB,D_A,0.5,7.25666289,0.999937386,
A,S_BB,D_A,0.5,7.27757645,1.0010232,
A,S_BB,D_A,0.5,7.2984411,0.999960805,
A,S_BB,D_A,0.5,7.31917384,0.997453758,
A,S_BB,D_A,0.5,7.34001688,0.997726543,
A,S_BB,D_A,0.5,7.3611683,1.0011075,
A,S_BB,D_A,0.5,7.38224284,1.00013282,
A,S_BB,D_A,0.5,7.40324015,1.00089547,
A,S_BB,D_A,0.5,7.42408854,0.997461824,
A,S_BB,D_A,0.5,7.44500634,0.995245447,
A,S_BB,D_A,0.5,7.46595959,0.99777415,
A,S_BB,D_A,0.5,7.48696308,0.996511111,
A,S_BB,D_A,0.5,7.5079936,0.996421929,
A,S_BB,D_A,0.5,7.52871967,0.995635414,
A,S_BB,D_A,0.5,7.54966921,0.994633539,
A,S_BB,D_A,0.5,7.57064902,0.996961452,
A,S_BB,D_A,0.5,7.59151428,0.996439348,
A,S_BB,D_A,0.5,7.6123809,0.996258025,
A,S_BB,D_A,0.5,7.63338324,0.997072367,
A,S_BB,D_A,0.5,7.65450532,0.993190745,
A,S_BB,D_A,0.5,7.67556944,0.994876953,
A,S_BB,D_A,0.5,7.69637751,0.994205674,
A,S_BB,D_A,0.5,7.71727216,0.99568977,
A,S_BB,D_A,0.5,7.73835725,0.995811918,
A,S_BB,D_A,0.5,7.75934923,0.9932934,
A,S_BB,D_A,0.5,7.78023116,0.995270489,
A,S_BB,D_A,0.5,7.80098697,0.994768484,
A,S_BB,D_A,0.5,7.82190677,0.994921032,
A,S_BB,D_A,0.5,7.84304931,0.994415505,
A,S_BB,D_A,0.5,7.86405132,0.992922971,
A,S_BB,D_A,0.5,7.88484553,0.994325277,
A,S_BB,D_A,0.5,7.90574885,0.994615697,
A,S_BB,D_A,0.5,7.9267531,0.993367523,
A,S_BB,D_A,0.5,7.94765228,0.99466667,
A,S_BB,D_A,0.5,7.96842304,0.99285319,
A,S_BB,D_A,0.5,7.98938616,0.993192057,
A,S_BB,D_A,0.5,8.01050815,0.993640281,
A,S_BB,D_A,0.5,8.03153334,0.991658181,
A,S_BB,D_A,0.5,8.05240251,0.992000452,
A,S_BB,D_A,0.5,8.07332696,0.989849853,
A,S_BB,D_A,0.5,8.09438514,0.99197479,
A,S_BB,D_A,0.5,8.11529588,0.991501444,
A,S_BB,D_A,0.5,8.13618411,0.993084372,
A,S_BB,D_A,0.5,8.15717855,0.992269898,
A,S_BB,D_A,0.5,8.17807847,0.991954378,
A,S_BB,D_A,0.5,8.19905269,0.993457364,
A,S_BB,D_A,0.5,8.21991085,0.991635432,
A,S_BB,D_A,0.5,8.24078529,0.991833847,
A,S_BB,D_A,0.5,8.26195652,0.991755815,
A,S_BB,D_A,0.5,8.28293039,0.991873255,
A,S_BB,D_A,0.5,8.30373423,0.992299345,
A,S_BB,D_A,0.5,8.32452583,0.992949433,
A,S_BB,D_A,0.5,8.34556221,0.991257792,
A,S_BB,D_A,0.5,8.36671927,0.99073961,
A,S_BB,D_A,0.5,8.38757523,0.991683637,
A,S_BB,D_A,0.5,8.40855808,0.992017416,
A,S_BB,D_A,0.5,8.42953585,0.991548451,
A,S_BB,D_A,0.5,8.45042977,0.99122296,
A,S_BB,D_A,0.5,8.47138662,0.987713141,
A,S_BB,D_A,0.5,8.49217243,0.990894752,
A,S_BB,D_A,0.5,8.51321806,0.990735493,
A,S_BB,D_A,0.5,8.53421183,0.992872069,
A,S_BB,D_A,0.5,8.55508292,0.993464406,
A,S_BB,D_A,0.5,8.57598662,0.991412887,
A,S_BB,D_A,0.5,8.59679232,0.991280459,
A,S_BB,D_A,0.5,8.61783107,0.990573384,
A,S_BB,D_A,0.5,8.63891768,0.989690365,
A,S_BB,D_A,0.5,8.65972861,0.992425823,
A,S_BB,D_A,0.5,8.68059853,0.990502453,
A,S_BB,D_A,0.5,8.70174168,0.990598961,
A,S_BB,D_A,0.5,8.72279566,0.988826093,
A,S_BB,D_A,0.5,8.74359241,0.989963868,
A,S_BB,D_A,0.5,8.76424415,0.991756951,
A,S_BB,D_A,0.5,8.78526729,0.991021096,
A,S_BB,D_A,0.5,8.80637189,0.99134869,
A,S_BB,D_A,0.5,8.82736896,0.99198928,
A,S_BB,D_A,0.5,8.84843212,0.989626841,
A,S_BB,D_A,0.5,8.86933197,0.991164416,
A,S_BB,D_A,0.5,8.89026857,0.992164821,
A,S_BB,D_A,0.5,8.91123702,0.992226401,
A,S_BB,D_A,0.5,8.93214776,0.9945133,
A,S_BB,D_A,0.5,8.95312097,0.991198834,
A,S_BB,D_A,0.5,8.9741304,0.992279313,
A,S_BB,D_A,0.5,8.99505705,0.991171441,
A,S_BB,D_A,0.5,9.01571368,0.991656419,
A,S_BB,D_A,0.5,9.03640927,0.991444423,
A,S_BB,D_A,0.5,9.05755121,0.989817093,
A,S_BB,D_A,0.5,9.07868023,0.991191528,
A,S_BB,D_A,0.5,9.09969513,0.990628714,
A,S_BB,D_A,0.5,9.1205658,0.99241129,
A,S_BB,D_A,0.5,9.14137844,0.99073192,
A,S_BB,D_A,0.5,9.16237082,0.993434335,
A,S_BB,D_A,0.5,9.18339441,0.992694316,
A,S_BB,D_A,0.5,9.20447395,0.992656109,
A,S_BB,D_A,0.5,9.22549281,0.992046481,
A,S_BB,D_A,0.5,9.2463962,0.992564043,
A,S_BB,D_A,0.5,9.26722673,0.993410221,
A,S_BB,D_A,0.5,9.28791689,0.99191371,
A,S_BB,D_A,0.5,9.30892724,0.993515081,
A,S_BB,D_A,0.5,9.33003065,0.992736487,
A,S_BB,D_A,0.5,9.35102864,0.993354223,
A,S_BB,D_A,0.5,9.37196601,0.992163039,
A,S_BB,D_A,0.5,9.39258783,0.99462196,
A,S_BB,D_A,0.5,9.41349621,0.992732338,
A,S_BB,D_A,0.5,9.4347927,0.994492081,
A,S_BB,D_A,0.5,9.45587737,0.992958506,
A,S_BB,D_A,0.5,9.47676866,0.992859553,
A,S_BB,D_A,0.5,9.49762777,0.995969506,
A,S_BB,D_A,0.5,9.51852362,0.993391122,
A,S_BB,D_A,0.5,9.53939795,0.995712513,
A,S_BB,D_A,0.5,9.56035551,0.992977417,
A,S_BB,D_A,0.5,9.58149741,0.99290265,
A,S_BB,D_A,0.5,9.60249587,0.995026292,
A,S_BB,D_A,0.5,9.62336478,0.996123988,
A,S_BB,D_A,0.5,9.64415055,0.994727612,
A,S_BB,D_A,0.5,9.66502224,0.995893523,
A,S_BB,D_A,0.5,9.68597433,0.994190851,
A,S_BB,D_A,0.5,9.7069728,0.994846682,
A,S_BB,D_A,0.5,9.72797765,0.995326383,
A,S_BB,D_A,0.5,9.74896401,0.994416469,
A,S_BB,D_A,0.5,9.76996217,0.995423724,
A,S_BB,D_A,0.5,9.79085678,0.994744349,
A,S_BB,D_A,0.5,9.81166698,0.996719807,
A,S_BB,D_A,0.5,9.83262494,0.996331947,
A,S_BB,D_A,0.5,9.85372265,0.99500483,
A,S_BB,D_A,0.5,9.87472665,0.995372759,
A,S_BB,D_A,0.5,9.89559934,0.995184796,
A,S_BB,D_A,0.5,9.91635289,0.997899707,
A,S_BB,D_A,0.5,9.93737645,0.996541415,
A,S_BB,D_A,0.5,9.95856995,0.995654242,
A,S_BB,D_A,0.5,9.97940815,0.996221864,
A,S_BB,D_A,0.5,10.000082,0.996159038,
A,S_BB,D_A,5.0,0.0252815853,0.0164541375,
A,S_BB,D_A,5.0,0.0486976344,0.0181882695,
A,S_BB,D_A,5.0,0.0692644017,0.0191426432,
A,S_BB,D_A,5.0,0.08877835,0.021439633,
A,S_BB,D_A,5.0,0.111604297,0.024891789,
A,S_BB,D_A,5.0,0.132731806,0.0283313499,
A,S_BB,D_A,5.0,0.153672181,0.0323013244,
A,S_BB,D_A,5.0,0.175641863,0.0373790737,
A,S_BB,D_A,5.0,0.196615509,0.0431805554,
A,S_BB,D_A,5.0,0.217326708,0.0486234488,
A,S_BB,D_A,5.0,0.237538457,0.0550480732,
A,S_BB,D_A,5.0,0.258148683,0.0621230361,
A,S_BB,D_A,5.0,0.28040349,0.0696224043,
A,S_BB,D_A,5.0,0.301929084,0.0780428138,
A,S_BB,D_A,5.0,0.322287413,0.086943265,
A,S_BB,D_A,5.0,0.342663331,0.0964499071,
A,S_BB,D_A,5.0,0.363641289,0.106148762,
A,S_BB,D_A,5.0,0.385602948,0.116997815,
A,S_BB,D_A,5.0,0.406737165,0.127612489,
A,S_BB,D_A,5.0,0.427001871,0.13824252,
A,S_BB,D_A,5.0,0.448754416,0.150320753,
A,S_BB,D_A,5.0,0.469601745,0.161938918,
A,S_BB,D_A,5.0,0.489805379,0.173822137,
A,S_BB,D_A,5.0,0.510302494,0.188241093,
A,S_BB,D_A,5.0,0.53178319,0.200821374,
A,S_BB,D_A,5.0,0.553922362,0.215229827,
A,S_BB,D_A,5.0,0.574670041,0.228992344,
A,S_BB,D_A,5.0,0.594645701,0.241758118,
A,S_BB,D_A,5.0,0.615540037,0.256952057,
A,S_BB,D_A,5.0,0.636554081,0.273057767,
A,S_BB,D_A,5.0,0.658102417,0.288312608,
A,S_BB,D_A,5.0,0.679189641,0.30566504,
A,S_BB,D_A,5.0,0.700054044,0.322780558,
A,S_BB,D_A,5.0,0.721329826,0.337571482,
A,S_BB,D_A,5.0,0.742033923,0.353800194,
A,S_BB,D_A,5.0,0.762614581,0.372725453,
A,S_BB,D_A,5.0,0.783270495,0.387445602,
A,S_BB,D_A,5.0,0.804783918,0.403734979,
A,S_BB,D_A,5.0,0.826095906,0.420590663,
A,S_BB,D_A,5.0,0.846303977,0.436695714,
A,S_BB,D_A,5.0,0.867174819,0.458005758,
A,S_BB,D_A,5.0,0.888413258,0.474130169,
A,S_BB,D_A,5.0,0.909910564,0.490135919,
A,S_BB,D_A,5.0,0.931134698,0.512563109,
A,S_BB,D_A,5.0,0.951563161,0.527431812,
A,S_BB,D_A,5.0,0.972160451,0.547127191,
A,S_BB,D_A,5.0,0.993008165,0.564762338,
A,S_BB,D_A,5.0,1.0140906,0.581425784,
A,S_BB,D_A,5.0,1.03500338,0.600173828,
A,S_BB,D_A,5.0,1.05657413,0.617841719,
A,S_BB,D_A,5.0,1.07789814,0.636479379,
A,S_BB,D_A,5.0,1.09835045,0.654413102,
A,S_BB,D_A,5.0,1.11903902,0.667010945,
A,S_BB,D_A,5.0,1.1396405,0.687573112,
A,S_BB,D_A,5.0,1.16109193,0.702624279,
A,S_BB,D_A,5.0,1.18227503,0.719680829,
A,S_BB,D_A,5.0,1.2030555,0.735696263,
A,S_BB,D_A,5.0,1.22375183,0.748551042,
A,S_BB,D_A,5.0,1.24453484,0.772096323,
A,S_BB,D_A,5.0,1.26570671,0.779920271,
A,S_BB,D_A,5.0,1.28693994,0.79429151,
A,S_BB,D_A,5.0,1.30807124,0.80700747,
A,S_BB,D_A,5.0,1.32889646,0.819089759,
A,S_BB,D_A,5.0,1.34945121,0.835753407,
A,S_BB,D_A,5.0,1.37055188,0.841445147,
A,S_BB,D_A,5.0,1.39148285,0.862881841,
A,S_BB,D_A,5.0,1.41220445,0.864846586,
A,S_BB,D_A,5.0,1.43352474,0.884167902,
A,S_BB,D_A,5.0,1.45454751,0.891630145,
A,S_BB,D_A,5.0,1.47511055,0.893554572,
A,S_BB,D_A,5.0,1.49566583,0.905143103,
A,S_BB,D_A,5.0,1.51690776,0.91640828,
A,S_BB,D_A,5.0,1.53826425,0.923262268,
A,S_BB,D_A,5.0,1.55931449,0.93024086,
A,S_BB,D_A,5.0,1.58012172,0.938612504,
A,S_BB,D_A,5.0,1.60114355,0.9418305,
A,S_BB,D_A,5.0,1.62229155,0.950956846,
A,S_BB,D_A,5.0,1.64295947,0.959861027,
A,S_BB,D_A,5.0,1.66366432,0.957324111,
A,S_BB,D_A,5.0,1.68478217,0.958265441,
A,S_BB,D_A,5.0,1.7057485,0.965278339,
A,S_BB,D_A,5.0,1.72683745,0.965404521,
A,S_BB,D_A,5.0,1.74765849,0.970531411,
A,S_BB,D_A,5.0,1.76847487,0.972336997,
A,S_BB,D_A,5.0,1.78961871,0.97379112,
A,S_BB,D_A,5.0,1.81086098,0.980629408,
A,S_BB,D_A,5.0,1.83179094,0.981144058,
A,S_BB,D_A,5.0,1.8521746,0.974837688,
A,S_BB,D_A,5.0,1.8733654,0.980401445,
A,S_BB,D_A,5.0,1.89455538,0.981518141,
A,S_BB,D_A,5.0,1.91534795,0.979112748,
A,S_BB,D_A,5.0,1.93623233,0.981152249,
A,S_BB,D_A,5.0,1.9571481,0.976634028,
A,S_BB,D_A,5.0,1.97825109,0.976447408,
A,S_BB,D_A,5.0,1.99905898,0.975024114,
A,S_BB,D_A,5.0,2.01966715,0.980550189,
A,S_BB,D_A,5.0,2.04082415,0.978170022,
A,S_BB,D_A,5.0,2.06193171,0.978764117,
A,S_BB,D_A,5.0,2.08296048,0.976940408,
A,S_BB,D_A,5.0,2.10383017,0.969466869,
A,S_BB,D_A,5.0,2.12494312,0.972632546,
A,S_BB,D_A,5.0,2.14618475,0.973459427,
A,S_BB,D_A,5.0,2.16679298,0.968726711,
A,S_BB,D_A,5.0,2.18753482,0.965448739,
A,S_BB,D_A,5.0,2.20847027,0.968083871,
A,S_BB,D_A,5.0,2.22955181,0.960880575,
A,S_BB,D_A,5.0,2.25078374,0.962960106,
A,S_BB,D_A,5.0,2.27150159,0.960330361,
A,S_BB,D_A,5.0,2.29205574,0.961903458,
A,S_BB,D_A,5.0,2.31294326,0.959043943,
A,S_BB,D_A,5.0,2.3340363,0.956437012,
A,S_BB,D_A,5.0,2.35514399,0.958105924,
A,S_BB,D_A,5.0,2.37607726,0.952251215,
A,S_BB,D_A,5.0,2.39730341,0.95753629,
A,S_BB,D_A,5.0,2.41857203,0.955928806,
A,S_BB,D_A,5.0,2.43911056,0.95494294,
A,S_BB,D_A,5.0,2.45988005,0.9466786,
A,S_BB,D_A,5.0,2.48094151,0.95502778,
A,S_BB,D_A,5.0,2.50196601,0.949585567,
A,S_BB,D_A,5.0,2.52300496,0.94710896,
A,S_BB,D_A,5.0,2.54340089,0.945567373,
A,S_BB,D_A,5.0,2.56415297,0.947623046,
A,S_BB,D_A,5.0,2.58575836,0.94397498,
A,S_BB,D_A,5.0,2.60684428,0.94533964,
A,S_BB,D_A,5.0,2.62775949,0.94816218,
A,S_BB,D_A,5.0,2.64834355,0.94338378,
A,S_BB,D_A,5.0,2.66912062,0.945622504,
A,S_BB,D_A,5.0,2.69039946,0.940389788,
A,S_BB,D_A,5.0,2.71121518,0.947139038,
A,S_BB,D_A,5.0,2.7321837,0.945759377,
A,S_BB,D_A,5.0,2.75306239,0.947841735,
A,S_BB,D_A,5.0,2.77427049,0.945608081,
A,S_BB,D_A,5.0,2.79557932,0.945278497,
A,S_BB,D_A,5.0,2.8160646,0.947300311,
A,S_BB,D_A,5.0,2.83689478,0.947057069,
A,S_BB,D_A,5.0,2.85801727,0.94753979,
A,S_BB,D_A,5.0,2.87906973,0.946070201,
A,S_BB,D_A,5.0,2.89996898,0.949436598,
A,S_BB,D_A,5.0,2.92062944,0.947341367,
A,S_BB,D_A,5.0,2.941605,0.950349361,
A,S_BB,D_A,5.0,2.96267076,0.947605655,
A,S_BB,D_A,5.0,2.98347442,0.9432863,
A,S_BB,D_A,5.0,3.00437656,0.947046334,
A,S_BB,D_A,5.0,3.02542142,0.952154614,
A,S_BB,D_A,5.0,3.04658726,0.953213952,
A,S_BB,D_A,5.0,3.06768101,0.952807777,
A,S_BB,D_A,5.0,3.088328,0.95308343,
A,S_BB,D_A,5.0,3.10931167,0.954223938,
A,S_BB,D_A,5.0,3.1305457,0.955478563,
A,S_BB,D_A,5.0,3.15150209,0.957354014,
A,S_BB,D_A,5.0,3.17219014,0.954180365,
A,S_BB,D_A,5.0,3.19299024,0.956685291,
A,S_BB,D_A,5.0,3.21390436,0.955459941,
A,S_BB,D_A,5.0,3.23506564,0.958837364,
A,S_BB,D_A,5.0,3.25605387,0.955843583,
A,S_BB,D_A,5.0,3.27685776,0.959198605,
A,S_BB,D_A,5.0,3.29794723,0.958536878,
A,S_BB,D_A,5.0,3.31884778,0.960144472,
A,S_BB,D_A,5.0,3.33944269,0.957991307,
A,S_BB,D_A,5.0,3.36030612,0.957509936,
A,S_BB,D_A,5.0,3.38171654,0.963599285,
A,S_BB,D_A,5.0,3.40297495,0.960244395,
A,S_BB,D_A,5.0,3.42370792,0.962794865,
A,S_BB,D_A,5.0,3.44440875,0.966433115,
A,S_BB,D_A,5.0,3.465315,0.964312425,
A,S_BB,D_A,5.0,3.4865867,0.963995883,
A,S_BB,D_A,5.0,3.50751221,0.968540041,
A,S_BB,D_A,5.0,3.52796741,0.965063731,
A,S_BB,D_A,5.0,3.5488788,0.965751601,
A,S_BB,D_A,5.0,3.57014151,0.965922139,
A,S_BB,D_A,5.0,3.59120365,0.967670893,
A,S_BB,D_A,5.0,3.61190928,0.968720752,
A,S_BB,D_A,5.0,3.63300558,0.966612453,
A,S_BB,D_A,5.0,3.6541422,0.969140401,
A,S_BB,D_A,5.0,3.67500902,0.97260482,
A,S_BB,D_A,5.0,3.69581564,0.971904427,
A,S_BB,D_A,5.0,3.71644729,0.973936266,
A,S_BB,D_A,5.0,3.73749774,0.974430169,
A,S_BB,D_A,5.0,3.75868086,0.974085033,
A,S_BB,D_A,5.0,3.77950549,0.975340791,
A,S_BB,D_A,5.0,3.80027286,0.976473725,
A,S_BB,D_A,5.0,3.82143123,0.977556851,
A,S_BB,D_A,5.0,3.84280481,0.975707633,
A,S_BB,D_A,5.0,3.86349282,0.973804182,
A,S_BB,D_A,5.0,3.88417456,0.97780634,
A,S_BB,D_A,5.0,3.90535419,0.979673885,
A,S_BB,D_A,5.0,3.9264697,0.979758902,
A,S_BB,D_A,5.0,3.94738681,0.983504666,
A,S_BB,D_A,5.0,3.96810309,0.981296615,
A,S_BB,D_A,5.0,3.98888694,0.982314268,
A,S_BB,D_A,5.0,4.00993371,0.984244023,
A,S_BB,D_A,5.0,4.03080983,0.986159372,
A,S_BB,D_A,5.0,4.05178039,0.990204726,
A,S_BB,D_A,5.0,4.07276799,0.987742126,
A,S_BB,D_A,5.0,4.09368684,0.983910027,
A,S_BB,D_A,5.0,4.11485609,0.989653731,
A,S_BB,D_A,5.0,4.13583188,0.989936077,
A,S_BB,D_A,5.0,4.15670688,0.988687731,
A,S_BB,D_A,5.0,4.17758774,0.989435077,
A,S_BB,D_A,5.0,4.19867141,0.993262556,
A,S_BB,D_A,5.0,4.21961517,0.993865441,
A,S_BB,D_A,5.0,4.24013393,0.992923038,
A,S_BB,D_A,5.0,4.26119077,0.996120199,
A,S_BB,D_A,5.0,4.28239268,0.991595727,
A,S_BB,D_A,5.0,4.30342826,0.997018691,
A,S_BB,D_A,5.0,4.32431592,0.994880291,
A,S_BB,D_A,5.0,4.34508479,0.993581282,
A,S_BB,D_A,5.0,4.36604259,0.99788839,
A,S_BB,D_A,5.0,4.38708086,0.999673486,
A,S_BB,D_A,5.0,4.40778797,0.996563831,
A,S_BB,D_A,5.0,4.4288526,1.00028328,
A,S_BB,D_A,5.0,4.44994967,1.00191264,
A,S_BB,D_A,5.0,4.47085438,0.999190455,
A,S_BB,D_A,5.0,4.49188801,1.00107088,
A,S_BB,D_A,5.0,4.51250216,1.00326483,
A,S_BB,D_A,5.0,4.5334461,1.00071832,
A,S_BB,D_A,5.0,4.55463591,1.00303523,
A,S_BB,D_A,5.0,4.57547609,1.00337023,
A,S_BB,D_A,5.0,4.59643311,1.00411426,
A,S_BB,D_A,5.0,4.61732903,1.00812267,
A,S_BB,D_A,5.0,4.63833098,1.00561405,
A,S_BB,D_A,5.0,4.65949324,1.00745482,
A,S_BB,D_A,5.0,4.68039693,1.00651502,
A,S_BB,D_A,5.0,4.70136745,1.00932376,
A,S_BB,D_A,5.0,4.72221533,1.01032477,
A,S_BB,D_A,5.0,4.74309374,1.01170988,
A,S_BB,D_A,5.0,4.76390784,1.00727619,
A,S_BB,D_A,5.0,4.78491795,1.01046313,
A,S_BB,D_A,5.0,4.80636204,1.01000988,
A,S_BB,D_A,5.0,4.82728449,1.00889179,
A,S_BB,D_A,5.0,4.84785524,1.01002211,
A,S_BB,D_A,5.0,4.86859731,1.01339669,
A,S_BB,D_A,5.0,4.88954319,1.01102396,
A,S_BB,D_A,5.0,4.91078695,1.01397938,
A,S_BB,D_A,5.0,4.93172016,1.01470908,
A,S_BB,D_A,5.0,4.95244063,1.01204639,
A,S_BB,D_A,5.0,4.97348932,1.01572804,
A,S_BB,D_A,5.0,4.994309,1.01284684,
A,S_BB,D_A,5.0,5.01515697,1.01335404,
A,S_BB,D_A,5.0,5.03598003,1.01372565,
A,S_BB,D_A,5.0,5.05703237,1.01641595,
A,S_BB,D_A,5.0,5.07840332,1.01364517,
A,S_BB,D_A,5.0,5.09943841,1.0185167,
A,S_BB,D_A,5.0,5.12032938,1.01833667,
A,S_BB,D_A,5.0,5.14107614,1.01567251,
A,S_BB,D_A,5.0,5.16214077,1.01619109,
A,S_BB,D_A,5.0,5.18341099,1.01764426,
A,S_BB,D_A,5.0,5.2041075,1.01737403,
A,S_BB,D_A,5.0,5.22477891,1.01650005,
A,S_BB,D_A,5.0,5.24557967,1.016225,
A,S_BB,D_A,5.0,5.26649236,1.01839705,
A,S_BB,D_A,5.0,5.28753131,1.01747701,
A,S_BB,D_A,5.0,5.30847064,1.01483689,
A,S_BB,D_A,5.0,5.32946745,1.01446752,
A,S_BB,D_A,5.0,5.3506922,1.01679901,
A,S_BB,D_A,5.0,5.37158853,1.01763697,
A,S_BB,D_A,5.0,5.39231925,1.01759694,
A,S_BB,D_A,5.0,5.41333352,1.01725189,
A,S_BB,D_A,5.0,5.43434316,1.0171443,
A,S_BB,D_A,5.0,5.45530659,1.01972502,
A,S_BB,D_A,5.0,5.47618498,1.01952348,
A,S_BB,D_A,5.0,5.49715755,1.01890259,
A,S_BB,D_A,5.0,5.51801586,1.01845862,
A,S_BB,D_A,5.0,5.53881995,1.01687188,
A,S_BB,D_A,5.0,5.55992514,1.01889127,
A,S_BB,D_A,5.0,5.58098545,1.01752443,
A,S_BB,D_A,5.0,5.60183772,1.01934494,
A,S_BB,D_A,5.0,5.62277584,1.01699939,
A,S_BB,D_A,5.0,5.64379172,1.01898618,
A,S_BB,D_A,5.0,5.66460817,1.01884308,
A,S_BB,D_A,5.0,5.68556022,1.01824351,
A,S_BB,D_A,5.0,5.7067909,1.01802123,
A,S_BB,D_A,5.0,5.72769317,1.01733282,
A,S_BB,D_A,5.0,5.74840017,1.01872,
A,S_BB,D_A,5.0,5.76938192,1.01807776,
A,S_BB,D_A,5.0,5.79039764,1.01550901,
A,S_BB,D_A,5.0,5.81144039,1.01730873,
A,S_BB,D_A,5.0,5.83232115,1.01665774,
A,S_BB,D_A,5.0,5.85320209,1.01810304,
A,S_BB,D_A,5.0,5.87418919,1.02008364,
A,S_BB,D_A,5.0,5.89509625,1.01673538,
A,S_BB,D_A,5.0,5.9159726,1.01396832,
A,S_BB,D_A,5.0,5.93682663,1.01532602,
A,S_BB,D_A,5.0,5.95791772,1.01553432,
A,S_BB,D_A,5.0,5.97900675,1.01551426,
A,S_BB,D_A,5.0,5.99978945,1.01782772,
A,S_BB,D_A,5.0,6.02063577,1.01527337,
A,S_BB,D_A,5.0,6.04156421,1.01465953,
A,S_BB,D_A,5.0,6.06259364,1.01963971,
A,S_BB,D_A,5.0,6.08377541,1.01462001,
A,S_BB,D_A,5.0,6.10447051,1.01528989,
A,S_BB,D_A,5.0,6.12538157,1.01444012,
A,S_BB,D_A,5.0,6.14660689,1.0158642,
A,S_BB,D_A,5.0,6.16752321,1.00983159,
A,S_BB,D_A,5.0,6.18833806,1.01356651,
A,S_BB,D_A,5.0,6.20938667,1.0152583,
A,S_BB,D_A,5.0,6.23052184,1.01176216,
A,S_BB,D_A,5.0,6.25137137,1.01447004,
A,S_BB,D_A,5.0,6.27204484,1.01554775,
A,S_BB,D_A,5.0,6.29290789,1.01180715,
A,S_BB,D_A,5.0,6.31382104,1.01218073,
A,S_BB,D_A,5.0,6.33495691,1.01441231,
A,S_BB,D_A,5.0,6.35600914,1.01569787,
A,S_BB,D_A,5.0,6.37663869,1.01290553,
A,S_BB,D_A,5.0,6.39770954,1.00975079,
A,S_BB,D_A,5.0,6.41872759,1.01057168,
A,S_BB,D_A,5.0,6.43951457,1.01084169,
A,S_BB,D_A,5.0,6.46033562,1.0111692,
A,S_BB,D_A,5.0,6.4814564,1.01125163,
A,S_BB,D_A,5.0,6.50265681,1.00855898,
A,S_BB,D_A,5.0,6.52350383,1.00959716,
A,S_BB,D_A,5.0,6.54427866,1.00858739,
A,S_BB,D_A,5.0,6.56515568,1.0079478,
A,S_BB,D_A,5.0,6.58628576,1.00612247,
A,S_BB,D_A,5.0,6.60749316,1.00808025,
A,S_BB,D_A,5.0,6.62830625,1.00595688,
A,S_BB,D_A,5.0,6.64913567,1.00952775,
A,S_BB,D_A,5.0,6.67020149,1.00577569,
A,S_BB,D_A,5.0,6.69106898,1.0093747,
A,S_BB,D_A,5.0,6.71185955,1.00813381,
A,S_BB,D_A,5.0,6.73264651,1.00470174,
A,S_BB,D_A,5.0,6.7537045,1.00606357,
A,S_BB,D_A,5.0,6.77487174,1.00565077,
A,S_BB,D_A,5.0,6.79557562,1.0060249,
A,S_BB,D_A,5.0,6.81648781,1.0079353,
A,S_BB,D_A,5.0,6.83753747,1.00561519,
A,S_BB,D_A,5.0,6.85867557,1.00376136,
A,S_BB,D_A,5.0,6.87985316,1.00384028,
A,S_BB,D_A,5.0,6.90065786,1.00554583,
A,S_BB,D_A,5.0,6.92153112,1.00463029,
A,S_BB,D_A,5.0,6.94229803,1.00320416,
A,S_BB,D_A,5.0,6.9630016,1.00359703,
A,S_BB,D_A,5.0,6.98416877,1.00438474,
A,S_BB,D_A,5.0,7.0052781,1.00266753,
A,S_BB,D_A,5.0,7.02617612,1.00187054,
A,S_BB,D_A,5.0,7.04699526,1.00010982,
A,S_BB,D_A,5.0,7.06761685,0.999895248,
A,S_BB,D_A,5.0,7.08873369,0.999452923,
A,S_BB,D_A,5.0,7.10994937,1.00125536,
A,S_BB,D_A,5.0,7.13102893,1.00042912,
A,S_BB,D_A,5.0,7.15201412,1.00180442,
A,S_BB,D_A,5.0,7.17271336,0.999966787,
A,S_BB,D_A,5.0,7.19374266,0.999515373,
A,S_BB,D_A,5.0,7.21473042,0.999617171,
A,S_BB,D_A,5.0,7.23564263,1.00001803,
A,S_BB,D_A,5.0,7.25666289,1.00058789,
A,S_BB,D_A,5.0,7.27757645,0.999065436,
A,S_BB,D_A,5.0,7.2984411,1.00410471,
A,S_BB,D_A,5.0,7.31917384,0.999348486,
A,S_BB,D_A,5.0,7.34001688,0.999446584,
A,S_BB,D_A,5.0,7.3611683,1.00007012,
A,S_BB,D_A,5.0,7.38224284,0.997536792,
A,S_BB,D_A,5.0,7.40324015,0.997815614,
A,S_BB,D_A,5.0,7.42408854,0.997807047,
A,S_BB,D_A,5.0,7.44500634,0.999543068,
A,S_BB,D_A,5.0,7.46595959,0.99758702,
A,S_BB,D_A,5.0,7.48696308,0.997746672,
A,S_BB,D_A,5.0,7.5079936,0.998205659,
A,S_BB,D_A,5.0,7.52871967,0.997485607,
A,S_BB,D_A,5.0,7.54966921,0.996212154,
A,S_BB,D_A,5.0,7.57064902,0.996208797,
A,S_BB,D_A,5.0,7.59151428,0.996412151,
A,S_BB,D_A,5.0,7.6123809,0.9947875,
A,S_BB,D_A,5.0,7.63338324,0.996304356,
A,S_BB,D_A,5.0,7.65450532,0.996211423,
A,S_BB,D_A,5.0,7.67556944,0.998118984,
A,S_BB,D_A,5.0,7.69637751,0.994651719,
A,S_BB,D_A,5.0,7.71727216,0.995164485,
A,S_BB,D_A,5.0,7.73835725,0.997043141,
A,S_BB,D_A,5.0,7.75934923,0.997875803,
A,S_BB,D_A,5.0,7.78023116,0.996832324,
A,S_BB,D_A,5.0,7.80098697,0.991680949,
A,S_BB,D_A,5.0,7.82190677,0.994908865,
A,S_BB,D_A,5.0,7.84304931,0.992446885,
A,S_BB,D_A,5.0,7.86405132,0.99330613,
A,S_BB,D_A,5.0,7.88484553,0.995341106,
A,S_BB,D_A,5.0,7.90574885,0.994759116,
A,S_BB,D_A,5.0,7.9267531,0.994041534,
A,S_BB,D_A,5.0,7.94765228,0.996687774,
A,S_BB,D_A,5.0,7.96842304,0.993605866,
A,S_BB,D_A,5.0,7.98938616,0.992849307,
A,S_BB,D_A,5.0,8.01050815,0.992205469,
A,S_BB,D_A,5.0,8.03153334,0.993460578,
A,S_BB,D_A,5.0,8.05240251,0.992805928,
A,S_BB,D_A,5.0,8.07332696,0.992828139,
A,S_BB,D_A,5.0,8.09438514,0.993738522,
A,S_BB,D_A,5.0,8.11529588,0.991400801,
A,S_BB,D_A,5.0,8.13618411,0.990677183,
A,S_BB,D_A,5.0,8.15717855,0.993255912,
A,S_BB,D_A,5.0,8.17807847,0.992048276,
A,S_BB,D_A,5.0,8.19905269,0.991073697,
A,S_BB,D_A,5.0,8.21991085,0.990644731,
A,S_BB,D_A,5.0,8.24078529,0.991848189,
A,S_BB,D_A,5.0,8.26195652,0.991474188,
A,S_BB,D_A,5.0,8.28293039,0.99377927,
A,S_BB,D_A,5.0,8.30373423,0.990458386,
A,S_BB,D_A,5.0,8.32452583,0.993706919,
A,S_BB,D_A,5.0,8.34556221,0.991850328,
A,S_BB,D_A,5.0,8.36671927,0.992116171,
A,S_BB,D_A,5.0,8.38757523,0.990735236,
A,S_BB,D_A,5.0,8.40855808,0.990326405,
A,S_BB,D_A,5.0,8.42953585,0.993232876,
A,S_BB,D_A,5.0,8.45042977,0.99169493,
A,S_BB,D_A,5.0,8.47138662,0.994464907,
A,S_BB,D_A,5.0,8.49217243,0.994161503,
A,S_BB,D_A,5.0,8.51321806,0.991335822,
A,S_BB,D_A,5.0,8.53421183,0.991409601,
A,S_BB,D_A,5.0,8.55508292,0.991921307,
A,S_BB,D_A,5.0,8.57598662,0.992885713,
A,S_BB,D_A,5.0,8.59679232,0.992755011,
A,S_BB,D_A,5.0,8.61783107,0.992608172,
A,S_BB,D_A,5.0,8.63891768,0.992474225,
A,S_BB,D_A,5.0,8.65972861,0.991649685,
A,S_BB,D_A,5.0,8.68059853,0.989067688,
A,S_BB,D_A,5.0,8.70174168,0.990438613,
A,S_BB,D_A,5.0,8.72279566,0.995242504,
A,S_BB,D_A,5.0,8.74359241,0.989971406,
A,S_BB,D_A,5.0,8.76424415,0.992563633,
A,S_BB,D_A,5.0,8.78526729,0.989039937,
A,S_BB,D_A,5.0,8.80637189,0.993027111,
A,S_BB,D_A,5.0,8.82736896,0.992387105,
A,S_BB,D_A,5.0,8.84843212,0.992626585,
A,S_BB,D_A,5.0,8.86933197,0.992527009,
A,S_BB,D_A,5.0,8.89026857,0.991644503,
A,S_BB,D_A,5.0,8.91123702,0.992869377,
A,S_BB,D_A,5.0,8.93214776,0.993013442,
A,S_BB,D_A,5.0,8.95312097,0.989939463,
A,S_BB,D_A,5.0,8.9741304,0.991057507,
A,S_BB,D_A,5.0,8.99505705,0.992963997,
A,S_BB,D_A,5.0,9.01571368,0.990312904,
A,S_BB,D_A,5.0,9.03640927,0.991096193,
A,S_BB,D_A,5.0,9.05755121,0.992947346,
A,S_BB,D_A,5.0,9.07868023,0.991564232,
A,S_BB,D_A,5.0,9.09969513,0.991836911,
A,S_BB,D_A,5.0,9.1205658,0.993525995,
A,S_BB,D_A,5.0,9.14137844,0.991891435,
A,S_BB,D_A,5.0,9.16237082,0.991870783,
A,S_BB,D_A,5.0,9.18339441,0.991456983,
A,S_BB,D_A,5.0,9.20447395,0.994173959,
A,S_BB,D_A,5.0,9.22549281,0.993779082,
A,S_BB,D_A,5.0,9.2463962,0.992750685,
A,S_BB,D_A,5.0,9.26722673,0.993315045,
A,S_BB,D_A,5.0,9.28791689,0.993180744,
A,S_BB,D_A,5.0,9.30892724,0.991911645,
A,S_BB,D_A,5.0,9.33003065,0.992906787,
A,S_BB,D_A,5.0,9.35102864,0.995490794,
A,S_BB,D_A,5.0,9.37196601,0.994287693,
A,S_BB,D_A,5.0,9.39258783,0.993768994,
A,S_BB,D_A,5.0,9.41349621,0.995383133,
A,S_BB,D_A,5.0,9.4347927,0.994855024,
A,S_BB,D_A,5.0,9.45587737,0.994355676,
A,S_BB,D_A,5.0,9.47676866,0.99167579,
A,S_BB,D_A,5.0,9.49762777,0.992166566,
A,S_BB,D_A,5.0,9.51852362,0.992482229,
A,S_BB,D_A,5.0,9.53939795,0.993652756,
A,S_BB,D_A,5.0,9.56035551,0.992863391,
A,S_BB,D_A,5.0,9.58149741,0.994572938,
A,S_BB,D_A,5.0,9.60249587,0.994359188,
A,S_BB,D_A,5.0,9.62336478,0.994708283,
A,S_BB,D_A,5.0,9.64415055,0.994886073,
A,S_BB,D_A,5.0,9.66502224,0.994689925,
A,S_BB,D_A,5.0,9.68597433,0.994367428,
A,S_BB,D_A,5.0,9.7069728,0.994769086,
A,S_BB,D_A,5.0,9.72797765,0.995401257,
A,S_BB,D_A,5.0,9.74896401,0.994705907,
A,S_BB,D_A,5.0,9.76996217,0.993995697,
A,S_BB,D_A,5.0,9.79085678,0.994296094,
A,S_BB,D_A,5.0,9.81166698,0.997172292,
A,S_BB,D_A,5.0,9.83262494,0.997237473,
A,S_BB,D_A,5.0,9.85372265,0.997307435,
A,S_BB,D_A,5.0,9.87472665,0.995573425,
A,S_BB,D_A,5.0,9.89559934,0.998076503,
A,S_BB,D_A,5.0,9.91635289,0.995677796,
A,S_BB,D_A,5.0,9.93737645,0.99677969,
A,S_BB,D_A,5.0,9.95856995,0.99731553,
A,S_BB,D_A,5.0,9.97940815,0.996743084,
A,S_BB,D_A,5.0,10.000082,0.997005927,
A,S_BB,D_A,10.0,0.0252815853,0.0103455675,
A,S_BB,D_A,10.0,0.0486976344,0.0106389321,
A,S_BB,D_A,10.0,0.0692644017,0.0125469363,
A,S_BB,D_A,10.0,0.08877835,0.0151347075,
A,S_BB,D_A,10.0,0.111604297,0.0185590688,
A,S_BB,D_A,10.0,0.132731806,0.0222316412,
A,S_BB,D_A,10.0,0.153672181,0.0257567218,
A,S_BB,D_A,10.0,0.175641863,0.0312913957,
A,S_BB,D_A,10.0,0.196615509,0.037061637,
A,S_BB,D_A,10.0,0.217326708,0.0426485623,
A,S_BB,D_A,10.0,0.237538457,0.0494310525,
A,S_BB,D_A,10.0,0.258148683,0.0568689036,
A,S_BB,D_A,10.0,0.28040349,0.0645811628,
A,S_BB,D_A,10.0,0.301929084,0.0740858178,
A,S_BB,D_A,10.0,0.322287413,0.0821846821,
A,S_BB,D_A,10.0,0.342663331,0.0916017916,
A,S_BB,D_A,10.0,0.363641289,0.102710058,
A,S_BB,D_A,10.0,0.385602948,0.113094396,
A,S_BB,D_A,10.0,0.406737165,0.12266724,
A,S_BB,D_A,10.0,0.427001871,0.135295877,
A,S_BB,D_A,10.0,0.448754416,0.148282357,
A,S_BB,D_A,10.0,0.469601745,0.162232497,
A,S_BB,D_A,10.0,0.489805379,0.172351041,
A,S_BB,D_A,10.0,0.510302494,0.184293109,
A,S_BB,D_A,10.0,0.53178319,0.201400406,
A,S_BB,D_A,10.0,0.553922362,0.214063371,
A,S_BB,D_A,10.0,0.574670041,0.228528919,
A,S_BB,D_A,10.0,0.594645701,0.239969956,
A,S_BB,D_A,10.0,0.615540037,0.257275822,
A,S_BB,D_A,10.0,0.636554081,0.271659917,
A,S_BB,D_A,10.0,0.658102417,0.287723536,
A,S_BB,D_A,10.0,0.679189641,0.306432205,
A,S_BB,D_A,10.0,0.700054044,0.322458278,
A,S_BB,D_A,10.0,0.721329826,0.338634958,
A,S_BB,D_A,10.0,0.742033923,0.35415111,
A,S_BB,D_A,10.0,0.762614581,0.37349038,
A,S_BB,D_A,10.0,0.783270495,0.388012767,
A,S_BB,D_A,10.0,0.804783918,0.40471773,
A,S_BB,D_A,10.0,0.826095906,0.422481982,
A,S_BB,D_A,10.0,0.846303977,0.438579525,
A,S_BB,D_A,10.0,0.867174819,0.459940939,
A,S_BB,D_A,10.0,0.888413258,0.475220542,
A,S_BB,D_A,10.0,0.909910564,0.495350877,
A,S_BB,D_A,10.0,0.931134698,0.512830596,
A,S_BB,D_A,10.0,0.951563161,0.527520882,
A,S_BB,D_A,10.0,0.972160451,0.551048285,
A,S_BB,D_A,10.0,0.993008165,0.560931776,
A,S_BB,D_A,10.0,1.0140906,0.581174498,
A,S_BB,D_A,10.0,1.03500338,0.59901733,
A,S_BB,D_A,10.0,1.05657413,0.618721852,
A,S_BB,D_A,10.0,1.07789814,0.63529194,
A,S_BB,D_A,10.0,1.09835045,0.650383892,
A,S_BB,D_A,10.0,1.11903902,0.667307014,
A,S_BB,D_A,10.0,1.1396405,0.684023861,
A,S_BB,D_A,10.0,1.16109193,0.703143001,
A,S_BB,D_A,10.0,1.18227503,0.714017806,
A,S_BB,D_A,10.0,1.2030555,0.73599115,
A,S_BB,D_A,10.0,1.22375183,0.747918327,
A,S_BB,D_A,10.0,1.24453484,0.769811162,
A,S_BB,D_A,10.0,1.26570671,0.777883865,
A,S_BB,D_A,10.0,1.28693994,0.796913887,
A,S_BB,D_A,10.0,1.30807124,0.810539828,
A,S_BB,D_A,10.0,1.32889646,0.820906878,
A,S_BB,D_A,10.0,1.34945121,0.836025575,
A,S_BB,D_A,10.0,1.37055188,0.85007554,
A,S_BB,D_A,10.0,1.39148285,0.862025569,
A,S_BB,D_A,10.0,1.41220445,0.866354197,
A,S_BB,D_A,10.0,1.43352474,0.876493007,
A,S_BB,D_A,10.0,1.45454751,0.89101304,
A,S_BB,D_A,10.0,1.47511055,0.897450876,
A,S_BB,D_A,10.0,1.49566583,0.91031083,
A,S_BB,D_A,10.0,1.51690776,0.910456764,
A,S_BB,D_A,10.0,1.53826425,0.928244756,
A,S_BB,D_A,10.0,1.55931449,0.930249153,
A,S_BB,D_A,10.0,1.58012172,0.940895918,
A,S_BB,D_A,10.0,1.60114355,0.943430055,
A,S_BB,D_A,10.0,1.62229155,0.948894192,
A,S_BB,D_A,10.0,1.64295947,0.952089737,
A,S_BB,D_A,10.0,1.66366432,0.960846352,
A,S_BB,D_A,10.0,1.68478217,0.961833651,
A,S_BB,D_A,10.0,1.7057485,0.964216789,
A,S_BB,D_A,10.0,1.72683745,0.965641429,
A,S_BB,D_A,10.0,1.74765849,0.97206675,
A,S_BB,D_A,10.0,1.76847487,0.974294525,
A,S_BB,D_A,10.0,1.78961871,0.974823083,
A,S_BB,D_A,10.0,1.81086098,0.97710621,
A,S_BB,D_A,10.0,1.83179094,0.97872873,
A,S_BB,D_A,10.0,1.8521746,0.981581205,
A,S_BB,D_A,10.0,1.8733654,0.980485381,
A,S_BB,D_A,10.0,1.89455538,0.981434981,
A,S_BB,D_A,10.0,1.91534795,0.978454665,
A,S_BB,D_A,10.0,1.93623233,0.979371591,
A,S_BB,D_A,10.0,1.9571481,0.977678048,
A,S_BB,D_A,10.0,1.97825109,0.980161507,
A,S_BB,D_A,10.0,1.99905898,0.978409865,
A,S_BB,D_A,10.0,2.01966715,0.977451609,
A,S_BB,D_A,10.0,2.04082415,0.980537408,
A,S_BB,D_A,10.0,2.06193171,0.976991226,
A,S_BB,D_A,10.0,2.08296048,0.971754605,
A,S_BB,D_A,10.0,2.10383017,0.973522339,
A,S_BB,D_A,10.0,2.12494312,0.970951812,
A,S_BB,D_A,10.0,2.14618475,0.9727392,
A,S_BB,D_A,10.0,2.16679298,0.972102049,
A,S_BB,D_A,10.0,2.18753482,0.971346141,
A,S_BB,D_A,10.0,2.20847027,0.964276213,
A,S_BB,D_A,10.0,2.22955181,0.963051784,
A,S_BB,D_A,10.0,2.25078374,0.962699139,
A,S_BB,D_A,10.0,2.27150159,0.960450352,
A,S_BB,D_A,10.0,2.29205574,0.959545373,
A,S_BB,D_A,10.0,2.31294326,0.955633591,
A,S_BB,D_A,10.0,2.3340363,0.956153535,
A,S_BB,D_A,10.0,2.35514399,0.95646083,
A,S_BB,D_A,10.0,2.37607726,0.955627085,
A,S_BB,D_A,10.0,2.39730341,0.954569602,
A,S_BB,D_A,10.0,2.41857203,0.955693738,
A,S_BB,D_A,10.0,2.43911056,0.953205348,
A,S_BB,D_A,10.0,2.45988005,0.949958686,
A,S_BB,D_A,10.0,2.48094151,0.943650443,
A,S_BB,D_A,10.0,2.50196601,0.952532095,
A,S_BB,D_A,10.0,2.52300496,0.946614456,
A,S_BB,D_A,10.0,2.54340089,0.94829268,
A,S_BB,D_A,10.0,2.56415297,0.947776576,
A,S_BB,D_A,10.0,2.58575836,0.945961343,
A,S_BB,D_A,10.0,2.60684428,0.948530407,
A,S_BB,D_A,10.0,2.62775949,0.949100376,
A,S_BB,D_A,10.0,2.64834355,0.945874717,
A,S_BB,D_A,10.0,2.66912062,0.945531819,
A,S_BB,D_A,10.0,2.69039946,0.943550121,
A,S_BB,D_A,10.0,2.71121518,0.941125537,
A,S_BB,D_A,10.0,2.7321837,0.946147375,
A,S_BB,D_A,10.0,2.75306239,0.944684043,
A,S_BB,D_A,10.0,2.77427049,0.946484014,
A,S_BB,D_A,10.0,2.79557932,0.945405874,
A,S_BB,D_A,10.0,2.8160646,0.949666813,
A,S_BB,D_A,10.0,2.83689478,0.946628415,
A,S_BB,D_A,10.0,2.85801727,0.948329152,
A,S_BB,D_A,10.0,2.87906973,0.947444396,
A,S_BB,D_A,10.0,2.89996898,0.950219953,
A,S_BB,D_A,10.0,2.92062944,0.945707455,
A,S_BB,D_A,10.0,2.941605,0.949011495,
A,S_BB,D_A,10.0,2.96267076,0.950180624,
A,S_BB,D_A,10.0,2.98347442,0.947673307,
A,S_BB,D_A,10.0,3.00437656,0.948946725,
A,S_BB,D_A,10.0,3.02542142,0.952770812,
A,S_BB,D_A,10.0,3.04658726,0.948366037,
A,S_BB,D_A,10.0,3.06768101,0.952194623,
A,S_BB,D_A,10.0,3.088328,0.949606983,
A,S_BB,D_A,10.0,3.10931167,0.950929145,
A,S_BB,D_A,10.0,3.1305457,0.951790605,
A,S_BB,D_A,10.0,3.15150209,0.953424167,
A,S_BB,D_A,10.0,3.17219014,0.954418052,
A,S_BB,D_A,10.0,3.19299024,0.957914968,
A,S_BB,D_A,10.0,3.21390436,0.956657033,
A,S_BB,D_A,10.0,3.23506564,0.956481808,
A,S_BB,D_A,10.0,3.25605387,0.959267554,
A,S_BB,D_A,10.0,3.27685776,0.958309132,
A,S_BB,D_A,10.0,3.29794723,0.954827892,
A,S_BB,D_A,10.0,3.31884778,0.960495866,
A,S_BB,D_A,10.0,3.33944269,0.959782494,
A,S_BB,D_A,10.0,3.36030612,0.960215504,
A,S_BB,D_A,10.0,3.38171654,0.962686856,
A,S_BB,D_A,10.0,3.40297495,0.963486633,
A,S_BB,D_A,10.0,3.42370792,0.963639542,
A,S_BB,D_A,10.0,3.44440875,0.962317873,
A,S_BB,D_A,10.0,3.465315,0.961298638,
A,S_BB,D_A,10.0,3.4865867,0.962631101,
A,S_BB,D_A,10.0,3.50751221,0.967070182,
A,S_BB,D_A,10.0,3.52796741,0.965191642,
A,S_BB,D_A,10.0,3.5488788,0.967447161,
A,S_BB,D_A,10.0,3.57014151,0.966800274,
A,S_BB,D_A,10.0,3.59120365,0.968464772,
A,S_BB,D_A,10.0,3.61190928,0.966140051,
A,S_BB,D_A,10.0,3.63300558,0.966775528,
A,S_BB,D_A,10.0,3.6541422,0.96925706,
A,S_BB,D_A,10.0,3.67500902,0.971594475,
A,S_BB,D_A,10.0,3.69581564,0.972306819,
A,S_BB,D_A,10.0,3.71644729,0.972895277,
A,S_BB,D_A,10.0,3.73749774,0.972779809,
A,S_BB,D_A,10.0,3.75868086,0.974992504,
A,S_BB,D_A,10.0,3.77950549,0.972332213,
A,S_BB,D_A,10.0,3.80027286,0.974588901,
A,S_BB,D_A,10.0,3.82143123,0.9762039,
A,S_BB,D_A,10.0,3.84280481,0.972226872,
A,S_BB,D_A,10.0,3.86349282,0.97722335,
A,S_BB,D_A,10.0,3.88417456,0.97713056,
A,S_BB,D_A,10.0,3.90535419,0.982157681,
A,S_BB,D_A,10.0,3.9264697,0.982278421,
A,S_BB,D_A,10.0,3.94738681,0.97818217,
A,S_BB,D_A,10.0,3.96810309,0.983920149,
A,S_BB,D_A,10.0,3.98888694,0.980698916,
A,S_BB,D_A,10.0,4.00993371,0.986361804,
A,S_BB,D_A,10.0,4.03080983,0.983208774,
A,S_BB,D_A,10.0,4.05178039,0.987241728,
A,S_BB,D_A,10.0,4.07276799,0.988801431,
A,S_BB,D_A,10.0,4.09368684,0.987452731,
A,S_BB,D_A,10.0,4.11485609,0.9894178,
A,S_BB,D_A,10.0,4.13583188,0.990849195,
A,S_BB,D_A,10.0,4.15670688,0.990735244,
A,S_BB,D_A,10.0,4.17758774,0.991450241,
A,S_BB,D_A,10.0,4.19867141,0.991645736,
A,S_BB,D_A,10.0,4.21961517,0.991316899,
A,S_BB,D_A,10.0,4.24013393,0.992364091,
A,S_BB,D_A,10.0,4.26119077,0.994328977,
A,S_BB,D_A,10.0,4.28239268,0.993783088,
A,S_BB,D_A,10.0,4.30342826,0.993436955,
A,S_BB,D_A,10.0,4.32431592,0.997406862,
A,S_BB,D_A,10.0,4.34508479,0.994240414,
A,S_BB,D_A,10.0,4.36604259,0.998307916,
A,S_BB,D_A,10.0,4.38708086,0.997984877,
A,S_BB,D_A,10.0,4.40778797,0.998644292,
A,S_BB,D_A,10.0,4.4288526,0.999073655,
A,S_BB,D_A,10.0,4.44994967,0.999117758,
A,S_BB,D_A,10.0,4.47085438,0.999091219,
A,S_BB,D_A,10.0,4.49188801,1.00322031,
A,S_BB,D_A,10.0,4.51250216,1.00311015,
A,S_BB,D_A,10.0,4.5334461,1.00231074,
A,S_BB,D_A,10.0,4.55463591,1.00667866,
A,S_BB,D_A,10.0,4.57547609,1.00207465,
A,S_BB,D_A,10.0,4.59643311,1.00602118,
A,S_BB,D_A,10.0,4.61732903,1.00569248,
A,S_BB,D_A,10.0,4.63833098,1.00614778,
A,S_BB,D_A,10.0,4.65949324,1.00389236,
A,S_BB,D_A,10.0,4.68039693,1.00991028,
A,S_BB,D_A,10.0,4.70136745,1.00728527,
A,S_BB,D_A,10.0,4.72221533,1.00928358,
A,S_BB,D_A,10.0,4.74309374,1.00925819,
A,S_BB,D_A,10.0,4.76390784,1.00855939,
A,S_BB,D_A,10.0,4.78491795,1.00815626,
A,S_BB,D_A,10.0,4.80636204,1.01009928,
A,S_BB,D_A,10.0,4.82728449,1.00928438,
A,S_BB,D_A,10.0,4.84785524,1.01217465,
A,S_BB,D_A,10.0,4.86859731,1.00993426,
A,S_BB,D_A,10.0,4.88954319,1.01034339,
A,S_BB,D_A,10.0,4.91078695,1.01277041,
A,S_BB,D_A,10.0,4.93172016,1.01268107,
A,S_BB,D_A,10.0,4.95244063,1.0094677,
A,S_BB,D_A,10.0,4.97348932,1.01371723,
A,S_BB,D_A,10.0,4.994309,1.01450876,
A,S_BB,D_A,10.0,5.01515697,1.0138562,
A,S_BB,D_A,10.0,5.03598003,1.01708787,
A,S_BB,D_A,10.0,5.05703237,1.01205416,
A,S_BB,D_A,10.0,5.07840332,1.01690526,
A,S_BB,D_A,10.0,5.09943841,1.01555677,
A,S_BB,D_A,10.0,5.12032938,1.01586464,
A,S_BB,D_A,10.0,5.14107614,1.01526917,
A,S_BB,D_A,10.0,5.16214077,1.01427511,
A,S_BB,D_A,10.0,5.18341099,1.01490646,
A,S_BB,D_A,10.0,5.2041075,1.01663177,
A,S_BB,D_A,10.0,5.22477891,1.01385834,
A,S_BB,D_A,10.0,5.24557967,1.01811671,
A,S_BB,D_A,10.0,5.26649236,1.01592231,
A,S_BB,D_A,10.0,5.28753131,1.01558404,
A,S_BB,D_A,10.0,5.30847064,1.01615933,
A,S_BB,D_A,10.0,5.32946745,1.01690794,
A,S_BB,D_A,10.0,5.3506922,1.01752623,
A,S_BB,D_A,10.0,5.37158853,1.01799965,
A,S_BB,D_A,10.0,5.39231925,1.01780747,
A,S_BB,D_A,10.0,5.41333352,1.02112393,
A,S_BB,D_A,10.0,5.43434316,1.01640156,
A,S_BB,D_A,10.0,5.45530659,1.01829303,
A,S_BB,D_A,10.0,5.47618498,1.02026667,
A,S_BB,D_A,10.0,5.49715755,1.01941507,
A,S_BB,D_A,10.0,5.51801586,1.0164716,
A,S_BB,D_A,10.0,5.53881995,1.01967995,
A,S_BB,D_A,10.0,5.55992514,1.01881146,
A,S_BB,D_A,10.0,5.58098545,1.01759178,
A,S_BB,D_A,10.0,5.60183772,1.02110424,
A,S_BB,D_A,10.0,5.62277584,1.01844219,
A,S_BB,D_A,10.0,5.64379172,1.01572933,
A,S_BB,D_A,10.0,5.66460817,1.01707549,
A,S_BB,D_A,10.0,5.68556022,1.01825083,
A,S_BB,D_A,10.0,5.7067909,1.01990226,
A,S_BB,D_A,10.0,5.72769317,1.01836525,
A,S_BB,D_A,10.0,5.74840017,1.01808473,
A,S_BB,D_A,10.0,5.76938192,1.01800589,
A,S_BB,D_A,10.0,5.79039764,1.01677467,
A,S_BB,D_A,10.0,5.81144039,1.016955,
A,S_BB,D_A,10.0,5.83232115,1.0173616,
A,S_BB,D_A,10.0,5.85320209,1.01905253,
A,S_BB,D_A,10.0,5.87418919,1.01814747,
A,S_BB,D_A,10.0,5.89509625,1.01755162,
A,S_BB,D_A,10.0,5.9159726,1.01551917,
A,S_BB,D_A,10.0,5.93682663,1.01626815,
A,S_BB,D_A,10.0,5.95791772,1.01526811,
A,S_BB,D_A,10.0,5.97900675,1.0162956,
A,S_BB,D_A,10.0,5.99978945,1.01831467,
A,S_BB,D_A,10.0,6.02063577,1.01807971,
A,S_BB,D_A,10.0,6.04156421,1.0150282,
A,S_BB,D_A,10.0,6.06259364,1.0164366,
A,S_BB,D_A,10.0,6.08377541,1.01749432,
A,S_BB,D_A,10.0,6.10447051,1.01670668,
A,S_BB,D_A,10.0,6.12538157,1.01531382,
A,S_BB,D_A,10.0,6.14660689,1.0139115,
A,S_BB,D_A,10.0,6.16752321,1.01336926,
A,S_BB,D_A,10.0,6.18833806,1.01646687,
A,S_BB,D_A,10.0,6.20938667,1.01224516,
A,S_BB,D_A,10.0,6.23052184,1.01217187,
A,S_BB,D_A,10.0,6.25137137,1.01598506,
A,S_BB,D_A,10.0,6.27204484,1.01391435,
A,S_BB,D_A,10.0,6.29290789,1.01454773,
A,S_BB,D_A,10.0,6.31382104,1.01072479,
A,S_BB,D_A,10.0,6.33495691,1.0139775,
A,S_BB,D_A,10.0,6.35600914,1.01210545,
A,S_BB,D_A,10.0,6.37663869,1.01237184,
A,S_BB,D_A,10.0,6.39770954,1.01091544,
A,S_BB,D_A,10.0,6.41872759,1.00963936,
A,S_BB,D_A,10.0,6.43951457,1.00904364,
A,S_BB,D_A,10.0,6.46033562,1.01201923,
A,S_BB,D_A,10.0,6.4814564,1.01270379,
A,S_BB,D_A,10.0,6.50265681,1.00916123,
A,S_BB,D_A,10.0,6.52350383,1.01025594,
A,S_BB,D_A,10.0,6.54427866,1.01003431,
A,S_BB,D_A,10.0,6.56515568,1.01033148,
A,S_BB,D_A,10.0,6.58628576,1.00910743,
A,S_BB,D_A,10.0,6.60749316,1.00816683,
A,S_BB,D_A,10.0,6.62830625,1.00760393,
A,S_BB,D_A,10.0,6.64913567,1.00875565,
A,S_BB,D_A,10.0,6.67020149,1.00921064,
A,S_BB,D_A,10.0,6.69106898,1.00857843,
A,S_BB,D_A,10.0,6.71185955,1.00706315,
A,S_BB,D_A,10.0,6.73264651,1.00634017,
A,S_BB,D_A,10.0,6.7537045,1.00702711,
A,S_BB,D_A,10.0,6.77487174,1.00856139,
A,S_BB,D_A,10.0,6.79557562,1.00665029,
A,S_BB,D_A,10.0,6.81648781,1.00704287,
A,S_BB,D_A,10.0,6.83753747,1.00530874,
A,S_BB,D_A,10.0,6.85867557,1.00364658,
A,S_BB,D_A,10.0,6.87985316,1.00447277,
A,S_BB,D_A,10.0,6.90065786,1.00068184,
A,S_BB,D_A,10.0,6.92153112,1.00509996,
A,S_BB,D_A,10.0,6.94229803,1.00423178,
A,S_BB,D_A,10.0,6.9630016,1.00345573,
A,S_BB,D_A,10.0,6.98416877,1.00535184,
A,S_BB,D_A,10.0,7.0052781,1.00344304,
A,S_BB,D_A,10.0,7.02617612,1.00348374,
A,S_BB,D_A,10.0,7.04699526,1.00142891,
A,S_BB,D_A,10.0,7.06761685,1.00369135,
A,S_BB,D_A,10.0,7.08873369,1.0010855,
A,S_BB,D_A,10.0,7.10994937,1.00077819,
A,S_BB,D_A,10.0,7.13102893,1.00131282,
A,S_BB,D_A,10.0,7.15201412,1.00196443,
A,S_BB,D_A,10.0,7.17271336,1.00239613,
A,S_BB,D_A,10.0,7.19374266,1.00158634,
A,S_BB,D_A,10.0,7.21473042,1.00328923,
A,S_BB,D_A,10.0,7.23564263,0.998590482,
A,S_BB,D_A,10.0,7.25666289,0.999740229,
A,S_BB,D_A,10.0,7.27757645,1.00032847,
A,S_BB,D_A,10.0,7.2984411,0.999615908,
A,S_BB,D_A,10.0,7.31917384,0.998803797,
A,S_BB,D_A,10.0,7.34001688,0.999300687,
A,S_BB,D_A,10.0,7.3611683,0.998102243,
A,S_BB,D_A,10.0,7.38224284,0.998153554,
A,S_BB,D_A,10.0,7.40324015,0.998925624,
A,S_BB,D_A,10.0,7.42408854,0.996824085,
A,S_BB,D_A,10.0,7.44500634,1.00069582,
A,S_BB,D_A,10.0,7.46595959,0.99701308,
A,S_BB,D_A,10.0,7.48696308,0.994809425,
A,S_BB,D_A,10.0,7.5079936,0.996838209,
A,S_BB,D_A,10.0,7.52871967,0.997592057,
A,S_BB,D_A,10.0,7.54966921,0.996649728,
A,S_BB,D_A,10.0,7.57064902,0.995814201,
A,S_BB,D_A,10.0,7.59151428,0.996489678,
A,S_BB,D_A,10.0,7.6123809,0.996376653,
A,S_BB,D_A,10.0,7.63338324,0.99580714,
A,S_BB,D_A,10.0,7.65450532,0.993753657,
A,S_BB,D_A,10.0,7.67556944,0.996411589,
A,S_BB,D_A,10.0,7.69637751,0.997734685,
A,S_BB,D_A,10.0,7.71727216,0.995865147,
A,S_BB,D_A,10.0,7.73835725,0.993810722,
A,S_BB,D_A,10.0,7.75934923,0.99480643,
A,S_BB,D_A,10.0,7.78023116,0.993729266,
A,S_BB,D_A,10.0,7.80098697,0.994196094,
A,S_BB,D_A,10.0,7.82190677,0.993434838,
A,S_BB,D_A,10.0,7.84304931,0.995358574,
A,S_BB,D_A,10.0,7.86405132,0.997397751,
A,S_BB,D_A,10.0,7.88484553,0.99467246,
A,S_BB,D_A,10.0,7.90574885,0.993207585,
A,S_BB,D_A,10.0,7.9267531,0.994866201,
A,S_BB,D_A,10.0,7.94765228,0.99657054,
A,S_BB,D_A,10.0,7.96842304,0.993935031,
A,S_BB,D_A,10.0,7.98938616,0.993443083,
A,S_BB,D_A,10.0,8.01050815,0.993951668,
A,S_BB,D_A,10.0,8.03153334,0.99127572,
A,S_BB,D_A,10.0,8.05240251,0.992629632,
A,S_BB,D_A,10.0,8.07332696,0.993083448,
A,S_BB,D_A,10.0,8.09438514,0.993177376,
A,S_BB,D_A,10.0,8.11529588,0.992325134,
A,S_BB,D_A,10.0,8.13618411,0.992251539,
A,S_BB,D_A,10.0,8.15717855,0.991253436,
A,S_BB,D_A,10.0,8.17807847,0.992167767,
A,S_BB,D_A,10.0,8.19905269,0.9935861,
A,S_BB,D_A,10.0,8.21991085,0.991259885,
A,S_BB,D_A,10.0,8.24078529,0.991733208,
A,S_BB,D_A,10.0,8.26195652,0.991114204,
A,S_BB,D_A,10.0,8.28293039,0.988994982,
A,S_BB,D_A,10.0,8.30373423,0.991935341,
A,S_BB,D_A,10.0,8.32452583,0.993057429,
A,S_BB,D_A,10.0,8.34556221,0.9909755,
A,S_BB,D_A,10.0,8.36671927,0.99464827,
A,S_BB,D_A,10.0,8.38757523,0.992150965,
A,S_BB,D_A,10.0,8.40855808,0.992445578,
A,S_BB,D_A,10.0,8.42953585,0.990073047,
A,S_BB,D_A,10.0,8.45042977,0.995373294,
A,S_BB,D_A,10.0,8.47138662,0.993143137,
A,S_BB,D_A,10.0,8.49217243,0.993096897,
A,S_BB,D_A,10.0,8.51321806,0.992022179,
A,S_BB,D_A,10.0,8.53421183,0.991658867,
A,S_BB,D_A,10.0,8.55508292,0.990563451,
A,S_BB,D_A,10.0,8.57598662,0.991452519,
A,S_BB,D_A,10.0,8.59679232,0.991493122,
A,S_BB,D_A,10.0,8.61783107,0.990903032,
A,S_BB,D_A,10.0,8.63891768,0.991625252,
A,S_BB,D_A,10.0,8.65972861,0.992579362,
A,S_BB,D_A,10.0,8.68059853,0.989903304,
A,S_BB,D_A,10.0,8.70174168,0.991606355,
A,S_BB,D_A,10.0,8.72279566,0.991896567,
A,S_BB,D_A,10.0,8.74359241,0.991338911,
A,S_BB,D_A,10.0,8.76424415,0.990618888,
A,S_BB,D_A,10.0,8.78526729,0.991805485,
A,S_BB,D_A,10.0,8.80637189,0.990781427,
A,S_BB,D_A,10.0,8.82736896,0.992378371,
A,S_BB,D_A,10.0,8.84843212,0.991526695,
A,S_BB,D_A,10.0,8.86933197,0.992240268,
A,S_BB,D_A,10.0,8.89026857,0.993169891,
A,S_BB,D_A,10.0,8.91123702,0.992454942,
A,S_BB,D_A,10.0,8.93214776,0.992538365,
A,S_BB,D_A,10.0,8.95312097,0.990970848,
A,S_BB,D_A,10.0,8.9741304,0.99266144,
A,S_BB,D_A,10.0,8.99505705,0.991098581,
A,S_BB,D_A,10.0,9.01571368,0.992912521,
A,S_BB,D_A,10.0,9.03640927,0.990603477,
A,S_BB,D_A,10.0,9.05755121,0.992847572,
A,S_BB,D_A,10.0,9.07868023,0.9908251,
A,S_BB,D_A,10.0,9.09969513,0.990597835,
A,S_BB,D_A,10.0,9.1205658,0.990092794,
A,S_BB,D_A,10.0,9.14137844,0.992101061,
A,S_BB,D_A,10.0,9.16237082,0.989759815,
A,S_BB,D_A,10.0,9.18339441,0.993711304,
A,S_BB,D_A,10.0,9.20447395,0.992412405,
A,S_BB,D_A,10.0,9.22549281,0.991483495,
A,S_BB,D_A,10.0,9.2463962,0.994959876,
A,S_BB,D_A,10.0,9.26722673,0.992752361,
A,S_BB,D_A,10.0,9.28791689,0.99127533,
A,S_BB,D_A,10.0,9.30892724,0.992462132,
A,S_BB,D_A,10.0,9.33003065,0.991694502,
A,S_BB,D_A,10.0,9.35102864,0.994542691,
A,S_BB,D_A,10.0,9.37196601,0.99163235,
A,S_BB,D_A,10.0,9.39258783,0.993080334,
A,S_BB,D_A,10.0,9.41349621,0.995124721,
A,S_BB,D_A,10.0,9.4347927,0.992951427,
A,S_BB,D_A,10.0,9.45587737,0.995884226,
A,S_BB,D_A,10.0,9.47676866,0.993215959,
A,S_BB,D_A,10.0,9.49762777,0.993395334,
A,S_BB,D_A,10.0,9.51852362,0.994313461,
A,S_BB,D_A,10.0,9.53939795,0.992300023,
A,S_BB,D_A,10.0,9.56035551,0.994832058,
A,S_BB,D_A,10.0,9.58149741,0.993087109,
A,S_BB,D_A,10.0,9.60249587,0.997032594,
A,S_BB,D_A,10.0,9.62336478,0.995767717,
A,S_BB,D_A,10.0,9.64415055,0.994793951,
A,S_BB,D_A,10.0,9.66502224,0.994959454,
A,S_BB,D_A,10.0,9.68597433,0.995753581,
A,S_BB,D_A,10.0,9.7069728,0.996077724,
A,S_BB,D_A,10.0,9.72797765,0.996102753,
A,S_BB,D_A,10.0,9.74896401,0.994523693,
A,S_BB,D_A,10.0,9.76996217,0.994886227,
A,S_BB,D_A,10.0,9.79085678,0.994566274,
A,S_BB,D_A,10.0,9.81166698,0.996352501,
A,S_BB,D_A,10.0,9.83262494,0.999343309,
A,S_BB,D_A,10.0,9.85372265,0.997122808,
A,S_BB,D_A,10.0,9.87472665,0.996953063,
A,S_BB,D_A,10.0,9.89559934,0.99734771,
A,S_BB,D_A,10.0,9.91635289,0.997286263,
A,S_BB,D_A,10.0,9.93737645,0.995380406,
A,S_BB,D_A,10.0,9.95856995,0.998364469,
A,S_BB,D_A,10.0,9.97940815,0.995568225,
A,S_BB,D_A,10.0,10.000082,0.996234566,
A,S_BB,D_A,15.0,0.0252815853,0.00640550115,
A,S_BB,D_A,15.0,0.0486976344,0.00835238889,
A,S_BB,D_A,15.0,0.0692644017,0.0101898911,
A,S_BB,D_A,15.0,0.08877835,0.0122294411,
A,S_BB,D_A,15.0,0.111604297,0.0156519797,
A,S_BB,D_A,15.0,0.132731806,0.0189603665,
A,S_BB,D_A,15.0,0.153672181,0.0235396278,
A,S_BB,D_A,15.0,0.175641863,0.0290086733,
A,S_BB,D_A,15.0,0.196615509,0.0349965438,
A,S_BB,D_A,15.0,0.217326708,0.0413939497,
A,S_BB,D_A,15.0,0.237538457,0.0469154399,
A,S_BB,D_A,15.0,0.258148683,0.0547224512,
A,S_BB,D_A,15.0,0.28040349,0.0631511192,
A,S_BB,D_A,15.0,0.301929084,0.072728527,
A,S_BB,D_A,15.0,0.322287413,0.0801128444,
A,S_BB,D_A,15.0,0.342663331,0.0900221967,
A,S_BB,D_A,15.0,0.363641289,0.101239505,
A,S_BB,D_A,15.0,0.385602948,0.111563278,
A,S_BB,D_A,15.0,0.406737165,0.122869452,
A,S_BB,D_A,15.0,0.427001871,0.133297162,
A,S_BB,D_A,15.0,0.448754416,0.146584548,
A,S_BB,D_A,15.0,0.469601745,0.158537234,
A,S_BB,D_A,15.0,0.489805379,0.171181325,
A,S_BB,D_A,15.0,0.510302494,0.18549852,
A,S_BB,D_A,15.0,0.53178319,0.198938033,
A,S_BB,D_A,15.0,0.553922362,0.214284114,
A,S_BB,D_A,15.0,0.574670041,0.226414197,
A,S_BB,D_A,15.0,0.594645701,0.242445673,
A,S_BB,D_A,15.0,0.615540037,0.25729567,
A,S_BB,D_A,15.0,0.636554081,0.271284299,
A,S_BB,D_A,15.0,0.658102417,0.28796724,
A,S_BB,D_A,15.0,0.679189641,0.30606703,
A,S_BB,D_A,15.0,0.700054044,0.321908613,
A,S_BB,D_A,15.0,0.721329826,0.336877992,
A,S_BB,D_A,15.0,0.742033923,0.353161483,
A,S_BB,D_A,15.0,0.762614581,0.370316781,
A,S_BB,D_A,15.0,0.783270495,0.385053094,
A,S_BB,D_A,15.0,0.804783918,0.405472312,
A,S_BB,D_A,15.0,0.826095906,0.42444307,
A,S_BB,D_A,15.0,0.846303977,0.439521827,
A,S_BB,D_A,15.0,0.867174819,0.456372328,
A,S_BB,D_A,15.0,0.888413258,0.47530755,
A,S_BB,D_A,15.0,0.909910564,0.495843665,
A,S_BB,D_A,15.0,0.931134698,0.510488551,
A,S_BB,D_A,15.0,0.951563161,0.528322955,
A,S_BB,D_A,15.0,0.972160451,0.546052655,
A,S_BB,D_A,15.0,0.993008165,0.566421049,
A,S_BB,D_A,15.0,1.0140906,0.581853586,
A,S_BB,D_A,15.0,1.03500338,0.601626092,
A,S_BB,D_A,15.0,1.05657413,0.61905252,
A,S_BB,D_A,15.0,1.07789814,0.635773509,
A,S_BB,D_A,15.0,1.09835045,0.655369755,
A,S_BB,D_A,15.0,1.11903902,0.668232447,
A,S_BB,D_A,15.0,1.1396405,0.683933938,
A,S_BB,D_A,15.0,1.16109193,0.700078698,
A,S_BB,D_A,15.0,1.18227503,0.718483302,
A,S_BB,D_A,15.0,1.2030555,0.736044584,
A,S_BB,D_A,15.0,1.22375183,0.749788486,
A,S_BB,D_A,15.0,1.24453484,0.762193382,
A,S_BB,D_A,15.0,1.26570671,0.780900355,
A,S_BB,D_A,15.0,1.28693994,0.793125546,
A,S_BB,D_A,15.0,1.30807124,0.807256264,
A,S_BB,D_A,15.0,1.32889646,0.822424558,
A,S_BB,D_A,15.0,1.34945121,0.833467495,
A,S_BB,D_A,15.0,1.37055188,0.84455937,
A,S_BB,D_A,15.0,1.39148285,0.85646876,
A,S_BB,D_A,15.0,1.41220445,0.871763709,
A,S_BB,D_A,15.0,1.43352474,0.880206016,
A,S_BB,D_A,15.0,1.45454751,0.884767779,
A,S_BB,D_A,15.0,1.47511055,0.895383006,
A,S_BB,D_A,15.0,1.49566583,0.904338201,
A,S_BB,D_A,15.0,1.51690776,0.914024966,
A,S_BB,D_A,15.0,1.53826425,0.921952403,
A,S_BB,D_A,15.0,1.55931449,0.934542779,
A,S_BB,D_A,15.0,1.58012172,0.936508427,
A,S_BB,D_A,15.0,1.60114355,0.938212884,
A,S_BB,D_A,15.0,1.62229155,0.949377015,
A,S_BB,D_A,15.0,1.64295947,0.954425327,
A,S_BB,D_A,15.0,1.66366432,0.960638884,
A,S_BB,D_A,15.0,1.68478217,0.962629239,
A,S_BB,D_A,15.0,1.7057485,0.967022638,
A,S_BB,D_A,15.0,1.72683745,0.969618576,
A,S_BB,D_A,15.0,1.74765849,0.972214289,
A,S_BB,D_A,15.0,1.76847487,0.96846326,
A,S_BB,D_A,15.0,1.78961871,0.972320031,
A,S_BB,D_A,15.0,1.81086098,0.978670157,
A,S_BB,D_A,15.0,1.83179094,0.977296389,
A,S_BB,D_A,15.0,1.8521746,0.980356941,
A,S_BB,D_A,15.0,1.8733654,0.980090645,
A,S_BB,D_A,15.0,1.89455538,0.978743213,
A,S_BB,D_A,15.0,1.91534795,0.982620284,
A,S_BB,D_A,15.0,1.93623233,0.978363648,
A,S_BB,D_A,15.0,1.9571481,0.981728497,
A,S_BB,D_A,15.0,1.97825109,0.98455191,
A,S_BB,D_A,15.0,1.99905898,0.975550795,
A,S_BB,D_A,15.0,2.01966715,0.977796804,
A,S_BB,D_A,15.0,2.04082415,0.979376035,
A,S_BB,D_A,15.0,2.06193171,0.974197455,
A,S_BB,D_A,15.0,2.08296048,0.971204149,
A,S_BB,D_A,15.0,2.10383017,0.970098322,
A,S_BB,D_A,15.0,2.12494312,0.973273411,
A,S_BB,D_A,15.0,2.14618475,0.97283686,
A,S_BB,D_A,15.0,2.16679298,0.967920169,
A,S_BB,D_A,15.0,2.18753482,0.966777255,
A,S_BB,D_A,15.0,2.20847027,0.96616416,
A,S_BB,D_A,15.0,2.22955181,0.963563223,
A,S_BB,D_A,15.0,2.25078374,0.961410286,
A,S_BB,D_A,15.0,2.27150159,0.964429293,
A,S_BB,D_A,15.0,2.29205574,0.962004684,
A,S_BB,D_A,15.0,2.31294326,0.961008011,
A,S_BB,D_A,15.0,2.3340363,0.954932729,
A,S_BB,D_A,15.0,2.35514399,0.958145843,
A,S_BB,D_A,15.0,2.37607726,0.960110873,
A,S_BB,D_A,15.0,2.39730341,0.952494619,
A,S_BB,D_A,15.0,2.41857203,0.953159572,
A,S_BB,D_A,15.0,2.43911056,0.948934812,
A,S_BB,D_A,15.0,2.45988005,0.952952713,
A,S_BB,D_A,15.0,2.48094151,0.94604827,
A,S_BB,D_A,15.0,2.50196601,0.94923154,
A,S_BB,D_A,15.0,2.52300496,0.951090415,
A,S_BB,D_A,15.0,2.54340089,0.947790263,
A,S_BB,D_A,15.0,2.56415297,0.948698941,
A,S_BB,D_A,15.0,2.58575836,0.946559424,
A,S_BB,D_A,15.0,2.60684428,0.947554434,
A,S_BB,D_A,15.0,2.62775949,0.94787916,
A,S_BB,D_A,15.0,2.64834355,0.948190274,
A,S_BB,D_A,15.0,2.66912062,0.948625387,
A,S_BB,D_A,15.0,2.69039946,0.948105391,
A,S_BB,D_A,15.0,2.71121518,0.948777212,
A,S_BB,D_A,15.0,2.7321837,0.944812261,
A,S_BB,D_A,15.0,2.75306239,0.9463937,
A,S_BB,D_A,15.0,2.77427049,0.947821307,
A,S_BB,D_A,15.0,2.79557932,0.944820568,
A,S_BB,D_A,15.0,2.8160646,0.943116449,
A,S_BB,D_A,15.0,2.83689478,0.948560391,
A,S_BB,D_A,15.0,2.85801727,0.942988937,
A,S_BB,D_A,15.0,2.87906973,0.946805856,
A,S_BB,D_A,15.0,2.89996898,0.94690762,
A,S_BB,D_A,15.0,2.92062944,0.948285756,
A,S_BB,D_A,15.0,2.941605,0.951579022,
A,S_BB,D_A,15.0,2.96267076,0.949206614,
A,S_BB,D_A,15.0,2.98347442,0.950097683,
A,S_BB,D_A,15.0,3.00437656,0.945493756,
A,S_BB,D_A,15.0,3.02542142,0.949207084,
A,S_BB,D_A,15.0,3.04658726,0.952355296,
A,S_BB,D_A,15.0,3.06768101,0.955353186,
A,S_BB,D_A,15.0,3.088328,0.952274162,
A,S_BB,D_A,15.0,3.10931167,0.950928177,
A,S_BB,D_A,15.0,3.1305457,0.953079704,
A,S_BB,D_A,15.0,3.15150209,0.95631022,
A,S_BB,D_A,15.0,3.17219014,0.954190312,
A,S_BB,D_A,15.0,3.19299024,0.954553522,
A,S_BB,D_A,15.0,3.21390436,0.957778909,
A,S_BB,D_A,15.0,3.23506564,0.957764145,
A,S_BB,D_A,15.0,3.25605387,0.956192129,
A,S_BB,D_A,15.0,3.27685776,0.957343242,
A,S_BB,D_A,15.0,3.29794723,0.956673886,
A,S_BB,D_A,15.0,3.31884778,0.960793433,
A,S_BB,D_A,15.0,3.33944269,0.95618792,
A,S_BB,D_A,15.0,3.36030612,0.962970765,
A,S_BB,D_A,15.0,3.38171654,0.9608601,
A,S_BB,D_A,15.0,3.40297495,0.96169365,
A,S_BB,D_A,15.0,3.42370792,0.961789124,
A,S_BB,D_A,15.0,3.44440875,0.963696188,
A,S_BB,D_A,15.0,3.465315,0.964487312,
A,S_BB,D_A,15.0,3.4865867,0.964919418,
A,S_BB,D_A,15.0,3.50751221,0.964851665,
A,S_BB,D_A,15.0,3.52796741,0.969208191,
A,S_BB,D_A,15.0,3.5488788,0.966755862,
A,S_BB,D_A,15.0,3.57014151,0.964697258,
A,S_BB,D_A,15.0,3.59120365,0.969210601,
A,S_BB,D_A,15.0,3.61190928,0.968632935,
A,S_BB,D_A,15.0,3.63300558,0.971611757,
A,S_BB,D_A,15.0,3.6541422,0.969924256,
A,S_BB,D_A,15.0,3.67500902,0.971818933,
A,S_BB,D_A,15.0,3.69581564,0.971517862,
A,S_BB,D_A,15.0,3.71644729,0.972167201,
A,S_BB,D_A,15.0,3.73749774,0.97650238,
A,S_BB,D_A,15.0,3.75868086,0.972914693,
A,S_BB,D_A,15.0,3.77950549,0.975164205,
A,S_BB,D_A,15.0,3.80027286,0.974296525,
A,S_BB,D_A,15.0,3.82143123,0.97670826,
A,S_BB,D_A,15.0,3.84280481,0.976366872,
A,S_BB,D_A,15.0,3.86349282,0.977106957,
A,S_BB,D_A,15.0,3.88417456,0.978274305,
A,S_BB,D_A,15.0,3.90535419,0.979173134,
A,S_BB,D_A,15.0,3.9264697,0.983449192,
A,S_BB,D_A,15.0,3.94738681,0.981423358,
A,S_BB,D_A,15.0,3.96810309,0.984717723,
A,S_BB,D_A,15.0,3.98888694,0.976541884,
A,S_BB,D_A,15.0,4.00993371,0.986547463,
A,S_BB,D_A,15.0,4.03080983,0.985201797,
A,S_BB,D_A,15.0,4.05178039,0.987399025,
A,S_BB,D_A,15.0,4.07276799,0.986363521,
A,S_BB,D_A,15.0,4.09368684,0.986528914,
A,S_BB,D_A,15.0,4.11485609,0.991094841,
A,S_BB,D_A,15.0,4.13583188,0.987710103,
A,S_BB,D_A,15.0,4.15670688,0.987025926,
A,S_BB,D_A,15.0,4.17758774,0.989481326,
A,S_BB,D_A,15.0,4.19867141,0.990958683,
A,S_BB,D_A,15.0,4.21961517,0.989936685,
A,S_BB,D_A,15.0,4.24013393,0.992552269,
A,S_BB,D_A,15.0,4.26119077,0.992832675,
A,S_BB,D_A,15.0,4.28239268,0.994443125,
A,S_BB,D_A,15.0,4.30342826,0.997029956,
A,S_BB,D_A,15.0,4.32431592,0.994659868,
A,S_BB,D_A,15.0,4.34508479,0.994386081,
A,S_BB,D_A,15.0,4.36604259,0.99832939,
A,S_BB,D_A,15.0,4.38708086,1.00057735,
A,S_BB,D_A,15.0,4.40778797,0.997422252,
A,S_BB,D_A,15.0,4.4288526,1.00084852,
A,S_BB,D_A,15.0,4.44994967,0.999236773,
A,S_BB,D_A,15.0,4.47085438,1.00104714,
A,S_BB,D_A,15.0,4.49188801,0.998701998,
A,S_BB,D_A,15.0,4.51250216,1.0029132,
A,S_BB,D_A,15.0,4.5334461,1.0016205,
A,S_BB,D_A,15.0,4.55463591,1.00274202,
A,S_BB,D_A,15.0,4.57547609,1.00663695,
A,S_BB,D_A,15.0,4.59643311,1.00338633,
A,S_BB,D_A,15.0,4.61732903,1.00510357,
A,S_BB,D_A,15.0,4.63833098,1.00452172,
A,S_BB,D_A,15.0,4.65949324,1.00556676,
A,S_BB,D_A,15.0,4.68039693,1.00566391,
A,S_BB,D_A,15.0,4.70136745,1.00797393,
A,S_BB,D_A,15.0,4.72221533,1.00874351,
A,S_BB,D_A,15.0,4.74309374,1.00887986,
A,S_BB,D_A,15.0,4.76390784,1.01094267,
A,S_BB,D_A,15.0,4.78491795,1.00771881,
A,S_BB,D_A,15.0,4.80636204,1.00714992,
A,S_BB,D_A,15.0,4.82728449,1.01068094,
A,S_BB,D_A,15.0,4.84785524,1.01151987,
A,S_BB,D_A,15.0,4.86859731,1.00806252,
A,S_BB,D_A,15.0,4.88954319,1.01525503,
A,S_BB,D_A,15.0,4.91078695,1.01146256,
A,S_BB,D_A,15.0,4.93172016,1.01398381,
A,S_BB,D_A,15.0,4.95244063,1.01485673,
A,S_BB,D_A,15.0,4.97348932,1.01363653,
A,S_BB,D_A,15.0,4.994309,1.01352189,
A,S_BB,D_A,15.0,5.01515697,1.01224815,
A,S_BB,D_A,15.0,5.03598003,1.01221587,
A,S_BB,D_A,15.0,5.05703237,1.01765664,
A,S_BB,D_A,15.0,5.07840332,1.01870004,
A,S_BB,D_A,15.0,5.09943841,1.01427666,
A,S_BB,D_A,15.0,5.12032938,1.01515185,
A,S_BB,D_A,15.0,5.14107614,1.01655696,
A,S_BB,D_A,15.0,5.16214077,1.01685911,
A,S_BB,D_A,15.0,5.18341099,1.01598919,
A,S_BB,D_A,15.0,5.2041075,1.01423545,
A,S_BB,D_A,15.0,5.22477891,1.01772872,
A,S_BB,D_A,15.0,5.24557967,1.01480156,
A,S_BB,D_A,15.0,5.26649236,1.01574391,
A,S_BB,D_A,15.0,5.28753131,1.01734132,
A,S_BB,D_A,15.0,5.30847064,1.01907265,
A,S_BB,D_A,15.0,5.32946745,1.01740318,
A,S_BB,D_A,15.0,5.3506922,1.01597119,
A,S_BB,D_A,15.0,5.37158853,1.01764429,
A,S_BB,D_A,15.0,5.39231925,1.0185326,
A,S_BB,D_A,15.0,5.41333352,1.0178015,
A,S_BB,D_A,15.0,5.43434316,1.01934823,
A,S_BB,D_A,15.0,5.45530659,1.0167287,
A,S_BB,D_A,15.0,5.47618498,1.01841747,
A,S_BB,D_A,15.0,5.49715755,1.01809316,
A,S_BB,D_A,15.0,5.51801586,1.01800787,
A,S_BB,D_A,15.0,5.53881995,1.01968816,
A,S_BB,D_A,15.0,5.55992514,1.01893769,
A,S_BB,D_A,15.0,5.58098545,1.01739268,
A,S_BB,D_A,15.0,5.60183772,1.02146616,
A,S_BB,D_A,15.0,5.62277584,1.01762855,
A,S_BB,D_A,15.0,5.64379172,1.01724515,
A,S_BB,D_A,15.0,5.66460817,1.01992701,
A,S_BB,D_A,15.0,5.68556022,1.01856175,
A,S_BB,D_A,15.0,5.7067909,1.01569043,
A,S_BB,D_A,15.0,5.72769317,1.01714098,
A,S_BB,D_A,15.0,5.74840017,1.01804501,
A,S_BB,D_A,15.0,5.76938192,1.01620571,
A,S_BB,D_A,15.0,5.79039764,1.01788731,
A,S_BB,D_A,15.0,5.81144039,1.01570541,
A,S_BB,D_A,15.0,5.83232115,1.02075006,
A,S_BB,D_A,15.0,5.85320209,1.01676836,
A,S_BB,D_A,15.0,5.87418919,1.02221063,
A,S_BB,D_A,15.0,5.89509625,1.01681876,
A,S_BB,D_A,15.0,5.9159726,1.01680733,
A,S_BB,D_A,15.0,5.93682663,1.01653735,
A,S_BB,D_A,15.0,5.95791772,1.01654198,
A,S_BB,D_A,15.0,5.97900675,1.01814422,
A,S_BB,D_A,15.0,5.99978945,1.01753531,
A,S_BB,D_A,15.0,6.02063577,1.0160621,
A,S_BB,D_A,15.0,6.04156421,1.0148648,
A,S_BB,D_A,15.0,6.06259364,1.01264632,
A,S_BB,D_A,15.0,6.08377541,1.01706155,
A,S_BB,D_A,15.0,6.10447051,1.01719516,
A,S_BB,D_A,15.0,6.12538157,1.01637484,
A,S_BB,D_A,15.0,6.14660689,1.01448957,
A,S_BB,D_A,15.0,6.16752321,1.0144412,
A,S_BB,D_A,15.0,6.18833806,1.01612777,
A,S_BB,D_A,15.0,6.20938667,1.01389027,
A,S_BB,D_A,15.0,6.23052184,1.0131294,
A,S_BB,D_A,15.0,6.25137137,1.01164677,
A,S_BB,D_A,15.0,6.27204484,1.01260333,
A,S_BB,D_A,15.0,6.29290789,1.01287431,
A,S_BB,D_A,15.0,6.31382104,1.01317454,
A,S_BB,D_A,15.0,6.33495691,1.01364891,
A,S_BB,D_A,15.0,6.35600914,1.0144898,
A,S_BB,D_A,15.0,6.37663869,1.01166282,
A,S_BB,D_A,15.0,6.39770954,1.0131854,
A,S_BB,D_A,15.0,6.41872759,1.01382424,
A,S_BB,D_A,15.0,6.43951457,1.00975632,
A,S_BB,D_A,15.0,6.46033562,1.01228866,
A,S_BB,D_A,15.0,6.4814564,1.01125124,
A,S_BB,D_A,15.0,6.50265681,1.00968358,
A,S_BB,D_A,15.0,6.52350383,1.00988707,
A,S_BB,D_A,15.0,6.54427866,1.00931831,
A,S_BB,D_A,15.0,6.56515568,1.01067309,
A,S_BB,D_A,15.0,6.58628576,1.01165024,
A,S_BB,D_A,15.0,6.60749316,1.00909509,
A,S_BB,D_A,15.0,6.62830625,1.00916006,
A,S_BB,D_A,15.0,6.64913567,1.00854933,
A,S_BB,D_A,15.0,6.67020149,1.00923404,
A,S_BB,D_A,15.0,6.69106898,1.00650914,
A,S_BB,D_A,15.0,6.71185955,1.00704571,
A,S_BB,D_A,15.0,6.73264651,1.00600492,
A,S_BB,D_A,15.0,6.7537045,1.00685996,
A,S_BB,D_A,15.0,6.77487174,1.00625008,
A,S_BB,D_A,15.0,6.79557562,1.00647683,
A,S_BB,D_A,15.0,6.81648781,1.00603862,
A,S_BB,D_A,15.0,6.83753747,1.0048198,
A,S_BB,D_A,15.0,6.85867557,1.00587555,
A,S_BB,D_A,15.0,6.87985316,1.0054808,
A,S_BB,D_A,15.0,6.90065786,1.00487344,
A,S_BB,D_A,15.0,6.92153112,1.00536789,
A,S_BB,D_A,15.0,6.94229803,1.00591068,
A,S_BB,D_A,15.0,6.9630016,1.00629652,
A,S_BB,D_A,15.0,6.98416877,1.00304588,
A,S_BB,D_A,15.0,7.0052781,1.0020965,
A,S_BB,D_A,15.0,7.02617612,1.00488101,
A,S_BB,D_A,15.0,7.04699526,1.00384405,
A,S_BB,D_A,15.0,7.06761685,1.00163508,
A,S_BB,D_A,15.0,7.08873369,1.00047976,
A,S_BB,D_A,15.0,7.10994937,0.999514427,
A,S_BB,D_A,15.0,7.13102893,1.00230487,
A,S_BB,D_A,15.0,7.15201412,0.998575877,
A,S_BB,D_A,15.0,7.17271336,1.00162438,
A,S_BB,D_A,15.0,7.19374266,0.999514517,
A,S_BB,D_A,15.0,7.21473042,0.999804019,
A,S_BB,D_A,15.0,7.23564263,1.00143586,
A,S_BB,D_A,15.0,7.25666289,0.999136859,
A,S_BB,D_A,15.0,7.27757645,1.0019636,
A,S_BB,D_A,15.0,7.2984411,1.00121165,
A,S_BB,D_A,15.0,7.31917384,0.998035371,
A,S_BB,D_A,15.0,7.34001688,0.997212204,
A,S_BB,D_A,15.0,7.3611683,0.999380278,
A,S_BB,D_A,15.0,7.38224284,0.998916617,
A,S_BB,D_A,15.0,7.40324015,1.0012155,
A,S_BB,D_A,15.0,7.42408854,0.995511392,
A,S_BB,D_A,15.0,7.44500634,1.00015337,
A,S_BB,D_A,15.0,7.46595959,0.998156296,
A,S_BB,D_A,15.0,7.48696308,0.995009253,
A,S_BB,D_A,15.0,7.5079936,0.9973233,
A,S_BB,D_A,15.0,7.52871967,0.997360124,
A,S_BB,D_A,15.0,7.54966921,0.998843089,
A,S_BB,D_A,15.0,7.57064902,0.996403639,
A,S_BB,D_A,15.0,7.59151428,0.996430917,
A,S_BB,D_A,15.0,7.6123809,0.997500508,
A,S_BB,D_A,15.0,7.63338324,0.996571759,
A,S_BB,D_A,15.0,7.65450532,0.994891407,
A,S_BB,D_A,15.0,7.67556944,0.995281259,
A,S_BB,D_A,15.0,7.69637751,0.994217079,
A,S_BB,D_A,15.0,7.71727216,0.995275765,
A,S_BB,D_A,15.0,7.73835725,0.992899976,
A,S_BB,D_A,15.0,7.75934923,0.994617523,
A,S_BB,D_A,15.0,7.78023116,0.993589163,
A,S_BB,D_A,15.0,7.80098697,0.993644005,
A,S_BB,D_A,15.0,7.82190677,0.995729169,
A,S_BB,D_A,15.0,7.84304931,0.995432051,
A,S_BB,D_A,15.0,7.86405132,0.994267736,
A,S_BB,D_A,15.0,7.88484553,0.992312468,
A,S_BB,D_A,15.0,7.90574885,0.992024588,
A,S_BB,D_A,15.0,7.9267531,0.992989382,
A,S_BB,D_A,15.0,7.94765228,0.993579596,
A,S_BB,D_A,15.0,7.96842304,0.996072619,
A,S_BB,D_A,15.0,7.98938616,0.992325371,
A,S_BB,D_A,15.0,8.01050815,0.993141461,
A,S_BB,D_A,15.0,8.03153334,0.992825165,
A,S_BB,D_A,15.0,8.05240251,0.993531797,
A,S_BB,D_A,15.0,8.07332696,0.991427644,
A,S_BB,D_A,15.0,8.09438514,0.994611205,
A,S_BB,D_A,15.0,8.11529588,0.993679321,
A,S_BB,D_A,15.0,8.13618411,0.992910875,
A,S_BB,D_A,15.0,8.15717855,0.991253601,
A,S_BB,D_A,15.0,8.17807847,0.993074258,
A,S_BB,D_A,15.0,8.19905269,0.992280205,
A,S_BB,D_A,15.0,8.21991085,0.99165817,
A,S_BB,D_A,15.0,8.24078529,0.989854714,
A,S_BB,D_A,15.0,8.26195652,0.995764328,
A,S_BB,D_A,15.0,8.28293039,0.992663948,
A,S_BB,D_A,15.0,8.30373423,0.993375619,
A,S_BB,D_A,15.0,8.32452583,0.992505149,
A,S_BB,D_A,15.0,8.34556221,0.989503727,
A,S_BB,D_A,15.0,8.36671927,0.99431245,
A,S_BB,D_A,15.0,8.38757523,0.993342741,
A,S_BB,D_A,15.0,8.40855808,0.99349999,
A,S_BB,D_A,15.0,8.42953585,0.992328248,
A,S_BB,D_A,15.0,8.45042977,0.989878162,
A,S_BB,D_A,15.0,8.47138662,0.99141856,
A,S_BB,D_A,15.0,8.49217243,0.990557072,
A,S_BB,D_A,15.0,8.51321806,0.991043289,
A,S_BB,D_A,15.0,8.53421183,0.990564141,
A,S_BB,D_A,15.0,8.55508292,0.992052986,
A,S_BB,D_A,15.0,8.57598662,0.992139512,
A,S_BB,D_A,15.0,8.59679232,0.991237721,
A,S_BB,D_A,15.0,8.61783107,0.991268659,
A,S_BB,D_A,15.0,8.63891768,0.993259342,
A,S_BB,D_A,15.0,8.65972861,0.989890094,
A,S_BB,D_A,15.0,8.68059853,0.988656301,
A,S_BB,D_A,15.0,8.70174168,0.99122922,
A,S_BB,D_A,15.0,8.72279566,0.990195243,
A,S_BB,D_A,15.0,8.74359241,0.989898844,
A,S_BB,D_A,15.0,8.76424415,0.990529635,
A,S_BB,D_A,15.0,8.78526729,0.992612999,
A,S_BB,D_A,15.0,8.80637189,0.992686244,
A,S_BB,D_A,15.0,8.82736896,0.992173764,
A,S_BB,D_A,15.0,8.84843212,0.991166067,
A,S_BB,D_A,15.0,8.86933197,0.993297008,
A,S_BB,D_A,15.0,8.89026857,0.990856868,
A,S_BB,D_A,15.0,8.91123702,0.990152603,
A,S_BB,D_A,15.0,8.93214776,0.992607878,
A,S_BB,D_A,15.0,8.95312097,0.990023092,
A,S_BB,D_A,15.0,8.9741304,0.990696005,
A,S_BB,D_A,15.0,8.99505705,0.992845708,
A,S_BB,D_A,15.0,9.01571368,0.992165359,
A,S_BB,D_A,15.0,9.03640927,0.991383483,
A,S_BB,D_A,15.0,9.05755121,0.99230288,
A,S_BB,D_A,15.0,9.07868023,0.993455733,
A,S_BB,D_A,15.0,9.09969513,0.993637826,
A,S_BB,D_A,15.0,9.1205658,0.993214704,
A,S_BB,D_A,15.0,9.14137844,0.991541305,
A,S_BB,D_A,15.0,9.16237082,0.990315101,
A,S_BB,D_A,15.0,9.18339441,0.990112684,
A,S_BB,D_A,15.0,9.20447395,0.992823131,
A,S_BB,D_A,15.0,9.22549281,0.991544602,
A,S_BB,D_A,15.0,9.2463962,0.993205105,
A,S_BB,D_A,15.0,9.26722673,0.993340108,
A,S_BB,D_A,15.0,9.28791689,0.994182379,
A,S_BB,D_A,15.0,9.30892724,0.992779016,
A,S_BB,D_A,15.0,9.33003065,0.993792356,
A,S_BB,D_A,15.0,9.35102864,0.993087075,
A,S_BB,D_A,15.0,9.37196601,0.993783955,
A,S_BB,D_A,15.0,9.39258783,0.993953919,
A,S_BB,D_A,15.0,9.41349621,0.994898677,
A,S_BB,D_A,15.0,9.4347927,0.992203649,
A,S_BB,D_A,15.0,9.45587737,0.994845488,
A,S_BB,D_A,15.0,9.47676866,0.993458844,
A,S_BB,D_A,15.0,9.49762777,0.995034974,
A,S_BB,D_A,15.0,9.51852362,0.991917367,
A,S_BB,D_A,15.0,9.53939795,0.991915061,
A,S_BB,D_A,15.0,9.56035551,0.995048504,
A,S_BB,D_A,15.0,9.58149741,0.994471176,
A,S_BB,D_A,15.0,9.60249587,0.99613885,
A,S_BB,D_A,15.0,9.62336478,0.994505188,
A,S_BB,D_A,15.0,9.64415055,0.994123002,
A,S_BB,D_A,15.0,9.66502224,0.993123823,
A,S_BB,D_A,15.0,9.68597433,0.992934575,
A,S_BB,D_A,15.0,9.7069728,0.995565241,
A,S_BB,D_A,15.0,9.72797765,0.996631222,
A,S_BB,D_A,15.0,9.74896401,0.996911251,
A,S_BB,D_A,15.0,9.76996217,0.995789859,
A,S_BB,D_A,15.0,9.79085678,0.997257929,
A,S_BB,D_A,15.0,9.81166698,0.994958177,
A,S_BB,D_A,15.0,9.83262494,0.995038364,
A,S_BB,D_A,15.0,9.85372265,0.993805906,
A,S_BB,D_A,15.0,9.87472665,0.996522793,
A,S_BB,D_A,15.0,9.89559934,0.995713812,
A,S_BB,D_A,15.0,9.91635289,0.99664812,
A,S_BB,D_A,15.0,9.93737645,0.995290691,
A,S_BB,D_A,15.0,9.95856995,0.995564666,
A,S_BB,D_A,15.0,9.97940815,0.996345839,
A,S_BB,D_A,15.0,10.000082,0.998648716,
A,S_BB,D_A,25.0,0.0252815853,0.00443944739,
A,S_BB,D_A,25.0,0.0486976344,0.00587952518,
A,S_BB,D_A,25.0,0.0692644017,0.00763007481,
A,S_BB,D_A,25.0,0.08877835,0.0101144701,
A,S_BB,D_A,25.0,0.111604297,0.013128625,
A,S_BB,D_A,25.0,0.132731806,0.0169569901,
A,S_BB,D_A,25.0,0.153672181,0.0214017517,
A,S_BB,D_A,25.0,0.175641863,0.0267537086,
A,S_BB,D_A,25.0,0.196615509,0.0322482348,
A,S_BB,D_A,25.0,0.217326708,0.0385944599,
A,S_BB,D_A,25.0,0.237538457,0.0450503729,
A,S_BB,D_A,25.0,0.258148683,0.0525658465,
A,S_BB,D_A,25.0,0.28040349,0.0618633132,
A,S_BB,D_A,25.0,0.301929084,0.0703953339,
A,S_BB,D_A,25.0,0.322287413,0.0794830128,
A,S_BB,D_A,25.0,0.342663331,0.0890836179,
A,S_BB,D_A,25.0,0.363641289,0.099311355,
A,S_BB,D_A,25.0,0.385602948,0.110796411,
A,S_BB,D_A,25.0,0.406737165,0.122320783,
A,S_BB,D_A,25.0,0.427001871,0.133853884,
A,S_BB,D_A,25.0,0.448754416,0.147091433,
A,S_BB,D_A,25.0,0.469601745,0.159289786,
A,S_BB,D_A,25.0,0.489805379,0.17105872,
A,S_BB,D_A,25.0,0.510302494,0.184081132,
A,S_BB,D_A,25.0,0.53178319,0.200682341,
A,S_BB,D_A,25.0,0.553922362,0.214333351,
A,S_BB,D_A,25.0,0.574670041,0.227059399,
A,S_BB,D_A,25.0,0.594645701,0.241735929,
A,S_BB,D_A,25.0,0.615540037,0.258068681,
A,S_BB,D_A,25.0,0.636554081,0.272731405,
A,S_BB,D_A,25.0,0.658102417,0.289746245,
A,S_BB,D_A,25.0,0.679189641,0.309354683,
A,S_BB,D_A,25.0,0.700054044,0.319086757,
A,S_BB,D_A,25.0,0.721329826,0.338671017,
A,S_BB,D_A,25.0,0.742033923,0.355885936,
A,S_BB,D_A,25.0,0.762614581,0.371210155,
A,S_BB,D_A,25.0,0.783270495,0.387912719,
A,S_BB,D_A,25.0,0.804783918,0.405609912,
A,S_BB,D_A,25.0,0.826095906,0.425056429,
A,S_BB,D_A,25.0,0.846303977,0.441136917,
A,S_BB,D_A,25.0,0.867174819,0.457705295,
A,S_BB,D_A,25.0,0.888413258,0.476108704,
A,S_BB,D_A,25.0,0.909910564,0.493745565,
A,S_BB,D_A,25.0,0.931134698,0.508270088,
A,S_BB,D_A,25.0,0.951563161,0.529616813,
A,S_BB,D_A,25.0,0.972160451,0.548426989,
A,S_BB,D_A,25.0,0.993008165,0.565385604,
A,S_BB,D_A,25.0,1.0140906,0.581826085,
A,S_BB,D_A,25.0,1.03500338,0.596283677,
A,S_BB,D_A,25.0,1.05657413,0.619777995,
A,S_BB,D_A,25.0,1.07789814,0.637399182,
A,S_BB,D_A,25.0,1.09835045,0.654315028,
A,S_BB,D_A,25.0,1.11903902,0.670654707,
A,S_BB,D_A,25.0,1.1396405,0.683478872,
A,S_BB,D_A,25.0,1.16109193,0.701210918,
A,S_BB,D_A,25.0,1.18227503,0.725139254,
A,S_BB,D_A,25.0,1.2030555,0.735357751,
A,S_BB,D_A,25.0,1.22375183,0.75325535,
A,S_BB,D_A,25.0,1.24453484,0.765563545,
A,S_BB,D_A,25.0,1.26570671,0.782368928,
A,S_BB,D_A,25.0,1.28693994,0.796084541,
A,S_BB,D_A,25.0,1.30807124,0.813794065,
A,S_BB,D_A,25.0,1.32889646,0.820368162,
A,S_BB,D_A,25.0,1.34945121,0.837052921,
A,S_BB,D_A,25.0,1.37055188,0.846337476,
A,S_BB,D_A,25.0,1.39148285,0.857447807,
A,S_BB,D_A,25.0,1.41220445,0.865060605,
A,S_BB,D_A,25.0,1.43352474,0.884075614,
A,S_BB,D_A,25.0,1.45454751,0.889573366,
A,S_BB,D_A,25.0,1.47511055,0.902684335,
A,S_BB,D_A,25.0,1.49566583,0.909152454,
A,S_BB,D_A,25.0,1.51690776,0.914814266,
A,S_BB,D_A,25.0,1.53826425,0.918583701,
A,S_BB,D_A,25.0,1.55931449,0.935100101,
A,S_BB,D_A,25.0,1.58012172,0.938047191,
A,S_BB,D_A,25.0,1.60114355,0.94462643,
A,S_BB,D_A,25.0,1.62229155,0.949032924,
A,S_BB,D_A,25.0,1.64295947,0.948962351,
A,S_BB,D_A,25.0,1.66366432,0.955467762,
A,S_BB,D_A,25.0,1.68478217,0.959851679,
A,S_BB,D_A,25.0,1.7057485,0.964867091,
A,S_BB,D_A,25.0,1.72683745,0.970745041,
A,S_BB,D_A,25.0,1.74765849,0.977111391,
A,S_BB,D_A,25.0,1.76847487,0.965472454,
A,S_BB,D_A,25.0,1.78961871,0.978823625,
A,S_BB,D_A,25.0,1.81086098,0.978112265,
A,S_BB,D_A,25.0,1.83179094,0.979737592,
A,S_BB,D_A,25.0,1.8521746,0.979409362,
A,S_BB,D_A,25.0,1.8733654,0.980075489,
A,S_BB,D_A,25.0,1.89455538,0.979999311,
A,S_BB,D_A,25.0,1.91534795,0.978992818,
A,S_BB,D_A,25.0,1.93623233,0.977074624,
A,S_BB,D_A,25.0,1.9571481,0.97584296,
A,S_BB,D_A,25.0,1.97825109,0.979024155,
A,S_BB,D_A,25.0,1.99905898,0.974292479,
A,S_BB,D_A,25.0,2.01966715,0.975913604,
A,S_BB,D_A,25.0,2.04082415,0.97504598,
A,S_BB,D_A,25.0,2.06193171,0.974035855,
A,S_BB,D_A,25.0,2.08296048,0.974688024,
A,S_BB,D_A,25.0,2.10383017,0.97643638,
A,S_BB,D_A,25.0,2.12494312,0.968411438,
A,S_BB,D_A,25.0,2.14618475,0.968997541,
A,S_BB,D_A,25.0,2.16679298,0.970430403,
A,S_BB,D_A,25.0,2.18753482,0.965485142,
A,S_BB,D_A,25.0,2.20847027,0.963900057,
A,S_BB,D_A,25.0,2.22955181,0.963454536,
A,S_BB,D_A,25.0,2.25078374,0.963284975,
A,S_BB,D_A,25.0,2.27150159,0.962004669,
A,S_BB,D_A,25.0,2.29205574,0.959097697,
A,S_BB,D_A,25.0,2.31294326,0.959435313,
A,S_BB,D_A,25.0,2.3340363,0.960021248,
A,S_BB,D_A,25.0,2.35514399,0.958560415,
A,S_BB,D_A,25.0,2.37607726,0.953843136,
A,S_BB,D_A,25.0,2.39730341,0.953519719,
A,S_BB,D_A,25.0,2.41857203,0.950786133,
A,S_BB,D_A,25.0,2.43911056,0.95183785,
A,S_BB,D_A,25.0,2.45988005,0.95337215,
A,S_BB,D_A,25.0,2.48094151,0.949351064,
A,S_BB,D_A,25.0,2.50196601,0.952421258,
A,S_BB,D_A,25.0,2.52300496,0.951688942,
A,S_BB,D_A,25.0,2.54340089,0.948445421,
A,S_BB,D_A,25.0,2.56415297,0.950011753,
A,S_BB,D_A,25.0,2.58575836,0.94707799,
A,S_BB,D_A,25.0,2.60684428,0.946722486,
A,S_BB,D_A,25.0,2.62775949,0.947324502,
A,S_BB,D_A,25.0,2.64834355,0.94260781,
A,S_BB,D_A,25.0,2.66912062,0.944993497,
A,S_BB,D_A,25.0,2.69039946,0.946288763,
A,S_BB,D_A,25.0,2.71121518,0.948209937,
A,S_BB,D_A,25.0,2.7321837,0.946843255,
A,S_BB,D_A,25.0,2.75306239,0.947799424,
A,S_BB,D_A,25.0,2.77427049,0.945214613,
A,S_BB,D_A,25.0,2.79557932,0.947079787,
A,S_BB,D_A,25.0,2.8160646,0.946026123,
A,S_BB,D_A,25.0,2.83689478,0.948465993,
A,S_BB,D_A,25.0,2.85801727,0.94629462,
A,S_BB,D_A,25.0,2.87906973,0.948909715,
A,S_BB,D_A,25.0,2.89996898,0.949791645,
A,S_BB,D_A,25.0,2.92062944,0.948354335,
A,S_BB,D_A,25.0,2.941605,0.947737381,
A,S_BB,D_A,25.0,2.96267076,0.948907073,
A,S_BB,D_A,25.0,2.98347442,0.950046557,
A,S_BB,D_A,25.0,3.00437656,0.947230495,
A,S_BB,D_A,25.0,3.02542142,0.951561252,
A,S_BB,D_A,25.0,3.04658726,0.95036467,
A,S_BB,D_A,25.0,3.06768101,0.949774308,
A,S_BB,D_A,25.0,3.088328,0.952705486,
A,S_BB,D_A,25.0,3.10931167,0.949524229,
A,S_BB,D_A,25.0,3.1305457,0.954378609,
A,S_BB,D_A,25.0,3.15150209,0.953559737,
A,S_BB,D_A,25.0,3.17219014,0.953055224,
A,S_BB,D_A,25.0,3.19299024,0.956538136,
A,S_BB,D_A,25.0,3.21390436,0.958010898,
A,S_BB,D_A,25.0,3.23506564,0.952784705,
A,S_BB,D_A,25.0,3.25605387,0.954890466,
A,S_BB,D_A,25.0,3.27685776,0.957096041,
A,S_BB,D_A,25.0,3.29794723,0.96073846,
A,S_BB,D_A,25.0,3.31884778,0.959579656,
A,S_BB,D_A,25.0,3.33944269,0.956905087,
A,S_BB,D_A,25.0,3.36030612,0.958410333,
A,S_BB,D_A,25.0,3.38171654,0.961868717,
A,S_BB,D_A,25.0,3.40297495,0.95999972,
A,S_BB,D_A,25.0,3.42370792,0.961021565,
A,S_BB,D_A,25.0,3.44440875,0.962997002,
A,S_BB,D_A,25.0,3.465315,0.964741062,
A,S_BB,D_A,25.0,3.4865867,0.962992341,
A,S_BB,D_A,25.0,3.50751221,0.965476245,
A,S_BB,D_A,25.0,3.52796741,0.965517125,
A,S_BB,D_A,25.0,3.5488788,0.96739481,
A,S_BB,D_A,25.0,3.57014151,0.965409754,
A,S_BB,D_A,25.0,3.59120365,0.969933508,
A,S_BB,D_A,25.0,3.61190928,0.968462938,
A,S_BB,D_A,25.0,3.63300558,0.969371211,
A,S_BB,D_A,25.0,3.6541422,0.969198551,
A,S_BB,D_A,25.0,3.67500902,0.973570605,
A,S_BB,D_A,25.0,3.69581564,0.972006161,
A,S_BB,D_A,25.0,3.71644729,0.971114605,
A,S_BB,D_A,25.0,3.73749774,0.972985998,
A,S_BB,D_A,25.0,3.75868086,0.968633333,
A,S_BB,D_A,25.0,3.77950549,0.975294532,
A,S_BB,D_A,25.0,3.80027286,0.978775803,
A,S_BB,D_A,25.0,3.82143123,0.977150616,
A,S_BB,D_A,25.0,3.84280481,0.976962121,
A,S_BB,D_A,25.0,3.86349282,0.975604632,
A,S_BB,D_A,25.0,3.88417456,0.977610122,
A,S_BB,D_A,25.0,3.90535419,0.973709403,
A,S_BB,D_A,25.0,3.9264697,0.982315727,
A,S_BB,D_A,25.0,3.94738681,0.979564221,
A,S_BB,D_A,25.0,3.96810309,0.97932576,
A,S_BB,D_A,25.0,3.98888694,0.981727656,
A,S_BB,D_A,25.0,4.00993371,0.980947389,
A,S_BB,D_A,25.0,4.03080983,0.982861655,
A,S_BB,D_A,25.0,4.05178039,0.984643213,
A,S_BB,D_A,25.0,4.07276799,0.985372688,
A,S_BB,D_A,25.0,4.09368684,0.983916832,
A,S_BB,D_A,25.0,4.11485609,0.986263593,
A,S_BB,D_A,25.0,4.13583188,0.992422837,
A,S_BB,D_A,25.0,4.15670688,0.988108788,
A,S_BB,D_A,25.0,4.17758774,0.990714495,
A,S_BB,D_A,25.0,4.19867141,0.9942597,
A,S_BB,D_A,25.0,4.21961517,0.988691693,
A,S_BB,D_A,25.0,4.24013393,0.992508745,
A,S_BB,D_A,25.0,4.26119077,0.996426052,
A,S_BB,D_A,25.0,4.28239268,0.996213457,
A,S_BB,D_A,25.0,4.30342826,0.992610741,
A,S_BB,D_A,25.0,4.32431592,0.994285555,
A,S_BB,D_A,25.0,4.34508479,0.995719365,
A,S_BB,D_A,25.0,4.36604259,0.998957806,
A,S_BB,D_A,25.0,4.38708086,0.99806784,
A,S_BB,D_A,25.0,4.40778797,0.997454037,
A,S_BB,D_A,25.0,4.4288526,1.00163607,
A,S_BB,D_A,25.0,4.44994967,1.00103301,
A,S_BB,D_A,25.0,4.47085438,1.00108879,
A,S_BB,D_A,25.0,4.49188801,1.00073102,
A,S_BB,D_A,25.0,4.51250216,1.00288117,
A,S_BB,D_A,25.0,4.5334461,1.00064367,
A,S_BB,D_A,25.0,4.55463591,1.00271686,
A,S_BB,D_A,25.0,4.57547609,1.00162864,
A,S_BB,D_A,25.0,4.59643311,1.00584802,
A,S_BB,D_A,25.0,4.61732903,1.00379777,
A,S_BB,D_A,25.0,4.63833098,1.00577718,
A,S_BB,D_A,25.0,4.65949324,1.00718282,
A,S_BB,D_A,25.0,4.68039693,1.00502085,
A,S_BB,D_A,25.0,4.70136745,1.00858643,
A,S_BB,D_A,25.0,4.72221533,1.00691004,
A,S_BB,D_A,25.0,4.74309374,1.01150281,
A,S_BB,D_A,25.0,4.76390784,1.01209014,
A,S_BB,D_A,25.0,4.78491795,1.0088024,
A,S_BB,D_A,25.0,4.80636204,1.01240412,
A,S_BB,D_A,25.0,4.82728449,1.01092132,
A,S_BB,D_A,25.0,4.84785524,1.01441691,
A,S_BB,D_A,25.0,4.86859731,1.01297286,
A,S_BB,D_A,25.0,4.88954319,1.01252663,
A,S_BB,D_A,25.0,4.91078695,1.01146097,
A,S_BB,D_A,25.0,4.93172016,1.01399019,
A,S_BB,D_A,25.0,4.95244063,1.01372992,
A,S_BB,D_A,25.0,4.97348932,1.01607761,
A,S_BB,D_A,25.0,4.994309,1.01287107,
A,S_BB,D_A,25.0,5.01515697,1.01301411,
A,S_BB,D_A,25.0,5.03598003,1.01442177,
A,S_BB,D_A,25.0,5.05703237,1.0134816,
A,S_BB,D_A,25.0,5.07840332,1.01339454,
A,S_BB,D_A,25.0,5.09943841,1.01847364,
A,S_BB,D_A,25.0,5.12032938,1.01382764,
A,S_BB,D_A,25.0,5.14107614,1.01683443,
A,S_BB,D_A,25.0,5.16214077,1.01856157,
A,S_BB,D_A,25.0,5.18341099,1.02048502,
A,S_BB,D_A,25.0,5.2041075,1.01764881,
A,S_BB,D_A,25.0,5.22477891,1.01837694,
A,S_BB,D_A,25.0,5.24557967,1.0186741,
A,S_BB,D_A,25.0,5.26649236,1.01497692,
A,S_BB,D_A,25.0,5.28753131,1.01786684,
A,S_BB,D_A,25.0,5.30847064,1.01717356,
A,S_BB,D_A,25.0,5.32946745,1.02028614,
A,S_BB,D_A,25.0,5.3506922,1.01642896,
A,S_BB,D_A,25.0,5.37158853,1.0177189,
A,S_BB,D_A,25.0,5.39231925,1.01975446,
A,S_BB,D_A,25.0,5.41333352,1.01803139,
A,S_BB,D_A,25.0,5.43434316,1.01736973,
A,S_BB,D_A,25.0,5.45530659,1.01716438,
A,S_BB,D_A,25.0,5.47618498,1.02004424,
A,S_BB,D_A,25.0,5.49715755,1.01781895,
A,S_BB,D_A,25.0,5.51801586,1.01987894,
A,S_BB,D_A,25.0,5.53881995,1.01755679,
A,S_BB,D_A,25.0,5.55992514,1.01750802,
A,S_BB,D_A,25.0,5.58098545,1.01807174,
A,S_BB,D_A,25.0,5.60183772,1.01916236,
A,S_BB,D_A,25.0,5.62277584,1.01839927,
A,S_BB,D_A,25.0,5.64379172,1.01488701,
A,S_BB,D_A,25.0,5.66460817,1.01940127,
A,S_BB,D_A,25.0,5.68556022,1.01629722,
A,S_BB,D_A,25.0,5.7067909,1.01899464,
A,S_BB,D_A,25.0,5.72769317,1.01724142,
A,S_BB,D_A,25.0,5.74840017,1.01778494,
A,S_BB,D_A,25.0,5.76938192,1.02178073,
A,S_BB,D_A,25.0,5.79039764,1.01775007,
A,S_BB,D_A,25.0,5.81144039,1.01669291,
A,S_BB,D_A,25.0,5.83232115,1.0166019,
A,S_BB,D_A,25.0,5.85320209,1.01787176,
A,S_BB,D_A,25.0,5.87418919,1.01598148,
A,S_BB,D_A,25.0,5.89509625,1.01648769,
A,S_BB,D_A,25.0,5.9159726,1.01619069,
A,S_BB,D_A,25.0,5.93682663,1.0159916,
A,S_BB,D_A,25.0,5.95791772,1.01583526,
A,S_BB,D_A,25.0,5.97900675,1.0136452,
A,S_BB,D_A,25.0,5.99978945,1.01507239,
A,S_BB,D_A,25.0,6.02063577,1.01595029,
A,S_BB,D_A,25.0,6.04156421,1.0149218,
A,S_BB,D_A,25.0,6.06259364,1.01864118,
A,S_BB,D_A,25.0,6.08377541,1.01469173,
A,S_BB,D_A,25.0,6.10447051,1.01560908,
A,S_BB,D_A,25.0,6.12538157,1.01380435,
A,S_BB,D_A,25.0,6.14660689,1.01552604,
A,S_BB,D_A,25.0,6.16752321,1.01433874,
A,S_BB,D_A,25.0,6.18833806,1.01341042,
A,S_BB,D_A,25.0,6.20938667,1.01513223,
A,S_BB,D_A,25.0,6.23052184,1.01531901,
A,S_BB,D_A,25.0,6.25137137,1.01499696,
A,S_BB,D_A,25.0,6.27204484,1.01272661,
A,S_BB,D_A,25.0,6.29290789,1.01312782,
A,S_BB,D_A,25.0,6.31382104,1.00958582,
A,S_BB,D_A,25.0,6.33495691,1.01206033,
A,S_BB,D_A,25.0,6.35600914,1.01106054,
A,S_BB,D_A,25.0,6.37663869,1.01073711,
A,S_BB,D_A,25.0,6.39770954,1.01100303,
A,S_BB,D_A,25.0,6.41872759,1.01203754,
A,S_BB,D_A,25.0,6.43951457,1.01206653,
A,S_BB,D_A,25.0,6.46033562,1.00892507,
A,S_BB,D_A,25.0,6.4814564,1.01048066,
A,S_BB,D_A,25.0,6.50265681,1.00972126,
A,S_BB,D_A,25.0,6.52350383,1.00896624,
A,S_BB,D_A,25.0,6.54427866,1.01172764,
A,S_BB,D_A,25.0,6.56515568,1.00778769,
A,S_BB,D_A,25.0,6.58628576,1.00939489,
A,S_BB,D_A,25.0,6.60749316,1.01117608,
A,S_BB,D_A,25.0,6.62830625,1.00686116,
A,S_BB,D_A,25.0,6.64913567,1.00805358,
A,S_BB,D_A,25.0,6.67020149,1.00965866,
A,S_BB,D_A,25.0,6.69106898,1.008934,
A,S_BB,D_A,25.0,6.71185955,1.00817756,
A,S_BB,D_A,25.0,6.73264651,1.00469727,
A,S_BB,D_A,25.0,6.7537045,1.00631273,
A,S_BB,D_A,25.0,6.77487174,1.00717835,
A,S_BB,D_A,25.0,6.79557562,1.00587237,
A,S_BB,D_A,25.0,6.81648781,1.00465652,
A,S_BB,D_A,25.0,6.83753747,1.00287942,
A,S_BB,D_A,25.0,6.85867557,1.00534733,
A,S_BB,D_A,25.0,6.87985316,1.00866797,
A,S_BB,D_A,25.0,6.90065786,1.00440481,
A,S_BB,D_A,25.0,6.92153112,1.00505287,
A,S_BB,D_A,25.0,6.94229803,1.00616906,
A,S_BB,D_A,25.0,6.9630016,1.00720263,
A,S_BB,D_A,25.0,6.98416877,1.00521098,
A,S_BB,D_A,25.0,7.0052781,1.00310753,
A,S_BB,D_A,25.0,7.02617612,1.00223804,
A,S_BB,D_A,25.0,7.04699526,1.00620176,
A,S_BB,D_A,25.0,7.06761685,1.00435794,
A,S_BB,D_A,25.0,7.08873369,1.00152618,
A,S_BB,D_A,25.0,7.10994937,1.00347215,
A,S_BB,D_A,25.0,7.13102893,1.00135693,
A,S_BB,D_A,25.0,7.15201412,0.998989143,
A,S_BB,D_A,25.0,7.17271336,1.00100521,
A,S_BB,D_A,25.0,7.19374266,0.999948331,
A,S_BB,D_A,25.0,7.21473042,1.00012483,
A,S_BB,D_A,25.0,7.23564263,0.999811285,
A,S_BB,D_A,25.0,7.25666289,1.0018098,
A,S_BB,D_A,25.0,7.27757645,0.996982377,
A,S_BB,D_A,25.0,7.2984411,1.0008194,
A,S_BB,D_A,25.0,7.31917384,0.998803198,
A,S_BB,D_A,25.0,7.34001688,0.99760742,
A,S_BB,D_A,25.0,7.3611683,0.999451993,
A,S_BB,D_A,25.0,7.38224284,0.997534514,
A,S_BB,D_A,25.0,7.40324015,0.99889576,
A,S_BB,D_A,25.0,7.42408854,0.998338291,
A,S_BB,D_A,25.0,7.44500634,0.998300872,
A,S_BB,D_A,25.0,7.46595959,0.998672483,
A,S_BB,D_A,25.0,7.48696308,0.996289164,
A,S_BB,D_A,25.0,7.5079936,0.997544592,
A,S_BB,D_A,25.0,7.52871967,0.996451772,
A,S_BB,D_A,25.0,7.54966921,0.996611793,
A,S_BB,D_A,25.0,7.57064902,0.99535072,
A,S_BB,D_A,25.0,7.59151428,0.994608921,
A,S_BB,D_A,25.0,7.6123809,0.997009241,
A,S_BB,D_A,25.0,7.63338324,0.99730121,
A,S_BB,D_A,25.0,7.65450532,0.994816579,
A,S_BB,D_A,25.0,7.67556944,0.994728723,
A,S_BB,D_A,25.0,7.69637751,0.993197886,
A,S_BB,D_A,25.0,7.71727216,0.994784842,
A,S_BB,D_A,25.0,7.73835725,0.997146244,
A,S_BB,D_A,25.0,7.75934923,0.992749667,
A,S_BB,D_A,25.0,7.78023116,0.995226439,
A,S_BB,D_A,25.0,7.80098697,0.995471549,
A,S_BB,D_A,25.0,7.82190677,0.995756841,
A,S_BB,D_A,25.0,7.84304931,0.994255845,
A,S_BB,D_A,25.0,7.86405132,0.992863251,
A,S_BB,D_A,25.0,7.88484553,0.99334499,
A,S_BB,D_A,25.0,7.90574885,0.993325597,
A,S_BB,D_A,25.0,7.9267531,0.993817003,
A,S_BB,D_A,25.0,7.94765228,0.994201068,
A,S_BB,D_A,25.0,7.96842304,0.993738147,
A,S_BB,D_A,25.0,7.98938616,0.992481646,
A,S_BB,D_A,25.0,8.01050815,0.993361052,
A,S_BB,D_A,25.0,8.03153334,0.99446709,
A,S_BB,D_A,25.0,8.05240251,0.992094435,
A,S_BB,D_A,25.0,8.07332696,0.992513014,
A,S_BB,D_A,25.0,8.09438514,0.994792667,
A,S_BB,D_A,25.0,8.11529588,0.992987068,
A,S_BB,D_A,25.0,8.13618411,0.991808017,
A,S_BB,D_A,25.0,8.15717855,0.993539359,
A,S_BB,D_A,25.0,8.17807847,0.99078413,
A,S_BB,D_A,25.0,8.19905269,0.992053849,
A,S_BB,D_A,25.0,8.21991085,0.990666281,
A,S_BB,D_A,25.0,8.24078529,0.993200647,
A,S_BB,D_A,25.0,8.26195652,0.993644189,
A,S_BB,D_A,25.0,8.28293039,0.990309522,
A,S_BB,D_A,25.0,8.30373423,0.990586409,
A,S_BB,D_A,25.0,8.32452583,0.991059259,
A,S_BB,D_A,25.0,8.34556221,0.991665162,
A,S_BB,D_A,25.0,8.36671927,0.991257599,
A,S_BB,D_A,25.0,8.38757523,0.992797382,
A,S_BB,D_A,25.0,8.40855808,0.991813471,
A,S_BB,D_A,25.0,8.42953585,0.990352482,
A,S_BB,D_A,25.0,8.45042977,0.993308886,
A,S_BB,D_A,25.0,8.47138662,0.992914874,
A,S_BB,D_A,25.0,8.49217243,0.992154689,
A,S_BB,D_A,25.0,8.51321806,0.991736092,
A,S_BB,D_A,25.0,8.53421183,0.992668123,
A,S_BB,D_A,25.0,8.55508292,0.994317421,
A,S_BB,D_A,25.0,8.57598662,0.992006991,
A,S_BB,D_A,25.0,8.59679232,0.990989246,
A,S_BB,D_A,25.0,8.61783107,0.991767312,
A,S_BB,D_A,25.0,8.63891768,0.992239519,
A,S_BB,D_A,25.0,8.65972861,0.990511106,
A,S_BB,D_A,25.0,8.68059853,0.990801833,
A,S_BB,D_A,25.0,8.70174168,0.991969051,
A,S_BB,D_A,25.0,8.72279566,0.992003408,
A,S_BB,D_A,25.0,8.74359241,0.991363417,
A,S_BB,D_A,25.0,8.76424415,0.991472964,
A,S_BB,D_A,25.0,8.78526729,0.990599935,
A,S_BB,D_A,25.0,8.80637189,0.992363474,
A,S_BB,D_A,25.0,8.82736896,0.991179453,
A,S_BB,D_A,25.0,8.84843212,0.989937555,
A,S_BB,D_A,25.0,8.86933197,0.991298502,
A,S_BB,D_A,25.0,8.89026857,0.990474095,
A,S_BB,D_A,25.0,8.91123702,0.991325444,
A,S_BB,D_A,25.0,8.93214776,0.99086479,
A,S_BB,D_A,25.0,8.95312097,0.991356985,
A,S_BB,D_A,25.0,8.9741304,0.991215745,
A,S_BB,D_A,25.0,8.99505705,0.991448371,
A,S_BB,D_A,25.0,9.01571368,0.992133377,
A,S_BB,D_A,25.0,9.03640927,0.992294199,
A,S_BB,D_A,25.0,9.05755121,0.992239555,
A,S_BB,D_A,25.0,9.07868023,0.991349858,
A,S_BB,D_A,25.0,9.09969513,0.990233718,
A,S_BB,D_A,25.0,9.1205658,0.994291627,
A,S_BB,D_A,25.0,9.14137844,0.991553509,
A,S_BB,D_A,25.0,9.16237082,0.991054311,
A,S_BB,D_A,25.0,9.18339441,0.991651072,
A,S_BB,D_A,25.0,9.20447395,0.992347514,
A,S_BB,D_A,25.0,9.22549281,0.991248187,
A,S_BB,D_A,25.0,9.2463962,0.994049154,
A,S_BB,D_A,25.0,9.26722673,0.994753674,
A,S_BB,D_A,25.0,9.28791689,0.995274096,
A,S_BB,D_A,25.0,9.30892724,0.993122477,
A,S_BB,D_A,25.0,9.33003065,0.992663193,
A,S_BB,D_A,25.0,9.35102864,0.996249745,
A,S_BB,D_A,25.0,9.37196601,0.993862494,
A,S_BB,D_A,25.0,9.39258783,0.994768365,
A,S_BB,D_A,25.0,9.41349621,0.994363466,
A,S_BB,D_A,25.0,9.4347927,0.991904435,
A,S_BB,D_A,25.0,9.45587737,0.99441164,
A,S_BB,D_A,25.0,9.47676866,0.9957637,
A,S_BB,D_A,25.0,9.49762777,0.992884713,
A,S_BB,D_A,25.0,9.51852362,0.994910361,
A,S_BB,D_A,25.0,9.53939795,0.992191706,
A,S_BB,D_A,25.0,9.56035551,0.995776004,
A,S_BB,D_A,25.0,9.58149741,0.995100552,
A,S_BB,D_A,25.0,9.60249587,0.995005631,
A,S_BB,D_A,25.0,9.62336478,0.99349659,
A,S_BB,D_A,25.0,9.64415055,0.996535691,
A,S_BB,D_A,25.0,9.66502224,0.994757395,
A,S_BB,D_A,25.0,9.68597433,0.994429216,
A,S_BB,D_A,25.0,9.7069728,0.995330908,
A,S_BB,D_A,25.0,9.72797765,0.99683363,
A,S_BB,D_A,25.0,9.74896401,0.993798283,
A,S_BB,D_A,25.0,9.76996217,0.996403434,
A,S_BB,D_A,25.0,9.79085678,0.995883836,
A,S_BB,D_A,25.0,9.81166698,0.995848625,
A,S_BB,D_A,25.0,9.83262494,0.9933194,
A,S_BB,D_A,25.0,9.85372265,0.996235576,
A,S_BB,D_A,25.0,9.87472665,0.996425356,
A,S_BB,D_A,25.0,9.89559934,0.996027612,
A,S_BB,D_A,25.0,9.91635289,0.996417954,
A,S_BB,D_A,25.0,9.93737645,0.998616484,
A,S_BB,D_A,25.0,9.95856995,0.995585895,
A,S_BB,D_A,25.0,9.97940815,0.996205042,
A,S_BB,D_A,25.0,10.000082,0.995238862,
A,S_BB,D_A,50.0,0.0252815853,0.00264211723,
A,S_BB,D_A,50.0,0.0486976344,0.00376035184,
A,S_BB,D_A,50.0,0.0692644017,0.00567823869,
A,S_BB,D_A,50.0,0.08877835,0.00788235609,
A,S_BB,D_A,50.0,0.111604297,0.0114150295,
A,S_BB,D_A,50.0,0.132731806,0.0152246097,
A,S_BB,D_A,50.0,0.153672181,0.0197783127,
A,S_BB,D_A,50.0,0.175641863,0.0253095546,
A,S_BB,D_A,50.0,0.196615509,0.0314953078,
A,S_BB,D_A,50.0,0.217326708,0.0378296069,
A,S_BB,D_A,50.0,0.237538457,0.0441275951,
A,S_BB,D_A,50.0,0.258148683,0.0519780723,
A,S_BB,D_A,50.0,0.28040349,0.06009645,
A,S_BB,D_A,50.0,0.301929084,0.0693674393,
A,S_BB,D_A,50.0,0.322287413,0.0786300774,
A,S_BB,D_A,50.0,0.342663331,0.0885115326,
A,S_BB,D_A,50.0,0.363641289,0.0985586659,
A,S_BB,D_A,50.0,0.385602948,0.111724233,
A,S_BB,D_A,50.0,0.406737165,0.123230262,
A,S_BB,D_A,50.0,0.427001871,0.132651941,
A,S_BB,D_A,50.0,0.448754416,0.147492736,
A,S_BB,D_A,50.0,0.469601745,0.157353876,
A,S_BB,D_A,50.0,0.489805379,0.172471491,
A,S_BB,D_A,50.0,0.510302494,0.185048001,
A,S_BB,D_A,50.0,0.53178319,0.199642799,
A,S_BB,D_A,50.0,0.553922362,0.21485079,
A,S_BB,D_A,50.0,0.574670041,0.22957839,
A,S_BB,D_A,50.0,0.594645701,0.243238164,
A,S_BB,D_A,50.0,0.615540037,0.255461235,
A,S_BB,D_A,50.0,0.636554081,0.271722486,
A,S_BB,D_A,50.0,0.658102417,0.288687474,
A,S_BB,D_A,50.0,0.679189641,0.304518614,
A,S_BB,D_A,50.0,0.700054044,0.319113729,
A,S_BB,D_A,50.0,0.721329826,0.339145889,
A,S_BB,D_A,50.0,0.742033923,0.353031675,
A,S_BB,D_A,50.0,0.762614581,0.369865581,
A,S_BB,D_A,50.0,0.783270495,0.387959747,
A,S_BB,D_A,50.0,0.804783918,0.405154699,
A,S_BB,D_A,50.0,0.826095906,0.424059846,
A,S_BB,D_A,50.0,0.846303977,0.438878134,
A,S_BB,D_A,50.0,0.867174819,0.456617703,
A,S_BB,D_A,50.0,0.888413258,0.476110078,
A,S_BB,D_A,50.0,0.909910564,0.490897457,
A,S_BB,D_A,50.0,0.931134698,0.512461868,
A,S_BB,D_A,50.0,0.951563161,0.526600063,
A,S_BB,D_A,50.0,0.972160451,0.549128038,
A,S_BB,D_A,50.0,0.993008165,0.564679318,
A,S_BB,D_A,50.0,1.0140906,0.58397646,
A,S_BB,D_A,50.0,1.03500338,0.603733986,
A,S_BB,D_A,50.0,1.05657413,0.6165421,
A,S_BB,D_A,50.0,1.07789814,0.635588705,
A,S_BB,D_A,50.0,1.09835045,0.651596131,
A,S_BB,D_A,50.0,1.11903902,0.669685864,
A,S_BB,D_A,50.0,1.1396405,0.688114467,
A,S_BB,D_A,50.0,1.16109193,0.705729499,
A,S_BB,D_A,50.0,1.18227503,0.719589095,
A,S_BB,D_A,50.0,1.2030555,0.73728842,
A,S_BB,D_A,50.0,1.22375183,0.748009679,
A,S_BB,D_A,50.0,1.24453484,0.765336521,
A,S_BB,D_A,50.0,1.26570671,0.779699192,
A,S_BB,D_A,50.0,1.28693994,0.79439644,
A,S_BB,D_A,50.0,1.30807124,0.810155279,
A,S_BB,D_A,50.0,1.32889646,0.823514338,
A,S_BB,D_A,50.0,1.34945121,0.833644707,
A,S_BB,D_A,50.0,1.37055188,0.844809313,
A,S_BB,D_A,50.0,1.39148285,0.855928072,
A,S_BB,D_A,50.0,1.41220445,0.872271391,
A,S_BB,D_A,50.0,1.43352474,0.881011732,
A,S_BB,D_A,50.0,1.45454751,0.88776142,
A,S_BB,D_A,50.0,1.47511055,0.902055675,
A,S_BB,D_A,50.0,1.49566583,0.902996333,
A,S_BB,D_A,50.0,1.51690776,0.920074418,
A,S_BB,D_A,50.0,1.53826425,0.92426684,
A,S_BB,D_A,50.0,1.55931449,0.934703425,
A,S_BB,D_A,50.0,1.58012172,0.936956735,
A,S_BB,D_A,50.0,1.60114355,0.943254534,
A,S_BB,D_A,50.0,1.62229155,0.949993302,
A,S_BB,D_A,50.0,1.64295947,0.958213035,
A,S_BB,D_A,50.0,1.66366432,0.955483854,
A,S_BB,D_A,50.0,1.68478217,0.960564818,
A,S_BB,D_A,50.0,1.7057485,0.960229323,
A,S_BB,D_A,50.0,1.72683745,0.968246976,
A,S_BB,D_A,50.0,1.74765849,0.971502037,
A,S_BB,D_A,50.0,1.76847487,0.971911787,
A,S_BB,D_A,50.0,1.78961871,0.974158395,
A,S_BB,D_A,50.0,1.81086098,0.977899454,
A,S_BB,D_A,50.0,1.83179094,0.97836422,
A,S_BB,D_A,50.0,1.8521746,0.975486772,
A,S_BB,D_A,50.0,1.8733654,0.975655485,
A,S_BB,D_A,50.0,1.89455538,0.977366367,
A,S_BB,D_A,50.0,1.91534795,0.97922561,
A,S_BB,D_A,50.0,1.93623233,0.977178838,
A,S_BB,D_A,50.0,1.9571481,0.981307323,
A,S_BB,D_A,50.0,1.97825109,0.981696203,
A,S_BB,D_A,50.0,1.99905898,0.98203236,
A,S_BB,D_A,50.0,2.01966715,0.979643316,
A,S_BB,D_A,50.0,2.04082415,0.978091022,
A,S_BB,D_A,50.0,2.06193171,0.974191957,
A,S_BB,D_A,50.0,2.08296048,0.973242566,
A,S_BB,D_A,50.0,2.10383017,0.972159298,
A,S_BB,D_A,50.0,2.12494312,0.971790179,
A,S_BB,D_A,50.0,2.14618475,0.968531528,
A,S_BB,D_A,50.0,2.16679298,0.96914397,
A,S_BB,D_A,50.0,2.18753482,0.967048124,
A,S_BB,D_A,50.0,2.20847027,0.968002688,
A,S_BB,D_A,50.0,2.22955181,0.96310536,
A,S_BB,D_A,50.0,2.25078374,0.965009114,
A,S_BB,D_A,50.0,2.27150159,0.959464476,
A,S_BB,D_A,50.0,2.29205574,0.96308237,
A,S_BB,D_A,50.0,2.31294326,0.960431168,
A,S_BB,D_A,50.0,2.3340363,0.95668337,
A,S_BB,D_A,50.0,2.35514399,0.958163744,
A,S_BB,D_A,50.0,2.37607726,0.95296334,
A,S_BB,D_A,50.0,2.39730341,0.952868104,
A,S_BB,D_A,50.0,2.41857203,0.952558414,
A,S_BB,D_A,50.0,2.43911056,0.953402078,
A,S_BB,D_A,50.0,2.45988005,0.951017771,
A,S_BB,D_A,50.0,2.48094151,0.948611814,
A,S_BB,D_A,50.0,2.50196601,0.948920732,
A,S_BB,D_A,50.0,2.52300496,0.953535258,
A,S_BB,D_A,50.0,2.54340089,0.945036837,
A,S_BB,D_A,50.0,2.56415297,0.948397179,
A,S_BB,D_A,50.0,2.58575836,0.946905889,
A,S_BB,D_A,50.0,2.60684428,0.947073058,
A,S_BB,D_A,50.0,2.62775949,0.948828125,
A,S_BB,D_A,50.0,2.64834355,0.947575301,
A,S_BB,D_A,50.0,2.66912062,0.943092796,
A,S_BB,D_A,50.0,2.69039946,0.950299465,
A,S_BB,D_A,50.0,2.71121518,0.946000083,
A,S_BB,D_A,50.0,2.7321837,0.946891928,
A,S_BB,D_A,50.0,2.75306239,0.945993582,
A,S_BB,D_A,50.0,2.77427049,0.94639223,
A,S_BB,D_A,50.0,2.79557932,0.948962791,
A,S_BB,D_A,50.0,2.8160646,0.94673683,
A,S_BB,D_A,50.0,2.83689478,0.944114604,
A,S_BB,D_A,50.0,2.85801727,0.94671575,
A,S_BB,D_A,50.0,2.87906973,0.946298879,
A,S_BB,D_A,50.0,2.89996898,0.949534432,
A,S_BB,D_A,50.0,2.92062944,0.947328786,
A,S_BB,D_A,50.0,2.941605,0.946114211,
A,S_BB,D_A,50.0,2.96267076,0.948904588,
A,S_BB,D_A,50.0,2.98347442,0.947921852,
A,S_BB,D_A,50.0,3.00437656,0.949765313,
A,S_BB,D_A,50.0,3.02542142,0.949244916,
A,S_BB,D_A,50.0,3.04658726,0.953513088,
A,S_BB,D_A,50.0,3.06768101,0.957388686,
A,S_BB,D_A,50.0,3.088328,0.952040306,
A,S_BB,D_A,50.0,3.10931167,0.95564322,
A,S_BB,D_A,50.0,3.1305457,0.954228355,
A,S_BB,D_A,50.0,3.15150209,0.954076021,
A,S_BB,D_A,50.0,3.17219014,0.954296026,
A,S_BB,D_A,50.0,3.19299024,0.954720652,
A,S_BB,D_A,50.0,3.21390436,0.957237511,
A,S_BB,D_A,50.0,3.23506564,0.956723899,
A,S_BB,D_A,50.0,3.25605387,0.959982409,
A,S_BB,D_A,50.0,3.27685776,0.962236487,
A,S_BB,D_A,50.0,3.29794723,0.959711405,
A,S_BB,D_A,50.0,3.31884778,0.961197559,
A,S_BB,D_A,50.0,3.33944269,0.959778067,
A,S_BB,D_A,50.0,3.36030612,0.961160458,
A,S_BB,D_A,50.0,3.38171654,0.963341265,
A,S_BB,D_A,50.0,3.40297495,0.962343357,
A,S_BB,D_A,50.0,3.42370792,0.961279305,
A,S_BB,D_A,50.0,3.44440875,0.963750413,
A,S_BB,D_A,50.0,3.465315,0.964552539,
A,S_BB,D_A,50.0,3.4865867,0.963249057,
A,S_BB,D_A,50.0,3.50751221,0.966155189,
A,S_BB,D_A,50.0,3.52796741,0.966303168,
A,S_BB,D_A,50.0,3.5488788,0.963848834,
A,S_BB,D_A,50.0,3.57014151,0.966920395,
A,S_BB,D_A,50.0,3.59120365,0.968106974,
A,S_BB,D_A,50.0,3.61190928,0.964519758,
A,S_BB,D_A,50.0,3.63300558,0.966543763,
A,S_BB,D_A,50.0,3.6541422,0.970276785,
A,S_BB,D_A,50.0,3.67500902,0.972064095,
A,S_BB,D_A,50.0,3.69581564,0.971454013,
A,S_BB,D_A,50.0,3.71644729,0.971688041,
A,S_BB,D_A,50.0,3.73749774,0.97318676,
A,S_BB,D_A,50.0,3.75868086,0.97617417,
A,S_BB,D_A,50.0,3.77950549,0.974437659,
A,S_BB,D_A,50.0,3.80027286,0.973730895,
A,S_BB,D_A,50.0,3.82143123,0.975048189,
A,S_BB,D_A,50.0,3.84280481,0.976939777,
A,S_BB,D_A,50.0,3.86349282,0.973886127,
A,S_BB,D_A,50.0,3.88417456,0.976702229,
A,S_BB,D_A,50.0,3.90535419,0.979970508,
A,S_BB,D_A,50.0,3.9264697,0.980305682,
A,S_BB,D_A,50.0,3.94738681,0.97851887,
A,S_BB,D_A,50.0,3.96810309,0.981438654,
A,S_BB,D_A,50.0,3.98888694,0.983671169,
A,S_BB,D_A,50.0,4.00993371,0.97908429,
A,S_BB,D_A,50.0,4.03080983,0.983101621,
A,S_BB,D_A,50.0,4.05178039,0.984759941,
A,S_BB,D_A,50.0,4.07276799,0.98427626,
A,S_BB,D_A,50.0,4.09368684,0.986074411,
A,S_BB,D_A,50.0,4.11485609,0.987738752,
A,S_BB,D_A,50.0,4.13583188,0.988258439,
A,S_BB,D_A,50.0,4.15670688,0.988922833,
A,S_BB,D_A,50.0,4.17758774,0.990881737,
A,S_BB,D_A,50.0,4.19867141,0.989653151,
A,S_BB,D_A,50.0,4.21961517,0.989868762,
A,S_BB,D_A,50.0,4.24013393,0.992038543,
A,S_BB,D_A,50.0,4.26119077,0.992642966,
A,S_BB,D_A,50.0,4.28239268,0.995898127,
A,S_BB,D_A,50.0,4.30342826,0.993772555,
A,S_BB,D_A,50.0,4.32431592,0.997957118,
A,S_BB,D_A,50.0,4.34508479,0.99540454,
A,S_BB,D_A,50.0,4.36604259,0.997607047,
A,S_BB,D_A,50.0,4.38708086,0.998237543,
A,S_BB,D_A,50.0,4.40778797,0.999579596,
A,S_BB,D_A,50.0,4.4288526,1.00287629,
A,S_BB,D_A,50.0,4.44994967,1.00076288,
A,S_BB,D_A,50.0,4.47085438,0.998361517,
A,S_BB,D_A,50.0,4.49188801,1.0044058,
A,S_BB,D_A,50.0,4.51250216,1.00094577,
A,S_BB,D_A,50.0,4.5334461,1.0049068,
A,S_BB,D_A,50.0,4.55463591,1.00414679,
A,S_BB,D_A,50.0,4.57547609,1.00363847,
A,S_BB,D_A,50.0,4.59643311,1.00503189,
A,S_BB,D_A,50.0,4.61732903,1.00696353,
A,S_BB,D_A,50.0,4.63833098,1.00414773,
A,S_BB,D_A,50.0,4.65949324,1.00453425,
A,S_BB,D_A,50.0,4.68039693,1.00693861,
A,S_BB,D_A,50.0,4.70136745,1.00609633,
A,S_BB,D_A,50.0,4.72221533,1.00681954,
A,S_BB,D_A,50.0,4.74309374,1.00992851,
A,S_BB,D_A,50.0,4.76390784,1.00952174,
A,S_BB,D_A,50.0,4.78491795,1.00885708,
A,S_BB,D_A,50.0,4.80636204,1.01056824,
A,S_BB,D_A,50.0,4.82728449,1.01153669,
A,S_BB,D_A,50.0,4.84785524,1.01217194,
A,S_BB,D_A,50.0,4.86859731,1.01189868,
A,S_BB,D_A,50.0,4.88954319,1.01343648,
A,S_BB,D_A,50.0,4.91078695,1.01086246,
A,S_BB,D_A,50.0,4.93172016,1.01390305,
A,S_BB,D_A,50.0,4.95244063,1.01153672,
A,S_BB,D_A,50.0,4.97348932,1.01186769,
A,S_BB,D_A,50.0,4.994309,1.01621742,
A,S_BB,D_A,50.0,5.01515697,1.01410248,
A,S_BB,D_A,50.0,5.03598003,1.01292416,
A,S_BB,D_A,50.0,5.05703237,1.01715026,
A,S_BB,D_A,50.0,5.07840332,1.01623025,
A,S_BB,D_A,50.0,5.09943841,1.0156609,
A,S_BB,D_A,50.0,5.12032938,1.01645108,
A,S_BB,D_A,50.0,5.14107614,1.01346891,
A,S_BB,D_A,50.0,5.16214077,1.01678347,
A,S_BB,D_A,50.0,5.18341099,1.01744284,
A,S_BB,D_A,50.0,5.2041075,1.01566686,
A,S_BB,D_A,50.0,5.22477891,1.01499436,
A,S_BB,D_A,50.0,5.24557967,1.01761356,
A,S_BB,D_A,50.0,5.26649236,1.01809943,
A,S_BB,D_A,50.0,5.28753131,1.01706384,
A,S_BB,D_A,50.0,5.30847064,1.01870563,
A,S_BB,D_A,50.0,5.32946745,1.01818976,
A,S_BB,D_A,50.0,5.3506922,1.01542432,
A,S_BB,D_A,50.0,5.37158853,1.01934521,
A,S_BB,D_A,50.0,5.39231925,1.01861541,
A,S_BB,D_A,50.0,5.41333352,1.01775416,
A,S_BB,D_A,50.0,5.43434316,1.01921361,
A,S_BB,D_A,50.0,5.45530659,1.01920067,
A,S_BB,D_A,50.0,5.47618498,1.01923333,
A,S_BB,D_A,50.0,5.49715755,1.01847663,
A,S_BB,D_A,50.0,5.51801586,1.02003736,
A,S_BB,D_A,50.0,5.53881995,1.01733853,
A,S_BB,D_A,50.0,5.55992514,1.0193428,
A,S_BB,D_A,50.0,5.58098545,1.01690358,
A,S_BB,D_A,50.0,5.60183772,1.01836042,
A,S_BB,D_A,50.0,5.62277584,1.017624,
A,S_BB,D_A,50.0,5.64379172,1.02047481,
A,S_BB,D_A,50.0,5.66460817,1.01629676,
A,S_BB,D_A,50.0,5.68556022,1.01751443,
A,S_BB,D_A,50.0,5.7067909,1.01958903,
A,S_BB,D_A,50.0,5.72769317,1.01977342,
A,S_BB,D_A,50.0,5.74840017,1.01746481,
A,S_BB,D_A,50.0,5.76938192,1.01854791,
A,S_BB,D_A,50.0,5.79039764,1.01662,
A,S_BB,D_A,50.0,5.81144039,1.01411773,
A,S_BB,D_A,50.0,5.83232115,1.01679447,
A,S_BB,D_A,50.0,5.85320209,1.020091,
A,S_BB,D_A,50.0,5.87418919,1.01516654,
A,S_BB,D_A,50.0,5.89509625,1.01645619,
A,S_BB,D_A,50.0,5.9159726,1.01626984,
A,S_BB,D_A,50.0,5.93682663,1.01701258,
A,S_BB,D_A,50.0,5.95791772,1.01589802,
A,S_BB,D_A,50.0,5.97900675,1.01672821,
A,S_BB,D_A,50.0,5.99978945,1.01702895,
A,S_BB,D_A,50.0,6.02063577,1.01528981,
A,S_BB,D_A,50.0,6.04156421,1.01559692,
A,S_BB,D_A,50.0,6.06259364,1.01755047,
A,S_BB,D_A,50.0,6.08377541,1.01768104,
A,S_BB,D_A,50.0,6.10447051,1.0135067,
A,S_BB,D_A,50.0,6.12538157,1.01663783,
A,S_BB,D_A,50.0,6.14660689,1.0143851,
A,S_BB,D_A,50.0,6.16752321,1.01386291,
A,S_BB,D_A,50.0,6.18833806,1.01335582,
A,S_BB,D_A,50.0,6.20938667,1.01310904,
A,S_BB,D_A,50.0,6.23052184,1.01318643,
A,S_BB,D_A,50.0,6.25137137,1.01192178,
A,S_BB,D_A,50.0,6.27204484,1.01135372,
A,S_BB,D_A,50.0,6.29290789,1.01677777,
A,S_BB,D_A,50.0,6.31382104,1.01086282,
A,S_BB,D_A,50.0,6.33495691,1.01213971,
A,S_BB,D_A,50.0,6.35600914,1.01132236,
A,S_BB,D_A,50.0,6.37663869,1.0099553,
A,S_BB,D_A,50.0,6.39770954,1.01408605,
A,S_BB,D_A,50.0,6.41872759,1.01159579,
A,S_BB,D_A,50.0,6.43951457,1.00886262,
A,S_BB,D_A,50.0,6.46033562,1.01210732,
A,S_BB,D_A,50.0,6.4814564,1.01074261,
A,S_BB,D_A,50.0,6.50265681,1.01276894,
A,S_BB,D_A,50.0,6.52350383,1.00869561,
A,S_BB,D_A,50.0,6.54427866,1.00824393,
A,S_BB,D_A,50.0,6.56515568,1.00919794,
A,S_BB,D_A,50.0,6.58628576,1.00783776,
A,S_BB,D_A,50.0,6.60749316,1.00905362,
A,S_BB,D_A,50.0,6.62830625,1.00844852,
A,S_BB,D_A,50.0,6.64913567,1.00979603,
A,S_BB,D_A,50.0,6.67020149,1.00781276,
A,S_BB,D_A,50.0,6.69106898,1.00923428,
A,S_BB,D_A,50.0,6.71185955,1.00678065,
A,S_BB,D_A,50.0,6.73264651,1.00585354,
A,S_BB,D_A,50.0,6.7537045,1.00700593,
A,S_BB,D_A,50.0,6.77487174,1.00579925,
A,S_BB,D_A,50.0,6.79557562,1.00677764,
A,S_BB,D_A,50.0,6.81648781,1.00486305,
A,S_BB,D_A,50.0,6.83753747,1.00347098,
A,S_BB,D_A,50.0,6.85867557,1.00684483,
A,S_BB,D_A,50.0,6.87985316,1.00470552,
A,S_BB,D_A,50.0,6.90065786,1.00314404,
A,S_BB,D_A,50.0,6.92153112,1.00376696,
A,S_BB,D_A,50.0,6.94229803,1.00389873,
A,S_BB,D_A,50.0,6.9630016,1.00412749,
A,S_BB,D_A,50.0,6.98416877,1.00429957,
A,S_BB,D_A,50.0,7.0052781,1.00559664,
A,S_BB,D_A,50.0,7.02617612,1.00003912,
A,S_BB,D_A,50.0,7.04699526,1.00553828,
A,S_BB,D_A,50.0,7.06761685,1.00222046,
A,S_BB,D_A,50.0,7.08873369,1.00303616,
A,S_BB,D_A,50.0,7.10994937,1.00132293,
A,S_BB,D_A,50.0,7.13102893,1.00252202,
A,S_BB,D_A,50.0,7.15201412,0.999229534,
A,S_BB,D_A,50.0,7.17271336,1.00092945,
A,S_BB,D_A,50.0,7.19374266,1.00242275,
A,S_BB,D_A,50.0,7.21473042,1.00119838,
A,S_BB,D_A,50.0,7.23564263,0.997827192,
A,S_BB,D_A,50.0,7.25666289,1.00039646,
A,S_BB,D_A,50.0,7.27757645,1.0014813,
A,S_BB,D_A,50.0,7.2984411,0.998907975,
A,S_BB,D_A,50.0,7.31917384,0.9975548,
A,S_BB,D_A,50.0,7.34001688,1.00078592,
A,S_BB,D_A,50.0,7.3611683,0.997845849,
A,S_BB,D_A,50.0,7.38224284,0.999199908,
A,S_BB,D_A,50.0,7.40324015,0.996161443,
A,S_BB,D_A,50.0,7.42408854,0.996270387,
A,S_BB,D_A,50.0,7.44500634,1.0006481,
A,S_BB,D_A,50.0,7.46595959,0.996076215,
A,S_BB,D_A,50.0,7.48696308,0.995961297,
A,S_BB,D_A,50.0,7.5079936,0.998310894,
A,S_BB,D_A,50.0,7.52871967,0.996671155,
A,S_BB,D_A,50.0,7.54966921,0.995993298,
A,S_BB,D_A,50.0,7.57064902,0.995937811,
A,S_BB,D_A,50.0,7.59151428,0.996842894,
A,S_BB,D_A,50.0,7.6123809,0.997242404,
A,S_BB,D_A,50.0,7.63338324,0.995001787,
A,S_BB,D_A,50.0,7.65450532,0.995119856,
A,S_BB,D_A,50.0,7.67556944,0.997677141,
A,S_BB,D_A,50.0,7.69637751,0.996963556,
A,S_BB,D_A,50.0,7.71727216,0.996839821,
A,S_BB,D_A,50.0,7.73835725,0.994747967,
A,S_BB,D_A,50.0,7.75934923,0.996236958,
A,S_BB,D_A,50.0,7.78023116,0.995639553,
A,S_BB,D_A,50.0,7.80098697,0.992943875,
A,S_BB,D_A,50.0,7.82190677,0.994884828,
A,S_BB,D_A,50.0,7.84304931,0.994835453,
A,S_BB,D_A,50.0,7.86405132,0.996050127,
A,S_BB,D_A,50.0,7.88484553,0.994003871,
A,S_BB,D_A,50.0,7.90574885,0.994069963,
A,S_BB,D_A,50.0,7.9267531,0.993484517,
A,S_BB,D_A,50.0,7.94765228,0.994587712,
A,S_BB,D_A,50.0,7.96842304,0.99444813,
A,S_BB,D_A,50.0,7.98938616,0.993161274,
A,S_BB,D_A,50.0,8.01050815,0.994985646,
A,S_BB,D_A,50.0,8.03153334,0.993018814,
A,S_BB,D_A,50.0,8.05240251,0.994700009,
A,S_BB,D_A,50.0,8.07332696,0.994620998,
A,S_BB,D_A,50.0,8.09438514,0.993428545,
A,S_BB,D_A,50.0,8.11529588,0.991090329,
A,S_BB,D_A,50.0,8.13618411,0.994015436,
A,S_BB,D_A,50.0,8.15717855,0.989995056,
A,S_BB,D_A,50.0,8.17807847,0.992129367,
A,S_BB,D_A,50.0,8.19905269,0.994334856,
A,S_BB,D_A,50.0,8.21991085,0.991321091,
A,S_BB,D_A,50.0,8.24078529,0.993786614,
A,S_BB,D_A,50.0,8.26195652,0.991444391,
A,S_BB,D_A,50.0,8.28293039,0.990170201,
A,S_BB,D_A,50.0,8.30373423,0.991706759,
A,S_BB,D_A,50.0,8.32452583,0.990734969,
A,S_BB,D_A,50.0,8.34556221,0.990792065,
A,S_BB,D_A,50.0,8.36671927,0.990612464,
A,S_BB,D_A,50.0,8.38757523,0.991199653,
A,S_BB,D_A,50.0,8.40855808,0.991065155,
A,S_BB,D_A,50.0,8.42953585,0.992197471,
A,S_BB,D_A,50.0,8.45042977,0.991989036,
A,S_BB,D_A,50.0,8.47138662,0.989850138,
A,S_BB,D_A,50.0,8.49217243,0.990155946,
A,S_BB,D_A,50.0,8.51321806,0.993186547,
A,S_BB,D_A,50.0,8.53421183,0.990738419,
A,S_BB,D_A,50.0,8.55508292,0.992973969,
A,S_BB,D_A,50.0,8.57598662,0.992571812,
A,S_BB,D_A,50.0,8.59679232,0.990838277,
A,S_BB,D_A,50.0,8.61783107,0.991214906,
A,S_BB,D_A,50.0,8.63891768,0.992405563,
A,S_BB,D_A,50.0,8.65972861,0.992379761,
A,S_BB,D_A,50.0,8.68059853,0.9914254,
A,S_BB,D_A,50.0,8.70174168,0.991598496,
A,S_BB,D_A,50.0,8.72279566,0.990020291,
A,S_BB,D_A,50.0,8.74359241,0.991724639,
A,S_BB,D_A,50.0,8.76424415,0.990226952,
A,S_BB,D_A,50.0,8.78526729,0.990096696,
A,S_BB,D_A,50.0,8.80637189,0.990642725,
A,S_BB,D_A,50.0,8.82736896,0.990540646,
A,S_BB,D_A,50.0,8.84843212,0.991575067,
A,S_BB,D_A,50.0,8.86933197,0.993242715,
A,S_BB,D_A,50.0,8.89026857,0.992749979,
A,S_BB,D_A,50.0,8.91123702,0.993112892,
A,S_BB,D_A,50.0,8.93214776,0.991452342,
A,S_BB,D_A,50.0,8.95312097,0.992478731,
A,S_BB,D_A,50.0,8.9741304,0.991579499,
A,S_BB,D_A,50.0,8.99505705,0.991008112,
A,S_BB,D_A,50.0,9.01571368,0.990836074,
A,S_BB,D_A,50.0,9.03640927,0.992775505,
A,S_BB,D_A,50.0,9.05755121,0.99251189,
A,S_BB,D_A,50.0,9.07868023,0.991266044,
A,S_BB,D_A,50.0,9.09969513,0.992404226,
A,S_BB,D_A,50.0,9.1205658,0.990871412,
A,S_BB,D_A,50.0,9.14137844,0.992207597,
A,S_BB,D_A,50.0,9.16237082,0.991982636,
A,S_BB,D_A,50.0,9.18339441,0.995246403,
A,S_BB,D_A,50.0,9.20447395,0.993560751,
A,S_BB,D_A,50.0,9.22549281,0.993757468,
A,S_BB,D_A,50.0,9.2463962,0.991242892,
A,S_BB,D_A,50.0,9.26722673,0.992630536,
A,S_BB,D_A,50.0,9.28791689,0.991300526,
A,S_BB,D_A,50.0,9.30892724,0.99422284,
A,S_BB,D_A,50.0,9.33003065,0.9899481,
A,S_BB,D_A,50.0,9.35102864,0.992348669,
A,S_BB,D_A,50.0,9.37196601,0.992828938,
A,S_BB,D_A,50.0,9.39258783,0.992526599,
A,S_BB,D_A,50.0,9.41349621,0.992398997,
A,S_BB,D_A,50.0,9.4347927,0.992530693,
A,S_BB,D_A,50.0,9.45587737,0.992563966,
A,S_BB,D_A,50.0,9.47676866,0.993026276,
A,S_BB,D_A,50.0,9.49762777,0.993635575,
A,S_BB,D_A,50.0,9.51852362,0.992998248,
A,S_BB,D_A,50.0,9.53939795,0.992375071,
A,S_BB,D_A,50.0,9.56035551,0.993486632,
A,S_BB,D_A,50.0,9.58149741,0.995640914,
A,S_BB,D_A,50.0,9.60249587,0.993062965,
A,S_BB,D_A,50.0,9.62336478,0.995233881,
A,S_BB,D_A,50.0,9.64415055,0.993914318,
A,S_BB,D_A,50.0,9.66502224,0.995180994,
A,S_BB,D_A,50.0,9.68597433,0.994979488,
A,S_BB,D_A,50.0,9.7069728,0.994040978,
A,S_BB,D_A,50.0,9.72797765,0.993970703,
A,S_BB,D_A,50.0,9.74896401,0.99580188,
A,S_BB,D_A,50.0,9.76996217,0.997006954,
A,S_BB,D_A,50.0,9.79085678,0.997771993,
A,S_BB,D_A,50.0,9.81166698,0.995818702,
A,S_BB,D_A,50.0,9.83262494,0.996150698,
A,S_BB,D_A,50.0,9.85372265,0.996700536,
A,S_BB,D_A,50.0,9.87472665,0.996809829,
A,S_BB,D_A,50.0,9.89559934,0.997408252,
A,S_BB,D_A,50.0,9.91635289,0.996458656,
A,S_BB,D_A,50.0,9.93737645,0.99465761,
A,S_BB,D_A,50.0,9.95856995,0.994816939,
A,S_BB,D_A,50.0,9.97940815,0.998011254,
A,S_BB,D_A,50.0,10.000082,0.9951066,
A,S_BB,D_A,100.0,0.0252815853,0.00162478434,
A,S_BB,D_A,100.0,0.0486976344,0.00296814799,
A,S_BB,D_A,100.0,0.0692644017,0.00481637447,
A,S_BB,D_A,100.0,0.08877835,0.00691918444,
A,S_BB,D_A,100.0,0.111604297,0.0106566296,
A,S_BB,D_A,100.0,0.132731806,0.0144193196,
A,S_BB,D_A,100.0,0.153672181,0.0188886752,
A,S_BB,D_A,100.0,0.175641863,0.0243046338,
A,S_BB,D_A,100.0,0.196615509,0.0303920786,
A,S_BB,D_A,100.0,0.217326708,0.0370854064,
A,S_BB,D_A,100.0,0.237538457,0.0445928442,
A,S_BB,D_A,100.0,0.258148683,0.0516256776,
A,S_BB,D_A,100.0,0.28040349,0.0603373946,
A,S_BB,D_A,100.0,0.301929084,0.0697190515,
A,S_BB,D_A,100.0,0.322287413,0.0782423873,
A,S_BB,D_A,100.0,0.342663331,0.0892574703,
A,S_BB,D_A,100.0,0.363641289,0.099668839,
A,S_BB,D_A,100.0,0.385602948,0.111040371,
A,S_BB,D_A,100.0,0.406737165,0.121648421,
A,S_BB,D_A,100.0,0.427001871,0.132256838,
A,S_BB,D_A,100.0,0.448754416,0.144718512,
A,S_BB,D_A,100.0,0.469601745,0.159521598,
A,S_BB,D_A,100.0,0.489805379,0.171068252,
A,S_BB,D_A,100.0,0.510302494,0.185214775,
A,S_BB,D_A,100.0,0.53178319,0.19746334,
A,S_BB,D_A,100.0,0.553922362,0.213331575,
A,S_BB,D_A,100.0,0.574670041,0.229725621,
A,S_BB,D_A,100.0,0.594645701,0.240325828,
A,S_BB,D_A,100.0,0.615540037,0.257069469,
A,S_BB,D_A,100.0,0.636554081,0.273097068,
A,S_BB,D_A,100.0,0.658102417,0.290258897,
A,S_BB,D_A,100.0,0.679189641,0.30499404,
A,S_BB,D_A,100.0,0.700054044,0.320188436,
A,S_BB,D_A,100.0,0.721329826,0.335129583,
A,S_BB,D_A,100.0,0.742033923,0.356030488,
A,S_BB,D_A,100.0,0.762614581,0.371698356,
A,S_BB,D_A,100.0,0.783270495,0.385541879,
A,S_BB,D_A,100.0,0.804783918,0.404506015,
A,S_BB,D_A,100.0,0.826095906,0.422140264,
A,S_BB,D_A,100.0,0.846303977,0.438441291,
A,S_BB,D_A,100.0,0.867174819,0.456024494,
A,S_BB,D_A,100.0,0.888413258,0.479066225,
A,S_BB,D_A,100.0,0.909910564,0.493787681,
A,S_BB,D_A,100.0,0.931134698,0.513677129,
A,S_BB,D_A,100.0,0.951563161,0.526504168,
A,S_BB,D_A,100.0,0.972160451,0.548168059,
A,S_BB,D_A,100.0,0.993008165,0.563323259,
A,S_BB,D_A,100.0,1.0140906,0.583914137,
A,S_BB,D_A,100.0,1.03500338,0.602306692,
A,S_BB,D_A,100.0,1.05657413,0.620960404,
A,S_BB,D_A,100.0,1.07789814,0.632024165,
A,S_BB,D_A,100.0,1.09835045,0.64955556,
A,S_BB,D_A,100.0,1.11903902,0.670948257,
A,S_BB,D_A,100.0,1.1396405,0.68477127,
A,S_BB,D_A,100.0,1.16109193,0.700593205,
A,S_BB,D_A,100.0,1.18227503,0.72170414,
A,S_BB,D_A,100.0,1.2030555,0.735453394,
A,S_BB,D_A,100.0,1.22375183,0.74934431,
A,S_BB,D_A,100.0,1.24453484,0.764249724,
A,S_BB,D_A,100.0,1.26570671,0.778104443,
A,S_BB,D_A,100.0,1.28693994,0.794919513,
A,S_BB,D_A,100.0,1.30807124,0.809339529,
A,S_BB,D_A,100.0,1.32889646,0.820494457,
A,S_BB,D_A,100.0,1.34945121,0.832292243,
A,S_BB,D_A,100.0,1.37055188,0.849852514,
A,S_BB,D_A,100.0,1.39148285,0.860912838,
A,S_BB,D_A,100.0,1.41220445,0.870436142,
A,S_BB,D_A,100.0,1.43352474,0.885009249,
A,S_BB,D_A,100.0,1.45454751,0.888253315,
A,S_BB,D_A,100.0,1.47511055,0.8979341,
A,S_BB,D_A,100.0,1.49566583,0.908006756,
A,S_BB,D_A,100.0,1.51690776,0.912510365,
A,S_BB,D_A,100.0,1.53826425,0.919476156,
A,S_BB,D_A,100.0,1.55931449,0.932162399,
A,S_BB,D_A,100.0,1.58012172,0.936143767,
A,S_BB,D_A,100.0,1.60114355,0.941226891,
A,S_BB,D_A,100.0,1.62229155,0.94510286,
A,S_BB,D_A,100.0,1.64295947,0.951533121,
A,S_BB,D_A,100.0,1.66366432,0.957911908,
A,S_BB,D_A,100.0,1.68478217,0.962528785,
A,S_BB,D_A,100.0,1.7057485,0.959545048,
A,S_BB,D_A,100.0,1.72683745,0.973907258,
A,S_BB,D_A,100.0,1.74765849,0.971238243,
A,S_BB,D_A,100.0,1.76847487,0.974397384,
A,S_BB,D_A,100.0,1.78961871,0.973485637,
A,S_BB,D_A,100.0,1.81086098,0.982396953,
A,S_BB,D_A,100.0,1.83179094,0.976849229,
A,S_BB,D_A,100.0,1.8521746,0.978167353,
A,S_BB,D_A,100.0,1.8733654,0.97929602,
A,S_BB,D_A,100.0,1.89455538,0.980920388,
A,S_BB,D_A,100.0,1.91534795,0.984134622,
A,S_BB,D_A,100.0,1.93623233,0.979306534,
A,S_BB,D_A,100.0,1.9571481,0.97968739,
A,S_BB,D_A,100.0,1.97825109,0.980090474,
A,S_BB,D_A,100.0,1.99905898,0.974437678,
A,S_BB,D_A,100.0,2.01966715,0.976650973,
A,S_BB,D_A,100.0,2.04082415,0.971163929,
A,S_BB,D_A,100.0,2.06193171,0.974706609,
A,S_BB,D_A,100.0,2.08296048,0.974371945,
A,S_BB,D_A,100.0,2.10383017,0.973105005,
A,S_BB,D_A,100.0,2.12494312,0.973380896,
A,S_BB,D_A,100.0,2.14618475,0.964019832,
A,S_BB,D_A,100.0,2.16679298,0.970671593,
A,S_BB,D_A,100.0,2.18753482,0.965517244,
A,S_BB,D_A,100.0,2.20847027,0.96835695,
A,S_BB,D_A,100.0,2.22955181,0.965462176,
A,S_BB,D_A,100.0,2.25078374,0.959958653,
A,S_BB,D_A,100.0,2.27150159,0.95833921,
A,S_BB,D_A,100.0,2.29205574,0.95993622,
A,S_BB,D_A,100.0,2.31294326,0.957108794,
A,S_BB,D_A,100.0,2.3340363,0.957317652,
A,S_BB,D_A,100.0,2.35514399,0.956742305,
A,S_BB,D_A,100.0,2.37607726,0.957104195,
A,S_BB,D_A,100.0,2.39730341,0.955070217,
A,S_BB,D_A,100.0,2.41857203,0.949508739,
A,S_BB,D_A,100.0,2.43911056,0.95168896,
A,S_BB,D_A,100.0,2.45988005,0.953362279,
A,S_BB,D_A,100.0,2.48094151,0.95007857,
A,S_BB,D_A,100.0,2.50196601,0.946022202,
A,S_BB,D_A,100.0,2.52300496,0.94599175,
A,S_BB,D_A,100.0,2.54340089,0.950044357,
A,S_BB,D_A,100.0,2.56415297,0.948194102,
A,S_BB,D_A,100.0,2.58575836,0.946442458,
A,S_BB,D_A,100.0,2.60684428,0.946753528,
A,S_BB,D_A,100.0,2.62775949,0.946584263,
A,S_BB,D_A,100.0,2.64834355,0.945661324,
A,S_BB,D_A,100.0,2.66912062,0.942706366,
A,S_BB,D_A,100.0,2.69039946,0.942824367,
A,S_BB,D_A,100.0,2.71121518,0.946554331,
A,S_BB,D_A,100.0,2.7321837,0.947624761,
A,S_BB,D_A,100.0,2.75306239,0.945424875,
A,S_BB,D_A,100.0,2.77427049,0.947278855,
A,S_BB,D_A,100.0,2.79557932,0.948620799,
A,S_BB,D_A,100.0,2.8160646,0.9477105,
A,S_BB,D_A,100.0,2.83689478,0.947460796,
A,S_BB,D_A,100.0,2.85801727,0.947017864,
A,S_BB,D_A,100.0,2.87906973,0.94898558,
A,S_BB,D_A,100.0,2.89996898,0.945600075,
A,S_BB,D_A,100.0,2.92062944,0.947511799,
A,S_BB,D_A,100.0,2.941605,0.947129976,
A,S_BB,D_A,100.0,2.96267076,0.947805974,
A,S_BB,D_A,100.0,2.98347442,0.952674677,
A,S_BB,D_A,100.0,3.00437656,0.949932579,
A,S_BB,D_A,100.0,3.02542142,0.955453239,
A,S_BB,D_A,100.0,3.04658726,0.952461441,
A,S_BB,D_A,100.0,3.06768101,0.953070114,
A,S_BB,D_A,100.0,3.088328,0.952201092,
A,S_BB,D_A,100.0,3.10931167,0.953429044,
A,S_BB,D_A,100.0,3.1305457,0.952771872,
A,S_BB,D_A,100.0,3.15150209,0.953660242,
A,S_BB,D_A,100.0,3.17219014,0.955209386,
A,S_BB,D_A,100.0,3.19299024,0.956131414,
A,S_BB,D_A,100.0,3.21390436,0.956324986,
A,S_BB,D_A,100.0,3.23506564,0.954921702,
A,S_BB,D_A,100.0,3.25605387,0.956615051,
A,S_BB,D_A,100.0,3.27685776,0.95886398,
A,S_BB,D_A,100.0,3.29794723,0.962045204,
A,S_BB,D_A,100.0,3.31884778,0.95995128,
A,S_BB,D_A,100.0,3.33944269,0.961685088,
A,S_BB,D_A,100.0,3.36030612,0.960389355,
A,S_BB,D_A,100.0,3.38171654,0.959344069,
A,S_BB,D_A,100.0,3.40297495,0.962424336,
A,S_BB,D_A,100.0,3.42370792,0.962429213,
A,S_BB,D_A,100.0,3.44440875,0.956894821,
A,S_BB,D_A,100.0,3.465315,0.963521103,
A,S_BB,D_A,100.0,3.4865867,0.962759893,
A,S_BB,D_A,100.0,3.50751221,0.965751392,
A,S_BB,D_A,100.0,3.52796741,0.96636724,
A,S_BB,D_A,100.0,3.5488788,0.968508497,
A,S_BB,D_A,100.0,3.57014151,0.96804952,
A,S_BB,D_A,100.0,3.59120365,0.96537082,
A,S_BB,D_A,100.0,3.61190928,0.971143885,
A,S_BB,D_A,100.0,3.63300558,0.966531067,
A,S_BB,D_A,100.0,3.6541422,0.97130914,
A,S_BB,D_A,100.0,3.67500902,0.969615031,
A,S_BB,D_A,100.0,3.69581564,0.972158493,
A,S_BB,D_A,100.0,3.71644729,0.971079515,
A,S_BB,D_A,100.0,3.73749774,0.97405197,
A,S_BB,D_A,100.0,3.75868086,0.974764192,
A,S_BB,D_A,100.0,3.77950549,0.975104118,
A,S_BB,D_A,100.0,3.80027286,0.974842337,
A,S_BB,D_A,100.0,3.82143123,0.973947048,
A,S_BB,D_A,100.0,3.84280481,0.975407317,
A,S_BB,D_A,100.0,3.86349282,0.977714934,
A,S_BB,D_A,100.0,3.88417456,0.97695281,
A,S_BB,D_A,100.0,3.90535419,0.979290041,
A,S_BB,D_A,100.0,3.9264697,0.982671665,
A,S_BB,D_A,100.0,3.94738681,0.984475049,
A,S_BB,D_A,100.0,3.96810309,0.98039228,
A,S_BB,D_A,100.0,3.98888694,0.982044206,
A,S_BB,D_A,100.0,4.00993371,0.983923983,
A,S_BB,D_A,100.0,4.03080983,0.983428428,
A,S_BB,D_A,100.0,4.05178039,0.986245397,
A,S_BB,D_A,100.0,4.07276799,0.988370019,
A,S_BB,D_A,100.0,4.09368684,0.985862576,
A,S_BB,D_A,100.0,4.11485609,0.989492628,
A,S_BB,D_A,100.0,4.13583188,0.990476992,
A,S_BB,D_A,100.0,4.15670688,0.992919002,
A,S_BB,D_A,100.0,4.17758774,0.990582384,
A,S_BB,D_A,100.0,4.19867141,0.989745752,
A,S_BB,D_A,100.0,4.21961517,0.989872553,
A,S_BB,D_A,100.0,4.24013393,0.993460781,
A,S_BB,D_A,100.0,4.26119077,0.994212169,
A,S_BB,D_A,100.0,4.28239268,0.994680123,
A,S_BB,D_A,100.0,4.30342826,0.996251371,
A,S_BB,D_A,100.0,4.32431592,0.995772062,
A,S_BB,D_A,100.0,4.34508479,0.996754267,
A,S_BB,D_A,100.0,4.36604259,0.995570149,
A,S_BB,D_A,100.0,4.38708086,1.00210175,
A,S_BB,D_A,100.0,4.40778797,0.997933737,
A,S_BB,D_A,100.0,4.4288526,1.00054083,
A,S_BB,D_A,100.0,4.44994967,1.00372495,
A,S_BB,D_A,100.0,4.47085438,0.99917082,
A,S_BB,D_A,100.0,4.49188801,1.00212263,
A,S_BB,D_A,100.0,4.51250216,1.00410105,
A,S_BB,D_A,100.0,4.5334461,1.00317741,
A,S_BB,D_A,100.0,4.55463591,1.00098849,
A,S_BB,D_A,100.0,4.57547609,1.00452053,
A,S_BB,D_A,100.0,4.59643311,1.00539945,
A,S_BB,D_A,100.0,4.61732903,1.00988171,
A,S_BB,D_A,100.0,4.63833098,1.0073269,
A,S_BB,D_A,100.0,4.65949324,1.0050225,
A,S_BB,D_A,100.0,4.68039693,1.00498002,
A,S_BB,D_A,100.0,4.70136745,1.00692468,
A,S_BB,D_A,100.0,4.72221533,1.00949402,
A,S_BB,D_A,100.0,4.74309374,1.0101699,
A,S_BB,D_A,100.0,4.76390784,1.00848911,
A,S_BB,D_A,100.0,4.78491795,1.00621183,
A,S_BB,D_A,100.0,4.80636204,1.01163428,
A,S_BB,D_A,100.0,4.82728449,1.01211759,
A,S_BB,D_A,100.0,4.84785524,1.01048412,
A,S_BB,D_A,100.0,4.86859731,1.0128983,
A,S_BB,D_A,100.0,4.88954319,1.01275994,
A,S_BB,D_A,100.0,4.91078695,1.0079177,
A,S_BB,D_A,100.0,4.93172016,1.01340747,
A,S_BB,D_A,100.0,4.95244063,1.01454526,
A,S_BB,D_A,100.0,4.97348932,1.01577682,
A,S_BB,D_A,100.0,4.994309,1.01342273,
A,S_BB,D_A,100.0,5.01515697,1.01192961,
A,S_BB,D_A,100.0,5.03598003,1.01600558,
A,S_BB,D_A,100.0,5.05703237,1.01308543,
A,S_BB,D_A,100.0,5.07840332,1.01668664,
A,S_BB,D_A,100.0,5.09943841,1.01487663,
A,S_BB,D_A,100.0,5.12032938,1.01425868,
A,S_BB,D_A,100.0,5.14107614,1.01708475,
A,S_BB,D_A,100.0,5.16214077,1.01820284,
A,S_BB,D_A,100.0,5.18341099,1.01648501,
A,S_BB,D_A,100.0,5.2041075,1.018375,
A,S_BB,D_A,100.0,5.22477891,1.01434416,
A,S_BB,D_A,100.0,5.24557967,1.01757006,
A,S_BB,D_A,100.0,5.26649236,1.01950249,
A,S_BB,D_A,100.0,5.28753131,1.01971416,
A,S_BB,D_A,100.0,5.30847064,1.01934278,
A,S_BB,D_A,100.0,5.32946745,1.0175775,
A,S_BB,D_A,100.0,5.3506922,1.01553907,
A,S_BB,D_A,100.0,5.37158853,1.01958068,
A,S_BB,D_A,100.0,5.39231925,1.0202651,
A,S_BB,D_A,100.0,5.41333352,1.01549699,
A,S_BB,D_A,100.0,5.43434316,1.0179171,
A,S_BB,D_A,100.0,5.45530659,1.01990422,
A,S_BB,D_A,100.0,5.47618498,1.01790817,
A,S_BB,D_A,100.0,5.49715755,1.01744333,
A,S_BB,D_A,100.0,5.51801586,1.01744716,
A,S_BB,D_A,100.0,5.53881995,1.01958664,
A,S_BB,D_A,100.0,5.55992514,1.01908735,
A,S_BB,D_A,100.0,5.58098545,1.01720404,
A,S_BB,D_A,100.0,5.60183772,1.01799529,
A,S_BB,D_A,100.0,5.62277584,1.01648398,
A,S_BB,D_A,100.0,5.64379172,1.01870301,
A,S_BB,D_A,100.0,5.66460817,1.01823109,
A,S_BB,D_A,100.0,5.68556022,1.01994941,
A,S_BB,D_A,100.0,5.7067909,1.01821766,
A,S_BB,D_A,100.0,5.72769317,1.01792392,
A,S_BB,D_A,100.0,5.74840017,1.01940994,
A,S_BB,D_A,100.0,5.76938192,1.01823829,
A,S_BB,D_A,100.0,5.79039764,1.01563074,
A,S_BB,D_A,100.0,5.81144039,1.01527636,
A,S_BB,D_A,100.0,5.83232115,1.0206673,
A,S_BB,D_A,100.0,5.85320209,1.01786729,
A,S_BB,D_A,100.0,5.87418919,1.01596852,
A,S_BB,D_A,100.0,5.89509625,1.01780487,
A,S_BB,D_A,100.0,5.9159726,1.01932035,
A,S_BB,D_A,100.0,5.93682663,1.01691233,
A,S_BB,D_A,100.0,5.95791772,1.01435936,
A,S_BB,D_A,100.0,5.97900675,1.01621985,
A,S_BB,D_A,100.0,5.99978945,1.01592282,
A,S_BB,D_A,100.0,6.02063577,1.01730779,
A,S_BB,D_A,100.0,6.04156421,1.01384196,
A,S_BB,D_A,100.0,6.06259364,1.01437694,
A,S_BB,D_A,100.0,6.08377541,1.01636297,
A,S_BB,D_A,100.0,6.10447051,1.01470609,
A,S_BB,D_A,100.0,6.12538157,1.01353504,
A,S_BB,D_A,100.0,6.14660689,1.01291637,
A,S_BB,D_A,100.0,6.16752321,1.01464967,
A,S_BB,D_A,100.0,6.18833806,1.01382116,
A,S_BB,D_A,100.0,6.20938667,1.01360719,
A,S_BB,D_A,100.0,6.23052184,1.01031773,
A,S_BB,D_A,100.0,6.25137137,1.01269943,
A,S_BB,D_A,100.0,6.27204484,1.01431031,
A,S_BB,D_A,100.0,6.29290789,1.01246278,
A,S_BB,D_A,100.0,6.31382104,1.01143518,
A,S_BB,D_A,100.0,6.33495691,1.01322612,
A,S_BB,D_A,100.0,6.35600914,1.01296709,
A,S_BB,D_A,100.0,6.37663869,1.01290568,
A,S_BB,D_A,100.0,6.39770954,1.00884116,
A,S_BB,D_A,100.0,6.41872759,1.01377081,
A,S_BB,D_A,100.0,6.43951457,1.01044157,
A,S_BB,D_A,100.0,6.46033562,1.0137301,
A,S_BB,D_A,100.0,6.4814564,1.01312391,
A,S_BB,D_A,100.0,6.50265681,1.01295142,
A,S_BB,D_A,100.0,6.52350383,1.01156839,
A,S_BB,D_A,100.0,6.54427866,1.00786056,
A,S_BB,D_A,100.0,6.56515568,1.00866498,
A,S_BB,D_A,100.0,6.58628576,1.0055847,
A,S_BB,D_A,100.0,6.60749316,1.01034773,
A,S_BB,D_A,100.0,6.62830625,1.00715875,
A,S_BB,D_A,100.0,6.64913567,1.00871462,
A,S_BB,D_A,100.0,6.67020149,1.00716906,
A,S_BB,D_A,100.0,6.69106898,1.00312805,
A,S_BB,D_A,100.0,6.71185955,1.00641389,
A,S_BB,D_A,100.0,6.73264651,1.00792609,
A,S_BB,D_A,100.0,6.7537045,1.00815377,
A,S_BB,D_A,100.0,6.77487174,1.00766309,
A,S_BB,D_A,100.0,6.79557562,1.00365293,
A,S_BB,D_A,100.0,6.81648781,1.00461325,
A,S_BB,D_A,100.0,6.83753747,1.00549821,
A,S_BB,D_A,100.0,6.85867557,1.00496073,
A,S_BB,D_A,100.0,6.87985316,1.00345891,
A,S_BB,D_A,100.0,6.90065786,1.00321072,
A,S_BB,D_A,100.0,6.92153112,1.00476662,
A,S_BB,D_A,100.0,6.94229803,1.00462851,
A,S_BB,D_A,100.0,6.9630016,1.00204302,
A,S_BB,D_A,100.0,6.98416877,1.00493633,
A,S_BB,D_A,100.0,7.0052781,1.00509144,
A,S_BB,D_A,100.0,7.02617612,1.00381813,
A,S_BB,D_A,100.0,7.04699526,1.00474671,
A,S_BB,D_A,100.0,7.06761685,1.00420347,
A,S_BB,D_A,100.0,7.08873369,1.0010698,
A,S_BB,D_A,100.0,7.10994937,0.999680641,
A,S_BB,D_A,100.0,7.13102893,1.00127909,
A,S_BB,D_A,100.0,7.15201412,1.0006001,
A,S_BB,D_A,100.0,7.17271336,1.00006494,
A,S_BB,D_A,100.0,7.19374266,1.00169318,
A,S_BB,D_A,100.0,7.21473042,1.00117159,
A,S_BB,D_A,100.0,7.23564263,0.999975339,
A,S_BB,D_A,100.0,7.25666289,1.00062921,
A,S_BB,D_A,100.0,7.27757645,0.999846054,
A,S_BB,D_A,100.0,7.2984411,0.997062015,
A,S_BB,D_A,100.0,7.31917384,0.997003951,
A,S_BB,D_A,100.0,7.34001688,0.996767879,
A,S_BB,D_A,100.0,7.3611683,0.998406496,
A,S_BB,D_A,100.0,7.38224284,0.997943049,
A,S_BB,D_A,100.0,7.40324015,0.995670689,
A,S_BB,D_A,100.0,7.42408854,0.998035824,
A,S_BB,D_A,100.0,7.44500634,0.997287854,
A,S_BB,D_A,100.0,7.46595959,0.997108319,
A,S_BB,D_A,100.0,7.48696308,0.997134586,
A,S_BB,D_A,100.0,7.5079936,0.997039341,
A,S_BB,D_A,100.0,7.52871967,0.995032655,
A,S_BB,D_A,100.0,7.54966921,0.999293334,
A,S_BB,D_A,100.0,7.57064902,0.995694754,
A,S_BB,D_A,100.0,7.59151428,0.998786775,
A,S_BB,D_A,100.0,7.6123809,0.998531985,
A,S_BB,D_A,100.0,7.63338324,0.994330911,
A,S_BB,D_A,100.0,7.65450532,0.995506968,
A,S_BB,D_A,100.0,7.67556944,0.994896805,
A,S_BB,D_A,100.0,7.69637751,0.992334458,
A,S_BB,D_A,100.0,7.71727216,0.995680966,
A,S_BB,D_A,100.0,7.73835725,0.994408331,
A,S_BB,D_A,100.0,7.75934923,0.996232949,
A,S_BB,D_A,100.0,7.78023116,0.994900889,
A,S_BB,D_A,100.0,7.80098697,0.994479602,
A,S_BB,D_A,100.0,7.82190677,0.994797398,
A,S_BB,D_A,100.0,7.84304931,0.992751271,
A,S_BB,D_A,100.0,7.86405132,0.994129543,
A,S_BB,D_A,100.0,7.88484553,0.991929055,
A,S_BB,D_A,100.0,7.90574885,0.993324847,
A,S_BB,D_A,100.0,7.9267531,0.992362119,
A,S_BB,D_A,100.0,7.94765228,0.994458197,
A,S_BB,D_A,100.0,7.96842304,0.993179092,
A,S_BB,D_A,100.0,7.98938616,0.994048671,
A,S_BB,D_A,100.0,8.01050815,0.993919681,
A,S_BB,D_A,100.0,8.03153334,0.991972852,
A,S_BB,D_A,100.0,8.05240251,0.992469422,
A,S_BB,D_A,100.0,8.07332696,0.991809447,
A,S_BB,D_A,100.0,8.09438514,0.992477639,
A,S_BB,D_A,100.0,8.11529588,0.993449129,
A,S_BB,D_A,100.0,8.13618411,0.994080407,
A,S_BB,D_A,100.0,8.15717855,0.992490323,
A,S_BB,D_A,100.0,8.17807847,0.993917901,
A,S_BB,D_A,100.0,8.19905269,0.989640697,
A,S_BB,D_A,100.0,8.21991085,0.995209096,
A,S_BB,D_A,100.0,8.24078529,0.990891625,
A,S_BB,D_A,100.0,8.26195652,0.990830404,
A,S_BB,D_A,100.0,8.28293039,0.993725004,
A,S_BB,D_A,100.0,8.30373423,0.991715307,
A,S_BB,D_A,100.0,8.32452583,0.991929749,
A,S_BB,D_A,100.0,8.34556221,0.990998026,
A,S_BB,D_A,100.0,8.36671927,0.991510671,
A,S_BB,D_A,100.0,8.38757523,0.990945348,
A,S_BB,D_A,100.0,8.40855808,0.992590876,
A,S_BB,D_A,100.0,8.42953585,0.990273584,
A,S_BB,D_A,100.0,8.45042977,0.990662757,
A,S_BB,D_A,100.0,8.47138662,0.990366811,
A,S_BB,D_A,100.0,8.49217243,0.990434019,
A,S_BB,D_A,100.0,8.51321806,0.991357009,
A,S_BB,D_A,100.0,8.53421183,0.993817768,
A,S_BB,D_A,100.0,8.55508292,0.990690353,
A,S_BB,D_A,100.0,8.57598662,0.991112768,
A,S_BB,D_A,100.0,8.59679232,0.990906888,
A,S_BB,D_A,100.0,8.61783107,0.99075533,
A,S_BB,D_A,100.0,8.63891768,0.992363459,
A,S_BB,D_A,100.0,8.65972861,0.991363989,
A,S_BB,D_A,100.0,8.68059853,0.992190743,
A,S_BB,D_A,100.0,8.70174168,0.992632249,
A,S_BB,D_A,100.0,8.72279566,0.991370216,
A,S_BB,D_A,100.0,8.74359241,0.991981571,
A,S_BB,D_A,100.0,8.76424415,0.990247364,
A,S_BB,D_A,100.0,8.78526729,0.992250673,
A,S_BB,D_A,100.0,8.80637189,0.991901194,
A,S_BB,D_A,100.0,8.82736896,0.993158109,
A,S_BB,D_A,100.0,8.84843212,0.991309723,
A,S_BB,D_A,100.0,8.86933197,0.993560725,
A,S_BB,D_A,100.0,8.89026857,0.990538472,
A,S_BB,D_A,100.0,8.91123702,0.992100295,
A,S_BB,D_A,100.0,8.93214776,0.990386256,
A,S_BB,D_A,100.0,8.95312097,0.991709683,
A,S_BB,D_A,100.0,8.9741304,0.994125543,
A,S_BB,D_A,100.0,8.99505705,0.993148362,
A,S_BB,D_A,100.0,9.01571368,0.991026909,
A,S_BB,D_A,100.0,9.03640927,0.991540922,
A,S_BB,D_A,100.0,9.05755121,0.994000963,
A,S_BB,D_A,100.0,9.07868023,0.990670285,
A,S_BB,D_A,100.0,9.09969513,0.989460218,
A,S_BB,D_A,100.0,9.1205658,0.993366772,
A,S_BB,D_A,100.0,9.14137844,0.992899646,
A,S_BB,D_A,100.0,9.16237082,0.991093835,
A,S_BB,D_A,100.0,9.18339441,0.992267407,
A,S_BB,D_A,100.0,9.20447395,0.991898233,
A,S_BB,D_A,100.0,9.22549281,0.9924807,
A,S_BB,D_A,100.0,9.2463962,0.992710831,
A,S_BB,D_A,100.0,9.26722673,0.992855549,
A,S_BB,D_A,100.0,9.28791689,0.995335341,
A,S_BB,D_A,100.0,9.30892724,0.991852519,
A,S_BB,D_A,100.0,9.33003065,0.993373555,
A,S_BB,D_A,100.0,9.35102864,0.997333461,
A,S_BB,D_A,100.0,9.37196601,0.994827808,
A,S_BB,D_A,100.0,9.39258783,0.993127766,
A,S_BB,D_A,100.0,9.41349621,0.991630555,
A,S_BB,D_A,100.0,9.4347927,0.995154639,
A,S_BB,D_A,100.0,9.45587737,0.99285881,
A,S_BB,D_A,100.0,9.47676866,0.99557985,
A,S_BB,D_A,100.0,9.49762777,0.992392516,
A,S_BB,D_A,100.0,9.51852362,0.993151752,
A,S_BB,D_A,100.0,9.53939795,0.994305131,
A,S_BB,D_A,100.0,9.56035551,0.993685395,
A,S_BB,D_A,100.0,9.58149741,0.993274759,
A,S_BB,D_A,100.0,9.60249587,0.993512253,
A,S_BB,D_A,100.0,9.62336478,0.995192956,
A,S_BB,D_A,100.0,9.64415055,0.993488322,
A,S_BB,D_A,100.0,9.66502224,0.996026737,
A,S_BB,D_A,100.0,9.68597433,0.994630936,
A,S_BB,D_A,100.0,9.7069728,0.994040869,
A,S_BB,D_A,100.0,9.72797765,0.998340671,
A,S_BB,D_A,100.0,9.74896401,0.992376562,
A,S_BB,D_A,100.0,9.76996217,0.997508908,
A,S_BB,D_A,100.0,9.79085678,0.995017725,
A,S_BB,D_A,100.0,9.81166698,0.995479687,
A,S_BB,D_A,100.0,9.83262494,0.99423315,
A,S_BB,D_A,100.0,9.85372265,0.997099938,
A,S_BB,D_A,100.0,9.87472665,0.9959882,
A,S_BB,D_A,100.0,9.89559934,0.997097611,
A,S_BB,D_A,100.0,9.91635289,0.99462171,
A,S_BB,D_A,100.0,9.93737645,0.995211106,
A,S_BB,D_A,100.0,9.95856995,0.998879055,
A,S_BB,D_A,100.0,9.97940815,0.994860932,
A,S_BB,D_A,100.0,10.000082,0.99886481,
C,S_BB,h,0.0,0.0252815853,0.00051685787,
C,S_BB,h,0.0,0.0486976344,0.00176719978,
C,S_BB,h,0.0,0.0692644017,0.0035580637,
C,S_BB,h,0.0,0.08877835,0.00573280268,
C,S_BB,h,0.0,0.111604297,0.00908419515,
C,S_BB,h,0.0,0.132731806,0.0127753496,
C,S_BB,h,0.0,0.153672181,0.0173094953,
C,S_BB,h,0.0,0.175641863,0.0225858499,
C,S_BB,h,0.0,0.196615509,0.0281847936,
C,S_BB,h,0.0,0.217326708,0.033987439,
C,S_BB,h,0.0,0.237538457,0.0406500615,
C,S_BB,h,0.0,0.258148683,0.0475490534,
C,S_BB,h,0.0,0.28040349,0.0557670868,
C,S_BB,h,0.0,0.301929084,0.0640566447,
C,S_BB,h,0.0,0.322287413,0.0729113705,
C,S_BB,h,0.0,0.342663331,0.0824214716,
C,S_BB,h,0.0,0.363641289,0.0924681163,
C,S_BB,h,0.0,0.385602948,0.103439571,
C,S_BB,h,0.0,0.406737165,0.114602131,
C,S_BB,h,0.0,0.427001871,0.126074648,
C,S_BB,h,0.0,0.448754416,0.138120042,
C,S_BB,h,0.0,0.469601745,0.150216543,
C,S_BB,h,0.0,0.489805379,0.161259706,
C,S_BB,h,0.0,0.510302494,0.173541113,
C,S_BB,h,0.0,0.53178319,0.190119413,
C,S_BB,h,0.0,0.553922362,0.205391884,
C,S_BB,h,0.0,0.574670041,0.218583139,
C,S_BB,h,0.0,0.594645701,0.233969288,
C,S_BB,h,0.0,0.615540037,0.24783329,
C,S_BB,h,0.0,0.636554081,0.26364171,
C,S_BB,h,0.0,0.658102417,0.278606574,
C,S_BB,h,0.0,0.679189641,0.297198772,
C,S_BB,h,0.0,0.700054044,0.312656238,
C,S_BB,h,0.0,0.721329826,0.328312823,
C,S_BB,h,0.0,0.742033923,0.346588904,
C,S_BB,h,0.0,0.762614581,0.363050594,
C,S_BB,h,0.0,0.783270495,0.382948727,
C,S_BB,h,0.0,0.804783918,0.399400271,
C,S_BB,h,0.0,0.826095906,0.416898011,
C,S_BB,h,0.0,0.846303977,0.434544549,
C,S_BB,h,0.0,0.867174819,0.451366222,
C,S_BB,h,0.0,0.888413258,0.471405544,
C,S_BB,h,0.0,0.909910564,0.487706738,
C,S_BB,h,0.0,0.931134698,0.50810749,
C,S_BB,h,0.0,0.951563161,0.524427957,
C,S_BB,h,0.0,0.972160451,0.546874087,
C,S_BB,h,0.0,0.993008165,0.560244557,
C,S_BB,h,0.0,1.0140906,0.580820284,
C,S_BB,h,0.0,1.03500338,0.599226223,
C,S_BB,h,0.0,1.05657413,0.614661698,
C,S_BB,h,0.0,1.07789814,0.636281293,
C,S_BB,h,0.0,1.09835045,0.65537991,
C,S_BB,h,0.0,1.11903902,0.671689554,
C,S_BB,h,0.0,1.1396405,0.68999437,
C,S_BB,h,0.0,1.16109193,0.70673717,
C,S_BB,h,0.0,1.18227503,0.721785859,
C,S_BB,h,0.0,1.2030555,0.738012199,
C,S_BB,h,0.0,1.22375183,0.757178152,
C,S_BB,h,0.0,1.24453484,0.770359508,
C,S_BB,h,0.0,1.26570671,0.785916935,
C,S_BB,h,0.0,1.28693994,0.799792146,
C,S_BB,h,0.0,1.30807124,0.812548372,
C,S_BB,h,0.0,1.32889646,0.826091908,
C,S_BB,h,0.0,1.34945121,0.842876916,
C,S_BB,h,0.0,1.37055188,0.845712658,
C,S_BB,h,0.0,1.39148285,0.869026932,
C,S_BB,h,0.0,1.41220445,0.879175108,
C,S_BB,h,0.0,1.43352474,0.884904672,
C,S_BB,h,0.0,1.45454751,0.900587778,
C,S_BB,h,0.0,1.47511055,0.900796695,
C,S_BB,h,0.0,1.49566583,0.912896949,
C,S_BB,h,0.0,1.51690776,0.920694659,
C,S_BB,h,0.0,1.53826425,0.935925001,
C,S_BB,h,0.0,1.55931449,0.937784154,
C,S_BB,h,0.0,1.58012172,0.940125393,
C,S_BB,h,0.0,1.60114355,0.94659566,
C,S_BB,h,0.0,1.62229155,0.951205348,
C,S_BB,h,0.0,1.64295947,0.960762901,
C,S_BB,h,0.0,1.66366432,0.960977191,
C,S_BB,h,0.0,1.68478217,0.964555605,
C,S_BB,h,0.0,1.7057485,0.971397558,
C,S_BB,h,0.0,1.72683745,0.97906321,
C,S_BB,h,0.0,1.74765849,0.979560181,
C,S_BB,h,0.0,1.76847487,0.978266646,
C,S_BB,h,0.0,1.78961871,0.973519363,
C,S_BB,h,0.0,1.81086098,0.985208168,
C,S_BB,h,0.0,1.83179094,0.983240587,
C,S_BB,h,0.0,1.8521746,0.982877131,
C,S_BB,h,0.0,1.8733654,0.982881635,
C,S_BB,h,0.0,1.89455538,0.984546067,
C,S_BB,h,0.0,1.91534795,0.985210351,
C,S_BB,h,0.0,1.93623233,0.984153134,
C,S_BB,h,0.0,1.9571481,0.982749066,
C,S_BB,h,0.0,1.97825109,0.987403906,
C,S_BB,h,0.0,1.99905898,0.980972667,
C,S_BB,h,0.0,2.01966715,0.974890516,
C,S_BB,h,0.0,2.04082415,0.978506123,
C,S_BB,h,0.0,2.06193171,0.978069549,
C,S_BB,h,0.0,2.08296048,0.975381766,
C,S_BB,h,0.0,2.10383017,0.979248035,
C,S_BB,h,0.0,2.12494312,0.977308417,
C,S_BB,h,0.0,2.14618475,0.971814336,
C,S_BB,h,0.0,2.16679298,0.974056903,
C,S_BB,h,0.0,2.18753482,0.968960182,
C,S_BB,h,0.0,2.20847027,0.967594948,
C,S_BB,h,0.0,2.22955181,0.965832293,
C,S_BB,h,0.0,2.25078374,0.964063871,
C,S_BB,h,0.0,2.27150159,0.958704774,
C,S_BB,h,0.0,2.29205574,0.959047752,
C,S_BB,h,0.0,2.31294326,0.960630451,
C,S_BB,h,0.0,2.3340363,0.954894901,
C,S_BB,h,0.0,2.35514399,0.957091108,
C,S_BB,h,0.0,2.37607726,0.960241239,
C,S_BB,h,0.0,2.39730341,0.952712708,
C,S_BB,h,0.0,2.41857203,0.951554318,
C,S_BB,h,0.0,2.43911056,0.952254742,
C,S_BB,h,0.0,2.45988005,0.954079781,
C,S_BB,h,0.0,2.48094151,0.951650247,
C,S_BB,h,0.0,2.50196601,0.948324242,
C,S_BB,h,0.0,2.52300496,0.945092189,
C,S_BB,h,0.0,2.54340089,0.945394803,
C,S_BB,h,0.0,2.56415297,0.94815798,
C,S_BB,h,0.0,2.58575836,0.945006984,
C,S_BB,h,0.0,2.60684428,0.946467718,
C,S_BB,h,0.0,2.62775949,0.946441449,
C,S_BB,h,0.0,2.64834355,0.947873121,
C,S_BB,h,0.0,2.66912062,0.944758521,
C,S_BB,h,0.0,2.69039946,0.943372523,
C,S_BB,h,0.0,2.71121518,0.946805057,
C,S_BB,h,0.0,2.7321837,0.942435519,
C,S_BB,h,0.0,2.75306239,0.943189783,
C,S_BB,h,0.0,2.77427049,0.948409077,
C,S_BB,h,0.0,2.79557932,0.941758843,
C,S_BB,h,0.0,2.8160646,0.944428263,
C,S_BB,h,0.0,2.83689478,0.945128003,
C,S_BB,h,0.0,2.85801727,0.950614673,
C,S_BB,h,0.0,2.87906973,0.944995386,
C,S_BB,h,0.0,2.89996898,0.949304966,
C,S_BB,h,0.0,2.92062944,0.948877369,
C,S_BB,h,0.0,2.941605,0.953026418,
C,S_BB,h,0.0,2.96267076,0.946859134,
C,S_BB,h,0.0,2.98347442,0.948969111,
C,S_BB,h,0.0,3.00437656,0.953258008,
C,S_BB,h,0.0,3.02542142,0.950861108,
C,S_BB,h,0.0,3.04658726,0.951774686,
C,S_BB,h,0.0,3.06768101,0.955062326,
C,S_BB,h,0.0,3.088328,0.951622758,
C,S_BB,h,0.0,3.10931167,0.952548362,
C,S_BB,h,0.0,3.1305457,0.955863985,
C,S_BB,h,0.0,3.15150209,0.955079709,
C,S_BB,h,0.0,3.17219014,0.961287743,
C,S_BB,h,0.0,3.19299024,0.953518954,
C,S_BB,h,0.0,3.21390436,0.955060095,
C,S_BB,h,0.0,3.23506564,0.957794797,
C,S_BB,h,0.0,3.25605387,0.959430687,
C,S_BB,h,0.0,3.27685776,0.960136442,
C,S_BB,h,0.0,3.29794723,0.957705419,
C,S_BB,h,0.0,3.31884778,0.960476748,
C,S_BB,h,0.0,3.33944269,0.95698767,
C,S_BB,h,0.0,3.36030612,0.96165894,
C,S_BB,h,0.0,3.38171654,0.958406217,
C,S_BB,h,0.0,3.40297495,0.965417107,
C,S_BB,h,0.0,3.42370792,0.964460801,
C,S_BB,h,0.0,3.44440875,0.964713467,
C,S_BB,h,0.0,3.465315,0.968031963,
C,S_BB,h,0.0,3.4865867,0.964893923,
C,S_BB,h,0.0,3.50751221,0.968575431,
C,S_BB,h,0.0,3.52796741,0.963620854,
C,S_BB,h,0.0,3.5488788,0.969126157,
C,S_BB,h,0.0,3.57014151,0.967538963,
C,S_BB,h,0.0,3.59120365,0.966643089,
C,S_BB,h,0.0,3.61190928,0.97107117,
C,S_BB,h,0.0,3.63300558,0.969433397,
C,S_BB,h,0.0,3.6541422,0.967490323,
C,S_BB,h,0.0,3.67500902,0.966453083,
C,S_BB,h,0.0,3.69581564,0.971410746,
C,S_BB,h,0.0,3.71644729,0.971250248,
C,S_BB,h,0.0,3.73749774,0.974932223,
C,S_BB,h,0.0,3.75868086,0.972946551,
C,S_BB,h,0.0,3.77950549,0.97649299,
C,S_BB,h,0.0,3.80027286,0.974858013,
C,S_BB,h,0.0,3.82143123,0.97367776,
C,S_BB,h,0.0,3.84280481,0.97803513,
C,S_BB,h,0.0,3.86349282,0.976671964,
C,S_BB,h,0.0,3.88417456,0.980351601,
C,S_BB,h,0.0,3.90535419,0.978118853,
C,S_BB,h,0.0,3.9264697,0.977942992,
C,S_BB,h,0.0,3.94738681,0.978316189,
C,S_BB,h,0.0,3.96810309,0.979656378,
C,S_BB,h,0.0,3.98888694,0.981046965,
C,S_BB,h,0.0,4.00993371,0.980979134,
C,S_BB,h,0.0,4.03080983,0.983108382,
C,S_BB,h,0.0,4.05178039,0.982655118,
C,S_BB,h,0.0,4.07276799,0.986932497,
C,S_BB,h,0.0,4.09368684,0.986598728,
C,S_BB,h,0.0,4.11485609,0.988784663,
C,S_BB,h,0.0,4.13583188,0.988469729,
C,S_BB,h,0.0,4.15670688,0.992012072,
C,S_BB,h,0.0,4.17758774,0.990117531,
C,S_BB,h,0.0,4.19867141,0.987785581,
C,S_BB,h,0.0,4.21961517,0.993289011,
C,S_BB,h,0.0,4.24013393,0.992029271,
C,S_BB,h,0.0,4.26119077,0.990973936,
C,S_BB,h,0.0,4.28239268,0.994126827,
C,S_BB,h,0.0,4.30342826,0.994123124,
C,S_BB,h,0.0,4.32431592,0.997835203,
C,S_BB,h,0.0,4.34508479,0.997265366,
C,S_BB,h,0.0,4.36604259,0.998526882,
C,S_BB,h,0.0,4.38708086,0.999079906,
C,S_BB,h,0.0,4.40778797,0.99716527,
C,S_BB,h,0.0,4.4288526,0.998746324,
C,S_BB,h,0.0,4.44994967,1.00229228,
C,S_BB,h,0.0,4.47085438,1.0033165,
C,S_BB,h,0.0,4.49188801,1.00235482,
C,S_BB,h,0.0,4.51250216,1.00137026,
C,S_BB,h,0.0,4.5334461,1.00430593,
C,S_BB,h,0.0,4.55463591,1.00619081,
C,S_BB,h,0.0,4.57547609,1.00872723,
C,S_BB,h,0.0,4.59643311,1.00499312,
C,S_BB,h,0.0,4.61732903,1.00963416,
C,S_BB,h,0.0,4.63833098,1.00275851,
C,S_BB,h,0.0,4.65949324,1.00491063,
C,S_BB,h,0.0,4.68039693,1.00455213,
C,S_BB,h,0.0,4.70136745,1.00667081,
C,S_BB,h,0.0,4.72221533,1.01049032,
C,S_BB,h,0.0,4.74309374,1.00993359,
C,S_BB,h,0.0,4.76390784,1.00830863,
C,S_BB,h,0.0,4.78491795,1.00886463,
C,S_BB,h,0.0,4.80636204,1.01079554,
C,S_BB,h,0.0,4.82728449,1.00838502,
C,S_BB,h,0.0,4.84785524,1.0119558,
C,S_BB,h,0.0,4.86859731,1.0105746,
C,S_BB,h,0.0,4.88954319,1.01050042,
C,S_BB,h,0.0,4.91078695,1.01382312,
C,S_BB,h,0.0,4.93172016,1.01246474,
C,S_BB,h,0.0,4.95244063,1.01417346,
C,S_BB,h,0.0,4.97348932,1.01438939,
C,S_BB,h,0.0,4.994309,1.01293447,
C,S_BB,h,0.0,5.01515697,1.01359803,
C,S_BB,h,0.0,5.03598003,1.01552274,
C,S_BB,h,0.0,5.05703237,1.01765145,
C,S_BB,h,0.0,5.07840332,1.01318242,
C,S_BB,h,0.0,5.09943841,1.01367383,
C,S_BB,h,0.0,5.12032938,1.01677875,
C,S_BB,h,0.0,5.14107614,1.01465479,
C,S_BB,h,0.0,5.16214077,1.01344612,
C,S_BB,h,0.0,5.18341099,1.0147926,
C,S_BB,h,0.0,5.2041075,1.01607692,
C,S_BB,h,0.0,5.22477891,1.01759719,
C,S_BB,h,0.0,5.24557967,1.01516374,
C,S_BB,h,0.0,5.26649236,1.01719875,
C,S_BB,h,0.0,5.28753131,1.01747751,
C,S_BB,h,0.0,5.30847064,1.01588567,
C,S_BB,h,0.0,5.32946745,1.01589924,
C,S_BB,h,0.0,5.3506922,1.01596633,
C,S_BB,h,0.0,5.37158853,1.01421597,
C,S_BB,h,0.0,5.39231925,1.01954427,
C,S_BB,h,0.0,5.41333352,1.01708021,
C,S_BB,h,0.0,5.43434316,1.01946208,
C,S_BB,h,0.0,5.45530659,1.02031157,
C,S_BB,h,0.0,5.47618498,1.01825226,
C,S_BB,h,0.0,5.49715755,1.01589669,
C,S_BB,h,0.0,5.51801586,1.01986972,
C,S_BB,h,0.0,5.53881995,1.01928515,
C,S_BB,h,0.0,5.55992514,1.01690707,
C,S_BB,h,0.0,5.58098545,1.01642479,
C,S_BB,h,0.0,5.60183772,1.01712546,
C,S_BB,h,0.0,5.62277584,1.02113498,
C,S_BB,h,0.0,5.64379172,1.02014388,
C,S_BB,h,0.0,5.66460817,1.0180801,
C,S_BB,h,0.0,5.68556022,1.01770004,
C,S_BB,h,0.0,5.7067909,1.01711522,
C,S_BB,h,0.0,5.72769317,1.01823475,
C,S_BB,h,0.0,5.74840017,1.01816542,
C,S_BB,h,0.0,5.76938192,1.01911573,
C,S_BB,h,0.0,5.79039764,1.01845692,
C,S_BB,h,0.0,5.81144039,1.01746348,
C,S_BB,h,0.0,5.83232115,1.015623,
C,S_BB,h,0.0,5.85320209,1.01539431,
C,S_BB,h,0.0,5.87418919,1.01746667,
C,S_BB,h,0.0,5.89509625,1.01607722,
C,S_BB,h,0.0,5.9159726,1.01514596,
C,S_BB,h,0.0,5.93682663,1.015905,
C,S_BB,h,0.0,5.95791772,1.01662982,
C,S_BB,h,0.0,5.97900675,1.01641831,
C,S_BB,h,0.0,5.99978945,1.01806436,
C,S_BB,h,0.0,6.02063577,1.01572717,
C,S_BB,h,0.0,6.04156421,1.01511871,
C,S_BB,h,0.0,6.06259364,1.01435361,
C,S_BB,h,0.0,6.08377541,1.01343885,
C,S_BB,h,0.0,6.10447051,1.01666171,
C,S_BB,h,0.0,6.12538157,1.0134577,
C,S_BB,h,0.0,6.14660689,1.01375217,
C,S_BB,h,0.0,6.16752321,1.01598351,
C,S_BB,h,0.0,6.18833806,1.01391928,
C,S_BB,h,0.0,6.20938667,1.00959188,
C,S_BB,h,0.0,6.23052184,1.01474562,
C,S_BB,h,0.0,6.25137137,1.01293173,
C,S_BB,h,0.0,6.27204484,1.0160426,
C,S_BB,h,0.0,6.29290789,1.01402331,
C,S_BB,h,0.0,6.31382104,1.01177019,
C,S_BB,h,0.0,6.33495691,1.01333069,
C,S_BB,h,0.0,6.35600914,1.01186859,
C,S_BB,h,0.0,6.37663869,1.00928704,
C,S_BB,h,0.0,6.39770954,1.01106527,
C,S_BB,h,0.0,6.41872759,1.01007376,
C,S_BB,h,0.0,6.43951457,1.00993088,
C,S_BB,h,0.0,6.46033562,1.01104314,
C,S_BB,h,0.0,6.4814564,1.00856399,
C,S_BB,h,0.0,6.50265681,1.01027566,
C,S_BB,h,0.0,6.52350383,1.01020486,
C,S_BB,h,0.0,6.54427866,1.00743176,
C,S_BB,h,0.0,6.56515568,1.01171507,
C,S_BB,h,0.0,6.58628576,1.01039033,
C,S_BB,h,0.0,6.60749316,1.00981008,
C,S_BB,h,0.0,6.62830625,1.00724277,
C,S_BB,h,0.0,6.64913567,1.00573616,
C,S_BB,h,0.0,6.67020149,1.00879449,
C,S_BB,h,0.0,6.69106898,1.00625557,
C,S_BB,h,0.0,6.71185955,1.00660045,
C,S_BB,h,0.0,6.73264651,1.00584629,
C,S_BB,h,0.0,6.7537045,1.00624412,
C,S_BB,h,0.0,6.77487174,1.00517165,
C,S_BB,h,0.0,6.79557562,1.00649037,
C,S_BB,h,0.0,6.81648781,1.00647109,
C,S_BB,h,0.0,6.83753747,1.00499049,
C,S_BB,h,0.0,6.85867557,1.0057085,
C,S_BB,h,0.0,6.87985316,1.00533597,
C,S_BB,h,0.0,6.90065786,1.00478617,
C,S_BB,h,0.0,6.92153112,1.00477769,
C,S_BB,h,0.0,6.94229803,1.00291581,
C,S_BB,h,0.0,6.9630016,1.00345816,
C,S_BB,h,0.0,6.98416877,1.00445936,
C,S_BB,h,0.0,7.0052781,1.00137476,
C,S_BB,h,0.0,7.02617612,1.00099942,
C,S_BB,h,0.0,7.04699526,1.00238731,
C,S_BB,h,0.0,7.06761685,1.00486398,
C,S_BB,h,0.0,7.08873369,1.0034754,
C,S_BB,h,0.0,7.10994937,1.00141737,
C,S_BB,h,0.0,7.13102893,1.0007564,
C,S_BB,h,0.0,7.15201412,0.999758223,
C,S_BB,h,0.0,7.17271336,1.00034162,
C,S_BB,h,0.0,7.19374266,1.0013511,
C,S_BB,h,0.0,7.21473042,1.00067998,
C,S_BB,h,0.0,7.23564263,1.00050264,
C,S_BB,h,0.0,7.25666289,1.00191742,
C,S_BB,h,0.0,7.27757645,0.998366537,
C,S_BB,h,0.0,7.2984411,1.0014692,
C,S_BB,h,0.0,7.31917384,0.998859628,
C,S_BB,h,0.0,7.34001688,0.999596206,
C,S_BB,h,0.0,7.3611683,0.998721375,
C,S_BB,h,0.0,7.38224284,0.999214934,
C,S_BB,h,0.0,7.40324015,0.996963661,
C,S_BB,h,0.0,7.42408854,0.998638752,
C,S_BB,h,0.0,7.44500634,0.996460745,
C,S_BB,h,0.0,7.46595959,0.996533002,
C,S_BB,h,0.0,7.48696308,0.996472589,
C,S_BB,h,0.0,7.5079936,0.997801401,
C,S_BB,h,0.0,7.52871967,0.996780933,
C,S_BB,h,0.0,7.54966921,0.996281817,
C,S_BB,h,0.0,7.57064902,0.99891982,
C,S_BB,h,0.0,7.59151428,0.996097286,
C,S_BB,h,0.0,7.6123809,0.994364659,
C,S_BB,h,0.0,7.63338324,0.995938076,
C,S_BB,h,0.0,7.65450532,0.995252304,
C,S_BB,h,0.0,7.67556944,0.995822891,
C,S_BB,h,0.0,7.69637751,0.995416728,
C,S_BB,h,0.0,7.71727216,0.993833176,
C,S_BB,h,0.0,7.73835725,0.995383527,
C,S_BB,h,0.0,7.75934923,0.996037112,
C,S_BB,h,0.0,7.78023116,0.993876259,
C,S_BB,h,0.0,7.80098697,0.996650594,
C,S_BB,h,0.0,7.82190677,0.994630661,
C,S_BB,h,0.0,7.84304931,0.994841377,
C,S_BB,h,0.0,7.86405132,0.994254761,
C,S_BB,h,0.0,7.88484553,0.994656389,
C,S_BB,h,0.0,7.90574885,0.995486426,
C,S_BB,h,0.0,7.9267531,0.992576592,
C,S_BB,h,0.0,7.94765228,0.993854333,
C,S_BB,h,0.0,7.96842304,0.994238482,
C,S_BB,h,0.0,7.98938616,0.991172237,
C,S_BB,h,0.0,8.01050815,0.99441137,
C,S_BB,h,0.0,8.03153334,0.993395117,
C,S_BB,h,0.0,8.05240251,0.992557267,
C,S_BB,h,0.0,8.07332696,0.993057894,
C,S_BB,h,0.0,8.09438514,0.992388784,
C,S_BB,h,0.0,8.11529588,0.991645104,
C,S_BB,h,0.0,8.13618411,0.992066942,
C,S_BB,h,0.0,8.15717855,0.992542215,
C,S_BB,h,0.0,8.17807847,0.991048755,
C,S_BB,h,0.0,8.19905269,0.99130516,
C,S_BB,h,0.0,8.21991085,0.992427977,
C,S_BB,h,0.0,8.24078529,0.992365625,
C,S_BB,h,0.0,8.26195652,0.995069404,
C,S_BB,h,0.0,8.28293039,0.992536941,
C,S_BB,h,0.0,8.30373423,0.994203403,
C,S_BB,h,0.0,8.32452583,0.992274119,
C,S_BB,h,0.0,8.34556221,0.992804718,
C,S_BB,h,0.0,8.36671927,0.993268575,
C,S_BB,h,0.0,8.38757523,0.989847181,
C,S_BB,h,0.0,8.40855808,0.990179334,
C,S_BB,h,0.0,8.42953585,0.991841549,
C,S_BB,h,0.0,8.45042977,0.991662058,
C,S_BB,h,0.0,8.47138662,0.990609684,
C,S_BB,h,0.0,8.49217243,0.990228168,
C,S_BB,h,0.0,8.51321806,0.992051956,
C,S_BB,h,0.0,8.53421183,0.992586002,
C,S_BB,h,0.0,8.55508292,0.993826506,
C,S_BB,h,0.0,8.57598662,0.991697516,
C,S_BB,h,0.0,8.59679232,0.993370419,
C,S_BB,h,0.0,8.61783107,0.991004956,
C,S_BB,h,0.0,8.63891768,0.992255874,
C,S_BB,h,0.0,8.65972861,0.992540518,
C,S_BB,h,0.0,8.68059853,0.99065312,
C,S_BB,h,0.0,8.70174168,0.990761803,
C,S_BB,h,0.0,8.72279566,0.990900436,
C,S_BB,h,0.0,8.74359241,0.993051791,
C,S_BB,h,0.0,8.76424415,0.990768817,
C,S_BB,h,0.0,8.78526729,0.991517011,
C,S_BB,h,0.0,8.80637189,0.990357641,
C,S_BB,h,0.0,8.82736896,0.991968439,
C,S_BB,h,0.0,8.84843212,0.991716445,
C,S_BB,h,0.0,8.86933197,0.993724868,
C,S_BB,h,0.0,8.89026857,0.990238438,
C,S_BB,h,0.0,8.91123702,0.992188152,
C,S_BB,h,0.0,8.93214776,0.992257349,
C,S_BB,h,0.0,8.95312097,0.991948802,
C,S_BB,h,0.0,8.9741304,0.989967926,
C,S_BB,h,0.0,8.99505705,0.990814359,
C,S_BB,h,0.0,9.01571368,0.994111198,
C,S_BB,h,0.0,9.03640927,0.991791269,
C,S_BB,h,0.0,9.05755121,0.993388327,
C,S_BB,h,0.0,9.07868023,0.992840772,
C,S_BB,h,0.0,9.09969513,0.990680952,
C,S_BB,h,0.0,9.1205658,0.993825727,
C,S_BB,h,0.0,9.14137844,0.992409364,
C,S_BB,h,0.0,9.16237082,0.993644281,
C,S_BB,h,0.0,9.18339441,0.992453862,
C,S_BB,h,0.0,9.20447395,0.992236354,
C,S_BB,h,0.0,9.22549281,0.991354481,
C,S_BB,h,0.0,9.2463962,0.99499118,
C,S_BB,h,0.0,9.26722673,0.993056246,
C,S_BB,h,0.0,9.28791689,0.992254272,
C,S_BB,h,0.0,9.30892724,0.993758774,
C,S_BB,h,0.0,9.33003065,0.992372576,
C,S_BB,h,0.0,9.35102864,0.994543291,
C,S_BB,h,0.0,9.37196601,0.992190359,
C,S_BB,h,0.0,9.39258783,0.993008232,
C,S_BB,h,0.0,9.41349621,0.992510687,
C,S_BB,h,0.0,9.4347927,0.993813932,
C,S_BB,h,0.0,9.45587737,0.995171087,
C,S_BB,h,0.0,9.47676866,0.994303236,
C,S_BB,h,0.0,9.49762777,0.992448837,
C,S_BB,h,0.0,9.51852362,0.992113417,
C,S_BB,h,0.0,9.53939795,0.993649228,
C,S_BB,h,0.0,9.56035551,0.993132785,
C,S_BB,h,0.0,9.58149741,0.992797416,
C,S_BB,h,0.0,9.60249587,0.996180252,
C,S_BB,h,0.0,9.62336478,0.992555997,
C,S_BB,h,0.0,9.64415055,0.994462984,
C,S_BB,h,0.0,9.66502224,0.995622451,
C,S_BB,h,0.0,9.68597433,0.995847807,
C,S_BB,h,0.0,9.7069728,0.994009314,
C,S_BB,h,0.0,9.72797765,0.992833857,
C,S_BB,h,0.0,9.74896401,0.994519659,
C,S_BB,h,0.0,9.76996217,0.995022255,
C,S_BB,h,0.0,9.79085678,0.996416491,
C,S_BB,h,0.0,9.81166698,0.994594882,
C,S_BB,h,0.0,9.83262494,0.996996462,
C,S_BB,h,0.0,9.85372265,0.99566122,
C,S_BB,h,0.0,9.87472665,0.994386461,
C,S_BB,h,0.0,9.89559934,0.996370339,
C,S_BB,h,0.0,9.91635289,0.9961857,
C,S_BB,h,0.0,9.93737645,0.995356012,
C,S_BB,h,0.0,9.95856995,0.998432895,
C,S_BB,h,0.0,9.97940815,0.996275964,
C,S_BB,h,0.0,10.000082,0.997285728,
C,S_BB,h,0.2,0.0252815853,0.00221717011,
C,S_BB,h,0.2,0.0486976344,0.00354907651,
C,S_BB,h,0.2,0.0692644017,0.00529519187,
C,S_BB,h,0.2,0.08877835,0.00742607663,
C,S_BB,h,0.2,0.111604297,0.0109132267,
C,S_BB,h,0.2,0.132731806,0.0146310291,
C,S_BB,h,0.2,0.153672181,0.0190869347,
C,S_BB,h,0.2,0.175641863,0.0239821607,
C,S_BB,h,0.2,0.196615509,0.0298376952,
C,S_BB,h,0.2,0.217326708,0.0357076716,
C,S_BB,h,0.2,0.237538457,0.0422762103,
C,S_BB,h,0.2,0.258148683,0.04894468,
C,S_BB,h,0.2,0.28040349,0.0577244476,
C,S_BB,h,0.2,0.301929084,0.0665930117,
C,S_BB,h,0.2,0.322287413,0.0744659046,
C,S_BB,h,0.2,0.342663331,0.083906039,
C,S_BB,h,0.2,0.363641289,0.0938594437,
C,S_BB,h,0.2,0.385602948,0.10483891,
C,S_BB,h,0.2,0.406737165,0.115132736,
C,S_BB,h,0.2,0.427001871,0.1260558,
C,S_BB,h,0.2,0.448754416,0.13915596,
C,S_BB,h,0.2,0.469601745,0.151418996,
C,S_BB,h,0.2,0.489805379,0.16294763,
C,S_BB,h,0.2,0.510302494,0.175509191,
C,S_BB,h,0.2,0.53178319,0.191110437,
C,S_BB,h,0.2,0.553922362,0.206296955,
C,S_BB,h,0.2,0.574670041,0.219405909,
C,S_BB,h,0.2,0.594645701,0.234350618,
C,S_BB,h,0.2,0.615540037,0.249207043,
C,S_BB,h,0.2,0.636554081,0.263989689,
C,S_BB,h,0.2,0.658102417,0.27891783,
C,S_BB,h,0.2,0.679189641,0.296287919,
C,S_BB,h,0.2,0.700054044,0.312956135,
C,S_BB,h,0.2,0.721329826,0.329704562,
C,S_BB,h,0.2,0.742033923,0.343938725,
C,S_BB,h,0.2,0.762614581,0.362365014,
C,S_BB,h,0.2,0.783270495,0.378554583,
C,S_BB,h,0.2,0.804783918,0.400350547,
C,S_BB,h,0.2,0.826095906,0.417832406,
C,S_BB,h,0.2,0.846303977,0.430143287,
C,S_BB,h,0.2,0.867174819,0.45361871,
C,S_BB,h,0.2,0.888413258,0.474303506,
C,S_BB,h,0.2,0.909910564,0.489138241,
C,S_BB,h,0.2,0.931134698,0.508565276,
C,S_BB,h,0.2,0.951563161,0.527799203,
C,S_BB,h,0.2,0.972160451,0.546823439,
C,S_BB,h,0.2,0.993008165,0.561369693,
C,S_BB,h,0.2,1.0140906,0.579933441,
C,S_BB,h,0.2,1.03500338,0.596635325,
C,S_BB,h,0.2,1.05657413,0.613719841,
C,S_BB,h,0.2,1.07789814,0.636093842,
C,S_BB,h,0.2,1.09835045,0.654309625,
C,S_BB,h,0.2,1.11903902,0.673362157,
C,S_BB,h,0.2,1.1396405,0.682018155,
C,S_BB,h,0.2,1.16109193,0.708241664,
C,S_BB,h,0.2,1.18227503,0.729034217,
C,S_BB,h,0.2,1.2030555,0.736677534,
C,S_BB,h,0.2,1.22375183,0.752434523,
C,S_BB,h,0.2,1.24453484,0.768628694,
C,S_BB,h,0.2,1.26570671,0.787017794,
C,S_BB,h,0.2,1.28693994,0.796075867,
C,S_BB,h,0.2,1.30807124,0.810611872,
C,S_BB,h,0.2,1.32889646,0.825183356,
C,S_BB,h,0.2,1.34945121,0.841352639,
C,S_BB,h,0.2,1.37055188,0.849217027,
C,S_BB,h,0.2,1.39148285,0.864146104,
C,S_BB,h,0.2,1.41220445,0.875541103,
C,S_BB,h,0.2,1.43352474,0.88540138,
C,S_BB,h,0.2,1.45454751,0.891633572,
C,S_BB,h,0.2,1.47511055,0.904454318,
C,S_BB,h,0.2,1.49566583,0.91528709,
C,S_BB,h,0.2,1.51690776,0.919504376,
C,S_BB,h,0.2,1.53826425,0.931846751,
C,S_BB,h,0.2,1.55931449,0.931670035,
C,S_BB,h,0.2,1.58012172,0.941732712,
C,S_BB,h,0.2,1.60114355,0.954926698,
C,S_BB,h,0.2,1.62229155,0.952313575,
C,S_BB,h,0.2,1.64295947,0.952122893,
C,S_BB,h,0.2,1.66366432,0.963141043,
C,S_BB,h,0.2,1.68478217,0.96830872,
C,S_BB,h,0.2,1.7057485,0.969453242,
C,S_BB,h,0.2,1.72683745,0.9721341,
C,S_BB,h,0.2,1.74765849,0.975649282,
C,S_BB,h,0.2,1.76847487,0.980654118,
C,S_BB,h,0.2,1.78961871,0.982490997,
C,S_BB,h,0.2,1.81086098,0.980846448,
C,S_BB,h,0.2,1.83179094,0.975891438,
C,S_BB,h,0.2,1.8521746,0.987459902,
C,S_BB,h,0.2,1.8733654,0.986390458,
C,S_BB,h,0.2,1.89455538,0.983457359,
C,S_BB,h,0.2,1.91534795,0.977881936,
C,S_BB,h,0.2,1.93623233,0.986467225,
C,S_BB,h,0.2,1.9571481,0.985059094,
C,S_BB,h,0.2,1.97825109,0.985496121,
C,S_BB,h,0.2,1.99905898,0.980433506,
C,S_BB,h,0.2,2.01966715,0.980667737,
C,S_BB,h,0.2,2.04082415,0.973873097,
C,S_BB,h,0.2,2.06193171,0.977902935,
C,S_BB,h,0.2,2.08296048,0.976846556,
C,S_BB,h,0.2,2.10383017,0.973903738,
C,S_BB,h,0.2,2.12494312,0.972785665,
C,S_BB,h,0.2,2.14618475,0.975216827,
C,S_BB,h,0.2,2.16679298,0.96938902,
C,S_BB,h,0.2,2.18753482,0.966309856,
C,S_BB,h,0.2,2.20847027,0.966114138,
C,S_BB,h,0.2,2.22955181,0.967428861,
C,S_BB,h,0.2,2.25078374,0.964361446,
C,S_BB,h,0.2,2.27150159,0.960527107,
C,S_BB,h,0.2,2.29205574,0.959455035,
C,S_BB,h,0.2,2.31294326,0.95454145,
C,S_BB,h,0.2,2.3340363,0.959120646,
C,S_BB,h,0.2,2.35514399,0.955908736,
C,S_BB,h,0.2,2.37607726,0.954869751,
C,S_BB,h,0.2,2.39730341,0.953082645,
C,S_BB,h,0.2,2.41857203,0.95181536,
C,S_BB,h,0.2,2.43911056,0.950469894,
C,S_BB,h,0.2,2.45988005,0.951729904,
C,S_BB,h,0.2,2.48094151,0.948578515,
C,S_BB,h,0.2,2.50196601,0.952132194,
C,S_BB,h,0.2,2.52300496,0.948139495,
C,S_BB,h,0.2,2.54340089,0.948199457,
C,S_BB,h,0.2,2.56415297,0.941079117,
C,S_BB,h,0.2,2.58575836,0.944003355,
C,S_BB,h,0.2,2.60684428,0.945969428,
C,S_BB,h,0.2,2.62775949,0.942013437,
C,S_BB,h,0.2,2.64834355,0.948291427,
C,S_BB,h,0.2,2.66912062,0.945864935,
C,S_BB,h,0.2,2.69039946,0.943956038,
C,S_BB,h,0.2,2.71121518,0.946074679,
C,S_BB,h,0.2,2.7321837,0.944111982,
C,S_BB,h,0.2,2.75306239,0.94476392,
C,S_BB,h,0.2,2.77427049,0.942499263,
C,S_BB,h,0.2,2.79557932,0.946002456,
C,S_BB,h,0.2,2.8160646,0.94802512,
C,S_BB,h,0.2,2.83689478,0.948460878,
C,S_BB,h,0.2,2.85801727,0.944771142,
C,S_BB,h,0.2,2.87906973,0.950153193,
C,S_BB,h,0.2,2.89996898,0.947592943,
C,S_BB,h,0.2,2.92062944,0.951840089,
C,S_BB,h,0.2,2.941605,0.949980533,
C,S_BB,h,0.2,2.96267076,0.94827789,
C,S_BB,h,0.2,2.98347442,0.951957977,
C,S_BB,h,0.2,3.00437656,0.95047944,
C,S_BB,h,0.2,3.02542142,0.950346679,
C,S_BB,h,0.2,3.04658726,0.950553862,
C,S_BB,h,0.2,3.06768101,0.952781587,
C,S_BB,h,0.2,3.088328,0.954528412,
C,S_BB,h,0.2,3.10931167,0.953544736,
C,S_BB,h,0.2,3.1305457,0.955176439,
C,S_BB,h,0.2,3.15150209,0.953948241,
C,S_BB,h,0.2,3.17219014,0.955817181,
C,S_BB,h,0.2,3.19299024,0.957091684,
C,S_BB,h,0.2,3.21390436,0.957169229,
C,S_BB,h,0.2,3.23506564,0.958628328,
C,S_BB,h,0.2,3.25605387,0.957804182,
C,S_BB,h,0.2,3.27685776,0.957339672,
C,S_BB,h,0.2,3.29794723,0.956673516,
C,S_BB,h,0.2,3.31884778,0.960324491,
C,S_BB,h,0.2,3.33944269,0.960291153,
C,S_BB,h,0.2,3.36030612,0.95804314,
C,S_BB,h,0.2,3.38171654,0.965295937,
C,S_BB,h,0.2,3.40297495,0.962726516,
C,S_BB,h,0.2,3.42370792,0.961033209,
C,S_BB,h,0.2,3.44440875,0.963172695,
C,S_BB,h,0.2,3.465315,0.963411966,
C,S_BB,h,0.2,3.4865867,0.963960657,
C,S_BB,h,0.2,3.50751221,0.964893423,
C,S_BB,h,0.2,3.52796741,0.965647237,
C,S_BB,h,0.2,3.5488788,0.965945506,
C,S_BB,h,0.2,3.57014151,0.967103802,
C,S_BB,h,0.2,3.59120365,0.966255634,
C,S_BB,h,0.2,3.61190928,0.965767396,
C,S_BB,h,0.2,3.63300558,0.968645656,
C,S_BB,h,0.2,3.6541422,0.966642663,
C,S_BB,h,0.2,3.67500902,0.970782474,
C,S_BB,h,0.2,3.69581564,0.972098212,
C,S_BB,h,0.2,3.71644729,0.970137351,
C,S_BB,h,0.2,3.73749774,0.969372801,
C,S_BB,h,0.2,3.75868086,0.975153177,
C,S_BB,h,0.2,3.77950549,0.976566604,
C,S_BB,h,0.2,3.80027286,0.976130627,
C,S_BB,h,0.2,3.82143123,0.973122889,
C,S_BB,h,0.2,3.84280481,0.973774266,
C,S_BB,h,0.2,3.86349282,0.977383099,
C,S_BB,h,0.2,3.88417456,0.976527529,
C,S_BB,h,0.2,3.90535419,0.978502177,
C,S_BB,h,0.2,3.9264697,0.982261737,
C,S_BB,h,0.2,3.94738681,0.978526643,
C,S_BB,h,0.2,3.96810309,0.981287668,
C,S_BB,h,0.2,3.98888694,0.982389093,
C,S_BB,h,0.2,4.00993371,0.985914765,
C,S_BB,h,0.2,4.03080983,0.981227669,
C,S_BB,h,0.2,4.05178039,0.988243032,
C,S_BB,h,0.2,4.07276799,0.985129922,
C,S_BB,h,0.2,4.09368684,0.984783609,
C,S_BB,h,0.2,4.11485609,0.989349235,
C,S_BB,h,0.2,4.13583188,0.988691801,
C,S_BB,h,0.2,4.15670688,0.990587512,
C,S_BB,h,0.2,4.17758774,0.990491464,
C,S_BB,h,0.2,4.19867141,0.989695876,
C,S_BB,h,0.2,4.21961517,0.992113435,
C,S_BB,h,0.2,4.24013393,0.989739627,
C,S_BB,h,0.2,4.26119077,0.994546328,
C,S_BB,h,0.2,4.28239268,0.994161342,
C,S_BB,h,0.2,4.30342826,0.996796869,
C,S_BB,h,0.2,4.32431592,0.996471624,
C,S_BB,h,0.2,4.34508479,0.996240896,
C,S_BB,h,0.2,4.36604259,0.997254295,
C,S_BB,h,0.2,4.38708086,0.99756632,
C,S_BB,h,0.2,4.40778797,0.999702695,
C,S_BB,h,0.2,4.4288526,1.00135882,
C,S_BB,h,0.2,4.44994967,1.0031659,
C,S_BB,h,0.2,4.47085438,1.00355082,
C,S_BB,h,0.2,4.49188801,1.00062429,
C,S_BB,h,0.2,4.51250216,1.00315211,
C,S_BB,h,0.2,4.5334461,1.00130004,
C,S_BB,h,0.2,4.55463591,1.00441795,
C,S_BB,h,0.2,4.57547609,1.00365507,
C,S_BB,h,0.2,4.59643311,1.00700932,
C,S_BB,h,0.2,4.61732903,1.0075444,
C,S_BB,h,0.2,4.63833098,1.00586207,
C,S_BB,h,0.2,4.65949324,1.00600076,
C,S_BB,h,0.2,4.68039693,1.00948914,
C,S_BB,h,0.2,4.70136745,1.00929572,
C,S_BB,h,0.2,4.72221533,1.01138465,
C,S_BB,h,0.2,4.74309374,1.00873254,
C,S_BB,h,0.2,4.76390784,1.00815263,
C,S_BB,h,0.2,4.78491795,1.00802402,
C,S_BB,h,0.2,4.80636204,1.00817544,
C,S_BB,h,0.2,4.82728449,1.00954495,
C,S_BB,h,0.2,4.84785524,1.00931614,
C,S_BB,h,0.2,4.86859731,1.00970413,
C,S_BB,h,0.2,4.88954319,1.01136011,
C,S_BB,h,0.2,4.91078695,1.01168984,
C,S_BB,h,0.2,4.93172016,1.01128548,
C,S_BB,h,0.2,4.95244063,1.01413471,
C,S_BB,h,0.2,4.97348932,1.01121851,
C,S_BB,h,0.2,4.994309,1.0112619,
C,S_BB,h,0.2,5.01515697,1.01356132,
C,S_BB,h,0.2,5.03598003,1.01509562,
C,S_BB,h,0.2,5.05703237,1.01506198,
C,S_BB,h,0.2,5.07840332,1.01426789,
C,S_BB,h,0.2,5.09943841,1.01195106,
C,S_BB,h,0.2,5.12032938,1.01825163,
C,S_BB,h,0.2,5.14107614,1.0147121,
C,S_BB,h,0.2,5.16214077,1.01453517,
C,S_BB,h,0.2,5.18341099,1.01328701,
C,S_BB,h,0.2,5.2041075,1.01627346,
C,S_BB,h,0.2,5.22477891,1.01602576,
C,S_BB,h,0.2,5.24557967,1.01130857,
C,S_BB,h,0.2,5.26649236,1.01747885,
C,S_BB,h,0.2,5.28753131,1.01573253,
C,S_BB,h,0.2,5.30847064,1.01845846,
C,S_BB,h,0.2,5.32946745,1.01554558,
C,S_BB,h,0.2,5.3506922,1.01735159,
C,S_BB,h,0.2,5.37158853,1.01965851,
C,S_BB,h,0.2,5.39231925,1.01702704,
C,S_BB,h,0.2,5.41333352,1.01916893,
C,S_BB,h,0.2,5.43434316,1.01640525,
C,S_BB,h,0.2,5.45530659,1.01677619,
C,S_BB,h,0.2,5.47618498,1.01876968,
C,S_BB,h,0.2,5.49715755,1.01596149,
C,S_BB,h,0.2,5.51801586,1.01965105,
C,S_BB,h,0.2,5.53881995,1.019953,
C,S_BB,h,0.2,5.55992514,1.02129988,
C,S_BB,h,0.2,5.58098545,1.01777488,
C,S_BB,h,0.2,5.60183772,1.0168231,
C,S_BB,h,0.2,5.62277584,1.0198013,
C,S_BB,h,0.2,5.64379172,1.02114831,
C,S_BB,h,0.2,5.66460817,1.01725648,
C,S_BB,h,0.2,5.68556022,1.0186784,
C,S_BB,h,0.2,5.7067909,1.01918336,
C,S_BB,h,0.2,5.72769317,1.01632641,
C,S_BB,h,0.2,5.74840017,1.01634907,
C,S_BB,h,0.2,5.76938192,1.01579331,
C,S_BB,h,0.2,5.79039764,1.01829596,
C,S_BB,h,0.2,5.81144039,1.021521,
C,S_BB,h,0.2,5.83232115,1.0167155,
C,S_BB,h,0.2,5.85320209,1.01797495,
C,S_BB,h,0.2,5.87418919,1.01850971,
C,S_BB,h,0.2,5.89509625,1.0165309,
C,S_BB,h,0.2,5.9159726,1.01507107,
C,S_BB,h,0.2,5.93682663,1.01763315,
C,S_BB,h,0.2,5.95791772,1.0149561,
C,S_BB,h,0.2,5.97900675,1.01710555,
C,S_BB,h,0.2,5.99978945,1.01436219,
C,S_BB,h,0.2,6.02063577,1.01657607,
C,S_BB,h,0.2,6.04156421,1.01682343,
C,S_BB,h,0.2,6.06259364,1.01722591,
C,S_BB,h,0.2,6.08377541,1.01448205,
C,S_BB,h,0.2,6.10447051,1.01550222,
C,S_BB,h,0.2,6.12538157,1.01431266,
C,S_BB,h,0.2,6.14660689,1.01417021,
C,S_BB,h,0.2,6.16752321,1.01546306,
C,S_BB,h,0.2,6.18833806,1.01430949,
C,S_BB,h,0.2,6.20938667,1.01444152,
C,S_BB,h,0.2,6.23052184,1.0144816,
C,S_BB,h,0.2,6.25137137,1.01401384,
C,S_BB,h,0.2,6.27204484,1.01345375,
C,S_BB,h,0.2,6.29290789,1.01081172,
C,S_BB,h,0.2,6.31382104,1.01394073,
C,S_BB,h,0.2,6.33495691,1.0145076,
C,S_BB,h,0.2,6.35600914,1.01176109,
C,S_BB,h,0.2,6.37663869,1.01078332,
C,S_BB,h,0.2,6.39770954,1.01229687,
C,S_BB,h,0.2,6.41872759,1.01296248,
C,S_BB,h,0.2,6.43951457,1.01172773,
C,S_BB,h,0.2,6.46033562,1.01004568,
C,S_BB,h,0.2,6.4814564,1.00791228,
C,S_BB,h,0.2,6.50265681,1.00880759,
C,S_BB,h,0.2,6.52350383,1.01007641,
C,S_BB,h,0.2,6.54427866,1.00839331,
C,S_BB,h,0.2,6.56515568,1.00843238,
C,S_BB,h,0.2,6.58628576,1.00862291,
C,S_BB,h,0.2,6.60749316,1.00973342,
C,S_BB,h,0.2,6.62830625,1.00934952,
C,S_BB,h,0.2,6.64913567,1.00733502,
C,S_BB,h,0.2,6.67020149,1.00696642,
C,S_BB,h,0.2,6.69106898,1.00591445,
C,S_BB,h,0.2,6.71185955,1.00822136,
C,S_BB,h,0.2,6.73264651,1.00715564,
C,S_BB,h,0.2,6.7537045,1.00868568,
C,S_BB,h,0.2,6.77487174,1.00460493,
C,S_BB,h,0.2,6.79557562,1.00593347,
C,S_BB,h,0.2,6.81648781,1.00544899,
C,S_BB,h,0.2,6.83753747,1.00671014,
C,S_BB,h,0.2,6.85867557,1.00744887,
C,S_BB,h,0.2,6.87985316,1.00729815,
C,S_BB,h,0.2,6.90065786,1.00509699,
C,S_BB,h,0.2,6.92153112,1.00430802,
C,S_BB,h,0.2,6.94229803,1.00211242,
C,S_BB,h,0.2,6.9630016,1.00286143,
C,S_BB,h,0.2,6.98416877,1.00375824,
C,S_BB,h,0.2,7.0052781,1.00299713,
C,S_BB,h,0.2,7.02617612,1.00467096,
C,S_BB,h,0.2,7.04699526,1.0044877,
C,S_BB,h,0.2,7.06761685,1.00208347,
C,S_BB,h,0.2,7.08873369,1.00001399,
C,S_BB,h,0.2,7.10994937,1.00338287,
C,S_BB,h,0.2,7.13102893,1.0007288,
C,S_BB,h,0.2,7.15201412,1.00159796,
C,S_BB,h,0.2,7.17271336,1.00228661,
C,S_BB,h,0.2,7.19374266,1.00221579,
C,S_BB,h,0.2,7.21473042,1.00068425,
C,S_BB,h,0.2,7.23564263,1.00056862,
C,S_BB,h,0.2,7.25666289,1.00031383,
C,S_BB,h,0.2,7.27757645,1.00224621,
C,S_BB,h,0.2,7.2984411,0.999469348,
C,S_BB,h,0.2,7.31917384,0.997902123,
C,S_BB,h,0.2,7.34001688,1.00111048,
C,S_BB,h,0.2,7.3611683,0.998880834,
C,S_BB,h,0.2,7.38224284,0.996797399,
C,S_BB,h,0.2,7.40324015,0.998717827,
C,S_BB,h,0.2,7.42408854,0.995306582,
C,S_BB,h,0.2,7.44500634,0.997409277,
C,S_BB,h,0.2,7.46595959,0.999198025,
C,S_BB,h,0.2,7.48696308,0.99707019,
C,S_BB,h,0.2,7.5079936,0.997127945,
C,S_BB,h,0.2,7.52871967,0.997126352,
C,S_BB,h,0.2,7.54966921,0.996262607,
C,S_BB,h,0.2,7.57064902,0.995090476,
C,S_BB,h,0.2,7.59151428,0.996840187,
C,S_BB,h,0.2,7.6123809,0.998287544,
C,S_BB,h,0.2,7.63338324,0.994787862,
C,S_BB,h,0.2,7.65450532,0.996798336,
C,S_BB,h,0.2,7.67556944,0.997890105,
C,S_BB,h,0.2,7.69637751,0.995553749,
C,S_BB,h,0.2,7.71727216,0.99594968,
C,S_BB,h,0.2,7.73835725,0.997758776,
C,S_BB,h,0.2,7.75934923,0.994335492,
C,S_BB,h,0.2,7.78023116,0.994537714,
C,S_BB,h,0.2,7.80098697,0.995525655,
C,S_BB,h,0.2,7.82190677,0.996684783,
C,S_BB,h,0.2,7.84304931,0.993477775,
C,S_BB,h,0.2,7.86405132,0.995233483,
C,S_BB,h,0.2,7.88484553,0.997172779,
C,S_BB,h,0.2,7.90574885,0.993976005,
C,S_BB,h,0.2,7.9267531,0.992052183,
C,S_BB,h,0.2,7.94765228,0.995306955,
C,S_BB,h,0.2,7.96842304,0.993695171,
C,S_BB,h,0.2,7.98938616,0.992857612,
C,S_BB,h,0.2,8.01050815,0.992333161,
C,S_BB,h,0.2,8.03153334,0.992624917,
C,S_BB,h,0.2,8.05240251,0.993308288,
C,S_BB,h,0.2,8.07332696,0.992102595,
C,S_BB,h,0.2,8.09438514,0.991831239,
C,S_BB,h,0.2,8.11529588,0.991336098,
C,S_BB,h,0.2,8.13618411,0.99371371,
C,S_BB,h,0.2,8.15717855,0.991739145,
C,S_BB,h,0.2,8.17807847,0.991954549,
C,S_BB,h,0.2,8.19905269,0.993313331,
C,S_BB,h,0.2,8.21991085,0.991393835,
C,S_BB,h,0.2,8.24078529,0.993680521,
C,S_BB,h,0.2,8.26195652,0.993035686,
C,S_BB,h,0.2,8.28293039,0.993230912,
C,S_BB,h,0.2,8.30373423,0.990883623,
C,S_BB,h,0.2,8.32452583,0.993066184,
C,S_BB,h,0.2,8.34556221,0.9907148,
C,S_BB,h,0.2,8.36671927,0.991507856,
C,S_BB,h,0.2,8.38757523,0.990659949,
C,S_BB,h,0.2,8.40855808,0.991484984,
C,S_BB,h,0.2,8.42953585,0.991740913,
C,S_BB,h,0.2,8.45042977,0.992007145,
C,S_BB,h,0.2,8.47138662,0.991321886,
C,S_BB,h,0.2,8.49217243,0.992950674,
C,S_BB,h,0.2,8.51321806,0.992501225,
C,S_BB,h,0.2,8.53421183,0.99199154,
C,S_BB,h,0.2,8.55508292,0.992654943,
C,S_BB,h,0.2,8.57598662,0.992151248,
C,S_BB,h,0.2,8.59679232,0.991454085,
C,S_BB,h,0.2,8.61783107,0.992756478,
C,S_BB,h,0.2,8.63891768,0.990669908,
C,S_BB,h,0.2,8.65972861,0.991439563,
C,S_BB,h,0.2,8.68059853,0.992324977,
C,S_BB,h,0.2,8.70174168,0.991811993,
C,S_BB,h,0.2,8.72279566,0.991621843,
C,S_BB,h,0.2,8.74359241,0.990659873,
C,S_BB,h,0.2,8.76424415,0.98889465,
C,S_BB,h,0.2,8.78526729,0.991366175,
C,S_BB,h,0.2,8.80637189,0.990307419,
C,S_BB,h,0.2,8.82736896,0.990952986,
C,S_BB,h,0.2,8.84843212,0.990662343,
C,S_BB,h,0.2,8.86933197,0.99217959,
C,S_BB,h,0.2,8.89026857,0.990446926,
C,S_BB,h,0.2,8.91123702,0.991538202,
C,S_BB,h,0.2,8.93214776,0.991822356,
C,S_BB,h,0.2,8.95312097,0.990281058,
C,S_BB,h,0.2,8.9741304,0.991895357,
C,S_BB,h,0.2,8.99505705,0.991469362,
C,S_BB,h,0.2,9.01571368,0.992964159,
C,S_BB,h,0.2,9.03640927,0.989659186,
C,S_BB,h,0.2,9.05755121,0.991266012,
C,S_BB,h,0.2,9.07868023,0.99260199,
C,S_BB,h,0.2,9.09969513,0.992440326,
C,S_BB,h,0.2,9.1205658,0.995454527,
C,S_BB,h,0.2,9.14137844,0.990792112,
C,S_BB,h,0.2,9.16237082,0.992748205,
C,S_BB,h,0.2,9.18339441,0.992009032,
C,S_BB,h,0.2,9.20447395,0.992981503,
C,S_BB,h,0.2,9.22549281,0.991997328,
C,S_BB,h,0.2,9.2463962,0.992849126,
C,S_BB,h,0.2,9.26722673,0.992716497,
C,S_BB,h,0.2,9.28791689,0.994133898,
C,S_BB,h,0.2,9.30892724,0.994034205,
C,S_BB,h,0.2,9.33003065,0.992717429,
C,S_BB,h,0.2,9.35102864,0.993460917,
C,S_BB,h,0.2,9.37196601,0.991623332,
C,S_BB,h,0.2,9.39258783,0.994317406,
C,S_BB,h,0.2,9.41349621,0.993898635,
C,S_BB,h,0.2,9.4347927,0.99481684,
C,S_BB,h,0.2,9.45587737,0.994404462,
C,S_BB,h,0.2,9.47676866,0.991368438,
C,S_BB,h,0.2,9.49762777,0.994620816,
C,S_BB,h,0.2,9.51852362,0.996010477,
C,S_BB,h,0.2,9.53939795,0.993715684,
C,S_BB,h,0.2,9.56035551,0.995224605,
C,S_BB,h,0.2,9.58149741,0.992406635,
C,S_BB,h,0.2,9.60249587,0.993759979,
C,S_BB,h,0.2,9.62336478,0.993356677,
C,S_BB,h,0.2,9.64415055,0.995913625,
C,S_BB,h,0.2,9.66502224,0.99494431,
C,S_BB,h,0.2,9.68597433,0.993350403,
C,S_BB,h,0.2,9.7069728,0.993130492,
C,S_BB,h,0.2,9.72797765,0.996500516,
C,S_BB,h,0.2,9.74896401,0.994516763,
C,S_BB,h,0.2,9.76996217,0.996902085,
C,S_BB,h,0.2,9.79085678,0.997054842,
C,S_BB,h,0.2,9.81166698,0.993442303,
C,S_BB,h,0.2,9.83262494,0.994380609,
C,S_BB,h,0.2,9.85372265,0.995985146,
C,S_BB,h,0.2,9.87472665,0.996885588,
C,S_BB,h,0.2,9.89559934,0.996392212,
C,S_BB,h,0.2,9.91635289,0.99727722,
C,S_BB,h,0.2,9.93737645,0.997154974,
C,S_BB,h,0.2,9.95856995,0.998749818,
C,S_BB,h,0.2,9.97940815,0.997503768,
C,S_BB,h,0.2,10.000082,0.997249407,
C,S_BB,h,0.6,0.0252815853,0.0139936012,
C,S_BB,h,0.6,0.0486976344,0.0175324054,
C,S_BB,h,0.6,0.0692644017,0.0195498589,
C,S_BB,h,0.6,0.08877835,0.0219450332,
C,S_BB,h,0.6,0.111604297,0.0243552264,
C,S_BB,h,0.6,0.132731806,0.0289175725,
C,S_BB,h,0.6,0.153672181,0.0320799787,
C,S_BB,h,0.6,0.175641863,0.0370848838,
C,S_BB,h,0.6,0.196615509,0.0428520652,
C,S_BB,h,0.6,0.217326708,0.0483425747,
C,S_BB,h,0.6,0.237538457,0.0542504652,
C,S_BB,h,0.6,0.258148683,0.0612953816,
C,S_BB,h,0.6,0.28040349,0.0693026257,
C,S_BB,h,0.6,0.301929084,0.0782214064,
C,S_BB,h,0.6,0.322287413,0.0863076798,
C,S_BB,h,0.6,0.342663331,0.0951440237,
C,S_BB,h,0.6,0.363641289,0.103695907,
C,S_BB,h,0.6,0.385602948,0.114188453,
C,S_BB,h,0.6,0.406737165,0.124968172,
C,S_BB,h,0.6,0.427001871,0.136956844,
C,S_BB,h,0.6,0.448754416,0.148762839,
C,S_BB,h,0.6,0.469601745,0.158596342,
C,S_BB,h,0.6,0.489805379,0.172070564,
C,S_BB,h,0.6,0.510302494,0.18289557,
C,S_BB,h,0.6,0.53178319,0.195609331,
C,S_BB,h,0.6,0.553922362,0.210091272,
C,S_BB,h,0.6,0.574670041,0.224116489,
C,S_BB,h,0.6,0.594645701,0.238580072,
C,S_BB,h,0.6,0.615540037,0.252126656,
C,S_BB,h,0.6,0.636554081,0.269195293,
C,S_BB,h,0.6,0.658102417,0.284744248,
C,S_BB,h,0.6,0.679189641,0.299598868,
C,S_BB,h,0.6,0.700054044,0.315840189,
C,S_BB,h,0.6,0.721329826,0.331247461,
C,S_BB,h,0.6,0.742033923,0.349371582,
C,S_BB,h,0.6,0.762614581,0.367795667,
C,S_BB,h,0.6,0.783270495,0.3826807,
C,S_BB,h,0.6,0.804783918,0.398443976,
C,S_BB,h,0.6,0.826095906,0.419731915,
C,S_BB,h,0.6,0.846303977,0.436138532,
C,S_BB,h,0.6,0.867174819,0.450313259,
C,S_BB,h,0.6,0.888413258,0.473444716,
C,S_BB,h,0.6,0.909910564,0.488311345,
C,S_BB,h,0.6,0.931134698,0.508851426,
C,S_BB,h,0.6,0.951563161,0.52762004,
C,S_BB,h,0.6,0.972160451,0.543315307,
C,S_BB,h,0.6,0.993008165,0.562037602,
C,S_BB,h,0.6,1.0140906,0.57910012,
C,S_BB,h,0.6,1.03500338,0.599897417,
C,S_BB,h,0.6,1.05657413,0.616007477,
C,S_BB,h,0.6,1.07789814,0.639336412,
C,S_BB,h,0.6,1.09835045,0.645414833,
C,S_BB,h,0.6,1.11903902,0.668291076,
C,S_BB,h,0.6,1.1396405,0.684255456,
C,S_BB,h,0.6,1.16109193,0.703200062,
C,S_BB,h,0.6,1.18227503,0.722584254,
C,S_BB,h,0.6,1.2030555,0.736591897,
C,S_BB,h,0.6,1.22375183,0.756983997,
C,S_BB,h,0.6,1.24453484,0.765945611,
C,S_BB,h,0.6,1.26570671,0.781012444,
C,S_BB,h,0.6,1.28693994,0.79482126,
C,S_BB,h,0.6,1.30807124,0.811570454,
C,S_BB,h,0.6,1.32889646,0.818765725,
C,S_BB,h,0.6,1.34945121,0.839639812,
C,S_BB,h,0.6,1.37055188,0.844384204,
C,S_BB,h,0.6,1.39148285,0.862252782,
C,S_BB,h,0.6,1.41220445,0.871622561,
C,S_BB,h,0.6,1.43352474,0.882956562,
C,S_BB,h,0.6,1.45454751,0.893698481,
C,S_BB,h,0.6,1.47511055,0.902153695,
C,S_BB,h,0.6,1.49566583,0.911235446,
C,S_BB,h,0.6,1.51690776,0.916113931,
C,S_BB,h,0.6,1.53826425,0.925342214,
C,S_BB,h,0.6,1.55931449,0.935990135,
C,S_BB,h,0.6,1.58012172,0.943228497,
C,S_BB,h,0.6,1.60114355,0.945428464,
C,S_BB,h,0.6,1.62229155,0.948660223,
C,S_BB,h,0.6,1.64295947,0.955624824,
C,S_BB,h,0.6,1.66366432,0.959148495,
C,S_BB,h,0.6,1.68478217,0.964188945,
C,S_BB,h,0.6,1.7057485,0.972270733,
C,S_BB,h,0.6,1.72683745,0.969102989,
C,S_BB,h,0.6,1.74765849,0.974091299,
C,S_BB,h,0.6,1.76847487,0.977614675,
C,S_BB,h,0.6,1.78961871,0.977770931,
C,S_BB,h,0.6,1.81086098,0.981484899,
C,S_BB,h,0.6,1.83179094,0.977665019,
C,S_BB,h,0.6,1.8521746,0.979335834,
C,S_BB,h,0.6,1.8733654,0.979835609,
C,S_BB,h,0.6,1.89455538,0.980677635,
C,S_BB,h,0.6,1.91534795,0.981548774,
C,S_BB,h,0.6,1.93623233,0.987595695,
C,S_BB,h,0.6,1.9571481,0.985573775,
C,S_BB,h,0.6,1.97825109,0.983487734,
C,S_BB,h,0.6,1.99905898,0.98071901,
C,S_BB,h,0.6,2.01966715,0.979877172,
C,S_BB,h,0.6,2.04082415,0.977068455,
C,S_BB,h,0.6,2.06193171,0.974132778,
C,S_BB,h,0.6,2.08296048,0.975468485,
C,S_BB,h,0.6,2.10383017,0.973465224,
C,S_BB,h,0.6,2.12494312,0.974490057,
C,S_BB,h,0.6,2.14618475,0.974076285,
C,S_BB,h,0.6,2.16679298,0.971256573,
C,S_BB,h,0.6,2.18753482,0.96974202,
C,S_BB,h,0.6,2.20847027,0.966112604,
C,S_BB,h,0.6,2.22955181,0.963842933,
C,S_BB,h,0.6,2.25078374,0.960967919,
C,S_BB,h,0.6,2.27150159,0.963398569,
C,S_BB,h,0.6,2.29205574,0.962931325,
C,S_BB,h,0.6,2.31294326,0.958585198,
C,S_BB,h,0.6,2.3340363,0.958061427,
C,S_BB,h,0.6,2.35514399,0.955431229,
C,S_BB,h,0.6,2.37607726,0.954422354,
C,S_BB,h,0.6,2.39730341,0.951254575,
C,S_BB,h,0.6,2.41857203,0.951033717,
C,S_BB,h,0.6,2.43911056,0.953710268,
C,S_BB,h,0.6,2.45988005,0.948533165,
C,S_BB,h,0.6,2.48094151,0.955682768,
C,S_BB,h,0.6,2.50196601,0.949031953,
C,S_BB,h,0.6,2.52300496,0.949922438,
C,S_BB,h,0.6,2.54340089,0.949551279,
C,S_BB,h,0.6,2.56415297,0.949059776,
C,S_BB,h,0.6,2.58575836,0.949155245,
C,S_BB,h,0.6,2.60684428,0.946193287,
C,S_BB,h,0.6,2.62775949,0.946169327,
C,S_BB,h,0.6,2.64834355,0.945124693,
C,S_BB,h,0.6,2.66912062,0.945699322,
C,S_BB,h,0.6,2.69039946,0.94799767,
C,S_BB,h,0.6,2.71121518,0.946438778,
C,S_BB,h,0.6,2.7321837,0.94430433,
C,S_BB,h,0.6,2.75306239,0.946266468,
C,S_BB,h,0.6,2.77427049,0.943872766,
C,S_BB,h,0.6,2.79557932,0.944362478,
C,S_BB,h,0.6,2.8160646,0.948859578,
C,S_BB,h,0.6,2.83689478,0.945076429,
C,S_BB,h,0.6,2.85801727,0.947026167,
C,S_BB,h,0.6,2.87906973,0.946689535,
C,S_BB,h,0.6,2.89996898,0.94699324,
C,S_BB,h,0.6,2.92062944,0.945936715,
C,S_BB,h,0.6,2.941605,0.947664594,
C,S_BB,h,0.6,2.96267076,0.947791657,
C,S_BB,h,0.6,2.98347442,0.952412329,
C,S_BB,h,0.6,3.00437656,0.948216285,
C,S_BB,h,0.6,3.02542142,0.948589374,
C,S_BB,h,0.6,3.04658726,0.953295699,
C,S_BB,h,0.6,3.06768101,0.950135514,
C,S_BB,h,0.6,3.088328,0.951741715,
C,S_BB,h,0.6,3.10931167,0.956501284,
C,S_BB,h,0.6,3.1305457,0.957856013,
C,S_BB,h,0.6,3.15150209,0.955741147,
C,S_BB,h,0.6,3.17219014,0.954806567,
C,S_BB,h,0.6,3.19299024,0.955232006,
C,S_BB,h,0.6,3.21390436,0.957395392,
C,S_BB,h,0.6,3.23506564,0.957071606,
C,S_BB,h,0.6,3.25605387,0.956978438,
C,S_BB,h,0.6,3.27685776,0.959166937,
C,S_BB,h,0.6,3.29794723,0.959691284,
C,S_BB,h,0.6,3.31884778,0.960833265,
C,S_BB,h,0.6,3.33944269,0.959340743,
C,S_BB,h,0.6,3.36030612,0.960707598,
C,S_BB,h,0.6,3.38171654,0.960226233,
C,S_BB,h,0.6,3.40297495,0.961889985,
C,S_BB,h,0.6,3.42370792,0.959655648,
C,S_BB,h,0.6,3.44440875,0.959799781,
C,S_BB,h,0.6,3.465315,0.96265157,
C,S_BB,h,0.6,3.4865867,0.964019626,
C,S_BB,h,0.6,3.50751221,0.966013028,
C,S_BB,h,0.6,3.52796741,0.962807906,
C,S_BB,h,0.6,3.5488788,0.963789037,
C,S_BB,h,0.6,3.57014151,0.965752136,
C,S_BB,h,0.6,3.59120365,0.966533595,
C,S_BB,h,0.6,3.61190928,0.971236462,
C,S_BB,h,0.6,3.63300558,0.972281676,
C,S_BB,h,0.6,3.6541422,0.972083695,
C,S_BB,h,0.6,3.67500902,0.972848173,
C,S_BB,h,0.6,3.69581564,0.970664594,
C,S_BB,h,0.6,3.71644729,0.971630927,
C,S_BB,h,0.6,3.73749774,0.972597837,
C,S_BB,h,0.6,3.75868086,0.974628058,
C,S_BB,h,0.6,3.77950549,0.972749855,
C,S_BB,h,0.6,3.80027286,0.977805635,
C,S_BB,h,0.6,3.82143123,0.9772021,
C,S_BB,h,0.6,3.84280481,0.974637728,
C,S_BB,h,0.6,3.86349282,0.979085726,
C,S_BB,h,0.6,3.88417456,0.977778986,
C,S_BB,h,0.6,3.90535419,0.978581415,
C,S_BB,h,0.6,3.9264697,0.981386123,
C,S_BB,h,0.6,3.94738681,0.982321397,
C,S_BB,h,0.6,3.96810309,0.980229318,
C,S_BB,h,0.6,3.98888694,0.98170753,
C,S_BB,h,0.6,4.00993371,0.981759911,
C,S_BB,h,0.6,4.03080983,0.985713657,
C,S_BB,h,0.6,4.05178039,0.984538991,
C,S_BB,h,0.6,4.07276799,0.985172861,
C,S_BB,h,0.6,4.09368684,0.985339722,
C,S_BB,h,0.6,4.11485609,0.983723614,
C,S_BB,h,0.6,4.13583188,0.988754714,
C,S_BB,h,0.6,4.15670688,0.989255607,
C,S_BB,h,0.6,4.17758774,0.990554923,
C,S_BB,h,0.6,4.19867141,0.993481375,
C,S_BB,h,0.6,4.21961517,0.990272195,
C,S_BB,h,0.6,4.24013393,0.990253607,
C,S_BB,h,0.6,4.26119077,0.989088402,
C,S_BB,h,0.6,4.28239268,0.993023239,
C,S_BB,h,0.6,4.30342826,0.996210973,
C,S_BB,h,0.6,4.32431592,0.994353094,
C,S_BB,h,0.6,4.34508479,0.994470072,
C,S_BB,h,0.6,4.36604259,0.996900487,
C,S_BB,h,0.6,4.38708086,0.998123189,
C,S_BB,h,0.6,4.40778797,0.997046829,
C,S_BB,h,0.6,4.4288526,0.999168752,
C,S_BB,h,0.6,4.44994967,1.00007731,
C,S_BB,h,0.6,4.47085438,1.00356658,
C,S_BB,h,0.6,4.49188801,1.00260972,
C,S_BB,h,0.6,4.51250216,1.00550462,
C,S_BB,h,0.6,4.5334461,1.00081818,
C,S_BB,h,0.6,4.55463591,1.0019784,
C,S_BB,h,0.6,4.57547609,1.00296027,
C,S_BB,h,0.6,4.59643311,1.00525312,
C,S_BB,h,0.6,4.61732903,1.00500782,
C,S_BB,h,0.6,4.63833098,1.00765358,
C,S_BB,h,0.6,4.65949324,1.00659074,
C,S_BB,h,0.6,4.68039693,1.00800136,
C,S_BB,h,0.6,4.70136745,1.0096178,
C,S_BB,h,0.6,4.72221533,1.00719747,
C,S_BB,h,0.6,4.74309374,1.01005451,
C,S_BB,h,0.6,4.76390784,1.01029409,
C,S_BB,h,0.6,4.78491795,1.01158701,
C,S_BB,h,0.6,4.80636204,1.01255392,
C,S_BB,h,0.6,4.82728449,1.01080668,
C,S_BB,h,0.6,4.84785524,1.01164202,
C,S_BB,h,0.6,4.86859731,1.01013878,
C,S_BB,h,0.6,4.88954319,1.00971897,
C,S_BB,h,0.6,4.91078695,1.01276976,
C,S_BB,h,0.6,4.93172016,1.01213344,
C,S_BB,h,0.6,4.95244063,1.01309577,
C,S_BB,h,0.6,4.97348932,1.01292926,
C,S_BB,h,0.6,4.994309,1.0130028,
C,S_BB,h,0.6,5.01515697,1.0146115,
C,S_BB,h,0.6,5.03598003,1.01818247,
C,S_BB,h,0.6,5.05703237,1.01693577,
C,S_BB,h,0.6,5.07840332,1.0152717,
C,S_BB,h,0.6,5.09943841,1.01317071,
C,S_BB,h,0.6,5.12032938,1.01400899,
C,S_BB,h,0.6,5.14107614,1.01854275,
C,S_BB,h,0.6,5.16214077,1.01641596,
C,S_BB,h,0.6,5.18341099,1.01759417,
C,S_BB,h,0.6,5.2041075,1.0184222,
C,S_BB,h,0.6,5.22477891,1.01751818,
C,S_BB,h,0.6,5.24557967,1.01656873,
C,S_BB,h,0.6,5.26649236,1.01733162,
C,S_BB,h,0.6,5.28753131,1.01358719,
C,S_BB,h,0.6,5.30847064,1.01606982,
C,S_BB,h,0.6,5.32946745,1.02016142,
C,S_BB,h,0.6,5.3506922,1.01600773,
C,S_BB,h,0.6,5.37158853,1.01667278,
C,S_BB,h,0.6,5.39231925,1.0183779,
C,S_BB,h,0.6,5.41333352,1.01719446,
C,S_BB,h,0.6,5.43434316,1.01635219,
C,S_BB,h,0.6,5.45530659,1.01894984,
C,S_BB,h,0.6,5.47618498,1.0158779,
C,S_BB,h,0.6,5.49715755,1.017891,
C,S_BB,h,0.6,5.51801586,1.01697635,
C,S_BB,h,0.6,5.53881995,1.0153887,
C,S_BB,h,0.6,5.55992514,1.01906881,
C,S_BB,h,0.6,5.58098545,1.018584,
C,S_BB,h,0.6,5.60183772,1.02088528,
C,S_BB,h,0.6,5.62277584,1.01869386,
C,S_BB,h,0.6,5.64379172,1.02013038,
C,S_BB,h,0.6,5.66460817,1.01778915,
C,S_BB,h,0.6,5.68556022,1.01941538,
C,S_BB,h,0.6,5.7067909,1.01717433,
C,S_BB,h,0.6,5.72769317,1.01676008,
C,S_BB,h,0.6,5.74840017,1.02064055,
C,S_BB,h,0.6,5.76938192,1.01577114,
C,S_BB,h,0.6,5.79039764,1.01955214,
C,S_BB,h,0.6,5.81144039,1.01764265,
C,S_BB,h,0.6,5.83232115,1.01565805,
C,S_BB,h,0.6,5.85320209,1.01905561,
C,S_BB,h,0.6,5.87418919,1.01695709,
C,S_BB,h,0.6,5.89509625,1.01712559,
C,S_BB,h,0.6,5.9159726,1.01858327,
C,S_BB,h,0.6,5.93682663,1.01908807,
C,S_BB,h,0.6,5.95791772,1.01553591,
C,S_BB,h,0.6,5.97900675,1.01662752,
C,S_BB,h,0.6,5.99978945,1.01589108,
C,S_BB,h,0.6,6.02063577,1.01619557,
C,S_BB,h,0.6,6.04156421,1.01602589,
C,S_BB,h,0.6,6.06259364,1.0150391,
C,S_BB,h,0.6,6.08377541,1.01575827,
C,S_BB,h,0.6,6.10447051,1.01529851,
C,S_BB,h,0.6,6.12538157,1.0164565,
C,S_BB,h,0.6,6.14660689,1.01430583,
C,S_BB,h,0.6,6.16752321,1.0168836,
C,S_BB,h,0.6,6.18833806,1.014718,
C,S_BB,h,0.6,6.20938667,1.01387655,
C,S_BB,h,0.6,6.23052184,1.01226157,
C,S_BB,h,0.6,6.25137137,1.01179854,
C,S_BB,h,0.6,6.27204484,1.01446822,
C,S_BB,h,0.6,6.29290789,1.01295363,
C,S_BB,h,0.6,6.31382104,1.01162104,
C,S_BB,h,0.6,6.33495691,1.0109881,
C,S_BB,h,0.6,6.35600914,1.01081829,
C,S_BB,h,0.6,6.37663869,1.01217268,
C,S_BB,h,0.6,6.39770954,1.00992448,
C,S_BB,h,0.6,6.41872759,1.00960078,
C,S_BB,h,0.6,6.43951457,1.01078111,
C,S_BB,h,0.6,6.46033562,1.00943625,
C,S_BB,h,0.6,6.4814564,1.00993772,
C,S_BB,h,0.6,6.50265681,1.01182757,
C,S_BB,h,0.6,6.52350383,1.01176932,
C,S_BB,h,0.6,6.54427866,1.0093959,
C,S_BB,h,0.6,6.56515568,1.00939894,
C,S_BB,h,0.6,6.58628576,1.00755323,
C,S_BB,h,0.6,6.60749316,1.00913303,
C,S_BB,h,0.6,6.62830625,1.01001788,
C,S_BB,h,0.6,6.64913567,1.00565976,
C,S_BB,h,0.6,6.67020149,1.00442576,
C,S_BB,h,0.6,6.69106898,1.00670245,
C,S_BB,h,0.6,6.71185955,1.00826357,
C,S_BB,h,0.6,6.73264651,1.00518445,
C,S_BB,h,0.6,6.7537045,1.0067058,
C,S_BB,h,0.6,6.77487174,1.00639844,
C,S_BB,h,0.6,6.79557562,1.00669447,
C,S_BB,h,0.6,6.81648781,1.00629312,
C,S_BB,h,0.6,6.83753747,1.00433172,
C,S_BB,h,0.6,6.85867557,1.00540937,
C,S_BB,h,0.6,6.87985316,1.00651572,
C,S_BB,h,0.6,6.90065786,1.00584512,
C,S_BB,h,0.6,6.92153112,1.00611768,
C,S_BB,h,0.6,6.94229803,1.0029391,
C,S_BB,h,0.6,6.9630016,1.00214447,
C,S_BB,h,0.6,6.98416877,1.00697833,
C,S_BB,h,0.6,7.0052781,1.00175642,
C,S_BB,h,0.6,7.02617612,1.00248229,
C,S_BB,h,0.6,7.04699526,1.00188584,
C,S_BB,h,0.6,7.06761685,1.0017459,
C,S_BB,h,0.6,7.08873369,1.00323973,
C,S_BB,h,0.6,7.10994937,1.0025955,
C,S_BB,h,0.6,7.13102893,1.00131178,
C,S_BB,h,0.6,7.15201412,1.001607,
C,S_BB,h,0.6,7.17271336,1.00183083,
C,S_BB,h,0.6,7.19374266,1.00169825,
C,S_BB,h,0.6,7.21473042,1.00168998,
C,S_BB,h,0.6,7.23564263,0.998124017,
C,S_BB,h,0.6,7.25666289,1.00002993,
C,S_BB,h,0.6,7.27757645,1.00197346,
C,S_BB,h,0.6,7.2984411,0.999924998,
C,S_BB,h,0.6,7.31917384,0.999381879,
C,S_BB,h,0.6,7.34001688,0.99903436,
C,S_BB,h,0.6,7.3611683,0.998977708,
C,S_BB,h,0.6,7.38224284,0.998935533,
C,S_BB,h,0.6,7.40324015,0.998602614,
C,S_BB,h,0.6,7.42408854,0.999021283,
C,S_BB,h,0.6,7.44500634,0.998625946,
C,S_BB,h,0.6,7.46595959,0.99571212,
C,S_BB,h,0.6,7.48696308,1.00003145,
C,S_BB,h,0.6,7.5079936,0.998901691,
C,S_BB,h,0.6,7.52871967,0.998109555,
C,S_BB,h,0.6,7.54966921,0.998362438,
C,S_BB,h,0.6,7.57064902,0.996226972,
C,S_BB,h,0.6,7.59151428,0.997629056,
C,S_BB,h,0.6,7.6123809,0.993920534,
C,S_BB,h,0.6,7.63338324,0.995991969,
C,S_BB,h,0.6,7.65450532,0.994825755,
C,S_BB,h,0.6,7.67556944,0.994743873,
C,S_BB,h,0.6,7.69637751,0.996278789,
C,S_BB,h,0.6,7.71727216,0.994123937,
C,S_BB,h,0.6,7.73835725,0.994089143,
C,S_BB,h,0.6,7.75934923,0.997112458,
C,S_BB,h,0.6,7.78023116,0.994295762,
C,S_BB,h,0.6,7.80098697,0.994278546,
C,S_BB,h,0.6,7.82190677,0.996077567,
C,S_BB,h,0.6,7.84304931,0.99286009,
C,S_BB,h,0.6,7.86405132,0.995036932,
C,S_BB,h,0.6,7.88484553,0.995061751,
C,S_BB,h,0.6,7.90574885,0.99404975,
C,S_BB,h,0.6,7.9267531,0.995260983,
C,S_BB,h,0.6,7.94765228,0.99595331,
C,S_BB,h,0.6,7.96842304,0.990412315,
C,S_BB,h,0.6,7.98938616,0.993357047,
C,S_BB,h,0.6,8.01050815,0.990972935,
C,S_BB,h,0.6,8.03153334,0.993059648,
C,S_BB,h,0.6,8.05240251,0.996381326,
C,S_BB,h,0.6,8.07332696,0.992318663,
C,S_BB,h,0.6,8.09438514,0.991593998,
C,S_BB,h,0.6,8.11529588,0.993623531,
C,S_BB,h,0.6,8.13618411,0.992647234,
C,S_BB,h,0.6,8.15717855,0.991720295,
C,S_BB,h,0.6,8.17807847,0.993795242,
C,S_BB,h,0.6,8.19905269,0.993476515,
C,S_BB,h,0.6,8.21991085,0.993456836,
C,S_BB,h,0.6,8.24078529,0.991145191,
C,S_BB,h,0.6,8.26195652,0.991671502,
C,S_BB,h,0.6,8.28293039,0.993166925,
C,S_BB,h,0.6,8.30373423,0.991669177,
C,S_BB,h,0.6,8.32452583,0.992177348,
C,S_BB,h,0.6,8.34556221,0.99163196,
C,S_BB,h,0.6,8.36671927,0.992601803,
C,S_BB,h,0.6,8.38757523,0.992340168,
C,S_BB,h,0.6,8.40855808,0.990326537,
C,S_BB,h,0.6,8.42953585,0.993253847,
C,S_BB,h,0.6,8.45042977,0.989854185,
C,S_BB,h,0.6,8.47138662,0.994043561,
C,S_BB,h,0.6,8.49217243,0.990290252,
C,S_BB,h,0.6,8.51321806,0.991821194,
C,S_BB,h,0.6,8.53421183,0.990131954,
C,S_BB,h,0.6,8.55508292,0.9924918,
C,S_BB,h,0.6,8.57598662,0.991180526,
C,S_BB,h,0.6,8.59679232,0.991117412,
C,S_BB,h,0.6,8.61783107,0.992784983,
C,S_BB,h,0.6,8.63891768,0.989466412,
C,S_BB,h,0.6,8.65972861,0.992579296,
C,S_BB,h,0.6,8.68059853,0.99036758,
C,S_BB,h,0.6,8.70174168,0.993042163,
C,S_BB,h,0.6,8.72279566,0.991598978,
C,S_BB,h,0.6,8.74359241,0.990811923,
C,S_BB,h,0.6,8.76424415,0.990068948,
C,S_BB,h,0.6,8.78526729,0.993771274,
C,S_BB,h,0.6,8.80637189,0.992522818,
C,S_BB,h,0.6,8.82736896,0.992937732,
C,S_BB,h,0.6,8.84843212,0.99065702,
C,S_BB,h,0.6,8.86933197,0.993400098,
C,S_BB,h,0.6,8.89026857,0.991432725,
C,S_BB,h,0.6,8.91123702,0.991745305,
C,S_BB,h,0.6,8.93214776,0.9920933,
C,S_BB,h,0.6,8.95312097,0.990844747,
C,S_BB,h,0.6,8.9741304,0.991523441,
C,S_BB,h,0.6,8.99505705,0.992761701,
C,S_BB,h,0.6,9.01571368,0.990925144,
C,S_BB,h,0.6,9.03640927,0.990174206,
C,S_BB,h,0.6,9.05755121,0.993343877,
C,S_BB,h,0.6,9.07868023,0.993162938,
C,S_BB,h,0.6,9.09969513,0.991264643,
C,S_BB,h,0.6,9.1205658,0.990298745,
C,S_BB,h,0.6,9.14137844,0.991115006,
C,S_BB,h,0.6,9.16237082,0.992602091,
C,S_BB,h,0.6,9.18339441,0.99273904,
C,S_BB,h,0.6,9.20447395,0.993906837,
C,S_BB,h,0.6,9.22549281,0.994611708,
C,S_BB,h,0.6,9.2463962,0.993660783,
C,S_BB,h,0.6,9.26722673,0.99249424,
C,S_BB,h,0.6,9.28791689,0.992978139,
C,S_BB,h,0.6,9.30892724,0.991107438,
C,S_BB,h,0.6,9.33003065,0.992932941,
C,S_BB,h,0.6,9.35102864,0.992375633,
C,S_BB,h,0.6,9.37196601,0.9944288,
C,S_BB,h,0.6,9.39258783,0.992995983,
C,S_BB,h,0.6,9.41349621,0.995072114,
C,S_BB,h,0.6,9.4347927,0.993440626,
C,S_BB,h,0.6,9.45587737,0.993836212,
C,S_BB,h,0.6,9.47676866,0.993762854,
C,S_BB,h,0.6,9.49762777,0.994287284,
C,S_BB,h,0.6,9.51852362,0.99362986,
C,S_BB,h,0.6,9.53939795,0.994800445,
C,S_BB,h,0.6,9.56035551,0.99324758,
C,S_BB,h,0.6,9.58149741,0.995096834,
C,S_BB,h,0.6,9.60249587,0.995053902,
C,S_BB,h,0.6,9.62336478,0.994651226,
C,S_BB,h,0.6,9.64415055,0.995347353,
C,S_BB,h,0.6,9.66502224,0.9941223,
C,S_BB,h,0.6,9.68597433,0.995025562,
C,S_BB,h,0.6,9.7069728,0.995747644,
C,S_BB,h,0.6,9.72797765,0.992438115,
C,S_BB,h,0.6,9.74896401,0.995070922,
C,S_BB,h,0.6,9.76996217,0.995813297,
C,S_BB,h,0.6,9.79085678,0.994725713,
C,S_BB,h,0.6,9.81166698,0.995803452,
C,S_BB,h,0.6,9.83262494,0.996629323,
C,S_BB,h,0.6,9.85372265,0.997486994,
C,S_BB,h,0.6,9.87472665,0.997486446,
C,S_BB,h,0.6,9.89559934,0.995567233,
C,S_BB,h,0.6,9.91635289,0.996240895,
C,S_BB,h,0.6,9.93737645,0.99619366,
C,S_BB,h,0.6,9.95856995,0.995388772,
C,S_BB,h,0.6,9.97940815,0.997620041,
C,S_BB,h,0.6,10.000082,0.996949226,
C,S_BB,h,1.0,0.0252815853,0.0488480128,
C,S_BB,h,1.0,0.0486976344,0.0445216941,
C,S_BB,h,1.0,0.0692644017,0.0473025835,
C,S_BB,h,1.0,0.08877835,0.0507200679,
C,S_BB,h,1.0,0.111604297,0.0524768263,
C,S_BB,h,1.0,0.132731806,0.0568918001,
C,S_BB,h,1.0,0.153672181,0.0600085198,
C,S_BB,h,1.0,0.175641863,0.0648045416,
C,S_BB,h,1.0,0.196615509,0.0689759977,
C,S_BB,h,1.0,0.217326708,0.0741947222,
C,S_BB,h,1.0,0.237538457,0.0789676074,
C,S_BB,h,1.0,0.258148683,0.0857952488,
C,S_BB,h,1.0,0.28040349,0.0939536556,
C,S_BB,h,1.0,0.301929084,0.101006378,
C,S_BB,h,1.0,0.322287413,0.107343171,
C,S_BB,h,1.0,0.342663331,0.116230221,
C,S_BB,h,1.0,0.363641289,0.125369903,
C,S_BB,h,1.0,0.385602948,0.132628318,
C,S_BB,h,1.0,0.406737165,0.144347715,
C,S_BB,h,1.0,0.427001871,0.153864224,
C,S_BB,h,1.0,0.448754416,0.16279459,
C,S_BB,h,1.0,0.469601745,0.174709107,
C,S_BB,h,1.0,0.489805379,0.186760228,
C,S_BB,h,1.0,0.510302494,0.198993374,
C,S_BB,h,1.0,0.53178319,0.211983067,
C,S_BB,h,1.0,0.553922362,0.224334606,
C,S_BB,h,1.0,0.574670041,0.234939774,
C,S_BB,h,1.0,0.594645701,0.250492676,
C,S_BB,h,1.0,0.615540037,0.262855289,
C,S_BB,h,1.0,0.636554081,0.279438041,
C,S_BB,h,1.0,0.658102417,0.293373534,
C,S_BB,h,1.0,0.679189641,0.308448048,
C,S_BB,h,1.0,0.700054044,0.325235306,
C,S_BB,h,1.0,0.721329826,0.34055827,
C,S_BB,h,1.0,0.742033923,0.354926124,
C,S_BB,h,1.0,0.762614581,0.371931453,
C,S_BB,h,1.0,0.783270495,0.388140471,
C,S_BB,h,1.0,0.804783918,0.40390803,
C,S_BB,h,1.0,0.826095906,0.423288817,
C,S_BB,h,1.0,0.846303977,0.439838994,
C,S_BB,h,1.0,0.867174819,0.456906931,
C,S_BB,h,1.0,0.888413258,0.473142415,
C,S_BB,h,1.0,0.909910564,0.491635591,
C,S_BB,h,1.0,0.931134698,0.509164612,
C,S_BB,h,1.0,0.951563161,0.523923227,
C,S_BB,h,1.0,0.972160451,0.541490112,
C,S_BB,h,1.0,0.993008165,0.559314678,
C,S_BB,h,1.0,1.0140906,0.576882018,
C,S_BB,h,1.0,1.03500338,0.590793882,
C,S_BB,h,1.0,1.05657413,0.612755379,
C,S_BB,h,1.0,1.07789814,0.631761026,
C,S_BB,h,1.0,1.09835045,0.651276585,
C,S_BB,h,1.0,1.11903902,0.671039265,
C,S_BB,h,1.0,1.1396405,0.686862944,
C,S_BB,h,1.0,1.16109193,0.700487721,
C,S_BB,h,1.0,1.18227503,0.713489503,
C,S_BB,h,1.0,1.2030555,0.733048217,
C,S_BB,h,1.0,1.22375183,0.747680986,
C,S_BB,h,1.0,1.24453484,0.770066616,
C,S_BB,h,1.0,1.26570671,0.776434824,
C,S_BB,h,1.0,1.28693994,0.795090105,
C,S_BB,h,1.0,1.30807124,0.808308421,
C,S_BB,h,1.0,1.32889646,0.824425467,
C,S_BB,h,1.0,1.34945121,0.828968192,
C,S_BB,h,1.0,1.37055188,0.842214856,
C,S_BB,h,1.0,1.39148285,0.858078332,
C,S_BB,h,1.0,1.41220445,0.867872991,
C,S_BB,h,1.0,1.43352474,0.879967326,
C,S_BB,h,1.0,1.45454751,0.889491228,
C,S_BB,h,1.0,1.47511055,0.898886943,
C,S_BB,h,1.0,1.49566583,0.915192348,
C,S_BB,h,1.0,1.51690776,0.915073661,
C,S_BB,h,1.0,1.53826425,0.92334109,
C,S_BB,h,1.0,1.55931449,0.933116472,
C,S_BB,h,1.0,1.58012172,0.933115635,
C,S_BB,h,1.0,1.60114355,0.946136619,
C,S_BB,h,1.0,1.62229155,0.942083423,
C,S_BB,h,1.0,1.64295947,0.955141697,
C,S_BB,h,1.0,1.66366432,0.953089479,
C,S_BB,h,1.0,1.68478217,0.961146558,
C,S_BB,h,1.0,1.7057485,0.964001331,
C,S_BB,h,1.0,1.72683745,0.970131576,
C,S_BB,h,1.0,1.74765849,0.971617077,
C,S_BB,h,1.0,1.76847487,0.975556935,
C,S_BB,h,1.0,1.78961871,0.975711978,
C,S_BB,h,1.0,1.81086098,0.98012343,
C,S_BB,h,1.0,1.83179094,0.979758371,
C,S_BB,h,1.0,1.8521746,0.979642971,
C,S_BB,h,1.0,1.8733654,0.981959649,
C,S_BB,h,1.0,1.89455538,0.977539197,
C,S_BB,h,1.0,1.91534795,0.977784546,
C,S_BB,h,1.0,1.93623233,0.982860609,
C,S_BB,h,1.0,1.9571481,0.97889298,
C,S_BB,h,1.0,1.97825109,0.97289079,
C,S_BB,h,1.0,1.99905898,0.975777492,
C,S_BB,h,1.0,2.01966715,0.976641257,
C,S_BB,h,1.0,2.04082415,0.974599234,
C,S_BB,h,1.0,2.06193171,0.975694981,
C,S_BB,h,1.0,2.08296048,0.972193388,
C,S_BB,h,1.0,2.10383017,0.97561454,
C,S_BB,h,1.0,2.12494312,0.971646364,
C,S_BB,h,1.0,2.14618475,0.972620427,
C,S_BB,h,1.0,2.16679298,0.971633118,
C,S_BB,h,1.0,2.18753482,0.968900486,
C,S_BB,h,1.0,2.20847027,0.966185458,
C,S_BB,h,1.0,2.22955181,0.969674143,
C,S_BB,h,1.0,2.25078374,0.962686662,
C,S_BB,h,1.0,2.27150159,0.962665785,
C,S_BB,h,1.0,2.29205574,0.958792425,
C,S_BB,h,1.0,2.31294326,0.958169066,
C,S_BB,h,1.0,2.3340363,0.955020081,
C,S_BB,h,1.0,2.35514399,0.959968143,
C,S_BB,h,1.0,2.37607726,0.955273986,
C,S_BB,h,1.0,2.39730341,0.95665364,
C,S_BB,h,1.0,2.41857203,0.951339842,
C,S_BB,h,1.0,2.43911056,0.951905023,
C,S_BB,h,1.0,2.45988005,0.949807048,
C,S_BB,h,1.0,2.48094151,0.951135105,
C,S_BB,h,1.0,2.50196601,0.948631072,
C,S_BB,h,1.0,2.52300496,0.946626562,
C,S_BB,h,1.0,2.54340089,0.947989592,
C,S_BB,h,1.0,2.56415297,0.945425249,
C,S_BB,h,1.0,2.58575836,0.948758393,
C,S_BB,h,1.0,2.60684428,0.947002222,
C,S_BB,h,1.0,2.62775949,0.947294065,
C,S_BB,h,1.0,2.64834355,0.943505499,
C,S_BB,h,1.0,2.66912062,0.943679594,
C,S_BB,h,1.0,2.69039946,0.942090564,
C,S_BB,h,1.0,2.71121518,0.947028422,
C,S_BB,h,1.0,2.7321837,0.945798216,
C,S_BB,h,1.0,2.75306239,0.94468286,
C,S_BB,h,1.0,2.77427049,0.945406145,
C,S_BB,h,1.0,2.79557932,0.947503867,
C,S_BB,h,1.0,2.8160646,0.946595211,
C,S_BB,h,1.0,2.83689478,0.948795593,
C,S_BB,h,1.0,2.85801727,0.942902186,
C,S_BB,h,1.0,2.87906973,0.947997834,
C,S_BB,h,1.0,2.89996898,0.949152316,
C,S_BB,h,1.0,2.92062944,0.945491802,
C,S_BB,h,1.0,2.941605,0.948956217,
C,S_BB,h,1.0,2.96267076,0.946354919,
C,S_BB,h,1.0,2.98347442,0.952133006,
C,S_BB,h,1.0,3.00437656,0.949837565,
C,S_BB,h,1.0,3.02542142,0.950150339,
C,S_BB,h,1.0,3.04658726,0.951690364,
C,S_BB,h,1.0,3.06768101,0.949725104,
C,S_BB,h,1.0,3.088328,0.95320136,
C,S_BB,h,1.0,3.10931167,0.952962166,
C,S_BB,h,1.0,3.1305457,0.954643066,
C,S_BB,h,1.0,3.15150209,0.95293725,
C,S_BB,h,1.0,3.17219014,0.955069742,
C,S_BB,h,1.0,3.19299024,0.956810885,
C,S_BB,h,1.0,3.21390436,0.955517432,
C,S_BB,h,1.0,3.23506564,0.957667911,
C,S_BB,h,1.0,3.25605387,0.957778856,
C,S_BB,h,1.0,3.27685776,0.959148275,
C,S_BB,h,1.0,3.29794723,0.956701979,
C,S_BB,h,1.0,3.31884778,0.958891521,
C,S_BB,h,1.0,3.33944269,0.961392602,
C,S_BB,h,1.0,3.36030612,0.957843926,
C,S_BB,h,1.0,3.38171654,0.960900234,
C,S_BB,h,1.0,3.40297495,0.961944478,
C,S_BB,h,1.0,3.42370792,0.964055476,
C,S_BB,h,1.0,3.44440875,0.962829571,
C,S_BB,h,1.0,3.465315,0.962192755,
C,S_BB,h,1.0,3.4865867,0.965963763,
C,S_BB,h,1.0,3.50751221,0.964970112,
C,S_BB,h,1.0,3.52796741,0.965905219,
C,S_BB,h,1.0,3.5488788,0.964661846,
C,S_BB,h,1.0,3.57014151,0.967524208,
C,S_BB,h,1.0,3.59120365,0.967755085,
C,S_BB,h,1.0,3.61190928,0.96740475,
C,S_BB,h,1.0,3.63300558,0.968999523,
C,S_BB,h,1.0,3.6541422,0.965539628,
C,S_BB,h,1.0,3.67500902,0.970813814,
C,S_BB,h,1.0,3.69581564,0.96932717,
C,S_BB,h,1.0,3.71644729,0.972986908,
C,S_BB,h,1.0,3.73749774,0.971379852,
C,S_BB,h,1.0,3.75868086,0.975849563,
C,S_BB,h,1.0,3.77950549,0.974708672,
C,S_BB,h,1.0,3.80027286,0.975549875,
C,S_BB,h,1.0,3.82143123,0.975852665,
C,S_BB,h,1.0,3.84280481,0.97567055,
C,S_BB,h,1.0,3.86349282,0.976712931,
C,S_BB,h,1.0,3.88417456,0.978739107,
C,S_BB,h,1.0,3.90535419,0.977247464,
C,S_BB,h,1.0,3.9264697,0.977374418,
C,S_BB,h,1.0,3.94738681,0.980716055,
C,S_BB,h,1.0,3.96810309,0.982265673,
C,S_BB,h,1.0,3.98888694,0.982635302,
C,S_BB,h,1.0,4.00993371,0.984715265,
C,S_BB,h,1.0,4.03080983,0.982880204,
C,S_BB,h,1.0,4.05178039,0.987956179,
C,S_BB,h,1.0,4.07276799,0.987139691,
C,S_BB,h,1.0,4.09368684,0.98591415,
C,S_BB,h,1.0,4.11485609,0.987818641,
C,S_BB,h,1.0,4.13583188,0.987331235,
C,S_BB,h,1.0,4.15670688,0.992128182,
C,S_BB,h,1.0,4.17758774,0.99027488,
C,S_BB,h,1.0,4.19867141,0.993665595,
C,S_BB,h,1.0,4.21961517,0.994414191,
C,S_BB,h,1.0,4.24013393,0.994829273,
C,S_BB,h,1.0,4.26119077,0.993308998,
C,S_BB,h,1.0,4.28239268,0.991902171,
C,S_BB,h,1.0,4.30342826,0.991400604,
C,S_BB,h,1.0,4.32431592,0.997942041,
C,S_BB,h,1.0,4.34508479,0.995545295,
C,S_BB,h,1.0,4.36604259,0.997221452,
C,S_BB,h,1.0,4.38708086,1.00079086,
C,S_BB,h,1.0,4.40778797,0.998111776,
C,S_BB,h,1.0,4.4288526,1.00319797,
C,S_BB,h,1.0,4.44994967,0.999310589,
C,S_BB,h,1.0,4.47085438,1.0002548,
C,S_BB,h,1.0,4.49188801,1.0022888,
C,S_BB,h,1.0,4.51250216,1.00534594,
C,S_BB,h,1.0,4.5334461,1.00635797,
C,S_BB,h,1.0,4.55463591,1.0035411,
C,S_BB,h,1.0,4.57547609,1.00426404,
C,S_BB,h,1.0,4.59643311,1.00526682,
C,S_BB,h,1.0,4.61732903,1.00369308,
C,S_BB,h,1.0,4.63833098,1.00262172,
C,S_BB,h,1.0,4.65949324,1.00643143,
C,S_BB,h,1.0,4.68039693,1.00630851,
C,S_BB,h,1.0,4.70136745,1.00996578,
C,S_BB,h,1.0,4.72221533,1.01026056,
C,S_BB,h,1.0,4.74309374,1.00806813,
C,S_BB,h,1.0,4.76390784,1.0074303,
C,S_BB,h,1.0,4.78491795,1.01187085,
C,S_BB,h,1.0,4.80636204,1.00947595,
C,S_BB,h,1.0,4.82728449,1.01406388,
C,S_BB,h,1.0,4.84785524,1.01319169,
C,S_BB,h,1.0,4.86859731,1.01288945,
C,S_BB,h,1.0,4.88954319,1.01163112,
C,S_BB,h,1.0,4.91078695,1.01180638,
C,S_BB,h,1.0,4.93172016,1.00971902,
C,S_BB,h,1.0,4.95244063,1.01520821,
C,S_BB,h,1.0,4.97348932,1.01320287,
C,S_BB,h,1.0,4.994309,1.01416379,
C,S_BB,h,1.0,5.01515697,1.01350219,
C,S_BB,h,1.0,5.03598003,1.01340711,
C,S_BB,h,1.0,5.05703237,1.01363856,
C,S_BB,h,1.0,5.07840332,1.01495138,
C,S_BB,h,1.0,5.09943841,1.01287204,
C,S_BB,h,1.0,5.12032938,1.01574319,
C,S_BB,h,1.0,5.14107614,1.01565337,
C,S_BB,h,1.0,5.16214077,1.01670959,
C,S_BB,h,1.0,5.18341099,1.01991311,
C,S_BB,h,1.0,5.2041075,1.01777403,
C,S_BB,h,1.0,5.22477891,1.01768048,
C,S_BB,h,1.0,5.24557967,1.01583407,
C,S_BB,h,1.0,5.26649236,1.01640996,
C,S_BB,h,1.0,5.28753131,1.01613328,
C,S_BB,h,1.0,5.30847064,1.01802787,
C,S_BB,h,1.0,5.32946745,1.0175229,
C,S_BB,h,1.0,5.3506922,1.01797301,
C,S_BB,h,1.0,5.37158853,1.01603422,
C,S_BB,h,1.0,5.39231925,1.01582317,
C,S_BB,h,1.0,5.41333352,1.0196549,
C,S_BB,h,1.0,5.43434316,1.01524606,
C,S_BB,h,1.0,5.45530659,1.01728756,
C,S_BB,h,1.0,5.47618498,1.01779592,
C,S_BB,h,1.0,5.49715755,1.02009718,
C,S_BB,h,1.0,5.51801586,1.01706869,
C,S_BB,h,1.0,5.53881995,1.01857567,
C,S_BB,h,1.0,5.55992514,1.01966642,
C,S_BB,h,1.0,5.58098545,1.01671468,
C,S_BB,h,1.0,5.60183772,1.01875746,
C,S_BB,h,1.0,5.62277584,1.01613253,
C,S_BB,h,1.0,5.64379172,1.01814994,
C,S_BB,h,1.0,5.66460817,1.01827646,
C,S_BB,h,1.0,5.68556022,1.01750103,
C,S_BB,h,1.0,5.7067909,1.01702788,
C,S_BB,h,1.0,5.72769317,1.01822386,
C,S_BB,h,1.0,5.74840017,1.01698523,
C,S_BB,h,1.0,5.76938192,1.01686555,
C,S_BB,h,1.0,5.79039764,1.01728749,
C,S_BB,h,1.0,5.81144039,1.01747529,
C,S_BB,h,1.0,5.83232115,1.01658903,
C,S_BB,h,1.0,5.85320209,1.0141221,
C,S_BB,h,1.0,5.87418919,1.01605784,
C,S_BB,h,1.0,5.89509625,1.01781364,
C,S_BB,h,1.0,5.9159726,1.01861578,
C,S_BB,h,1.0,5.93682663,1.01734551,
C,S_BB,h,1.0,5.95791772,1.01597749,
C,S_BB,h,1.0,5.97900675,1.01555701,
C,S_BB,h,1.0,5.99978945,1.01391064,
C,S_BB,h,1.0,6.02063577,1.01650426,
C,S_BB,h,1.0,6.04156421,1.01548575,
C,S_BB,h,1.0,6.06259364,1.01453139,
C,S_BB,h,1.0,6.08377541,1.01475017,
C,S_BB,h,1.0,6.10447051,1.01472904,
C,S_BB,h,1.0,6.12538157,1.01793914,
C,S_BB,h,1.0,6.14660689,1.01357535,
C,S_BB,h,1.0,6.16752321,1.01523641,
C,S_BB,h,1.0,6.18833806,1.01319357,
C,S_BB,h,1.0,6.20938667,1.01479275,
C,S_BB,h,1.0,6.23052184,1.0130411,
C,S_BB,h,1.0,6.25137137,1.01391367,
C,S_BB,h,1.0,6.27204484,1.01268819,
C,S_BB,h,1.0,6.29290789,1.01448742,
C,S_BB,h,1.0,6.31382104,1.01622753,
C,S_BB,h,1.0,6.33495691,1.01108756,
C,S_BB,h,1.0,6.35600914,1.00979984,
C,S_BB,h,1.0,6.37663869,1.01099907,
C,S_BB,h,1.0,6.39770954,1.01201916,
C,S_BB,h,1.0,6.41872759,1.00996809,
C,S_BB,h,1.0,6.43951457,1.01123183,
C,S_BB,h,1.0,6.46033562,1.00791716,
C,S_BB,h,1.0,6.4814564,1.01012319,
C,S_BB,h,1.0,6.50265681,1.00929685,
C,S_BB,h,1.0,6.52350383,1.00797716,
C,S_BB,h,1.0,6.54427866,1.00798852,
C,S_BB,h,1.0,6.56515568,1.00844971,
C,S_BB,h,1.0,6.58628576,1.00939824,
C,S_BB,h,1.0,6.60749316,1.00664439,
C,S_BB,h,1.0,6.62830625,1.01033376,
C,S_BB,h,1.0,6.64913567,1.0072325,
C,S_BB,h,1.0,6.67020149,1.00798196,
C,S_BB,h,1.0,6.69106898,1.00711127,
C,S_BB,h,1.0,6.71185955,1.00778711,
C,S_BB,h,1.0,6.73264651,1.00841663,
C,S_BB,h,1.0,6.7537045,1.00775876,
C,S_BB,h,1.0,6.77487174,1.00806648,
C,S_BB,h,1.0,6.79557562,1.00581833,
C,S_BB,h,1.0,6.81648781,1.00825719,
C,S_BB,h,1.0,6.83753747,1.00677112,
C,S_BB,h,1.0,6.85867557,1.00702672,
C,S_BB,h,1.0,6.87985316,1.00501054,
C,S_BB,h,1.0,6.90065786,1.00333598,
C,S_BB,h,1.0,6.92153112,1.00579697,
C,S_BB,h,1.0,6.94229803,1.00591498,
C,S_BB,h,1.0,6.9630016,1.00250771,
C,S_BB,h,1.0,6.98416877,1.00387062,
C,S_BB,h,1.0,7.0052781,1.00428546,
C,S_BB,h,1.0,7.02617612,1.0013302,
C,S_BB,h,1.0,7.04699526,1.00151245,
C,S_BB,h,1.0,7.06761685,1.00190466,
C,S_BB,h,1.0,7.08873369,1.00309887,
C,S_BB,h,1.0,7.10994937,1.00247141,
C,S_BB,h,1.0,7.13102893,0.999691842,
C,S_BB,h,1.0,7.15201412,1.00069833,
C,S_BB,h,1.0,7.17271336,1.00151377,
C,S_BB,h,1.0,7.19374266,1.00174365,
C,S_BB,h,1.0,7.21473042,0.997984567,
C,S_BB,h,1.0,7.23564263,1.00250457,
C,S_BB,h,1.0,7.25666289,0.999937386,
C,S_BB,h,1.0,7.27757645,1.0010232,
C,S_BB,h,1.0,7.2984411,0.999960805,
C,S_BB,h,1.0,7.31917384,0.997453758,
C,S_BB,h,1.0,7.34001688,0.997726543,
C,S_BB,h,1.0,7.3611683,1.0011075,
C,S_BB,h,1.0,7.38224284,1.00013282,
C,S_BB,h,1.0,7.40324015,1.00089547,
C,S_BB,h,1.0,7.42408854,0.997461824,
C,S_BB,h,1.0,7.44500634,0.995245447,
C,S_BB,h,1.0,7.46595959,0.99777415,
C,S_BB,h,1.0,7.48696308,0.996511111,
C,S_BB,h,1.0,7.5079936,0.996421929,
C,S_BB,h,1.0,7.52871967,0.995635414,
C,S_BB,h,1.0,7.54966921,0.994633539,
C,S_BB,h,1.0,7.57064902,0.996961452,
C,S_BB,h,1.0,7.59151428,0.996439348,
C,S_BB,h,1.0,7.6123809,0.996258025,
C,S_BB,h,1.0,7.63338324,0.997072367,
C,S_BB,h,1.0,7.65450532,0.993190745,
C,S_BB,h,1.0,7.67556944,0.994876953,
C,S_BB,h,1.0,7.69637751,0.994205674,
C,S_BB,h,1.0,7.71727216,0.99568977,
C,S_BB,h,1.0,7.73835725,0.995811918,
C,S_BB,h,1.0,7.75934923,0.9932934,
C,S_BB,h,1.0,7.78023116,0.995270489,
C,S_BB,h,1.0,7.80098697,0.994768484,
C,S_BB,h,1.0,7.82190677,0.994921032,
C,S_BB,h,1.0,7.84304931,0.994415505,
C,S_BB,h,1.0,7.86405132,0.992922971,
C,S_BB,h,1.0,7.88484553,0.994325277,
C,S_BB,h,1.0,7.90574885,0.994615697,
C,S_BB,h,1.0,7.9267531,0.993367523,
C,S_BB,h,1.0,7.94765228,0.99466667,
C,S_BB,h,1.0,7.96842304,0.99285319,
C,S_BB,h,1.0,7.98938616,0.993192057,
C,S_BB,h,1.0,8.01050815,0.993640281,
C,S_BB,h,1.0,8.03153334,0.991658181,
C,S_BB,h,1.0,8.05240251,0.992000452,
C,S_BB,h,1.0,8.07332696,0.989849853,
C,S_BB,h,1.0,8.09438514,0.99197479,
C,S_BB,h,1.0,8.11529588,0.991501444,
C,S_BB,h,1.0,8.13618411,0.993084372,
C,S_BB,h,1.0,8.15717855,0.992269898,
C,S_BB,h,1.0,8.17807847,0.991954378,
C,S_BB,h,1.0,8.19905269,0.993457364,
C,S_BB,h,1.0,8.21991085,0.991635432,
C,S_BB,h,1.0,8.24078529,0.991833847,
C,S_BB,h,1.0,8.26195652,0.991755815,
C,S_BB,h,1.0,8.28293039,0.991873255,
C,S_BB,h,1.0,8.30373423,0.992299345,
C,S_BB,h,1.0,8.32452583,0.992949433,
C,S_BB,h,1.0,8.34556221,0.991257792,
C,S_BB,h,1.0,8.36671927,0.99073961,
C,S_BB,h,1.0,8.38757523,0.991683637,
C,S_BB,h,1.0,8.40855808,0.992017416,
C,S_BB,h,1.0,8.42953585,0.991548451,
C,S_BB,h,1.0,8.45042977,0.99122296,
C,S_BB,h,1.0,8.47138662,0.987713141,
C,S_BB,h,1.0,8.49217243,0.990894752,
C,S_BB,h,1.0,8.51321806,0.990735493,
C,S_BB,h,1.0,8.53421183,0.992872069,
C,S_BB,h,1.0,8.55508292,0.993464406,
C,S_BB,h,1.0,8.57598662,0.991412887,
C,S_BB,h,1.0,8.59679232,0.991280459,
C,S_BB,h,1.0,8.61783107,0.990573384,
C,S_BB,h,1.0,8.63891768,0.989690365,
C,S_BB,h,1.0,8.65972861,0.992425823,
C,S_BB,h,1.0,8.68059853,0.990502453,
C,S_BB,h,1.0,8.70174168,0.990598961,
C,S_BB,h,1.0,8.72279566,0.988826093,
C,S_BB,h,1.0,8.74359241,0.989963868,
C,S_BB,h,1.0,8.76424415,0.991756951,
C,S_BB,h,1.0,8.78526729,0.991021096,
C,S_BB,h,1.0,8.80637189,0.99134869,
C,S_BB,h,1.0,8.82736896,0.99198928,
C,S_BB,h,1.0,8.84843212,0.989626841,
C,S_BB,h,1.0,8.86933197,0.991164416,
C,S_BB,h,1.0,8.89026857,0.992164821,
C,S_BB,h,1.0,8.91123702,0.992226401,
C,S_BB,h,1.0,8.93214776,0.9945133,
C,S_BB,h,1.0,8.95312097,0.991198834,
C,S_BB,h,1.0,8.9741304,0.992279313,
C,S_BB,h,1.0,8.99505705,0.991171441,
C,S_BB,h,1.0,9.01571368,0.991656419,
C,S_BB,h,1.0,9.03640927,0.991444423,
C,S_BB,h,1.0,9.05755121,0.989817093,
C,S_BB,h,1.0,9.07868023,0.991191528,
C,S_BB,h,1.0,9.09969513,0.990628714,
C,S_BB,h,1.0,9.1205658,0.99241129,
C,S_BB,h,1.0,9.14137844,0.99073192,
C,S_BB,h,1.0,9.16237082,0.993434335,
C,S_BB,h,1.0,9.18339441,0.992694316,
C,S_BB,h,1.0,9.20447395,0.992656109,
C,S_BB,h,1.0,9.22549281,0.992046481,
C,S_BB,h,1.0,9.2463962,0.992564043,
C,S_BB,h,1.0,9.26722673,0.993410221,
C,S_BB,h,1.0,9.28791689,0.99191371,
C,S_BB,h,1.0,9.30892724,0.993515081,
C,S_BB,h,1.0,9.33003065,0.992736487,
C,S_BB,h,1.0,9.35102864,0.993354223,
C,S_BB,h,1.0,9.37196601,0.992163039,
C,S_BB,h,1.0,9.39258783,0.99462196,
C,S_BB,h,1.0,9.41349621,0.992732338,
C,S_BB,h,1.0,9.4347927,0.994492081,
C,S_BB,h,1.0,9.45587737,0.992958506,
C,S_BB,h,1.0,9.47676866,0.992859553,
C,S_BB,h,1.0,9.49762777,0.995969506,
C,S_BB,h,1.0,9.51852362,0.993391122,
C,S_BB,h,1.0,9.53939795,0.995712513,
C,S_BB,h,1.0,9.56035551,0.992977417,
C,S_BB,h,1.0,9.58149741,0.99290265,
C,S_BB,h,1.0,9.60249587,0.995026292,
C,S_BB,h,1.0,9.62336478,0.996123988,
C,S_BB,h,1.0,9.64415055,0.994727612,
C,S_BB,h,1.0,9.66502224,0.995893523,
C,S_BB,h,1.0,9.68597433,0.994190851,
C,S_BB,h,1.0,9.7069728,0.994846682,
C,S_BB,h,1.0,9.72797765,0.995326383,
C,S_BB,h,1.0,9.74896401,0.994416469,
C,S_BB,h,1.0,9.76996217,0.995423724,
C,S_BB,h,1.0,9.79085678,0.994744349,
C,S_BB,h,1.0,9.81166698,0.996719807,
C,S_BB,h,1.0,9.83262494,0.996331947,
C,S_BB,h,1.0,9.85372265,0.99500483,
C,S_BB,h,1.0,9.87472665,0.995372759,
C,S_BB,h,1.0,9.89559934,0.995184796,
C,S_BB,h,1.0,9.91635289,0.997899707,
C,S_BB,h,1.0,9.93737645,0.996541415,
C,S_BB,h,1.0,9.95856995,0.995654242,
C,S_BB,h,1.0,9.97940815,0.996221864,
C,S_BB,h,1.0,10.000082,0.996159038,
C,S_BB,h,1.4,0.0252815853,0.0885025932,
C,S_BB,h,1.4,0.0486976344,0.0849081281,
C,S_BB,h,1.4,0.0692644017,0.0876843843,
C,S_BB,h,1.4,0.08877835,0.0921032536,
C,S_BB,h,1.4,0.111604297,0.0940014597,
C,S_BB,h,1.4,0.132731806,0.0982247227,
C,S_BB,h,1.4,0.153672181,0.102603477,
C,S_BB,h,1.4,0.175641863,0.104319247,
C,S_BB,h,1.4,0.196615509,0.108691503,
C,S_BB,h,1.4,0.217326708,0.113249036,
C,S_BB,h,1.4,0.237538457,0.117210228,
C,S_BB,h,1.4,0.258148683,0.123315133,
C,S_BB,h,1.4,0.28040349,0.127624079,
C,S_BB,h,1.4,0.301929084,0.133929558,
C,S_BB,h,1.4,0.322287413,0.141254642,
C,S_BB,h,1.4,0.342663331,0.144813759,
C,S_BB,h,1.4,0.363641289,0.155205161,
C,S_BB,h,1.4,0.385602948,0.162973484,
C,S_BB,h,1.4,0.406737165,0.171832108,
C,S_BB,h,1.4,0.427001871,0.181975839,
C,S_BB,h,1.4,0.448754416,0.18938447,
C,S_BB,h,1.4,0.469601745,0.201203929,
C,S_BB,h,1.4,0.489805379,0.209561046,
C,S_BB,h,1.4,0.510302494,0.221167747,
C,S_BB,h,1.4,0.53178319,0.230432077,
C,S_BB,h,1.4,0.553922362,0.243693548,
C,S_BB,h,1.4,0.574670041,0.253773051,
C,S_BB,h,1.4,0.594645701,0.266008896,
C,S_BB,h,1.4,0.615540037,0.278686165,
C,S_BB,h,1.4,0.636554081,0.290640735,
C,S_BB,h,1.4,0.658102417,0.30693782,
C,S_BB,h,1.4,0.679189641,0.318954327,
C,S_BB,h,1.4,0.700054044,0.335374774,
C,S_BB,h,1.4,0.721329826,0.351040266,
C,S_BB,h,1.4,0.742033923,0.364646727,
C,S_BB,h,1.4,0.762614581,0.376814189,
C,S_BB,h,1.4,0.783270495,0.394343688,
C,S_BB,h,1.4,0.804783918,0.411080901,
C,S_BB,h,1.4,0.826095906,0.427908866,
C,S_BB,h,1.4,0.846303977,0.443642996,
C,S_BB,h,1.4,0.867174819,0.458320094,
C,S_BB,h,1.4,0.888413258,0.474768609,
C,S_BB,h,1.4,0.909910564,0.495354949,
C,S_BB,h,1.4,0.931134698,0.50928545,
C,S_BB,h,1.4,0.951563161,0.530982559,
C,S_BB,h,1.4,0.972160451,0.541157659,
C,S_BB,h,1.4,0.993008165,0.562082163,
C,S_BB,h,1.4,1.0140906,0.583585389,
C,S_BB,h,1.4,1.03500338,0.596100863,
C,S_BB,h,1.4,1.05657413,0.614074104,
C,S_BB,h,1.4,1.07789814,0.632787278,
C,S_BB,h,1.4,1.09835045,0.645758581,
C,S_BB,h,1.4,1.11903902,0.671783747,
C,S_BB,h,1.4,1.1396405,0.678795153,
C,S_BB,h,1.4,1.16109193,0.698896132,
C,S_BB,h,1.4,1.18227503,0.711861088,
C,S_BB,h,1.4,1.2030555,0.729538867,
C,S_BB,h,1.4,1.22375183,0.74085977,
C,S_BB,h,1.4,1.24453484,0.757027617,
C,S_BB,h,1.4,1.26570671,0.777273994,
C,S_BB,h,1.4,1.28693994,0.788484141,
C,S_BB,h,1.4,1.30807124,0.800040165,
C,S_BB,h,1.4,1.32889646,0.819415822,
C,S_BB,h,1.4,1.34945121,0.827606036,
C,S_BB,h,1.4,1.37055188,0.845830956,
C,S_BB,h,1.4,1.39148285,0.848883401,
C,S_BB,h,1.4,1.41220445,0.858244765,
C,S_BB,h,1.4,1.43352474,0.87297523,
C,S_BB,h,1.4,1.45454751,0.877581329,
C,S_BB,h,1.4,1.47511055,0.892788163,
C,S_BB,h,1.4,1.49566583,0.906294285,
C,S_BB,h,1.4,1.51690776,0.906473007,
C,S_BB,h,1.4,1.53826425,0.91715871,
C,S_BB,h,1.4,1.55931449,0.92276349,
C,S_BB,h,1.4,1.58012172,0.933566193,
C,S_BB,h,1.4,1.60114355,0.941063397,
C,S_BB,h,1.4,1.62229155,0.94387301,
C,S_BB,h,1.4,1.64295947,0.944791775,
C,S_BB,h,1.4,1.66366432,0.956784009,
C,S_BB,h,1.4,1.68478217,0.96191752,
C,S_BB,h,1.4,1.7057485,0.959698531,
C,S_BB,h,1.4,1.72683745,0.96154384,
C,S_BB,h,1.4,1.74765849,0.968643726,
C,S_BB,h,1.4,1.76847487,0.968492416,
C,S_BB,h,1.4,1.78961871,0.973602963,
C,S_BB,h,1.4,1.81086098,0.974816279,
C,S_BB,h,1.4,1.83179094,0.972645398,
C,S_BB,h,1.4,1.8521746,0.971838087,
C,S_BB,h,1.4,1.8733654,0.976942926,
C,S_BB,h,1.4,1.89455538,0.977610655,
C,S_BB,h,1.4,1.91534795,0.978291548,
C,S_BB,h,1.4,1.93623233,0.9748666,
C,S_BB,h,1.4,1.9571481,0.977068377,
C,S_BB,h,1.4,1.97825109,0.97100427,
C,S_BB,h,1.4,1.99905898,0.977401577,
C,S_BB,h,1.4,2.01966715,0.976001583,
C,S_BB,h,1.4,2.04082415,0.973874345,
C,S_BB,h,1.4,2.06193171,0.974161836,
C,S_BB,h,1.4,2.08296048,0.972865949,
C,S_BB,h,1.4,2.10383017,0.970965735,
C,S_BB,h,1.4,2.12494312,0.970318274,
C,S_BB,h,1.4,2.14618475,0.969882737,
C,S_BB,h,1.4,2.16679298,0.970353416,
C,S_BB,h,1.4,2.18753482,0.968586314,
C,S_BB,h,1.4,2.20847027,0.967821557,
C,S_BB,h,1.4,2.22955181,0.965846407,
C,S_BB,h,1.4,2.25078374,0.961997529,
C,S_BB,h,1.4,2.27150159,0.96159178,
C,S_BB,h,1.4,2.29205574,0.957356427,
C,S_BB,h,1.4,2.31294326,0.965517127,
C,S_BB,h,1.4,2.3340363,0.960396946,
C,S_BB,h,1.4,2.35514399,0.951126539,
C,S_BB,h,1.4,2.37607726,0.95282274,
C,S_BB,h,1.4,2.39730341,0.956831318,
C,S_BB,h,1.4,2.41857203,0.954375487,
C,S_BB,h,1.4,2.43911056,0.953890448,
C,S_BB,h,1.4,2.45988005,0.954545711,
C,S_BB,h,1.4,2.48094151,0.95113909,
C,S_BB,h,1.4,2.50196601,0.951864511,
C,S_BB,h,1.4,2.52300496,0.94917299,
C,S_BB,h,1.4,2.54340089,0.947256145,
C,S_BB,h,1.4,2.56415297,0.946005409,
C,S_BB,h,1.4,2.58575836,0.94805372,
C,S_BB,h,1.4,2.60684428,0.946580103,
C,S_BB,h,1.4,2.62775949,0.945473828,
C,S_BB,h,1.4,2.64834355,0.947576523,
C,S_BB,h,1.4,2.66912062,0.942828606,
C,S_BB,h,1.4,2.69039946,0.9444726,
C,S_BB,h,1.4,2.71121518,0.941881761,
C,S_BB,h,1.4,2.7321837,0.944696759,
C,S_BB,h,1.4,2.75306239,0.947409911,
C,S_BB,h,1.4,2.77427049,0.948060654,
C,S_BB,h,1.4,2.79557932,0.94366265,
C,S_BB,h,1.4,2.8160646,0.946321253,
C,S_BB,h,1.4,2.83689478,0.944043933,
C,S_BB,h,1.4,2.85801727,0.945053206,
C,S_BB,h,1.4,2.87906973,0.948526106,
C,S_BB,h,1.4,2.89996898,0.946339623,
C,S_BB,h,1.4,2.92062944,0.950159481,
C,S_BB,h,1.4,2.941605,0.946162939,
C,S_BB,h,1.4,2.96267076,0.951147712,
C,S_BB,h,1.4,2.98347442,0.951479173,
C,S_BB,h,1.4,3.00437656,0.949701619,
C,S_BB,h,1.4,3.02542142,0.951014724,
C,S_BB,h,1.4,3.04658726,0.950657742,
C,S_BB,h,1.4,3.06768101,0.951691838,
C,S_BB,h,1.4,3.088328,0.951219172,
C,S_BB,h,1.4,3.10931167,0.954265798,
C,S_BB,h,1.4,3.1305457,0.952443808,
C,S_BB,h,1.4,3.15150209,0.954985194,
C,S_BB,h,1.4,3.17219014,0.954900853,
C,S_BB,h,1.4,3.19299024,0.955514018,
C,S_BB,h,1.4,3.21390436,0.955586136,
C,S_BB,h,1.4,3.23506564,0.954785075,
C,S_BB,h,1.4,3.25605387,0.954971543,
C,S_BB,h,1.4,3.27685776,0.955330759,
C,S_BB,h,1.4,3.29794723,0.955766586,
C,S_BB,h,1.4,3.31884778,0.962163134,
C,S_BB,h,1.4,3.33944269,0.957058704,
C,S_BB,h,1.4,3.36030612,0.959472135,
C,S_BB,h,1.4,3.38171654,0.958713439,
C,S_BB,h,1.4,3.40297495,0.961609645,
C,S_BB,h,1.4,3.42370792,0.961923558,
C,S_BB,h,1.4,3.44440875,0.961616964,
C,S_BB,h,1.4,3.465315,0.963123805,
C,S_BB,h,1.4,3.4865867,0.961386995,
C,S_BB,h,1.4,3.50751221,0.963424417,
C,S_BB,h,1.4,3.52796741,0.965585323,
C,S_BB,h,1.4,3.5488788,0.965742778,
C,S_BB,h,1.4,3.57014151,0.965602915,
C,S_BB,h,1.4,3.59120365,0.969040177,
C,S_BB,h,1.4,3.61190928,0.967054335,
C,S_BB,h,1.4,3.63300558,0.972274921,
C,S_BB,h,1.4,3.6541422,0.971924863,
C,S_BB,h,1.4,3.67500902,0.971179689,
C,S_BB,h,1.4,3.69581564,0.96932072,
C,S_BB,h,1.4,3.71644729,0.97446573,
C,S_BB,h,1.4,3.73749774,0.970788245,
C,S_BB,h,1.4,3.75868086,0.974276444,
C,S_BB,h,1.4,3.77950549,0.973753187,
C,S_BB,h,1.4,3.80027286,0.973752926,
C,S_BB,h,1.4,3.82143123,0.975243362,
C,S_BB,h,1.4,3.84280481,0.980613237,
C,S_BB,h,1.4,3.86349282,0.977944567,
C,S_BB,h,1.4,3.88417456,0.9773436,
C,S_BB,h,1.4,3.90535419,0.97772979,
C,S_BB,h,1.4,3.9264697,0.981828953,
C,S_BB,h,1.4,3.94738681,0.982779274,
C,S_BB,h,1.4,3.96810309,0.98074892,
C,S_BB,h,1.4,3.98888694,0.983024463,
C,S_BB,h,1.4,4.00993371,0.982183406,
C,S_BB,h,1.4,4.03080983,0.986122517,
C,S_BB,h,1.4,4.05178039,0.985184533,
C,S_BB,h,1.4,4.07276799,0.987538566,
C,S_BB,h,1.4,4.09368684,0.988555591,
C,S_BB,h,1.4,4.11485609,0.986088425,
C,S_BB,h,1.4,4.13583188,0.989809233,
C,S_BB,h,1.4,4.15670688,0.991625683,
C,S_BB,h,1.4,4.17758774,0.987931007,
C,S_BB,h,1.4,4.19867141,0.989631578,
C,S_BB,h,1.4,4.21961517,0.991078649,
C,S_BB,h,1.4,4.24013393,0.992510908,
C,S_BB,h,1.4,4.26119077,0.991577252,
C,S_BB,h,1.4,4.28239268,0.997066015,
C,S_BB,h,1.4,4.30342826,0.996183603,
C,S_BB,h,1.4,4.32431592,0.994178282,
C,S_BB,h,1.4,4.34508479,0.996621572,
C,S_BB,h,1.4,4.36604259,0.996709468,
C,S_BB,h,1.4,4.38708086,0.998455205,
C,S_BB,h,1.4,4.40778797,0.995336458,
C,S_BB,h,1.4,4.4288526,0.997828607,
C,S_BB,h,1.4,4.44994967,1.00174543,
C,S_BB,h,1.4,4.47085438,0.995966564,
C,S_BB,h,1.4,4.49188801,1.00089796,
C,S_BB,h,1.4,4.51250216,1.00258085,
C,S_BB,h,1.4,4.5334461,1.00359384,
C,S_BB,h,1.4,4.55463591,1.00347095,
C,S_BB,h,1.4,4.57547609,1.0043653,
C,S_BB,h,1.4,4.59643311,1.0051038,
C,S_BB,h,1.4,4.61732903,1.00443972,
C,S_BB,h,1.4,4.63833098,1.00184755,
C,S_BB,h,1.4,4.65949324,1.00698783,
C,S_BB,h,1.4,4.68039693,1.0069554,
C,S_BB,h,1.4,4.70136745,1.00972435,
C,S_BB,h,1.4,4.72221533,1.01238199,
C,S_BB,h,1.4,4.74309374,1.00782528,
C,S_BB,h,1.4,4.76390784,1.01038204,
C,S_BB,h,1.4,4.78491795,1.01048696,
C,S_BB,h,1.4,4.80636204,1.00770839,
C,S_BB,h,1.4,4.82728449,1.01434063,
C,S_BB,h,1.4,4.84785524,1.01185964,
C,S_BB,h,1.4,4.86859731,1.01424924,
C,S_BB,h,1.4,4.88954319,1.01420238,
C,S_BB,h,1.4,4.91078695,1.01126105,
C,S_BB,h,1.4,4.93172016,1.01494898,
C,S_BB,h,1.4,4.95244063,1.01076931,
C,S_BB,h,1.4,4.97348932,1.01434275,
C,S_BB,h,1.4,4.994309,1.01483649,
C,S_BB,h,1.4,5.01515697,1.01553039,
C,S_BB,h,1.4,5.03598003,1.0156209,
C,S_BB,h,1.4,5.05703237,1.01404704,
C,S_BB,h,1.4,5.07840332,1.01403295,
C,S_BB,h,1.4,5.09943841,1.01437253,
C,S_BB,h,1.4,5.12032938,1.01352799,
C,S_BB,h,1.4,5.14107614,1.01673142,
C,S_BB,h,1.4,5.16214077,1.01489819,
C,S_BB,h,1.4,5.18341099,1.01366848,
C,S_BB,h,1.4,5.2041075,1.02054241,
C,S_BB,h,1.4,5.22477891,1.01648523,
C,S_BB,h,1.4,5.24557967,1.01790019,
C,S_BB,h,1.4,5.26649236,1.01802784,
C,S_BB,h,1.4,5.28753131,1.01857544,
C,S_BB,h,1.4,5.30847064,1.01828858,
C,S_BB,h,1.4,5.32946745,1.01490423,
C,S_BB,h,1.4,5.3506922,1.01736655,
C,S_BB,h,1.4,5.37158853,1.01673043,
C,S_BB,h,1.4,5.39231925,1.01649257,
C,S_BB,h,1.4,5.41333352,1.01743245,
C,S_BB,h,1.4,5.43434316,1.01928796,
C,S_BB,h,1.4,5.45530659,1.01860843,
C,S_BB,h,1.4,5.47618498,1.01786086,
C,S_BB,h,1.4,5.49715755,1.01960778,
C,S_BB,h,1.4,5.51801586,1.02080921,
C,S_BB,h,1.4,5.53881995,1.01618156,
C,S_BB,h,1.4,5.55992514,1.01889537,
C,S_BB,h,1.4,5.58098545,1.02061546,
C,S_BB,h,1.4,5.60183772,1.02062245,
C,S_BB,h,1.4,5.62277584,1.01989116,
C,S_BB,h,1.4,5.64379172,1.01669847,
C,S_BB,h,1.4,5.66460817,1.01950653,
C,S_BB,h,1.4,5.68556022,1.01806012,
C,S_BB,h,1.4,5.7067909,1.01899152,
C,S_BB,h,1.4,5.72769317,1.01846103,
C,S_BB,h,1.4,5.74840017,1.0176566,
C,S_BB,h,1.4,5.76938192,1.01707054,
C,S_BB,h,1.4,5.79039764,1.01588634,
C,S_BB,h,1.4,5.81144039,1.01877698,
C,S_BB,h,1.4,5.83232115,1.01634373,
C,S_BB,h,1.4,5.85320209,1.01635482,
C,S_BB,h,1.4,5.87418919,1.01667565,
C,S_BB,h,1.4,5.89509625,1.01617274,
C,S_BB,h,1.4,5.9159726,1.01839351,
C,S_BB,h,1.4,5.93682663,1.01702334,
C,S_BB,h,1.4,5.95791772,1.01643378,
C,S_BB,h,1.4,5.97900675,1.01526086,
C,S_BB,h,1.4,5.99978945,1.01676041,
C,S_BB,h,1.4,6.02063577,1.01481598,
C,S_BB,h,1.4,6.04156421,1.01720135,
C,S_BB,h,1.4,6.06259364,1.01395559,
C,S_BB,h,1.4,6.08377541,1.0157143,
C,S_BB,h,1.4,6.10447051,1.01616065,
C,S_BB,h,1.4,6.12538157,1.0146041,
C,S_BB,h,1.4,6.14660689,1.01225305,
C,S_BB,h,1.4,6.16752321,1.01475048,
C,S_BB,h,1.4,6.18833806,1.01588506,
C,S_BB,h,1.4,6.20938667,1.01568593,
C,S_BB,h,1.4,6.23052184,1.01578138,
C,S_BB,h,1.4,6.25137137,1.01363255,
C,S_BB,h,1.4,6.27204484,1.01192447,
C,S_BB,h,1.4,6.29290789,1.01421759,
C,S_BB,h,1.4,6.31382104,1.01164539,
C,S_BB,h,1.4,6.33495691,1.00956557,
C,S_BB,h,1.4,6.35600914,1.01224622,
C,S_BB,h,1.4,6.37663869,1.00979652,
C,S_BB,h,1.4,6.39770954,1.00996441,
C,S_BB,h,1.4,6.41872759,1.01207609,
C,S_BB,h,1.4,6.43951457,1.00996671,
C,S_BB,h,1.4,6.46033562,1.01200039,
C,S_BB,h,1.4,6.4814564,1.01178842,
C,S_BB,h,1.4,6.50265681,1.01151364,
C,S_BB,h,1.4,6.52350383,1.00493178,
C,S_BB,h,1.4,6.54427866,1.00719802,
C,S_BB,h,1.4,6.56515568,1.00954586,
C,S_BB,h,1.4,6.58628576,1.00970918,
C,S_BB,h,1.4,6.60749316,1.00867557,
C,S_BB,h,1.4,6.62830625,1.00826396,
C,S_BB,h,1.4,6.64913567,1.00699969,
C,S_BB,h,1.4,6.67020149,1.00851788,
C,S_BB,h,1.4,6.69106898,1.00713889,
C,S_BB,h,1.4,6.71185955,1.00672731,
C,S_BB,h,1.4,6.73264651,1.00601322,
C,S_BB,h,1.4,6.7537045,1.00563099,
C,S_BB,h,1.4,6.77487174,1.00630341,
C,S_BB,h,1.4,6.79557562,1.00501335,
C,S_BB,h,1.4,6.81648781,1.00520907,
C,S_BB,h,1.4,6.83753747,1.00799969,
C,S_BB,h,1.4,6.85867557,1.00467977,
C,S_BB,h,1.4,6.87985316,1.00507165,
C,S_BB,h,1.4,6.90065786,1.00428572,
C,S_BB,h,1.4,6.92153112,1.00438532,
C,S_BB,h,1.4,6.94229803,1.00326497,
C,S_BB,h,1.4,6.9630016,1.0052791,
C,S_BB,h,1.4,6.98416877,1.00442508,
C,S_BB,h,1.4,7.0052781,1.00498204,
C,S_BB,h,1.4,7.02617612,1.00308825,
C,S_BB,h,1.4,7.04699526,1.00544229,
C,S_BB,h,1.4,7.06761685,1.00265087,
C,S_BB,h,1.4,7.08873369,1.00152369,
C,S_BB,h,1.4,7.10994937,1.00335888,
C,S_BB,h,1.4,7.13102893,1.003426,
C,S_BB,h,1.4,7.15201412,1.00331865,
C,S_BB,h,1.4,7.17271336,1.00099451,
C,S_BB,h,1.4,7.19374266,1.00224205,
C,S_BB,h,1.4,7.21473042,1.00010519,
C,S_BB,h,1.4,7.23564263,1.00138499,
C,S_BB,h,1.4,7.25666289,0.999002504,
C,S_BB,h,1.4,7.27757645,0.997310857,
C,S_BB,h,1.4,7.2984411,0.998909971,
C,S_BB,h,1.4,7.31917384,1.00075066,
C,S_BB,h,1.4,7.34001688,1.00021562,
C,S_BB,h,1.4,7.3611683,1.00013037,
C,S_BB,h,1.4,7.38224284,0.998618177,
C,S_BB,h,1.4,7.40324015,0.99842832,
C,S_BB,h,1.4,7.42408854,0.997580629,
C,S_BB,h,1.4,7.44500634,0.997482922,
C,S_BB,h,1.4,7.46595959,0.995476912,
C,S_BB,h,1.4,7.48696308,0.998915858,
C,S_BB,h,1.4,7.5079936,0.995921567,
C,S_BB,h,1.4,7.52871967,0.999887445,
C,S_BB,h,1.4,7.54966921,0.995515859,
C,S_BB,h,1.4,7.57064902,0.996329039,
C,S_BB,h,1.4,7.59151428,0.998247457,
C,S_BB,h,1.4,7.6123809,0.994034599,
C,S_BB,h,1.4,7.63338324,0.997838448,
C,S_BB,h,1.4,7.65450532,0.9943936,
C,S_BB,h,1.4,7.67556944,0.99586286,
C,S_BB,h,1.4,7.69637751,0.997135759,
C,S_BB,h,1.4,7.71727216,0.99596787,
C,S_BB,h,1.4,7.73835725,0.994937323,
C,S_BB,h,1.4,7.75934923,0.995145779,
C,S_BB,h,1.4,7.78023116,0.995803307,
C,S_BB,h,1.4,7.80098697,0.993452231,
C,S_BB,h,1.4,7.82190677,0.99471118,
C,S_BB,h,1.4,7.84304931,0.99412553,
C,S_BB,h,1.4,7.86405132,0.995727406,
C,S_BB,h,1.4,7.88484553,0.994160013,
C,S_BB,h,1.4,7.90574885,0.993282619,
C,S_BB,h,1.4,7.9267531,0.995969185,
C,S_BB,h,1.4,7.94765228,0.993280135,
C,S_BB,h,1.4,7.96842304,0.993184934,
C,S_BB,h,1.4,7.98938616,0.992533277,
C,S_BB,h,1.4,8.01050815,0.993776307,
C,S_BB,h,1.4,8.03153334,0.993179451,
C,S_BB,h,1.4,8.05240251,0.995587245,
C,S_BB,h,1.4,8.07332696,0.991671717,
C,S_BB,h,1.4,8.09438514,0.991007524,
C,S_BB,h,1.4,8.11529588,0.992331431,
C,S_BB,h,1.4,8.13618411,0.993743853,
C,S_BB,h,1.4,8.15717855,0.992162866,
C,S_BB,h,1.4,8.17807847,0.994135382,
C,S_BB,h,1.4,8.19905269,0.994074687,
C,S_BB,h,1.4,8.21991085,0.98997715,
C,S_BB,h,1.4,8.24078529,0.993089318,
C,S_BB,h,1.4,8.26195652,0.990435562,
C,S_BB,h,1.4,8.28293039,0.988186976,
C,S_BB,h,1.4,8.30373423,0.991908031,
C,S_BB,h,1.4,8.32452583,0.991860225,
C,S_BB,h,1.4,8.34556221,0.993132017,
C,S_BB,h,1.4,8.36671927,0.991096825,
C,S_BB,h,1.4,8.38757523,0.992515868,
C,S_BB,h,1.4,8.40855808,0.99058401,
C,S_BB,h,1.4,8.42953585,0.993513558,
C,S_BB,h,1.4,8.45042977,0.990418455,
C,S_BB,h,1.4,8.47138662,0.993253459,
C,S_BB,h,1.4,8.49217243,0.989936397,
C,S_BB,h,1.4,8.51321806,0.991988229,
C,S_BB,h,1.4,8.53421183,0.991736363,
C,S_BB,h,1.4,8.55508292,0.991724662,
C,S_BB,h,1.4,8.57598662,0.992680375,
C,S_BB,h,1.4,8.59679232,0.988712443,
C,S_BB,h,1.4,8.61783107,0.991751917,
C,S_BB,h,1.4,8.63891768,0.990665064,
C,S_BB,h,1.4,8.65972861,0.993234206,
C,S_BB,h,1.4,8.68059853,0.990366624,
C,S_BB,h,1.4,8.70174168,0.991475747,
C,S_BB,h,1.4,8.72279566,0.991669125,
C,S_BB,h,1.4,8.74359241,0.99272785,
C,S_BB,h,1.4,8.76424415,0.991385983,
C,S_BB,h,1.4,8.78526729,0.98948976,
C,S_BB,h,1.4,8.80637189,0.991490623,
C,S_BB,h,1.4,8.82736896,0.991388637,
C,S_BB,h,1.4,8.84843212,0.993724421,
C,S_BB,h,1.4,8.86933197,0.990823788,
C,S_BB,h,1.4,8.89026857,0.991860947,
C,S_BB,h,1.4,8.91123702,0.991195598,
C,S_BB,h,1.4,8.93214776,0.991359997,
C,S_BB,h,1.4,8.95312097,0.991403108,
C,S_BB,h,1.4,8.9741304,0.992511141,
C,S_BB,h,1.4,8.99505705,0.992787848,
C,S_BB,h,1.4,9.01571368,0.990406205,
C,S_BB,h,1.4,9.03640927,0.992719004,
C,S_BB,h,1.4,9.05755121,0.990909474,
C,S_BB,h,1.4,9.07868023,0.992909305,
C,S_BB,h,1.4,9.09969513,0.991498259,
C,S_BB,h,1.4,9.1205658,0.990017119,
C,S_BB,h,1.4,9.14137844,0.990444761,
C,S_BB,h,1.4,9.16237082,0.993758326,
C,S_BB,h,1.4,9.18339441,0.991830966,
C,S_BB,h,1.4,9.20447395,0.99167723,
C,S_BB,h,1.4,9.22549281,0.993067248,
C,S_BB,h,1.4,9.2463962,0.993877308,
C,S_BB,h,1.4,9.26722673,0.992421974,
C,S_BB,h,1.4,9.28791689,0.994824933,
C,S_BB,h,1.4,9.30892724,0.991739226,
C,S_BB,h,1.4,9.33003065,0.991100741,
C,S_BB,h,1.4,9.35102864,0.991562207,
C,S_BB,h,1.4,9.37196601,0.99441611,
C,S_BB,h,1.4,9.39258783,0.994767874,
C,S_BB,h,1.4,9.41349621,0.991740985,
C,S_BB,h,1.4,9.4347927,0.993944409,
C,S_BB,h,1.4,9.45587737,0.993613919,
C,S_BB,h,1.4,9.47676866,0.993713453,
C,S_BB,h,1.4,9.49762777,0.994571482,
C,S_BB,h,1.4,9.51852362,0.995168921,
C,S_BB,h,1.4,9.53939795,0.994424644,
C,S_BB,h,1.4,9.56035551,0.995985441,
C,S_BB,h,1.4,9.58149741,0.994553386,
C,S_BB,h,1.4,9.60249587,0.997331149,
C,S_BB,h,1.4,9.62336478,0.993173855,
C,S_BB,h,1.4,9.64415055,0.993735279,
C,S_BB,h,1.4,9.66502224,0.993770562,
C,S_BB,h,1.4,9.68597433,0.995664156,
C,S_BB,h,1.4,9.7069728,0.994063853,
C,S_BB,h,1.4,9.72797765,0.994394755,
C,S_BB,h,1.4,9.74896401,0.995948141,
C,S_BB,h,1.4,9.76996217,0.994810919,
C,S_BB,h,1.4,9.79085678,0.995432751,
C,S_BB,h,1.4,9.81166698,0.997122126,
C,S_BB,h,1.4,9.83262494,0.995572687,
C,S_BB,h,1.4,9.85372265,0.993692596,
C,S_BB,h,1.4,9.87472665,0.997058134,
C,S_BB,h,1.4,9.89559934,0.99384682,
C,S_BB,h,1.4,9.91635289,0.995813583,
C,S_BB,h,1.4,9.93737645,0.996348505,
C,S_BB,h,1.4,9.95856995,0.998771304,
C,S_BB,h,1.4,9.97940815,0.996233173,
C,S_BB,h,1.4,10.000082,0.995988001,
C,S_BB,h,1.8,0.0252815853,0.221647366,
C,S_BB,h,1.8,0.0486976344,0.157931021,
C,S_BB,h,1.8,0.0692644017,0.152169417,
C,S_BB,h,1.8,0.08877835,0.15384646,
C,S_BB,h,1.8,0.111604297,0.149452996,
C,S_BB,h,1.8,0.132731806,0.154237683,
C,S_BB,h,1.8,0.153672181,0.160701808,
C,S_BB,h,1.8,0.175641863,0.156818924,
C,S_BB,h,1.8,0.196615509,0.163220511,
C,S_BB,h,1.8,0.217326708,0.167894415,
C,S_BB,h,1.8,0.237538457,0.169346938,
C,S_BB,h,1.8,0.258148683,0.171024128,
C,S_BB,h,1.8,0.28040349,0.176974461,
C,S_BB,h,1.8,0.301929084,0.176636105,
C,S_BB,h,1.8,0.322287413,0.187918563,
C,S_BB,h,1.8,0.342663331,0.191827721,
C,S_BB,h,1.8,0.363641289,0.198251539,
C,S_BB,h,1.8,0.385602948,0.204977395,
C,S_BB,h,1.8,0.406737165,0.211754499,
C,S_BB,h,1.8,0.427001871,0.217325785,
C,S_BB,h,1.8,0.448754416,0.223341878,
C,S_BB,h,1.8,0.469601745,0.234052725,
C,S_BB,h,1.8,0.489805379,0.242311086,
C,S_BB,h,1.8,0.510302494,0.24969122,
C,S_BB,h,1.8,0.53178319,0.25959857,
C,S_BB,h,1.8,0.553922362,0.267582392,
C,S_BB,h,1.8,0.574670041,0.278711132,
C,S_BB,h,1.8,0.594645701,0.293182441,
C,S_BB,h,1.8,0.615540037,0.30054818,
C,S_BB,h,1.8,0.636554081,0.311983357,
C,S_BB,h,1.8,0.658102417,0.324472117,
C,S_BB,h,1.8,0.679189641,0.338190074,
C,S_BB,h,1.8,0.700054044,0.348512691,
C,S_BB,h,1.8,0.721329826,0.365167419,
C,S_BB,h,1.8,0.742033923,0.375372625,
C,S_BB,h,1.8,0.762614581,0.387590091,
C,S_BB,h,1.8,0.783270495,0.404398032,
C,S_BB,h,1.8,0.804783918,0.417232764,
C,S_BB,h,1.8,0.826095906,0.435234627,
C,S_BB,h,1.8,0.846303977,0.447808446,
C,S_BB,h,1.8,0.867174819,0.465221397,
C,S_BB,h,1.8,0.888413258,0.480968632,
C,S_BB,h,1.8,0.909910564,0.49469402,
C,S_BB,h,1.8,0.931134698,0.513316136,
C,S_BB,h,1.8,0.951563161,0.528814032,
C,S_BB,h,1.8,0.972160451,0.546120388,
C,S_BB,h,1.8,0.993008165,0.559879844,
C,S_BB,h,1.8,1.0140906,0.577528265,
C,S_BB,h,1.8,1.03500338,0.592883079,
C,S_BB,h,1.8,1.05657413,0.611671942,
C,S_BB,h,1.8,1.07789814,0.633339063,
C,S_BB,h,1.8,1.09835045,0.644257777,
C,S_BB,h,1.8,1.11903902,0.656487935,
C,S_BB,h,1.8,1.1396405,0.677365124,
C,S_BB,h,1.8,1.16109193,0.693362448,
C,S_BB,h,1.8,1.18227503,0.709633496,
C,S_BB,h,1.8,1.2030555,0.721968541,
C,S_BB,h,1.8,1.22375183,0.737566714,
C,S_BB,h,1.8,1.24453484,0.755514553,
C,S_BB,h,1.8,1.26570671,0.769675549,
C,S_BB,h,1.8,1.28693994,0.783302893,
C,S_BB,h,1.8,1.30807124,0.793145513,
C,S_BB,h,1.8,1.32889646,0.808579386,
C,S_BB,h,1.8,1.34945121,0.817253646,
C,S_BB,h,1.8,1.37055188,0.830415568,
C,S_BB,h,1.8,1.39148285,0.847362475,
C,S_BB,h,1.8,1.41220445,0.85556619,
C,S_BB,h,1.8,1.43352474,0.86763533,
C,S_BB,h,1.8,1.45454751,0.875079596,
C,S_BB,h,1.8,1.47511055,0.886108308,
C,S_BB,h,1.8,1.49566583,0.89277877,
C,S_BB,h,1.8,1.51690776,0.903636257,
C,S_BB,h,1.8,1.53826425,0.908878293,
C,S_BB,h,1.8,1.55931449,0.913987466,
C,S_BB,h,1.8,1.58012172,0.925247994,
C,S_BB,h,1.8,1.60114355,0.932025047,
C,S_BB,h,1.8,1.62229155,0.936225507,
C,S_BB,h,1.8,1.64295947,0.942116944,
C,S_BB,h,1.8,1.66366432,0.948435355,
C,S_BB,h,1.8,1.68478217,0.952862281,
C,S_BB,h,1.8,1.7057485,0.956068862,
C,S_BB,h,1.8,1.72683745,0.952068953,
C,S_BB,h,1.8,1.74765849,0.96610851,
C,S_BB,h,1.8,1.76847487,0.958632282,
C,S_BB,h,1.8,1.78961871,0.965829582,
C,S_BB,h,1.8,1.81086098,0.963567095,
C,S_BB,h,1.8,1.83179094,0.973976499,
C,S_BB,h,1.8,1.8521746,0.971004684,
C,S_BB,h,1.8,1.8733654,0.973464078,
C,S_BB,h,1.8,1.89455538,0.976202162,
C,S_BB,h,1.8,1.91534795,0.971357208,
C,S_BB,h,1.8,1.93623233,0.973432197,
C,S_BB,h,1.8,1.9571481,0.973180975,
C,S_BB,h,1.8,1.97825109,0.975476752,
C,S_BB,h,1.8,1.99905898,0.974145424,
C,S_BB,h,1.8,2.01966715,0.97578509,
C,S_BB,h,1.8,2.04082415,0.971610671,
C,S_BB,h,1.8,2.06193171,0.968296048,
C,S_BB,h,1.8,2.08296048,0.96872098,
C,S_BB,h,1.8,2.10383017,0.972650977,
C,S_BB,h,1.8,2.12494312,0.967223486,
C,S_BB,h,1.8,2.14618475,0.96690471,
C,S_BB,h,1.8,2.16679298,0.960440292,
C,S_BB,h,1.8,2.18753482,0.962537094,
C,S_BB,h,1.8,2.20847027,0.9657295,
C,S_BB,h,1.8,2.22955181,0.962525752,
C,S_BB,h,1.8,2.25078374,0.958183519,
C,S_BB,h,1.8,2.27150159,0.963961681,
C,S_BB,h,1.8,2.29205574,0.962143707,
C,S_BB,h,1.8,2.31294326,0.956149172,
C,S_BB,h,1.8,2.3340363,0.957437717,
C,S_BB,h,1.8,2.35514399,0.957054784,
C,S_BB,h,1.8,2.37607726,0.958399333,
C,S_BB,h,1.8,2.39730341,0.958910496,
C,S_BB,h,1.8,2.41857203,0.955010565,
C,S_BB,h,1.8,2.43911056,0.953960477,
C,S_BB,h,1.8,2.45988005,0.952158544,
C,S_BB,h,1.8,2.48094151,0.952473013,
C,S_BB,h,1.8,2.50196601,0.947851087,
C,S_BB,h,1.8,2.52300496,0.950176484,
C,S_BB,h,1.8,2.54340089,0.948323255,
C,S_BB,h,1.8,2.56415297,0.948863414,
C,S_BB,h,1.8,2.58575836,0.952375459,
C,S_BB,h,1.8,2.60684428,0.945686148,
C,S_BB,h,1.8,2.62775949,0.94415133,
C,S_BB,h,1.8,2.64834355,0.951817211,
C,S_BB,h,1.8,2.66912062,0.94829732,
C,S_BB,h,1.8,2.69039946,0.94891212,
C,S_BB,h,1.8,2.71121518,0.948281898,
C,S_BB,h,1.8,2.7321837,0.943620953,
C,S_BB,h,1.8,2.75306239,0.948147008,
C,S_BB,h,1.8,2.77427049,0.946382465,
C,S_BB,h,1.8,2.79557932,0.946196593,
C,S_BB,h,1.8,2.8160646,0.942844051,
C,S_BB,h,1.8,2.83689478,0.951127029,
C,S_BB,h,1.8,2.85801727,0.946575219,
C,S_BB,h,1.8,2.87906973,0.948991549,
C,S_BB,h,1.8,2.89996898,0.945622913,
C,S_BB,h,1.8,2.92062944,0.949725639,
C,S_BB,h,1.8,2.941605,0.946627367,
C,S_BB,h,1.8,2.96267076,0.948548255,
C,S_BB,h,1.8,2.98347442,0.950001301,
C,S_BB,h,1.8,3.00437656,0.950486105,
C,S_BB,h,1.8,3.02542142,0.950480814,
C,S_BB,h,1.8,3.04658726,0.952273236,
C,S_BB,h,1.8,3.06768101,0.951520767,
C,S_BB,h,1.8,3.088328,0.947077892,
C,S_BB,h,1.8,3.10931167,0.951454097,
C,S_BB,h,1.8,3.1305457,0.952249482,
C,S_BB,h,1.8,3.15150209,0.951911497,
C,S_BB,h,1.8,3.17219014,0.955709279,
C,S_BB,h,1.8,3.19299024,0.953558221,
C,S_BB,h,1.8,3.21390436,0.952658146,
C,S_BB,h,1.8,3.23506564,0.951970411,
C,S_BB,h,1.8,3.25605387,0.954877952,
C,S_BB,h,1.8,3.27685776,0.957358264,
C,S_BB,h,1.8,3.29794723,0.956440649,
C,S_BB,h,1.8,3.31884778,0.95583598,
C,S_BB,h,1.8,3.33944269,0.95744413,
C,S_BB,h,1.8,3.36030612,0.960092665,
C,S_BB,h,1.8,3.38171654,0.962140293,
C,S_BB,h,1.8,3.40297495,0.964469738,
C,S_BB,h,1.8,3.42370792,0.961721669,
C,S_BB,h,1.8,3.44440875,0.962443167,
C,S_BB,h,1.8,3.465315,0.964421699,
C,S_BB,h,1.8,3.4865867,0.96305194,
C,S_BB,h,1.8,3.50751221,0.964018757,
C,S_BB,h,1.8,3.52796741,0.969911633,
C,S_BB,h,1.8,3.5488788,0.962193417,
C,S_BB,h,1.8,3.57014151,0.966006476,
C,S_BB,h,1.8,3.59120365,0.966778417,
C,S_BB,h,1.8,3.61190928,0.966752947,
C,S_BB,h,1.8,3.63300558,0.968388468,
C,S_BB,h,1.8,3.6541422,0.969612133,
C,S_BB,h,1.8,3.67500902,0.96757156,
C,S_BB,h,1.8,3.69581564,0.97333374,
C,S_BB,h,1.8,3.71644729,0.972606401,
C,S_BB,h,1.8,3.73749774,0.97126456,
C,S_BB,h,1.8,3.75868086,0.971319204,
C,S_BB,h,1.8,3.77950549,0.971733901,
C,S_BB,h,1.8,3.80027286,0.975551471,
C,S_BB,h,1.8,3.82143123,0.974885951,
C,S_BB,h,1.8,3.84280481,0.975684811,
C,S_BB,h,1.8,3.86349282,0.97633095,
C,S_BB,h,1.8,3.88417456,0.974902108,
C,S_BB,h,1.8,3.90535419,0.979166072,
C,S_BB,h,1.8,3.9264697,0.982758307,
C,S_BB,h,1.8,3.94738681,0.981203361,
C,S_BB,h,1.8,3.96810309,0.982686397,
C,S_BB,h,1.8,3.98888694,0.984607639,
C,S_BB,h,1.8,4.00993371,0.985001828,
C,S_BB,h,1.8,4.03080983,0.987230929,
C,S_BB,h,1.8,4.05178039,0.986295899,
C,S_BB,h,1.8,4.07276799,0.988434858,
C,S_BB,h,1.8,4.09368684,0.988647182,
C,S_BB,h,1.8,4.11485609,0.986634313,
C,S_BB,h,1.8,4.13583188,0.990381324,
C,S_BB,h,1.8,4.15670688,0.990788406,
C,S_BB,h,1.8,4.17758774,0.992762353,
C,S_BB,h,1.8,4.19867141,0.993505843,
C,S_BB,h,1.8,4.21961517,0.997789183,
C,S_BB,h,1.8,4.24013393,0.990799063,
C,S_BB,h,1.8,4.26119077,0.995946284,
C,S_BB,h,1.8,4.28239268,0.993186586,
C,S_BB,h,1.8,4.30342826,0.993577042,
C,S_BB,h,1.8,4.32431592,0.998027855,
C,S_BB,h,1.8,4.34508479,0.996979114,
C,S_BB,h,1.8,4.36604259,0.996377032,
C,S_BB,h,1.8,4.38708086,0.998323104,
C,S_BB,h,1.8,4.40778797,1.00077512,
C,S_BB,h,1.8,4.4288526,0.999329148,
C,S_BB,h,1.8,4.44994967,1.0002525,
C,S_BB,h,1.8,4.47085438,0.999578688,
C,S_BB,h,1.8,4.49188801,1.00303179,
C,S_BB,h,1.8,4.51250216,1.00304849,
C,S_BB,h,1.8,4.5334461,1.00549435,
C,S_BB,h,1.8,4.55463591,0.999348693,
C,S_BB,h,1.8,4.57547609,1.00301827,
C,S_BB,h,1.8,4.59643311,1.00331733,
C,S_BB,h,1.8,4.61732903,1.00603201,
C,S_BB,h,1.8,4.63833098,1.00515847,
C,S_BB,h,1.8,4.65949324,1.00715516,
C,S_BB,h,1.8,4.68039693,1.00812273,
C,S_BB,h,1.8,4.70136745,1.00654121,
C,S_BB,h,1.8,4.72221533,1.01078919,
C,S_BB,h,1.8,4.74309374,1.00917685,
C,S_BB,h,1.8,4.76390784,1.01168118,
C,S_BB,h,1.8,4.78491795,1.01198038,
C,S_BB,h,1.8,4.80636204,1.01170937,
C,S_BB,h,1.8,4.82728449,1.01426319,
C,S_BB,h,1.8,4.84785524,1.0123686,
C,S_BB,h,1.8,4.86859731,1.01254093,
C,S_BB,h,1.8,4.88954319,1.01201556,
C,S_BB,h,1.8,4.91078695,1.01480156,
C,S_BB,h,1.8,4.93172016,1.0119168,
C,S_BB,h,1.8,4.95244063,1.01510344,
C,S_BB,h,1.8,4.97348932,1.01429924,
C,S_BB,h,1.8,4.994309,1.01305861,
C,S_BB,h,1.8,5.01515697,1.01713159,
C,S_BB,h,1.8,5.03598003,1.01455146,
C,S_BB,h,1.8,5.05703237,1.01737275,
C,S_BB,h,1.8,5.07840332,1.01544462,
C,S_BB,h,1.8,5.09943841,1.01632885,
C,S_BB,h,1.8,5.12032938,1.01539257,
C,S_BB,h,1.8,5.14107614,1.01496927,
C,S_BB,h,1.8,5.16214077,1.0167719,
C,S_BB,h,1.8,5.18341099,1.01468084,
C,S_BB,h,1.8,5.2041075,1.01949645,
C,S_BB,h,1.8,5.22477891,1.0204603,
C,S_BB,h,1.8,5.24557967,1.01548683,
C,S_BB,h,1.8,5.26649236,1.01926813,
C,S_BB,h,1.8,5.28753131,1.02053975,
C,S_BB,h,1.8,5.30847064,1.01720101,
C,S_BB,h,1.8,5.32946745,1.01738253,
C,S_BB,h,1.8,5.3506922,1.01808095,
C,S_BB,h,1.8,5.37158853,1.01697106,
C,S_BB,h,1.8,5.39231925,1.01893832,
C,S_BB,h,1.8,5.41333352,1.02025905,
C,S_BB,h,1.8,5.43434316,1.01834343,
C,S_BB,h,1.8,5.45530659,1.02009313,
C,S_BB,h,1.8,5.47618498,1.01664699,
C,S_BB,h,1.8,5.49715755,1.01798829,
C,S_BB,h,1.8,5.51801586,1.02195362,
C,S_BB,h,1.8,5.53881995,1.01821853,
C,S_BB,h,1.8,5.55992514,1.01720697,
C,S_BB,h,1.8,5.58098545,1.01936543,
C,S_BB,h,1.8,5.60183772,1.02112158,
C,S_BB,h,1.8,5.62277584,1.01918679,
C,S_BB,h,1.8,5.64379172,1.01877324,
C,S_BB,h,1.8,5.66460817,1.02015323,
C,S_BB,h,1.8,5.68556022,1.02036868,
C,S_BB,h,1.8,5.7067909,1.01814863,
C,S_BB,h,1.8,5.72769317,1.01938785,
C,S_BB,h,1.8,5.74840017,1.02050554,
C,S_BB,h,1.8,5.76938192,1.01814555,
C,S_BB,h,1.8,5.79039764,1.0192599,
C,S_BB,h,1.8,5.81144039,1.01838677,
C,S_BB,h,1.8,5.83232115,1.01721074,
C,S_BB,h,1.8,5.85320209,1.01865299,
C,S_BB,h,1.8,5.87418919,1.01743939,
C,S_BB,h,1.8,5.89509625,1.02043725,
C,S_BB,h,1.8,5.9159726,1.0167632,
C,S_BB,h,1.8,5.93682663,1.01746533,
C,S_BB,h,1.8,5.95791772,1.01652809,
C,S_BB,h,1.8,5.97900675,1.01676966,
C,S_BB,h,1.8,5.99978945,1.01583079,
C,S_BB,h,1.8,6.02063577,1.01675803,
C,S_BB,h,1.8,6.04156421,1.0159565,
C,S_BB,h,1.8,6.06259364,1.01492522,
C,S_BB,h,1.8,6.08377541,1.01464639,
C,S_BB,h,1.8,6.10447051,1.01638648,
C,S_BB,h,1.8,6.12538157,1.01463693,
C,S_BB,h,1.8,6.14660689,1.01653659,
C,S_BB,h,1.8,6.16752321,1.0165737,
C,S_BB,h,1.8,6.18833806,1.01366785,
C,S_BB,h,1.8,6.20938667,1.01696416,
C,S_BB,h,1.8,6.23052184,1.0139829,
C,S_BB,h,1.8,6.25137137,1.01415315,
C,S_BB,h,1.8,6.27204484,1.01321881,
C,S_BB,h,1.8,6.29290789,1.01283797,
C,S_BB,h,1.8,6.31382104,1.01356247,
C,S_BB,h,1.8,6.33495691,1.01128361,
C,S_BB,h,1.8,6.35600914,1.01429393,
C,S_BB,h,1.8,6.37663869,1.01092545,
C,S_BB,h,1.8,6.39770954,1.01088104,
C,S_BB,h,1.8,6.41872759,1.01319842,
C,S_BB,h,1.8,6.43951457,1.01107863,
C,S_BB,h,1.8,6.46033562,1.01434571,
C,S_BB,h,1.8,6.4814564,1.01057997,
C,S_BB,h,1.8,6.50265681,1.01002778,
C,S_BB,h,1.8,6.52350383,1.01053596,
C,S_BB,h,1.8,6.54427866,1.00958924,
C,S_BB,h,1.8,6.56515568,1.00732763,
C,S_BB,h,1.8,6.58628576,1.00891255,
C,S_BB,h,1.8,6.60749316,1.0079614,
C,S_BB,h,1.8,6.62830625,1.01035529,
C,S_BB,h,1.8,6.64913567,1.00618005,
C,S_BB,h,1.8,6.67020149,1.00921988,
C,S_BB,h,1.8,6.69106898,1.00728256,
C,S_BB,h,1.8,6.71185955,1.00670809,
C,S_BB,h,1.8,6.73264651,1.00777468,
C,S_BB,h,1.8,6.7537045,1.00626812,
C,S_BB,h,1.8,6.77487174,1.00753901,
C,S_BB,h,1.8,6.79557562,1.00634219,
C,S_BB,h,1.8,6.81648781,1.00415067,
C,S_BB,h,1.8,6.83753747,1.00702577,
C,S_BB,h,1.8,6.85867557,1.00562262,
C,S_BB,h,1.8,6.87985316,1.00574468,
C,S_BB,h,1.8,6.90065786,1.0046934,
C,S_BB,h,1.8,6.92153112,1.00584468,
C,S_BB,h,1.8,6.94229803,1.00450664,
C,S_BB,h,1.8,6.9630016,1.00368181,
C,S_BB,h,1.8,6.98416877,1.00345227,
C,S_BB,h,1.8,7.0052781,1.00336518,
C,S_BB,h,1.8,7.02617612,1.00303099,
C,S_BB,h,1.8,7.04699526,1.00195159,
C,S_BB,h,1.8,7.06761685,1.00360095,
C,S_BB,h,1.8,7.08873369,1.00032711,
C,S_BB,h,1.8,7.10994937,1.00277901,
C,S_BB,h,1.8,7.13102893,1.00085281,
C,S_BB,h,1.8,7.15201412,1.00312131,
C,S_BB,h,1.8,7.17271336,1.00089907,
C,S_BB,h,1.8,7.19374266,1.0008382,
C,S_BB,h,1.8,7.21473042,0.999816877,
C,S_BB,h,1.8,7.23564263,0.999772618,
C,S_BB,h,1.8,7.25666289,1.00169423,
C,S_BB,h,1.8,7.27757645,1.00096268,
C,S_BB,h,1.8,7.2984411,1.0037045,
C,S_BB,h,1.8,7.31917384,0.999131407,
C,S_BB,h,1.8,7.34001688,1.00039322,
C,S_BB,h,1.8,7.3611683,0.999866326,
C,S_BB,h,1.8,7.38224284,0.999355542,
C,S_BB,h,1.8,7.40324015,0.999198024,
C,S_BB,h,1.8,7.42408854,0.996466938,
C,S_BB,h,1.8,7.44500634,0.999564366,
C,S_BB,h,1.8,7.46595959,0.999155734,
C,S_BB,h,1.8,7.48696308,0.997074406,
C,S_BB,h,1.8,7.5079936,0.996888525,
C,S_BB,h,1.8,7.52871967,0.997656523,
C,S_BB,h,1.8,7.54966921,0.996497682,
C,S_BB,h,1.8,7.57064902,0.994804866,
C,S_BB,h,1.8,7.59151428,0.996789027,
C,S_BB,h,1.8,7.6123809,0.995236929,
C,S_BB,h,1.8,7.63338324,0.995618011,
C,S_BB,h,1.8,7.65450532,0.997950781,
C,S_BB,h,1.8,7.67556944,0.995937025,
C,S_BB,h,1.8,7.69637751,0.995752179,
C,S_BB,h,1.8,7.71727216,0.993679618,
C,S_BB,h,1.8,7.73835725,0.996357361,
C,S_BB,h,1.8,7.75934923,0.997274657,
C,S_BB,h,1.8,7.78023116,0.994173461,
C,S_BB,h,1.8,7.80098697,0.994828944,
C,S_BB,h,1.8,7.82190677,0.994189693,
C,S_BB,h,1.8,7.84304931,0.995342123,
C,S_BB,h,1.8,7.86405132,0.993734815,
C,S_BB,h,1.8,7.88484553,0.99530972,
C,S_BB,h,1.8,7.90574885,0.995819934,
C,S_BB,h,1.8,7.9267531,0.993231854,
C,S_BB,h,1.8,7.94765228,0.992337218,
C,S_BB,h,1.8,7.96842304,0.993374744,
C,S_BB,h,1.8,7.98938616,0.992254155,
C,S_BB,h,1.8,8.01050815,0.993517195,
C,S_BB,h,1.8,8.03153334,0.993140974,
C,S_BB,h,1.8,8.05240251,0.992238594,
C,S_BB,h,1.8,8.07332696,0.993958551,
C,S_BB,h,1.8,8.09438514,0.992429195,
C,S_BB,h,1.8,8.11529588,0.993113045,
C,S_BB,h,1.8,8.13618411,0.991369649,
C,S_BB,h,1.8,8.15717855,0.994194682,
C,S_BB,h,1.8,8.17807847,0.992227083,
C,S_BB,h,1.8,8.19905269,0.993955037,
C,S_BB,h,1.8,8.21991085,0.99315845,
C,S_BB,h,1.8,8.24078529,0.992676769,
C,S_BB,h,1.8,8.26195652,0.992087664,
C,S_BB,h,1.8,8.28293039,0.990163095,
C,S_BB,h,1.8,8.30373423,0.990757742,
C,S_BB,h,1.8,8.32452583,0.992720452,
C,S_BB,h,1.8,8.34556221,0.991408271,
C,S_BB,h,1.8,8.36671927,0.991548685,
C,S_BB,h,1.8,8.38757523,0.992204082,
C,S_BB,h,1.8,8.40855808,0.991654416,
C,S_BB,h,1.8,8.42953585,0.990799095,
C,S_BB,h,1.8,8.45042977,0.992018326,
C,S_BB,h,1.8,8.47138662,0.991662408,
C,S_BB,h,1.8,8.49217243,0.991405107,
C,S_BB,h,1.8,8.51321806,0.989642518,
C,S_BB,h,1.8,8.53421183,0.990954923,
C,S_BB,h,1.8,8.55508292,0.992574896,
C,S_BB,h,1.8,8.57598662,0.992800626,
C,S_BB,h,1.8,8.59679232,0.991106553,
C,S_BB,h,1.8,8.61783107,0.990143147,
C,S_BB,h,1.8,8.63891768,0.990442343,
C,S_BB,h,1.8,8.65972861,0.989392659,
C,S_BB,h,1.8,8.68059853,0.991678226,
C,S_BB,h,1.8,8.70174168,0.992710429,
C,S_BB,h,1.8,8.72279566,0.989425771,
C,S_BB,h,1.8,8.74359241,0.991545275,
C,S_BB,h,1.8,8.76424415,0.992657552,
C,S_BB,h,1.8,8.78526729,0.993483017,
C,S_BB,h,1.8,8.80637189,0.991236924,
C,S_BB,h,1.8,8.82736896,0.992382481,
C,S_BB,h,1.8,8.84843212,0.991034621,
C,S_BB,h,1.8,8.86933197,0.990508294,
C,S_BB,h,1.8,8.89026857,0.991662864,
C,S_BB,h,1.8,8.91123702,0.988857736,
C,S_BB,h,1.8,8.93214776,0.98951134,
C,S_BB,h,1.8,8.95312097,0.990679036,
C,S_BB,h,1.8,8.9741304,0.991426192,
C,S_BB,h,1.8,8.99505705,0.9928481,
C,S_BB,h,1.8,9.01571368,0.991976694,
C,S_BB,h,1.8,9.03640927,0.991820045,
C,S_BB,h,1.8,9.05755121,0.99449428,
C,S_BB,h,1.8,9.07868023,0.992253189,
C,S_BB,h,1.8,9.09969513,0.992785138,
C,S_BB,h,1.8,9.1205658,0.992902543,
C,S_BB,h,1.8,9.14137844,0.992389087,
C,S_BB,h,1.8,9.16237082,0.993343719,
C,S_BB,h,1.8,9.18339441,0.993154952,
C,S_BB,h,1.8,9.20447395,0.993944683,
C,S_BB,h,1.8,9.22549281,0.992376428,
C,S_BB,h,1.8,9.2463962,0.992171688,
C,S_BB,h,1.8,9.26722673,0.992517617,
C,S_BB,h,1.8,9.28791689,0.990696479,
C,S_BB,h,1.8,9.30892724,0.993587098,
C,S_BB,h,1.8,9.33003065,0.992287648,
C,S_BB,h,1.8,9.35102864,0.993520034,
C,S_BB,h,1.8,9.37196601,0.993509822,
C,S_BB,h,1.8,9.39258783,0.992793643,
C,S_BB,h,1.8,9.41349621,0.993456963,
C,S_BB,h,1.8,9.4347927,0.994873384,
C,S_BB,h,1.8,9.45587737,0.995288891,
C,S_BB,h,1.8,9.47676866,0.994556699,
C,S_BB,h,1.8,9.49762777,0.995532303,
C,S_BB,h,1.8,9.51852362,0.994805377,
C,S_BB,h,1.8,9.53939795,0.994041565,
C,S_BB,h,1.8,9.56035551,0.994225507,
C,S_BB,h,1.8,9.58149741,0.995366926,
C,S_BB,h,1.8,9.60249587,0.994069412,
C,S_BB,h,1.8,9.62336478,0.995263534,
C,S_BB,h,1.8,9.64415055,0.996009236,
C,S_BB,h,1.8,9.66502224,0.993687224,
C,S_BB,h,1.8,9.68597433,0.992694233,
C,S_BB,h,1.8,9.7069728,0.994308791,
C,S_BB,h,1.8,9.72797765,0.99717982,
C,S_BB,h,1.8,9.74896401,0.994849257,
C,S_BB,h,1.8,9.76996217,0.995098778,
C,S_BB,h,1.8,9.79085678,0.993675965,
C,S_BB,h,1.8,9.81166698,0.994389357,
C,S_BB,h,1.8,9.83262494,0.99567534,
C,S_BB,h,1.8,9.85372265,0.995414875,
C,S_BB,h,1.8,9.87472665,0.995749656,
C,S_BB,h,1.8,9.89559934,0.995831216,
C,S_BB,h,1.8,9.91635289,0.997044903,
C,S_BB,h,1.8,9.93737645,0.996759165,
C,S_BB,h,1.8,9.95856995,0.995383245,
C,S_BB,h,1.8,9.97940815,0.996463395,
C,S_BB,h,1.8,10.000082,0.997216785,
B,delta_plateau,D_A,0.5,,0.0449543585675,0.047051103734035205
B,delta_plateau,D_A,2.5,,0.0243199999675,0.028333105046529264
B,delta_plateau,D_A,5.0,,0.0159124397925,0.018923070508678322
B,delta_plateau,D_A,7.5,,0.011622706392499998,0.014205213197132792
B,delta_plateau,D_A,10.0,,0.0092728048425,0.011370376533623137
B,delta_plateau,D_A,15.0,,0.0064005745525,0.00812676955893629
B,delta_plateau,D_A,25.0,,0.0041221483625,0.00517451836377787
B,delta_plateau,D_A,40.0,,0.00268947782,0.0033493929216763135
B,delta_plateau,D_A,50.0,,0.0020970349550000003,0.0027117456809828615
B,delta_plateau,D_A,75.0,,0.00163699575,0.0018372977720205886
B,delta_plateau,D_A,100.0,,0.0011883918024999998,0.0013892959688304196
D,delta_plateau,h,0.2,,0.0017281477725000001,0.0018820441493614083
D,delta_plateau,h,0.4,,0.006603124335,0.007528176597445633
D,delta_plateau,h,0.6,,0.0153614936675,0.016938397344252672
D,delta_plateau,h,0.8,,0.0273734062925,0.030112706389782532
D,delta_plateau,h,1.0,,0.0449543585675,0.047051103734035205
D,delta_plateau,h,1.2,,0.0654595286675,0.06775358937701069
D,delta_plateau,h,1.4,,0.0854058587925,0.09222016331870897
D,delta_plateau,h,1.6,,0.11686084599249999,0.12045082555913013
D,delta_plateau,h,1.8,,0.16850483499250002,0.15244557609827405
D,delta_plateau,h,2.0,,0.18381044999249999,0.18820441493614082
