sweep,value,q_sigma,S_BB,S_BB_reference,delta_S_BB
c,-1.0,0.0252815853,0.000544365303,0.0005296485,1.4716802999999948e-05
c,-1.0,0.0486976344,0.00210408603,0.00202846552,7.562051000000033e-05
c,-1.0,0.0692644017,0.00417643504,0.00402958427,0.00014685076999999998
c,-1.0,0.08877835,0.00678559385,0.0065389667,0.0002466271500000004
c,-1.0,0.111604297,0.0106654588,0.0103843786,0.0002810801999999987
c,-1.0,0.132731806,0.0151426495,0.014921314,0.00022133550000000106
c,-1.0,0.153672181,0.0195512357,0.0194036234,0.0001476122999999989
c,-1.0,0.175641863,0.0262980275,0.0254828463,0.0008151812000000008
c,-1.0,0.196615509,0.0321018561,0.0314882479,0.0006136081999999973
c,-1.0,0.217326708,0.0397764462,0.0383529598,0.0014234864
c,-1.0,0.237538457,0.0471684053,0.0459423072,0.0012260981000000032
c,-1.0,0.258148683,0.05614251,0.0544368764,0.0017056335999999991
c,-1.0,0.28040349,0.066266565,0.0635472762,0.002719288799999997
c,-1.0,0.301929084,0.0759466941,0.0723367336,0.003609960500000009
c,-1.0,0.322287413,0.0872455901,0.0829809724,0.004264617700000001
c,-1.0,0.342663331,0.0956582759,0.0941899695,0.001468306400000008
c,-1.0,0.363641289,0.107559955,0.106021932,0.0015380229999999995
c,-1.0,0.385602948,0.121608107,0.117278241,0.004329865999999988
c,-1.0,0.406737165,0.134900157,0.131483427,0.003416729999999979
c,-1.0,0.427001871,0.146544915,0.142672773,0.003872141999999995
c,-1.0,0.448754416,0.161229376,0.158300225,0.0029291510000000187
c,-1.0,0.469601745,0.175589383,0.172040278,0.003549104999999997
c,-1.0,0.489805379,0.188654152,0.187419918,0.0012342340000000007
c,-1.0,0.510302494,0.205602529,0.2006271,0.004975429000000003
c,-1.0,0.53178319,0.222328868,0.216457362,0.005871506000000026
c,-1.0,0.553922362,0.239333269,0.232047709,0.0072855599999999965
c,-1.0,0.574670041,0.254820015,0.251210747,0.003609267999999999
c,-1.0,0.594645701,0.272041184,0.265355673,0.006685510999999977
c,-1.0,0.615540037,0.288304534,0.284801103,0.0035034310000000013
c,-1.0,0.636554081,0.30754314,0.302452871,0.005090268999999981
c,-1.0,0.658102417,0.326313249,0.320108264,0.006204985000000052
c,-1.0,0.679189641,0.343376961,0.338444245,0.004932716000000004
c,-1.0,0.700054044,0.364749737,0.359353412,0.005396325000000035
c,-1.0,0.721329826,0.384907323,0.380455977,0.004451346000000023
c,-1.0,0.742033923,0.401801776,0.399618511,0.00218326499999999
c,-1.0,0.762614581,0.422999005,0.419798901,0.0032001039999999814
c,-1.0,0.783270495,0.443410423,0.437610291,0.005800132000000013
c,-1.0,0.804783918,0.461939528,0.459703853,0.0022356749999999925
c,-1.0,0.826095906,0.483962661,0.482354341,0.0016083199999999964
c,-1.0,0.846303977,0.500558442,0.499617637,0.000940804999999989
c,-1.0,0.867174819,0.521871066,0.518490406,0.0033806600000000353
c,-1.0,0.888413258,0.541754291,0.541022903,0.000731388000000055
c,-1.0,0.909910564,0.563324884,0.561491592,0.0018332920000000419
c,-1.0,0.931134698,0.590033402,0.586218541,0.003814860999999947
c,-1.0,0.951563161,0.603260807,0.606590782,-0.003329975000000096
c,-1.0,0.972160451,0.626832742,0.625735422,0.0010973200000000682
c,-1.0,0.993008165,0.649205676,0.644892025,0.0043136510000000294
c,-1.0,1.0140906,0.666375488,0.66615613,0.00021935800000005834
c,-1.0,1.03500338,0.688057898,0.689241667,-0.0011837690000000567
c,-1.0,1.05657413,0.701813422,0.706704115,-0.0048906930000000015
c,-1.0,1.07789814,0.722287734,0.721436711,0.0008510230000000618
c,-1.0,1.09835045,0.744851248,0.745261491,-0.00041024300000003233
c,-1.0,1.11903902,0.766075829,0.761872003,0.004203826000000022
c,-1.0,1.1396405,0.781770445,0.776979785,0.004790660000000058
c,-1.0,1.16109193,0.796524427,0.795685854,0.0008385730000000091
c,-1.0,1.18227503,0.813607745,0.817980839,-0.004373093999999966
c,-1.0,1.2030555,0.830846622,0.828407308,0.0024393140000000813
c,-1.0,1.22375183,0.841682491,0.840832659,0.0008498319999999948
c,-1.0,1.24453484,0.863908961,0.859099252,0.004809708999999995
c,-1.0,1.26570671,0.866889717,0.8748603,-0.007970583000000087
c,-1.0,1.28693994,0.891595514,0.884730141,0.006865373000000008
c,-1.0,1.30807124,0.900429735,0.89685115,0.0035785849999999675
c,-1.0,1.32889646,0.906769944,0.909901331,-0.003131387000000041
c,-1.0,1.34945121,0.920721593,0.923210617,-0.002489023999999951
c,-1.0,1.37055188,0.93170455,0.930227713,0.0014768370000000086
c,-1.0,1.39148285,0.938587924,0.941607373,-0.003019448999999952
c,-1.0,1.41220445,0.948982094,0.951544008,-0.002561914000000054
c,-1.0,1.43352474,0.960288177,0.954327185,0.005960991999999998
c,-1.0,1.45454751,0.960012079,0.966984155,-0.006972076000000049
c,-1.0,1.47511055,0.970011637,0.972907667,-0.0028960299999999384
c,-1.0,1.49566583,0.977453763,0.97622174,0.0012320230000000265
c,-1.0,1.51690776,0.983630507,0.983974829,-0.000344322000000008
c,-1.0,1.53826425,0.99070312,0.990194725,0.0005083949999999948
c,-1.0,1.55931449,0.992988936,0.997875182,-0.004886245999999983
c,-1.0,1.58012172,0.994518802,1.00158286,-0.007064058000000095
c,-1.0,1.60114355,0.996433295,1.00354156,-0.007108264999999947
c,-1.0,1.62229155,1.00588721,1.0082549,-0.0023676900000000334
c,-1.0,1.64295947,1.00726876,1.00741853,-0.000149769999999938
c,-1.0,1.66366432,1.0079715,1.00988325,-0.0019117499999998788
c,-1.0,1.68478217,1.01026985,1.01781041,-0.0075405600000000295
c,-1.0,1.7057485,1.01429549,1.01736677,-0.0030712799999998985
c,-1.0,1.72683745,1.01834903,1.01450635,0.0038426799999999872
c,-1.0,1.74765849,1.01014495,1.01112157,-0.0009766200000000946
c,-1.0,1.76847487,1.01281897,1.0120598,0.0007591700000000312
c,-1.0,1.78961871,1.01613912,1.01283158,0.0033075399999999977
c,-1.0,1.81086098,1.01983866,1.0172675,0.0025711600000000168
c,-1.0,1.83179094,1.01415142,1.0123527,0.0017987199999998094
c,-1.0,1.8521746,1.01614526,1.01516945,0.0009758100000001324
c,-1.0,1.8733654,1.0122439,1.01225587,-1.1969999999861258e-05
c,-1.0,1.89455538,1.01752602,1.01210881,0.005417210000000061
c,-1.0,1.91534795,1.01676597,1.01369789,0.0030680800000000286
c,-1.0,1.93623233,1.01144555,1.0119532,-0.0005076500000000816
c,-1.0,1.9571481,1.00855629,1.00762544,0.0009308500000000386
c,-1.0,1.97825109,1.00831972,1.01233899,-0.004019269999999908
c,-1.0,1.99905898,1.00739724,1.00281053,0.004586709999999883
c,-1.0,2.01966715,1.00453393,1.00696446,-0.002430530000000042
c,-1.0,2.04082415,1.01002766,1.00355987,0.006467790000000084
c,-1.0,2.06193171,1.0054833,0.999204527,0.006278773000000126
c,-1.0,2.08296048,1.00150719,1.01010017,-0.008592979999999972
c,-1.0,2.10383017,1.00333019,1.00418909,-0.0008588999999998848
c,-1.0,2.12494312,0.996604475,0.999086668,-0.002482192999999966
c,-1.0,2.14618475,0.999062934,0.997712769,0.0013501649999999588
c,-1.0,2.16679298,0.998961486,0.999287038,-0.0003255519999999512
c,-1.0,2.18753482,0.995313694,0.99255284,0.0027608540000000348
c,-1.0,2.20847027,0.994345009,0.990290145,0.004054863999999991
c,-1.0,2.22955181,0.993928744,0.994186994,-0.0002582500000000154
c,-1.0,2.25078374,0.990602225,0.988688488,0.001913736999999971
c,-1.0,2.27150159,0.991409447,0.984578647,0.006830800000000026
c,-1.0,2.29205574,0.983583954,0.992312843,-0.008728889000000017
c,-1.0,2.31294326,0.987421948,0.986307548,0.0011144000000000709
c,-1.0,2.3340363,0.987346937,0.984737173,0.0026097640000000144
c,-1.0,2.35514399,0.982855521,0.98549115,-0.002635629000000028
c,-1.0,2.37607726,0.984074093,0.98388193,0.00019216300000002295
c,-1.0,2.39730341,0.986914473,0.981951299,0.004963174000000015
c,-1.0,2.41857203,0.982979041,0.980072364,0.002906677000000024
c,-1.0,2.43911056,0.978990256,0.980716891,-0.001726635000000032
c,-1.0,2.45988005,0.981381353,0.978054412,0.003326940999999972
c,-1.0,2.48094151,0.977463197,0.975787519,0.0016756779999999027
c,-1.0,2.50196601,0.979203073,0.981231664,-0.0020285909999999685
c,-1.0,2.52300496,0.973297076,0.977045322,-0.0037482460000000106
c,-1.0,2.54340089,0.973830079,0.974418753,-0.0005886740000000668
c,-1.0,2.56415297,0.975418098,0.978225986,-0.0028078879999999806
c,-1.0,2.58575836,0.977104751,0.97906207,-0.0019573189999999574
c,-1.0,2.60684428,0.972842705,0.973779784,-0.0009370789999999518
c,-1.0,2.62775949,0.977824241,0.974294365,0.0035298759999999874
c,-1.0,2.64834355,0.974232921,0.974269699,-3.6778000000015076e-05
c,-1.0,2.66912062,0.971662972,0.973114658,-0.0014516860000000076
c,-1.0,2.69039946,0.976875658,0.975168139,0.0017075189999999907
c,-1.0,2.71121518,0.974093655,0.974263123,-0.00016946799999995044
c,-1.0,2.7321837,0.973331747,0.974638599,-0.001306852000000025
c,-1.0,2.75306239,0.976806778,0.973366732,0.00344004600000003
c,-1.0,2.77427049,0.974512912,0.97356983,0.0009430820000000395
c,-1.0,2.79557932,0.975450052,0.973013195,0.002436856999999959
c,-1.0,2.8160646,0.971752836,0.974862805,-0.0031099690000000457
c,-1.0,2.83689478,0.976483424,0.970465342,0.00601808199999998
c,-1.0,2.85801727,0.973649438,0.97286051,0.0007889280000000776
c,-1.0,2.87906973,0.972359813,0.973862768,-0.0015029550000000835
c,-1.0,2.89996898,0.976700652,0.973316101,0.0033845510000000134
c,-1.0,2.92062944,0.973172938,0.973790865,-0.0006179269999999626
c,-1.0,2.941605,0.973979701,0.972257478,0.0017222230000000227
c,-1.0,2.96267076,0.975749506,0.976709301,-0.0009597949999999855
c,-1.0,2.98347442,0.974353059,0.971666117,0.00268694199999997
c,-1.0,3.00437656,0.97128746,0.976838406,-0.0055509460000000566
c,-1.0,3.02542142,0.970868793,0.980632482,-0.00976368900000002
c,-1.0,3.04658726,0.975069336,0.975972465,-0.0009031290000000025
c,-1.0,3.06768101,0.973410904,0.975785718,-0.0023748140000000584
c,-1.0,3.088328,0.973637776,0.97562529,-0.001987513999999968
c,-1.0,3.10931167,0.978193141,0.97554743,0.002645710999999995
c,-1.0,3.1305457,0.977576401,0.97900272,-0.0014263190000000092
c,-1.0,3.15150209,0.976808945,0.978290042,-0.0014810969999999868
c,-1.0,3.17219014,0.979489504,0.978166102,0.001323402000000029
c,-1.0,3.19299024,0.977841921,0.979415708,-0.0015737869999999932
c,-1.0,3.21390436,0.980971396,0.977596205,0.003375191000000055
c,-1.0,3.23506564,0.977906356,0.978654448,-0.0007480920000000335
c,-1.0,3.25605387,0.976627357,0.978287445,-0.0016600879999999485
c,-1.0,3.27685776,0.982034178,0.976392962,0.0056412160000000044
c,-1.0,3.29794723,0.980237135,0.98185299,-0.0016158550000000549
c,-1.0,3.31884778,0.97841621,0.978651673,-0.00023546299999999132
c,-1.0,3.33944269,0.97996009,0.98050694,-0.0005468500000000986
c,-1.0,3.36030612,0.981135445,0.97964902,0.001486425000000069
c,-1.0,3.38171654,0.979307638,0.980131185,-0.00082354699999998
c,-1.0,3.40297495,0.9796225,0.981433113,-0.001810613000000072
c,-1.0,3.42370792,0.979646233,0.979865578,-0.00021934499999998192
c,-1.0,3.44440875,0.979930771,0.976000852,0.0039299190000000594
c,-1.0,3.465315,0.981596519,0.981816204,-0.000219685000000025
c,-1.0,3.4865867,0.983508835,0.980701098,0.0028077369999999213
c,-1.0,3.50751221,0.982031495,0.984408661,-0.0023771660000000416
c,-1.0,3.52796741,0.983847023,0.982189045,0.0016579780000000044
c,-1.0,3.5488788,0.984206476,0.983871436,0.00033503999999995315
c,-1.0,3.57014151,0.984970216,0.982896261,0.0020739549999999607
c,-1.0,3.59120365,0.983669707,0.984404506,-0.0007347989999999527
c,-1.0,3.61190928,0.984682488,0.982701561,0.0019809270000000767
c,-1.0,3.63300558,0.983729543,0.979662423,0.004067120000000091
c,-1.0,3.6541422,0.983502126,0.98420169,-0.0006995640000000414
c,-1.0,3.67500902,0.985346561,0.983999728,0.0013468329999999362
c,-1.0,3.69581564,0.983321243,0.983055248,0.00026599500000001886
c,-1.0,3.71644729,0.982323382,0.986061425,-0.003738043000000024
c,-1.0,3.73749774,0.986886284,0.982354511,0.004531772999999961
c,-1.0,3.75868086,0.986193146,0.988007503,-0.0018143569999999887
c,-1.0,3.77950549,0.986437158,0.986491237,-5.407899999998467e-05
c,-1.0,3.80027286,0.985457967,0.984707574,0.0007503930000000159
c,-1.0,3.82143123,0.981365652,0.986972295,-0.005606643000000022
c,-1.0,3.84280481,0.986584536,0.985156322,0.0014282139999999277
c,-1.0,3.86349282,0.987524762,0.989789888,-0.0022651260000000617
c,-1.0,3.88417456,0.985602147,0.984303618,0.0012985290000000482
c,-1.0,3.90535419,0.985196506,0.989633013,-0.0044365069999999784
c,-1.0,3.9264697,0.99055014,0.986500967,0.0040491729999999615
c,-1.0,3.94738681,0.98881834,0.988613957,0.00020438300000003018
c,-1.0,3.96810309,0.990419295,0.993137875,-0.002718579999999915
c,-1.0,3.98888694,0.990743838,0.991632156,-0.000888317999999999
c,-1.0,4.00993371,0.990967975,0.991165241,-0.00019726600000002925
c,-1.0,4.03080983,0.992276427,0.987269313,0.005007113999999979
c,-1.0,4.05178039,0.989484659,0.992605215,-0.003120555999999941
c,-1.0,4.07276799,0.991111671,0.990794626,0.0003170449999999603
c,-1.0,4.09368684,0.993801915,0.990791888,0.0030100270000000817
c,-1.0,4.11485609,0.991710579,0.995609413,-0.0038988340000000177
c,-1.0,4.13583188,0.989701601,0.991740813,-0.0020392120000000125
c,-1.0,4.15670688,0.99187785,0.993034938,-0.0011570880000000283
c,-1.0,4.17758774,0.993509523,0.994693743,-0.001184220000000069
c,-1.0,4.19867141,0.997196987,0.992343274,0.004853713000000037
c,-1.0,4.21961517,0.995960802,0.991063237,0.004897565000000048
c,-1.0,4.24013393,0.998173893,0.993326137,0.004847755999999981
c,-1.0,4.26119077,0.994545128,0.995257134,-0.0007120060000000983
c,-1.0,4.28239268,0.998042167,0.992661184,0.005380983000000006
c,-1.0,4.30342826,0.9946626,0.997416699,-0.00275409900000001
c,-1.0,4.32431592,0.996569055,0.996605923,-3.686799999991219e-05
c,-1.0,4.34508479,0.996952533,0.994944196,0.0020083370000000267
c,-1.0,4.36604259,0.99738948,0.99732057,6.891000000008862e-05
c,-1.0,4.38708086,0.996367428,0.997045043,-0.0006776149999999648
c,-1.0,4.40778797,0.999649696,1.00326104,-0.003611343999999961
c,-1.0,4.4288526,0.995582922,1.00016814,-0.004585218000000002
c,-1.0,4.44994967,0.99911763,0.999780008,-0.000662378000000019
c,-1.0,4.47085438,0.997144598,0.998746897,-0.0016022989999999737
c,-1.0,4.49188801,0.998933979,0.997379834,0.0015541450000000623
c,-1.0,4.51250216,1.00025287,0.99662362,0.0036292499999999173
c,-1.0,4.5334461,1.00242627,0.998584626,0.0038416439999999774
c,-1.0,4.55463591,1.00052023,1.00279256,-0.0022723300000000446
c,-1.0,4.57547609,1.00197653,1.00185048,0.00012604999999998867
c,-1.0,4.59643311,0.999513409,1.00268541,-0.0031720010000000354
c,-1.0,4.61732903,0.998383919,1.00179918,-0.0034152609999998917
c,-1.0,4.63833098,1.00190591,1.00175868,0.0001472300000000537
c,-1.0,4.65949324,1.00175354,1.00100486,0.000748679999999835
c,-1.0,4.68039693,1.00345902,1.00112011,0.002338909999999972
c,-1.0,4.70136745,0.999114923,1.00483472,-0.0057197970000000264
c,-1.0,4.72221533,0.999346736,1.00438094,-0.005034204000000098
c,-1.0,4.74309374,1.0068821,1.00229171,0.004590389999999944
c,-1.0,4.76390784,1.00176278,1.00599851,-0.004235729999999993
c,-1.0,4.78491795,1.00456585,1.00247423,0.0020916200000000718
c,-1.0,4.80636204,1.00380846,1.00176865,0.0020398099999998642
c,-1.0,4.82728449,1.00302158,1.00225034,0.0007712399999999509
c,-1.0,4.84785524,1.00529033,1.00694195,-0.0016516200000000758
c,-1.0,4.86859731,1.00461024,1.00493597,-0.00032572999999991303
c,-1.0,4.88954319,1.00315289,1.00694086,-0.003787970000000085
c,-1.0,4.91078695,1.00259633,1.00250474,9.159000000003026e-05
c,-1.0,4.93172016,1.00614286,1.00147242,0.004670439999999942
c,-1.0,4.95244063,1.00386094,1.00497183,-0.0011108899999998645
c,-1.0,4.97348932,1.00492316,1.0020091,0.0029140599999999406
c,-1.0,4.994309,1.00366045,1.0042649,-0.0006044499999999786
c,-1.0,5.01515697,1.00727602,1.0055846,0.001691419999999999
c,-1.0,5.03598003,1.00656884,1.00881867,-0.002249830000000008
c,-1.0,5.05703237,1.00519242,1.00687978,-0.0016873600000000266
c,-1.0,5.07840332,1.00481186,1.00742387,-0.002612009999999998
c,-1.0,5.09943841,1.00362044,1.00340316,0.00021727999999998637
c,-1.0,5.12032938,1.00572462,1.00404976,0.0016748600000000557
c,-1.0,5.14107614,1.00474213,1.00668951,-0.001947380000000054
c,-1.0,5.16214077,1.00543733,1.00389702,0.0015403099999999892
c,-1.0,5.18341099,1.00547474,1.00686111,-0.0013863700000000811
c,-1.0,5.2041075,1.00619841,1.00580202,0.00039639000000013525
c,-1.0,5.22477891,1.00816844,1.00457447,0.0035939699999998354
c,-1.0,5.24557967,1.00760412,1.00577657,0.0018275500000000111
c,-1.0,5.26649236,1.0082135,1.00411653,0.0040969700000002
c,-1.0,5.28753131,1.00519114,1.00429991,0.0008912299999999096
c,-1.0,5.30847064,1.00745722,1.00777009,-0.0003128699999999096
c,-1.0,5.32946745,1.00565788,1.0098794,-0.004221519999999979
c,-1.0,5.3506922,1.01001871,1.00456997,0.005448740000000063
c,-1.0,5.37158853,1.00906248,1.00590341,0.0031590700000001526
c,-1.0,5.39231925,1.00911014,1.00874519,0.00036495000000003053
c,-1.0,5.41333352,1.01137936,1.00658847,0.004790889999999992
c,-1.0,5.43434316,1.00659409,1.00841883,-0.0018247399999999914
c,-1.0,5.45530659,1.00890202,1.00697459,0.0019274300000000633
c,-1.0,5.47618498,1.00664786,1.00945279,-0.00280493000000015
c,-1.0,5.49715755,1.00925012,1.0080608,0.0011893199999999382
c,-1.0,5.51801586,1.00776967,1.00761053,0.00015914000000005757
c,-1.0,5.53881995,1.00911479,1.00743403,0.0016807599999999479
c,-1.0,5.55992514,1.00746228,1.00833935,-0.0008770700000000353
c,-1.0,5.58098545,1.00716122,1.00872637,-0.0015651500000000151
c,-1.0,5.60183772,1.00952347,1.00899011,0.0005333599999999272
c,-1.0,5.62277584,1.0073858,1.00781495,-0.00042914999999998926
c,-1.0,5.64379172,1.00867321,1.00964313,-0.0009699199999999575
c,-1.0,5.66460817,1.00651901,1.00685525,-0.00033623999999998766
c,-1.0,5.68556022,1.00894449,1.0106063,-0.0016618100000000968
c,-1.0,5.7067909,1.00629079,1.00624862,4.216999999995252e-05
c,-1.0,5.72769317,1.00882301,1.00629517,0.002527839999999948
c,-1.0,5.74840017,1.00809604,1.0101575,-0.0020614599999999594
c,-1.0,5.76938192,1.00735987,1.0073392,2.0669999999833877e-05
c,-1.0,5.79039764,1.00498798,1.0050393,-5.132000000007686e-05
c,-1.0,5.81144039,1.01230419,1.00825671,0.004047480000000103
c,-1.0,5.83232115,1.00793498,1.01007974,-0.002144759999999968
c,-1.0,5.85320209,1.00956165,1.0092275,0.00033415000000003303
c,-1.0,5.87418919,1.00889636,1.00673982,0.0021565400000000956
c,-1.0,5.89509625,1.00553915,1.00727291,-0.0017337600000000286
c,-1.0,5.9159726,1.00986451,1.00938935,0.000475160000000141
c,-1.0,5.93682663,1.0085163,1.00840881,0.00010748999999998787
c,-1.0,5.95791772,1.00679949,1.00903986,-0.0022403699999999915
c,-1.0,5.97900675,1.00518971,1.00720054,-0.002010829999999908
c,-1.0,5.99978945,1.00568452,1.00805013,-0.002365610000000018
c,-1.0,6.02063577,1.01275651,1.00657723,0.006179280000000009
c,-1.0,6.04156421,1.00663792,1.00737624,-0.000738319999999959
c,-1.0,6.06259364,1.0028035,1.00870808,-0.005904579999999937
c,-1.0,6.08377541,1.00718675,1.00738433,-0.0001975800000000305
c,-1.0,6.10447051,1.00838014,1.01148122,-0.0031010799999999783
c,-1.0,6.12538157,1.00391067,1.00594302,-0.002032349999999905
c,-1.0,6.14660689,1.00564915,1.0051589,0.0004902499999999144
c,-1.0,6.16752321,1.00896562,1.00653712,0.0024284999999999446
c,-1.0,6.18833806,1.00843782,1.00743842,0.0009993999999999836
c,-1.0,6.20938667,1.00862085,1.00840858,0.0002122700000000144
c,-1.0,6.23052184,1.00664555,1.00481904,0.0018265099999998924
c,-1.0,6.25137137,1.00524146,1.00492819,0.0003132699999999211
c,-1.0,6.27204484,1.007647,1.00726062,0.00038637999999990846
c,-1.0,6.29290789,1.00671917,1.00785308,-0.0011339100000000712
c,-1.0,6.31382104,1.00474829,1.00591811,-0.0011698200000000991
c,-1.0,6.33495691,1.00533314,1.004945,0.0003881400000000923
c,-1.0,6.35600914,1.00602406,1.00729128,-0.0012672199999999023
c,-1.0,6.37663869,1.00645865,1.00344341,0.0030152399999998636
c,-1.0,6.39770954,1.0044901,1.00496864,-0.0004785400000000273
c,-1.0,6.41872759,1.00433442,1.00307757,0.001256849999999865
c,-1.0,6.43951457,1.00512873,1.00628355,-0.0011548200000000008
c,-1.0,6.46033562,1.00158477,1.00383343,-0.0022486600000000134
c,-1.0,6.4814564,1.00493903,1.00318189,0.0017571400000000459
c,-1.0,6.50265681,1.00359805,1.00579955,-0.0022015000000001894
c,-1.0,6.52350383,1.00650593,1.00645685,4.9080000000145674e-05
c,-1.0,6.54427866,1.00168282,1.00422569,-0.002542869999999864
c,-1.0,6.56515568,1.00378101,1.00321837,0.0005626400000000586
c,-1.0,6.58628576,1.00401963,1.00481037,-0.000790740000000012
c,-1.0,6.60749316,1.00433559,1.00573873,-0.0014031400000000804
c,-1.0,6.62830625,1.00073919,1.00417653,-0.0034373400000000665
c,-1.0,6.64913567,1.00592419,1.00257044,0.003353750000000044
c,-1.0,6.67020149,1.00307591,1.00395152,-0.0008756100000000266
c,-1.0,6.69106898,1.00320201,1.00578492,-0.002582909999999883
c,-1.0,6.71185955,1.00381448,1.00376849,4.599000000005127e-05
c,-1.0,6.73264651,1.00399795,1.00196274,0.002035210000000065
c,-1.0,6.7537045,1.00611102,1.00223926,0.003871760000000002
c,-1.0,6.77487174,1.00144367,1.00053722,0.0009064500000000031
c,-1.0,6.79557562,1.00201311,1.0030374,-0.0010242899999999278
c,-1.0,6.81648781,1.00289598,1.00206424,0.0008317399999999697
c,-1.0,6.83753747,1.00336345,1.00408472,-0.0007212700000001071
c,-1.0,6.85867557,1.00275802,1.00329315,-0.0005351300000000503
c,-1.0,6.87985316,1.00255853,1.00238637,0.00017215999999997678
c,-1.0,6.90065786,1.00053991,1.00232594,-0.001786029999999883
c,-1.0,6.92153112,1.00186038,1.00245732,-0.0005969399999998792
c,-1.0,6.94229803,1.00052284,1.00362683,-0.0031039900000000564
c,-1.0,6.9630016,1.00274422,1.00188103,0.0008631900000000137
c,-1.0,6.98416877,1.00166543,1.00325069,-0.0015852599999999217
c,-1.0,7.0052781,1.00213693,1.00187673,0.00026020000000004373
c,-1.0,7.02617612,1.00223694,1.00184513,0.00039180999999999244
c,-1.0,7.04699526,1.00135636,1.00317414,-0.001817780000000102
c,-1.0,7.06761685,1.00193016,1.00162018,0.000309979999999932
c,-1.0,7.08873369,1.00043107,1.00134215,-0.000911079999999842
c,-1.0,7.10994937,1.00150321,1.00152814,-2.492999999992307e-05
c,-1.0,7.13102893,1.00555889,1.00144188,0.0041170100000000875
c,-1.0,7.15201412,0.999821845,1.00161297,-0.0017911250000000045
c,-1.0,7.17271336,1.00376025,1.00021814,0.0035421099999999317
c,-1.0,7.19374266,1.0012123,0.999560918,0.0016513819999999235
c,-1.0,7.21473042,0.998538462,0.999991832,-0.0014533700000000094
c,-1.0,7.23564263,1.00056568,1.00065703,-9.134999999993454e-05
c,-1.0,7.25666289,1.00019635,1.00022936,-3.3010000000111006e-05
c,-1.0,7.27757645,0.999199915,1.00001347,-0.0008135550000000213
c,-1.0,7.2984411,0.998687759,1.00245246,-0.003764701000000037
c,-1.0,7.31917384,0.998915909,0.999171605,-0.00025569599999997195
c,-1.0,7.34001688,0.999778943,0.997373934,0.002405009000000069
c,-1.0,7.3611683,1.00060357,0.997818199,0.002785370999999981
c,-1.0,7.38224284,0.998000893,0.997213692,0.0007872009999999596
c,-1.0,7.40324015,0.999785241,0.998285721,0.0014995199999999764
c,-1.0,7.42408854,0.998192512,0.999814668,-0.0016221559999999302
c,-1.0,7.44500634,0.999328618,0.999783462,-0.0004548440000000653
c,-1.0,7.46595959,0.999260398,0.99688209,0.00237830799999994
c,-1.0,7.48696308,0.998703531,0.999771663,-0.0010681319999999994
c,-1.0,7.5079936,0.999601617,0.997848669,0.001752948000000032
c,-1.0,7.52871967,0.998501397,0.997060032,0.0014413649999999167
c,-1.0,7.54966921,0.997697351,0.999490257,-0.0017929060000000385
c,-1.0,7.57064902,0.998000217,0.998865509,-0.000865292000000073
c,-1.0,7.59151428,1.00033621,0.99803471,0.0023014999999999564
c,-1.0,7.6123809,0.998901469,0.999077909,-0.00017644000000005544
c,-1.0,7.63338324,0.996542132,0.997877673,-0.0013355409999999956
c,-1.0,7.65450532,0.998285521,0.999780122,-0.0014946009999999843
c,-1.0,7.67556944,0.998609044,0.99965017,-0.0010411260000000588
c,-1.0,7.69637751,0.998934404,0.994342689,0.004591714999999996
c,-1.0,7.71727216,1.00092471,0.997874938,0.003049772000000006
c,-1.0,7.73835725,1.00017218,0.99965435,0.0005178300000000524
c,-1.0,7.75934923,0.997689517,0.997446085,0.00024343199999998788
c,-1.0,7.78023116,0.999860873,0.995207784,0.004653089000000055
c,-1.0,7.80098697,0.997911175,0.996058805,0.0018523700000000476
c,-1.0,7.82190677,0.997828874,0.997399668,0.0004292059999999598
c,-1.0,7.84304931,0.997571134,0.996282296,0.0012888380000000144
c,-1.0,7.86405132,0.999492095,0.999287149,0.00020494599999998364
c,-1.0,7.88484553,0.996571683,1.00052902,-0.003957337000000116
c,-1.0,7.90574885,0.999011332,0.998711926,0.00029940600000000206
c,-1.0,7.9267531,0.99509563,0.996226164,-0.0011305339999999608
c,-1.0,7.94765228,0.996998711,0.998615594,-0.0016168829999999579
c,-1.0,7.96842304,0.996525918,0.997651405,-0.001125487000000036
c,-1.0,7.98938616,0.997232385,0.998033156,-0.0008007709999999779
c,-1.0,8.01050815,0.997874185,0.997298625,0.0005755600000000305
c,-1.0,8.03153334,0.996215354,0.997912855,-0.0016975009999999902
c,-1.0,8.05240251,0.99905334,0.994739839,0.004313501000000053
c,-1.0,8.07332696,0.999588463,0.997432447,0.0021560160000000383
c,-1.0,8.09438514,0.99694299,0.996426222,0.0005167680000000008
c,-1.0,8.11529588,0.997206686,0.99711483,9.185599999994576e-05
c,-1.0,8.13618411,0.996250905,0.997160922,-0.0009100169999999297
c,-1.0,8.15717855,0.996914656,0.998281022,-0.0013663660000000633
c,-1.0,8.17807847,0.996159843,0.995078551,0.001081292000000067
c,-1.0,8.19905269,0.995951158,0.995814734,0.00013642400000002386
c,-1.0,8.21991085,0.995099532,1.00014775,-0.005048217999999993
c,-1.0,8.24078529,0.995679729,0.998453197,-0.002773468000000001
c,-1.0,8.26195652,0.996255963,0.995683946,0.0005720169999999802
c,-1.0,8.28293039,0.996029705,0.996130727,-0.00010102200000006167
c,-1.0,8.30373423,0.993294792,0.997087905,-0.003793112999999959
c,-1.0,8.32452583,0.99471531,0.99681761,-0.0021023000000000014
c,-1.0,8.34556221,0.995327166,0.995704705,-0.0003775389999999268
c,-1.0,8.36671927,0.997631071,0.997624389,6.682000000091115e-06
c,-1.0,8.38757523,0.997211303,0.996361873,0.0008494300000000399
c,-1.0,8.40855808,0.992897236,0.997826723,-0.004929486999999955
c,-1.0,8.42953585,0.99652021,0.994216836,0.0023033740000000247
c,-1.0,8.45042977,0.999413558,0.994880921,0.0045326369999999505
c,-1.0,8.47138662,0.996290744,0.997933509,-0.001642765000000046
c,-1.0,8.49217243,0.997127174,0.995870219,0.001256955000000004
c,-1.0,8.51321806,0.996588257,0.9949016,0.0016866569999999248
c,-1.0,8.53421183,0.996231451,0.997516649,-0.001285198000000043
c,-1.0,8.55508292,0.994188816,0.995580394,-0.0013915780000000044
c,-1.0,8.57598662,0.996827152,0.997001245,-0.00017409299999993078
c,-1.0,8.59679232,0.99561242,0.99616542,-0.0005529999999999147
c,-1.0,8.61783107,0.996103552,0.997894816,-0.0017912639999999591
c,-1.0,8.63891768,0.997144954,0.995847857,0.0012970970000000248
c,-1.0,8.65972861,0.995201715,0.996591262,-0.0013895470000000465
c,-1.0,8.68059853,0.995653099,0.996530561,-0.000877462000000051
c,-1.0,8.70174168,0.993742311,0.996188244,-0.0024459329999999557
c,-1.0,8.72279566,0.996537793,0.994553502,0.0019842909999999714
c,-1.0,8.74359241,0.996969074,0.996601709,0.0003673650000000084
c,-1.0,8.76424415,0.995039013,0.996056359,-0.00101734600000003
c,-1.0,8.78526729,0.996015812,0.994104364,0.0019114479999999823
c,-1.0,8.80637189,0.997064319,0.995409257,0.001655061999999985
c,-1.0,8.82736896,0.997300499,0.993240883,0.004059615999999933
c,-1.0,8.84843212,0.996433075,0.998589328,-0.002156252999999997
c,-1.0,8.86933197,0.995505087,0.995564845,-5.975800000002085e-05
c,-1.0,8.89026857,0.996526343,0.995198775,0.0013275680000000012
c,-1.0,8.91123702,0.99807256,0.995589575,0.002482984999999993
c,-1.0,8.93214776,0.996289081,0.996342113,-5.3031999999952895e-05
c,-1.0,8.95312097,0.997613594,0.995909455,0.0017041389999999934
c,-1.0,8.9741304,0.994831829,0.996070972,-0.0012391430000000536
c,-1.0,8.99505705,0.994724874,0.997233603,-0.0025087289999999873
c,-1.0,9.01571368,0.993772924,0.994149719,-0.00037679500000009636
c,-1.0,9.03640927,0.995364051,0.996879621,-0.0015155700000000216
c,-1.0,9.05755121,0.994982815,0.993899831,0.0010829839999999535
c,-1.0,9.07868023,0.996122657,0.99611431,8.347000000075155e-06
c,-1.0,9.09969513,0.996672295,0.996238948,0.00043334699999997284
c,-1.0,9.1205658,0.996466676,0.998046293,-0.0015796169999999776
c,-1.0,9.14137844,0.997449499,0.995791305,0.0016581940000000017
c,-1.0,9.16237082,0.996717746,0.997835973,-0.0011182270000000827
c,-1.0,9.18339441,0.996315598,0.996097097,0.00021850099999998207
c,-1.0,9.20447395,0.997362706,0.995706918,0.0016557879999999914
c,-1.0,9.22549281,0.997786843,0.99629608,0.0014907629999999505
c,-1.0,9.2463962,0.996192574,0.997307852,-0.0011152779999999973
c,-1.0,9.26722673,0.995192165,0.997977074,-0.0027849090000000576
c,-1.0,9.28791689,0.995436954,0.995803749,-0.00036679500000003085
c,-1.0,9.30892724,0.9991216,0.994899772,0.0042218280000000385
c,-1.0,9.33003065,0.997984953,0.997181385,0.0008035680000000323
c,-1.0,9.35102864,0.996031515,0.997096653,-0.0010651380000000765
c,-1.0,9.37196601,0.994617908,0.995818772,-0.0012008639999999682
c,-1.0,9.39258783,0.997546631,0.994640338,0.0029062930000000042
c,-1.0,9.41349621,0.997346129,0.996801044,0.0005450849999999452
c,-1.0,9.4347927,0.99681414,0.99588529,0.0009288499999999811
c,-1.0,9.45587737,0.995593204,0.998045334,-0.002452129999999997
c,-1.0,9.47676866,0.99799777,0.996800742,0.0011970279999999889
c,-1.0,9.49762777,0.999152954,0.996032142,0.0031208120000000283
c,-1.0,9.51852362,0.995333152,0.996131693,-0.000798540999999986
c,-1.0,9.53939795,0.998169186,0.996500515,0.0016686710000000105
c,-1.0,9.56035551,0.997434728,0.996795254,0.0006394739999999732
c,-1.0,9.58149741,0.996426294,0.996429002,-2.707999999906896e-06
c,-1.0,9.60249587,0.995264111,0.997707856,-0.002443744999999997
c,-1.0,9.62336478,0.997181458,1.00028331,-0.003101851999999905
c,-1.0,9.64415055,0.997876864,0.997449113,0.0004277509999999207
c,-1.0,9.66502224,0.996847669,0.99886941,-0.002021740999999966
c,-1.0,9.68597433,0.996418148,0.998413911,-0.0019957630000000393
c,-1.0,9.7069728,0.998530072,0.997268962,0.0012611099999999542
c,-1.0,9.72797765,1.0002716,0.995935531,0.0043360690000000535
c,-1.0,9.74896401,0.995898745,0.998924981,-0.003026236000000071
c,-1.0,9.76996217,0.998680446,0.998221171,0.00045927500000009225
c,-1.0,9.79085678,0.995928927,0.996480388,-0.0005514610000000308
c,-1.0,9.81166698,0.999540154,0.996603586,0.0029365679999999728
c,-1.0,9.83262494,0.997341233,0.995293148,0.0020480849999999773
c,-1.0,9.85372265,0.997377894,0.997444455,-6.656100000002052e-05
c,-1.0,9.87472665,0.996994844,0.998890421,-0.0018955769999999816
c,-1.0,9.89559934,0.99864166,0.997789006,0.0008526540000000082
c,-1.0,9.91635289,1.00022257,0.995702549,0.004520021000000041
c,-1.0,9.93737645,0.997229651,0.998295278,-0.0010656269999999024
c,-1.0,9.95856995,0.995981192,0.997538434,-0.0015572419999999587
c,-1.0,9.97940815,0.999152097,0.998489018,0.0006630789999999553
c,-1.0,10.000082,0.99647448,0.996974605,-0.0005001249999999624
c,-0.8,0.0252815853,0.00161831219,0.0005296485,0.00108866369
c,-0.8,0.0486976344,0.00307103675,0.00202846552,0.0010425712300000003
c,-0.8,0.0692644017,0.00497733404,0.00402958427,0.0009477497699999999
c,-0.8,0.08877835,0.00763740312,0.0065389667,0.0010984364199999996
c,-0.8,0.111604297,0.01158774,0.0103843786,0.0012033613999999984
c,-0.8,0.132731806,0.0161903152,0.014921314,0.0012690011999999997
c,-0.8,0.153672181,0.0212547595,0.0194036234,0.001851136100000001
c,-0.8,0.175641863,0.0271052445,0.0254828463,0.0016223981999999998
c,-0.8,0.196615509,0.0335967833,0.0314882479,0.0021085354
c,-0.8,0.217326708,0.0407213341,0.0383529598,0.0023683742999999965
c,-0.8,0.237538457,0.0483698154,0.0459423072,0.0024275082000000045
c,-0.8,0.258148683,0.0561594238,0.0544368764,0.0017225473999999963
c,-0.8,0.28040349,0.0661532008,0.0635472762,0.0026059246000000036
c,-0.8,0.301929084,0.0760135044,0.0723367336,0.0036767708000000066
c,-0.8,0.322287413,0.0864656188,0.0829809724,0.0034846463999999994
c,-0.8,0.342663331,0.0978847727,0.0941899695,0.003694803199999999
c,-0.8,0.363641289,0.108166002,0.106021932,0.002144069999999998
c,-0.8,0.385602948,0.120710101,0.117278241,0.003431859999999995
c,-0.8,0.406737165,0.133844512,0.131483427,0.002361084999999985
c,-0.8,0.427001871,0.147335672,0.142672773,0.004662898999999998
c,-0.8,0.448754416,0.162709367,0.158300225,0.004409142000000005
c,-0.8,0.469601745,0.175063046,0.172040278,0.003022768000000009
c,-0.8,0.489805379,0.191613574,0.187419918,0.004193656000000018
c,-0.8,0.510302494,0.20480695,0.2006271,0.004179849999999985
c,-0.8,0.53178319,0.220971377,0.216457362,0.00451401500000001
c,-0.8,0.553922362,0.238946165,0.232047709,0.006898455999999997
c,-0.8,0.574670041,0.254480808,0.251210747,0.0032700609999999908
c,-0.8,0.594645701,0.273872993,0.265355673,0.008517319999999995
c,-0.8,0.615540037,0.288146059,0.284801103,0.00334495600000001
c,-0.8,0.636554081,0.306597531,0.302452871,0.004144659999999967
c,-0.8,0.658102417,0.327924978,0.320108264,0.007816714000000002
c,-0.8,0.679189641,0.34317044,0.338444245,0.004726195000000044
c,-0.8,0.700054044,0.364123144,0.359353412,0.0047697320000000265
c,-0.8,0.721329826,0.385003349,0.380455977,0.004547371999999994
c,-0.8,0.742033923,0.401115566,0.399618511,0.0014970549999999694
c,-0.8,0.762614581,0.420472785,0.419798901,0.0006738840000000135
c,-0.8,0.783270495,0.441141012,0.437610291,0.0035307210000000144
c,-0.8,0.804783918,0.460970685,0.459703853,0.0012668319999999955
c,-0.8,0.826095906,0.48107143,0.482354341,-0.0012829109999999977
c,-0.8,0.846303977,0.499496966,0.499617637,-0.00012067100000001663
c,-0.8,0.867174819,0.524631966,0.518490406,0.00614155999999999
c,-0.8,0.888413258,0.54747727,0.541022903,0.006454367000000016
c,-0.8,0.909910564,0.566235094,0.561491592,0.004743502000000066
c,-0.8,0.931134698,0.583269659,0.586218541,-0.002948881999999986
c,-0.8,0.951563161,0.602502628,0.606590782,-0.004088154000000066
c,-0.8,0.972160451,0.624889675,0.625735422,-0.0008457469999999523
c,-0.8,0.993008165,0.64711128,0.644892025,0.0022192549999999756
c,-0.8,1.0140906,0.661312868,0.66615613,-0.004843261999999959
c,-0.8,1.03500338,0.684853388,0.689241667,-0.0043882790000000504
c,-0.8,1.05657413,0.703259877,0.706704115,-0.003444237999999933
c,-0.8,1.07789814,0.72590216,0.721436711,0.00446544900000001
c,-0.8,1.09835045,0.744434977,0.745261491,-0.0008265140000000004
c,-0.8,1.11903902,0.764621517,0.761872003,0.0027495140000000085
c,-0.8,1.1396405,0.777003927,0.776979785,2.414200000000477e-05
c,-0.8,1.16109193,0.797774212,0.795685854,0.002088357999999957
c,-0.8,1.18227503,0.810709058,0.817980839,-0.007271780999999922
c,-0.8,1.2030555,0.827394955,0.828407308,-0.0010123529999999104
c,-0.8,1.22375183,0.841868509,0.840832659,0.0010358499999999493
c,-0.8,1.24453484,0.857542275,0.859099252,-0.001556977000000015
c,-0.8,1.26570671,0.866896267,0.8748603,-0.007964033000000037
c,-0.8,1.28693994,0.890542063,0.884730141,0.005811922000000025
c,-0.8,1.30807124,0.899314885,0.89685115,0.002463734999999967
c,-0.8,1.32889646,0.910969998,0.909901331,0.0010686669999999676
c,-0.8,1.34945121,0.922410075,0.923210617,-0.0008005419999999042
c,-0.8,1.37055188,0.931805005,0.930227713,0.001577292000000008
c,-0.8,1.39148285,0.940842978,0.941607373,-0.0007643949999999178
c,-0.8,1.41220445,0.950981229,0.951544008,-0.0005627790000000132
c,-0.8,1.43352474,0.95849459,0.954327185,0.004167405000000013
c,-0.8,1.45454751,0.966764593,0.966984155,-0.00021956200000006199
c,-0.8,1.47511055,0.976157828,0.972907667,0.0032501609999999737
c,-0.8,1.49566583,0.981393569,0.97622174,0.005171829000000017
c,-0.8,1.51690776,0.980176093,0.983974829,-0.0037987360000000248
c,-0.8,1.53826425,0.989902782,0.990194725,-0.0002919430000000167
c,-0.8,1.55931449,0.991519014,0.997875182,-0.006356168000000051
c,-0.8,1.58012172,1.00016659,1.00158286,-0.0014162699999999973
c,-0.8,1.60114355,0.995479,1.00354156,-0.008062559999999941
c,-0.8,1.62229155,1.00208724,1.0082549,-0.006167660000000019
c,-0.8,1.64295947,1.00296031,1.00741853,-0.004458220000000068
c,-0.8,1.66366432,1.01288903,1.00988325,0.003005780000000069
c,-0.8,1.68478217,1.01097675,1.01781041,-0.006833660000000075
c,-0.8,1.7057485,1.01121231,1.01736677,-0.006154460000000084
c,-0.8,1.72683745,1.01724364,1.01450635,0.0027372900000000033
c,-0.8,1.74765849,1.01806395,1.01112157,0.006942379999999915
c,-0.8,1.76847487,1.01508238,1.0120598,0.003022579999999886
c,-0.8,1.78961871,1.01287685,1.01283158,4.5269999999986155e-05
c,-0.8,1.81086098,1.0170214,1.0172675,-0.00024610000000002685
c,-0.8,1.83179094,1.01054152,1.0123527,-0.0018111800000000233
c,-0.8,1.8521746,1.01195287,1.01516945,-0.0032165799999999134
c,-0.8,1.8733654,1.01234619,1.01225587,9.031999999997709e-05
c,-0.8,1.89455538,1.00906883,1.01210881,-0.003039980000000053
c,-0.8,1.91534795,1.00980194,1.01369789,-0.0038959499999999814
c,-0.8,1.93623233,1.01127484,1.0119532,-0.000678359999999989
c,-0.8,1.9571481,1.011957,1.00762544,0.004331560000000012
c,-0.8,1.97825109,1.00880115,1.01233899,-0.0035378399999999033
c,-0.8,1.99905898,1.00356864,1.00281053,0.000758109999999812
c,-0.8,2.01966715,1.01030797,1.00696446,0.003343509999999883
c,-0.8,2.04082415,1.00189931,1.00355987,-0.001660559999999922
c,-0.8,2.06193171,1.00531228,0.999204527,0.006107753000000105
c,-0.8,2.08296048,1.00017737,1.01010017,-0.00992280000000001
c,-0.8,2.10383017,0.996789934,1.00418909,-0.007399155999999851
c,-0.8,2.12494312,0.996681776,0.999086668,-0.0024048920000000473
c,-0.8,2.14618475,0.998333583,0.997712769,0.000620813999999914
c,-0.8,2.16679298,0.996523975,0.999287038,-0.0027630629999999545
c,-0.8,2.18753482,0.996935374,0.99255284,0.0043825339999999935
c,-0.8,2.20847027,0.989533413,0.990290145,-0.0007567320000000377
c,-0.8,2.22955181,0.992480613,0.994186994,-0.001706380999999979
c,-0.8,2.25078374,0.991574582,0.988688488,0.0028860940000000612
c,-0.8,2.27150159,0.986427642,0.984578647,0.00184899500000002
c,-0.8,2.29205574,0.993166699,0.992312843,0.0008538559999999862
c,-0.8,2.31294326,0.984151919,0.986307548,-0.0021556289999999922
c,-0.8,2.3340363,0.985540438,0.984737173,0.000803265000000053
c,-0.8,2.35514399,0.98306053,0.98549115,-0.002430619999999939
c,-0.8,2.37607726,0.984186153,0.98388193,0.00030422299999999236
c,-0.8,2.39730341,0.984559388,0.981951299,0.00260808899999998
c,-0.8,2.41857203,0.984815654,0.980072364,0.004743290000000067
c,-0.8,2.43911056,0.976366989,0.980716891,-0.004349902000000072
c,-0.8,2.45988005,0.980149906,0.978054412,0.0020954939999999755
c,-0.8,2.48094151,0.981755375,0.975787519,0.005967855999999938
c,-0.8,2.50196601,0.979932205,0.981231664,-0.0012994589999999473
c,-0.8,2.52300496,0.982132686,0.977045322,0.005087363999999983
c,-0.8,2.54340089,0.974630251,0.974418753,0.00021149799999997665
c,-0.8,2.56415297,0.973932495,0.978225986,-0.004293490999999983
c,-0.8,2.58575836,0.975310579,0.97906207,-0.003751491000000051
c,-0.8,2.60684428,0.972137484,0.973779784,-0.0016422999999999854
c,-0.8,2.62775949,0.975682546,0.974294365,0.0013881810000000439
c,-0.8,2.64834355,0.977415862,0.974269699,0.003146162999999924
c,-0.8,2.66912062,0.975069624,0.973114658,0.0019549660000000024
c,-0.8,2.69039946,0.975770864,0.975168139,0.0006027250000000262
c,-0.8,2.71121518,0.976660565,0.974263123,0.0023974420000000274
c,-0.8,2.7321837,0.976740082,0.974638599,0.002101482999999904
c,-0.8,2.75306239,0.973624738,0.973366732,0.0002580060000000328
c,-0.8,2.77427049,0.972860291,0.97356983,-0.0007095389999999258
c,-0.8,2.79557932,0.974757217,0.973013195,0.0017440219999999007
c,-0.8,2.8160646,0.970619028,0.974862805,-0.004243777000000004
c,-0.8,2.83689478,0.976099854,0.970465342,0.00563451199999998
c,-0.8,2.85801727,0.97609108,0.97286051,0.0032305700000000437
c,-0.8,2.87906973,0.976251493,0.973862768,0.0023887249999999804
c,-0.8,2.89996898,0.976825128,0.973316101,0.003509026999999998
c,-0.8,2.92062944,0.975645141,0.973790865,0.001854275999999988
c,-0.8,2.941605,0.973156555,0.972257478,0.0008990770000000259
c,-0.8,2.96267076,0.978778415,0.976709301,0.002069113999999983
c,-0.8,2.98347442,0.976082444,0.971666117,0.004416326999999942
c,-0.8,3.00437656,0.975085846,0.976838406,-0.001752560000000014
c,-0.8,3.02542142,0.972102625,0.980632482,-0.008529856999999974
c,-0.8,3.04658726,0.975737811,0.975972465,-0.0002346540000000008
c,-0.8,3.06768101,0.976089737,0.975785718,0.0003040189999999887
c,-0.8,3.088328,0.972725971,0.97562529,-0.002899318999999956
c,-0.8,3.10931167,0.97654054,0.97554743,0.0009931100000000193
c,-0.8,3.1305457,0.975318747,0.97900272,-0.003683973000000007
c,-0.8,3.15150209,0.977474435,0.978290042,-0.0008156070000000515
c,-0.8,3.17219014,0.97746642,0.978166102,-0.0006996820000000348
c,-0.8,3.19299024,0.977137825,0.979415708,-0.0022778829999999806
c,-0.8,3.21390436,0.977423444,0.977596205,-0.00017276099999996575
c,-0.8,3.23506564,0.975672256,0.978654448,-0.00298219200000005
c,-0.8,3.25605387,0.979280731,0.978287445,0.0009932860000000376
c,-0.8,3.27685776,0.975568383,0.976392962,-0.000824578999999992
c,-0.8,3.29794723,0.979184755,0.98185299,-0.002668235000000019
c,-0.8,3.31884778,0.978602756,0.978651673,-4.891699999998167e-05
c,-0.8,3.33944269,0.978497049,0.98050694,-0.0020098910000000414
c,-0.8,3.36030612,0.975940353,0.97964902,-0.0037086669999999433
c,-0.8,3.38171654,0.979239564,0.980131185,-0.0008916209999999536
c,-0.8,3.40297495,0.978255548,0.981433113,-0.0031775649999999933
c,-0.8,3.42370792,0.981512161,0.979865578,0.0016465830000000903
c,-0.8,3.44440875,0.980952511,0.976000852,0.004951659000000053
c,-0.8,3.465315,0.985113228,0.981816204,0.0032970239999999817
c,-0.8,3.4865867,0.982646273,0.980701098,0.0019451749999999102
c,-0.8,3.50751221,0.980846653,0.984408661,-0.003562008000000061
c,-0.8,3.52796741,0.983908472,0.982189045,0.00171942699999994
c,-0.8,3.5488788,0.980783866,0.983871436,-0.0030875700000000394
c,-0.8,3.57014151,0.98272136,0.982896261,-0.0001749010000000606
c,-0.8,3.59120365,0.983436052,0.984404506,-0.0009684540000000075
c,-0.8,3.61190928,0.984735965,0.982701561,0.0020344040000001007
c,-0.8,3.63300558,0.98202346,0.979662423,0.0023610370000000103
c,-0.8,3.6541422,0.982828312,0.98420169,-0.0013733780000000362
c,-0.8,3.67500902,0.983208965,0.983999728,-0.0007907630000000276
c,-0.8,3.69581564,0.98242152,0.983055248,-0.0006337279999999446
c,-0.8,3.71644729,0.983967194,0.986061425,-0.0020942310000000575
c,-0.8,3.73749774,0.98377286,0.982354511,0.00141834899999993
c,-0.8,3.75868086,0.987251937,0.988007503,-0.0007555659999999298
c,-0.8,3.77950549,0.983452584,0.986491237,-0.0030386529999999468
c,-0.8,3.80027286,0.983517278,0.984707574,-0.0011902959999999796
c,-0.8,3.82143123,0.9853095,0.986972295,-0.0016627950000001057
c,-0.8,3.84280481,0.986936052,0.985156322,0.0017797299999999794
c,-0.8,3.86349282,0.98933511,0.989789888,-0.00045477800000004454
c,-0.8,3.88417456,0.98908511,0.984303618,0.004781491999999998
c,-0.8,3.90535419,0.990650804,0.989633013,0.0010177910000001011
c,-0.8,3.9264697,0.98787941,0.986500967,0.001378443000000007
c,-0.8,3.94738681,0.98875331,0.988613957,0.00013935300000000872
c,-0.8,3.96810309,0.989550694,0.993137875,-0.003587180999999995
c,-0.8,3.98888694,0.99075847,0.991632156,-0.0008736860000000402
c,-0.8,4.00993371,0.989206908,0.991165241,-0.0019583330000000343
c,-0.8,4.03080983,0.991662797,0.987269313,0.0043934840000000586
c,-0.8,4.05178039,0.987451887,0.992605215,-0.0051533280000000126
c,-0.8,4.07276799,0.988436012,0.990794626,-0.0023586140000000366
c,-0.8,4.09368684,0.991178636,0.990791888,0.00038674800000004783
c,-0.8,4.11485609,0.993965616,0.995609413,-0.001643797000000058
c,-0.8,4.13583188,0.993770197,0.991740813,0.0020293839999999674
c,-0.8,4.15670688,0.99195737,0.993034938,-0.0010775680000000287
c,-0.8,4.17758774,0.991013202,0.994693743,-0.003680541000000037
c,-0.8,4.19867141,0.991642469,0.992343274,-0.0007008050000000265
c,-0.8,4.21961517,0.992918497,0.991063237,0.0018552600000000252
c,-0.8,4.24013393,0.996395371,0.993326137,0.0030692339999999207
c,-0.8,4.26119077,0.993767151,0.995257134,-0.001489983000000028
c,-0.8,4.28239268,0.995195542,0.992661184,0.0025343580000000143
c,-0.8,4.30342826,0.994400098,0.997416699,-0.0030166010000000076
c,-0.8,4.32431592,0.99815714,0.996605923,0.0015512170000000491
c,-0.8,4.34508479,0.995706644,0.994944196,0.0007624480000000267
c,-0.8,4.36604259,0.995472616,0.99732057,-0.0018479539999999295
c,-0.8,4.38708086,0.995701852,0.997045043,-0.0013431909999999103
c,-0.8,4.40778797,0.998186736,1.00326104,-0.005074303999999974
c,-0.8,4.4288526,0.998304655,1.00016814,-0.001863484999999998
c,-0.8,4.44994967,1.00071439,0.999780008,0.0009343819999999559
c,-0.8,4.47085438,0.998507238,0.998746897,-0.00023965900000000318
c,-0.8,4.49188801,0.996901213,0.997379834,-0.0004786209999999569
c,-0.8,4.51250216,1.00247476,0.99662362,0.005851139999999866
c,-0.8,4.5334461,0.998287751,0.998584626,-0.00029687499999997424
c,-0.8,4.55463591,0.998666139,1.00279256,-0.004126421000000047
c,-0.8,4.57547609,1.00113547,1.00185048,-0.0007150100000001824
c,-0.8,4.59643311,0.997622691,1.00268541,-0.005062718999999993
c,-0.8,4.61732903,0.99822448,1.00179918,-0.0035746999999999307
c,-0.8,4.63833098,1.00076231,1.00175868,-0.0009963699999999687
c,-0.8,4.65949324,0.999697336,1.00100486,-0.0013075240000001154
c,-0.8,4.68039693,1.00208591,1.00112011,0.0009657999999999056
c,-0.8,4.70136745,1.00052039,1.00483472,-0.004314330000000144
c,-0.8,4.72221533,1.00282463,1.00438094,-0.0015563100000000052
c,-0.8,4.74309374,1.00104185,1.00229171,-0.001249859999999936
c,-0.8,4.76390784,1.00099462,1.00599851,-0.005003890000000011
c,-0.8,4.78491795,1.00245784,1.00247423,-1.639000000008828e-05
c,-0.8,4.80636204,1.00271559,1.00176865,0.0009469399999999517
c,-0.8,4.82728449,1.00525645,1.00225034,0.003006110000000062
c,-0.8,4.84785524,1.00321732,1.00694195,-0.0037246300000000065
c,-0.8,4.86859731,1.00067159,1.00493597,-0.0042643799999999565
c,-0.8,4.88954319,1.00577865,1.00694086,-0.0011622099999999413
c,-0.8,4.91078695,1.0001611,1.00250474,-0.002343640000000091
c,-0.8,4.93172016,1.00631137,1.00147242,0.0048389499999998975
c,-0.8,4.95244063,1.00756785,1.00497183,0.002596020000000143
c,-0.8,4.97348932,1.00424109,1.0020091,0.0022319900000000725
c,-0.8,4.994309,1.00794391,1.0042649,0.003679010000000149
c,-0.8,5.01515697,1.0044664,1.0055846,-0.001118199999999847
c,-0.8,5.03598003,1.00251929,1.00881867,-0.0062993799999999656
c,-0.8,5.05703237,1.00913862,1.00687978,0.002258840000000095
c,-0.8,5.07840332,1.00679953,1.00742387,-0.00062433999999989
c,-0.8,5.09943841,1.0073633,1.00340316,0.003960140000000001
c,-0.8,5.12032938,1.00601781,1.00404976,0.001968049999999888
c,-0.8,5.14107614,1.00674157,1.00668951,5.206000000002042e-05
c,-0.8,5.16214077,1.00870873,1.00389702,0.004811710000000025
c,-0.8,5.18341099,1.00790163,1.00686111,0.0010405200000001003
c,-0.8,5.2041075,1.00786236,1.00580202,0.002060340000000105
c,-0.8,5.22477891,1.00798731,1.00457447,0.0034128399999999726
c,-0.8,5.24557967,1.0059108,1.00577657,0.00013423000000001295
c,-0.8,5.26649236,1.00852138,1.00411653,0.004404850000000016
c,-0.8,5.28753131,1.00775664,1.00429991,0.003456729999999908
c,-0.8,5.30847064,1.00655686,1.00777009,-0.001213229999999843
c,-0.8,5.32946745,1.01005681,1.0098794,0.00017741000000004448
c,-0.8,5.3506922,1.00866396,1.00456997,0.004093990000000103
c,-0.8,5.37158853,1.00703233,1.00590341,0.0011289199999999777
c,-0.8,5.39231925,1.00607459,1.00874519,-0.0026705999999998564
c,-0.8,5.41333352,1.00876735,1.00658847,0.002178879999999994
c,-0.8,5.43434316,1.00764126,1.00841883,-0.0007775700000001162
c,-0.8,5.45530659,1.00716371,1.00697459,0.00018911999999993157
c,-0.8,5.47618498,1.00908867,1.00945279,-0.00036412000000018985
c,-0.8,5.49715755,1.00738541,1.0080608,-0.0006753900000000534
c,-0.8,5.51801586,1.0067201,1.00761053,-0.0008904300000001086
c,-0.8,5.53881995,1.00797215,1.00743403,0.0005381200000000863
c,-0.8,5.55992514,1.00663352,1.00833935,-0.0017058299999999083
c,-0.8,5.58098545,1.00709639,1.00872637,-0.0016299799999999198
c,-0.8,5.60183772,1.00682273,1.00899011,-0.002167379999999941
c,-0.8,5.62277584,1.00561785,1.00781495,-0.002197100000000063
c,-0.8,5.64379172,1.01011984,1.00964313,0.0004767100000000468
c,-0.8,5.66460817,1.00596533,1.00685525,-0.0008899200000000995
c,-0.8,5.68556022,1.00744256,1.0106063,-0.0031637399999999705
c,-0.8,5.7067909,1.01025672,1.00624862,0.00400810000000007
c,-0.8,5.72769317,1.00900242,1.00629517,0.00270725000000005
c,-0.8,5.74840017,1.0096976,1.0101575,-0.0004599000000000686
c,-0.8,5.76938192,1.00924939,1.0073392,0.0019101899999998118
c,-0.8,5.79039764,1.00649785,1.0050393,0.0014585499999999474
c,-0.8,5.81144039,1.00803613,1.00825671,-0.00022057999999991473
c,-0.8,5.83232115,1.00842811,1.01007974,-0.001651629999999793
c,-0.8,5.85320209,1.00709742,1.0092275,-0.002130079999999923
c,-0.8,5.87418919,1.00976099,1.00673982,0.0030211700000000175
c,-0.8,5.89509625,1.00600406,1.00727291,-0.001268849999999988
c,-0.8,5.9159726,1.00667785,1.00938935,-0.002711499999999978
c,-0.8,5.93682663,1.00764218,1.00840881,-0.0007666299999999904
c,-0.8,5.95791772,1.01070465,1.00903986,0.0016647900000001936
c,-0.8,5.97900675,1.00873763,1.00720054,0.0015370900000000187
c,-0.8,5.99978945,1.00680178,1.00805013,-0.0012483500000000092
c,-0.8,6.02063577,1.00724834,1.00657723,0.0006711100000000858
c,-0.8,6.04156421,1.00581758,1.00737624,-0.001558659999999934
c,-0.8,6.06259364,1.00851277,1.00870808,-0.00019530999999983756
c,-0.8,6.08377541,1.0085693,1.00738433,0.001184969999999952
c,-0.8,6.10447051,1.00756807,1.01148122,-0.003913150000000032
c,-0.8,6.12538157,1.0052518,1.00594302,-0.0006912199999999924
c,-0.8,6.14660689,1.00686132,1.0051589,0.0017024199999999823
c,-0.8,6.16752321,1.00699919,1.00653712,0.0004620699999999811
c,-0.8,6.18833806,1.00621691,1.00743842,-0.0012215099999999257
c,-0.8,6.20938667,1.0070903,1.00840858,-0.001318280000000005
c,-0.8,6.23052184,1.00421074,1.00481904,-0.0006083000000001171
c,-0.8,6.25137137,1.00751699,1.00492819,0.0025888000000000577
c,-0.8,6.27204484,1.00466473,1.00726062,-0.002595890000000045
c,-0.8,6.29290789,1.00695634,1.00785308,-0.0008967400000001735
c,-0.8,6.31382104,1.00670344,1.00591811,0.0007853299999998065
c,-0.8,6.33495691,1.00591954,1.004945,0.0009745400000000792
c,-0.8,6.35600914,1.00751385,1.00729128,0.00022257000000003302
c,-0.8,6.37663869,1.00555536,1.00344341,0.0021119499999999736
c,-0.8,6.39770954,1.00648443,1.00496864,0.0015157900000000168
c,-0.8,6.41872759,1.0051358,1.00307757,0.0020582299999998277
c,-0.8,6.43951457,1.00561179,1.00628355,-0.0006717600000001323
c,-0.8,6.46033562,1.00619364,1.00383343,0.0023602099999999737
c,-0.8,6.4814564,1.00683569,1.00318189,0.0036537999999999293
c,-0.8,6.50265681,1.00487091,1.00579955,-0.0009286400000001471
c,-0.8,6.52350383,1.00500316,1.00645685,-0.001453689999999952
c,-0.8,6.54427866,1.00455661,1.00422569,0.00033092000000012334
c,-0.8,6.56515568,1.00398285,1.00321837,0.0007644800000001784
c,-0.8,6.58628576,1.00368299,1.00481037,-0.0011273800000000112
c,-0.8,6.60749316,1.00254257,1.00573873,-0.0031961600000001145
c,-0.8,6.62830625,1.00448193,1.00417653,0.0003054000000000112
c,-0.8,6.64913567,1.00439664,1.00257044,0.0018262
c,-0.8,6.67020149,1.00133104,1.00395152,-0.002620480000000036
c,-0.8,6.69106898,1.00355773,1.00578492,-0.0022271899999999345
c,-0.8,6.71185955,1.00277772,1.00376849,-0.0009907699999998076
c,-0.8,6.73264651,1.00007283,1.00196274,-0.0018899100000000502
c,-0.8,6.7537045,1.00466198,1.00223926,0.0024227199999999893
c,-0.8,6.77487174,1.00631446,1.00053722,0.005777240000000017
c,-0.8,6.79557562,1.00052219,1.0030374,-0.002515209999999879
c,-0.8,6.81648781,1.00007714,1.00206424,-0.0019871000000000194
c,-0.8,6.83753747,1.00083627,1.00408472,-0.0032484500000000693
c,-0.8,6.85867557,1.00294774,1.00329315,-0.00034540999999999045
c,-0.8,6.87985316,1.0012555,1.00238637,-0.001130869999999895
c,-0.8,6.90065786,1.00394224,1.00232594,0.001616300000000015
c,-0.8,6.92153112,1.00252211,1.00245732,6.478999999992574e-05
c,-0.8,6.94229803,1.0017797,1.00362683,-0.0018471300000000301
c,-0.8,6.9630016,1.00115156,1.00188103,-0.0007294700000000098
c,-0.8,6.98416877,1.00085725,1.00325069,-0.00239344000000008
c,-0.8,7.0052781,1.00354022,1.00187673,0.0016634900000001007
c,-0.8,7.02617612,1.00208595,1.00184513,0.00024081999999991943
c,-0.8,7.04699526,1.00133628,1.00317414,-0.001837859999999969
c,-0.8,7.06761685,1.00251077,1.00162018,0.0008905900000000244
c,-0.8,7.08873369,0.999884172,1.00134215,-0.0014579779999999154
c,-0.8,7.10994937,1.00367881,1.00152814,0.002150670000000021
c,-0.8,7.13102893,1.00248977,1.00144188,0.0010478899999999403
c,-0.8,7.15201412,1.00114913,1.00161297,-0.00046384000000010417
c,-0.8,7.17271336,1.00048147,1.00021814,0.00026332999999989504
c,-0.8,7.19374266,1.00167154,0.999560918,0.0021106220000000064
c,-0.8,7.21473042,0.998270081,0.999991832,-0.001721750999999938
c,-0.8,7.23564263,1.00126132,1.00065703,0.0006042900000000628
c,-0.8,7.25666289,0.998732837,1.00022936,-0.0014965230000000274
c,-0.8,7.27757645,1.00030626,1.00001347,0.0002927899999998207
c,-0.8,7.2984411,1.00078312,1.00245246,-0.0016693400000000747
c,-0.8,7.31917384,1.00051853,0.999171605,0.0013469249999998878
c,-0.8,7.34001688,0.999888726,0.997373934,0.0025147920000000434
c,-0.8,7.3611683,0.999322328,0.997818199,0.0015041289999999652
c,-0.8,7.38224284,1.00022961,0.997213692,0.0030159180000001173
c,-0.8,7.40324015,0.999773286,0.998285721,0.001487565000000024
c,-0.8,7.42408854,0.998727841,0.999814668,-0.001086826999999957
c,-0.8,7.44500634,0.999670126,0.999783462,-0.00011333599999996391
c,-0.8,7.46595959,0.998713054,0.99688209,0.001830963999999935
c,-0.8,7.48696308,1.00179477,0.999771663,0.0020231070000000795
c,-0.8,7.5079936,0.999235351,0.997848669,0.001386682000000028
c,-0.8,7.52871967,0.999590285,0.997060032,0.0025302529999999823
c,-0.8,7.54966921,0.997520982,0.999490257,-0.0019692750000001036
c,-0.8,7.57064902,1.00059168,0.998865509,0.001726171000000054
c,-0.8,7.59151428,0.999835416,0.99803471,0.0018007060000000408
c,-0.8,7.6123809,1.00009616,0.999077909,0.00101825099999997
c,-0.8,7.63338324,0.995588226,0.997877673,-0.002289447
c,-0.8,7.65450532,0.998384818,0.999780122,-0.0013953039999999861
c,-0.8,7.67556944,0.997862817,0.99965017,-0.0017873529999999915
c,-0.8,7.69637751,0.999770193,0.994342689,0.005427504000000027
c,-0.8,7.71727216,0.997402113,0.997874938,-0.00047282500000001004
c,-0.8,7.73835725,1.00041852,0.99965435,0.0007641699999999529
c,-0.8,7.75934923,0.997146064,0.997446085,-0.00030002099999992815
c,-0.8,7.78023116,0.996625568,0.995207784,0.001417784000000033
c,-0.8,7.80098697,0.996091919,0.996058805,3.3114000000056265e-05
c,-0.8,7.82190677,0.996531547,0.997399668,-0.0008681209999999995
c,-0.8,7.84304931,0.996965484,0.996282296,0.0006831880000000012
c,-0.8,7.86405132,0.998507866,0.999287149,-0.000779283000000075
c,-0.8,7.88484553,0.998587959,1.00052902,-0.0019410610000001327
c,-0.8,7.90574885,0.993863335,0.998711926,-0.004848591000000013
c,-0.8,7.9267531,0.998447387,0.996226164,0.00222122300000005
c,-0.8,7.94765228,0.996937256,0.998615594,-0.001678337999999946
c,-0.8,7.96842304,0.996919638,0.997651405,-0.0007317669999999943
c,-0.8,7.98938616,0.996887879,0.998033156,-0.001145277
c,-0.8,8.01050815,0.997557943,0.997298625,0.0002593180000000084
c,-0.8,8.03153334,0.997520962,0.997912855,-0.00039189300000008753
c,-0.8,8.05240251,0.996580594,0.994739839,0.0018407550000000272
c,-0.8,8.07332696,0.99888349,0.997432447,0.0014510429999999852
c,-0.8,8.09438514,0.995050948,0.996426222,-0.0013752739999999264
c,-0.8,8.11529588,0.993989763,0.99711483,-0.003125067000000037
c,-0.8,8.13618411,0.997724469,0.997160922,0.0005635470000000531
c,-0.8,8.15717855,0.997612621,0.998281022,-0.0006684009999999851
c,-0.8,8.17807847,0.997756374,0.995078551,0.002677822999999968
c,-0.8,8.19905269,0.9948084,0.995814734,-0.001006333999999942
c,-0.8,8.21991085,0.999462244,1.00014775,-0.0006855059999999469
c,-0.8,8.24078529,0.99827664,0.998453197,-0.0001765569999999661
c,-0.8,8.26195652,0.997216413,0.995683946,0.0015324669999999818
c,-0.8,8.28293039,0.995626535,0.996130727,-0.0005041920000000699
c,-0.8,8.30373423,0.994850852,0.997087905,-0.002237052999999989
c,-0.8,8.32452583,0.996827017,0.99681761,9.406999999961307e-06
c,-0.8,8.34556221,0.994299171,0.995704705,-0.001405533999999986
c,-0.8,8.36671927,0.997191645,0.997624389,-0.0004327439999999294
c,-0.8,8.38757523,0.997839591,0.996361873,0.0014777179999999612
c,-0.8,8.40855808,0.996105758,0.997826723,-0.0017209649999999632
c,-0.8,8.42953585,0.999919492,0.994216836,0.005702655999999973
c,-0.8,8.45042977,0.996147009,0.994880921,0.001266087999999943
c,-0.8,8.47138662,0.995156953,0.997933509,-0.002776556000000041
c,-0.8,8.49217243,0.994607212,0.995870219,-0.0012630069999999272
c,-0.8,8.51321806,0.997621309,0.9949016,0.002719708999999959
c,-0.8,8.53421183,0.992553852,0.997516649,-0.004962797000000019
c,-0.8,8.55508292,0.996725141,0.995580394,0.0011447470000000015
c,-0.8,8.57598662,0.995164351,0.997001245,-0.0018368939999999778
c,-0.8,8.59679232,0.997345627,0.99616542,0.0011802069999999887
c,-0.8,8.61783107,0.995023725,0.997894816,-0.0028710909999999368
c,-0.8,8.63891768,0.995900119,0.995847857,5.226199999996961e-05
c,-0.8,8.65972861,0.995589698,0.996591262,-0.0010015640000000658
c,-0.8,8.68059853,0.994957632,0.996530561,-0.0015729290000000562
c,-0.8,8.70174168,0.994897732,0.996188244,-0.001290511999999966
c,-0.8,8.72279566,0.994796166,0.994553502,0.00024266399999994803
c,-0.8,8.74359241,0.995678939,0.996601709,-0.0009227699999999617
c,-0.8,8.76424415,0.997620582,0.996056359,0.0015642230000000312
c,-0.8,8.78526729,0.996065028,0.994104364,0.0019606639999999453
c,-0.8,8.80637189,0.99619934,0.995409257,0.0007900829999999415
c,-0.8,8.82736896,0.994123765,0.993240883,0.0008828819999999737
c,-0.8,8.84843212,0.996412106,0.998589328,-0.002177222000000034
c,-0.8,8.86933197,0.997143909,0.995564845,0.0015790640000000744
c,-0.8,8.89026857,0.995793685,0.995198775,0.000594910000000004
c,-0.8,8.91123702,0.997306491,0.995589575,0.0017169160000000128
c,-0.8,8.93214776,0.997315672,0.996342113,0.0009735590000000682
c,-0.8,8.95312097,0.995010412,0.995909455,-0.0008990430000000993
c,-0.8,8.9741304,0.995149882,0.996070972,-0.0009210900000000688
c,-0.8,8.99505705,0.995904684,0.997233603,-0.001328918999999984
c,-0.8,9.01571368,0.996349313,0.994149719,0.002199593999999916
c,-0.8,9.03640927,0.996376274,0.996879621,-0.0005033470000000984
c,-0.8,9.05755121,0.996458846,0.993899831,0.002559014999999998
c,-0.8,9.07868023,0.997393113,0.99611431,0.0012788030000000505
c,-0.8,9.09969513,0.996122215,0.996238948,-0.0001167330000000355
c,-0.8,9.1205658,0.997059463,0.998046293,-0.000986829999999994
c,-0.8,9.14137844,0.99734567,0.995791305,0.0015543649999999465
c,-0.8,9.16237082,0.996611629,0.997835973,-0.0012243440000000438
c,-0.8,9.18339441,0.997981681,0.996097097,0.0018845839999999114
c,-0.8,9.20447395,0.996365206,0.995706918,0.0006582880000000069
c,-0.8,9.22549281,0.995188366,0.99629608,-0.0011077139999999819
c,-0.8,9.2463962,0.993650413,0.997307852,-0.00365743900000004
c,-0.8,9.26722673,0.995494146,0.997977074,-0.002482928000000051
c,-0.8,9.28791689,0.996235291,0.995803749,0.00043154199999995146
c,-0.8,9.30892724,0.996503682,0.994899772,0.0016039099999999307
c,-0.8,9.33003065,0.995007121,0.997181385,-0.0021742639999999813
c,-0.8,9.35102864,0.996504996,0.997096653,-0.0005916570000000787
c,-0.8,9.37196601,0.998233209,0.995818772,0.0024144369999999915
c,-0.8,9.39258783,0.994509613,0.994640338,-0.0001307249999999982
c,-0.8,9.41349621,0.994217811,0.996801044,-0.0025832330000000736
c,-0.8,9.4347927,0.997903266,0.99588529,0.002017975999999977
c,-0.8,9.45587737,0.997586192,0.998045334,-0.00045914199999996796
c,-0.8,9.47676866,0.999225453,0.996800742,0.0024247109999999683
c,-0.8,9.49762777,0.997221924,0.996032142,0.0011897819999999726
c,-0.8,9.51852362,0.996588009,0.996131693,0.00045631599999995665
c,-0.8,9.53939795,0.996713483,0.996500515,0.00021296799999992455
c,-0.8,9.56035551,0.996773017,0.996795254,-2.2237000000036033e-05
c,-0.8,9.58149741,0.99812913,0.996429002,0.0017001280000000785
c,-0.8,9.60249587,0.999820616,0.997707856,0.002112760000000047
c,-0.8,9.62336478,0.997056091,1.00028331,-0.0032272189999998924
c,-0.8,9.64415055,0.996766986,0.997449113,-0.0006821270000000323
c,-0.8,9.66502224,0.997058436,0.99886941,-0.0018109739999999652
c,-0.8,9.68597433,0.998909675,0.998413911,0.0004957640000000652
c,-0.8,9.7069728,0.997719279,0.997268962,0.0004503169999999779
c,-0.8,9.72797765,0.998413601,0.995935531,0.002478069999999999
c,-0.8,9.74896401,0.996717917,0.998924981,-0.0022070640000000363
c,-0.8,9.76996217,0.997973088,0.998221171,-0.00024808300000001005
c,-0.8,9.79085678,0.998432262,0.996480388,0.0019518739999999646
c,-0.8,9.81166698,0.996626731,0.996603586,2.314500000000219e-05
c,-0.8,9.83262494,0.997375444,0.995293148,0.0020822959999999835
c,-0.8,9.85372265,0.999097073,0.997444455,0.001652617999999939
c,-0.8,9.87472665,0.998825851,0.998890421,-6.457000000004154e-05
c,-0.8,9.89559934,1.00069318,0.997789006,0.0029041740000000926
c,-0.8,9.91635289,0.998942105,0.995702549,0.0032395560000000323
c,-0.8,9.93737645,0.997307168,0.998295278,-0.0009881099999999865
c,-0.8,9.95856995,0.997293745,0.997538434,-0.00024468899999996463
c,-0.8,9.97940815,0.996952299,0.998489018,-0.0015367189999999642
c,-0.8,10.000082,0.999233687,0.996974605,0.0022590820000000233
c,-0.6,0.0252815853,0.00255140963,0.0005296485,0.00202176113
c,-0.6,0.0486976344,0.00419169551,0.00202846552,0.0021632299900000004
c,-0.6,0.0692644017,0.00626665293,0.00402958427,0.00223706866
c,-0.6,0.08877835,0.00876943307,0.0065389667,0.0022304663700000006
c,-0.6,0.111604297,0.0125044521,0.0103843786,0.0021200735
c,-0.6,0.132731806,0.0169755378,0.014921314,0.0020542237999999994
c,-0.6,0.153672181,0.0217780371,0.0194036234,0.0023744137000000012
c,-0.6,0.175641863,0.0282131245,0.0254828463,0.0027302781999999984
c,-0.6,0.196615509,0.0339419888,0.0314882479,0.002453740900000001
c,-0.6,0.217326708,0.0418601284,0.0383529598,0.003507168599999999
c,-0.6,0.237538457,0.0483929454,0.0459423072,0.0024506382000000007
c,-0.6,0.258148683,0.0572708904,0.0544368764,0.0028340140000000028
c,-0.6,0.28040349,0.0675843975,0.0635472762,0.004037121300000002
c,-0.6,0.301929084,0.0765544421,0.0723367336,0.0042177085
c,-0.6,0.322287413,0.0860763906,0.0829809724,0.0030954181999999913
c,-0.6,0.342663331,0.0979534903,0.0941899695,0.003763520800000003
c,-0.6,0.363641289,0.108480819,0.106021932,0.002458887000000007
c,-0.6,0.385602948,0.12153931,0.117278241,0.004261068999999992
c,-0.6,0.406737165,0.135284905,0.131483427,0.003801477999999997
c,-0.6,0.427001871,0.145726253,0.142672773,0.0030534799999999973
c,-0.6,0.448754416,0.161962801,0.158300225,0.0036625760000000007
c,-0.6,0.469601745,0.175631176,0.172040278,0.003590898000000009
c,-0.6,0.489805379,0.190427685,0.187419918,0.0030077670000000223
c,-0.6,0.510302494,0.20608161,0.2006271,0.005454509999999996
c,-0.6,0.53178319,0.221356862,0.216457362,0.004899500000000001
c,-0.6,0.553922362,0.241025836,0.232047709,0.008978127000000002
c,-0.6,0.574670041,0.25665033,0.251210747,0.00543958299999997
c,-0.6,0.594645701,0.27370496,0.265355673,0.008349286999999983
c,-0.6,0.615540037,0.291019747,0.284801103,0.006218643999999995
c,-0.6,0.636554081,0.308772263,0.302452871,0.006319391999999979
c,-0.6,0.658102417,0.324601372,0.320108264,0.004493108000000023
c,-0.6,0.679189641,0.345124593,0.338444245,0.006680348000000003
c,-0.6,0.700054044,0.363050882,0.359353412,0.003697470000000036
c,-0.6,0.721329826,0.382953921,0.380455977,0.002497943999999974
c,-0.6,0.742033923,0.400697361,0.399618511,0.0010788499999999646
c,-0.6,0.762614581,0.423573139,0.419798901,0.0037742379999999853
c,-0.6,0.783270495,0.441656956,0.437610291,0.004046665000000005
c,-0.6,0.804783918,0.462175386,0.459703853,0.0024715330000000257
c,-0.6,0.826095906,0.484221862,0.482354341,0.0018675209999999831
c,-0.6,0.846303977,0.501180759,0.499617637,0.0015631220000000279
c,-0.6,0.867174819,0.523022069,0.518490406,0.004531663000000075
c,-0.6,0.888413258,0.542354588,0.541022903,0.0013316850000000269
c,-0.6,0.909910564,0.562987827,0.561491592,0.001496235000000068
c,-0.6,0.931134698,0.587029552,0.586218541,0.0008110109999999171
c,-0.6,0.951563161,0.604428868,0.606590782,-0.002161914000000098
c,-0.6,0.972160451,0.626180027,0.625735422,0.0004446049999999868
c,-0.6,0.993008165,0.648170994,0.644892025,0.0032789690000000205
c,-0.6,1.0140906,0.673496501,0.66615613,0.007340371000000068
c,-0.6,1.03500338,0.686674889,0.689241667,-0.0025667780000000473
c,-0.6,1.05657413,0.709477788,0.706704115,0.0027736730000000875
c,-0.6,1.07789814,0.722950503,0.721436711,0.0015137920000000138
c,-0.6,1.09835045,0.744510021,0.745261491,-0.0007514700000000873
c,-0.6,1.11903902,0.760063313,0.761872003,-0.0018086900000000572
c,-0.6,1.1396405,0.779471397,0.776979785,0.002491612000000032
c,-0.6,1.16109193,0.790330806,0.795685854,-0.005355047999999973
c,-0.6,1.18227503,0.809747906,0.817980839,-0.008232932999999942
c,-0.6,1.2030555,0.828569243,0.828407308,0.00016193500000005745
c,-0.6,1.22375183,0.844180464,0.840832659,0.0033478049999999815
c,-0.6,1.24453484,0.859665402,0.859099252,0.000566149999999932
c,-0.6,1.26570671,0.869680622,0.8748603,-0.005179678000000076
c,-0.6,1.28693994,0.885004307,0.884730141,0.0002741659999999646
c,-0.6,1.30807124,0.894645475,0.89685115,-0.002205675000000018
c,-0.6,1.32889646,0.909158413,0.909901331,-0.0007429180000000368
c,-0.6,1.34945121,0.923390306,0.923210617,0.0001796890000000939
c,-0.6,1.37055188,0.930678904,0.930227713,0.00045119100000001744
c,-0.6,1.39148285,0.93891294,0.941607373,-0.0026944329999999406
c,-0.6,1.41220445,0.951877665,0.951544008,0.0003336569999999872
c,-0.6,1.43352474,0.957467885,0.954327185,0.0031406999999999963
c,-0.6,1.45454751,0.966511175,0.966984155,-0.00047298000000006724
c,-0.6,1.47511055,0.975446258,0.972907667,0.002538590999999979
c,-0.6,1.49566583,0.979020362,0.97622174,0.0027986220000000284
c,-0.6,1.51690776,0.985658644,0.983974829,0.001683815000000033
c,-0.6,1.53826425,0.995206385,0.990194725,0.005011659999999973
c,-0.6,1.55931449,0.992410034,0.997875182,-0.005465147999999975
c,-0.6,1.58012172,0.995566245,1.00158286,-0.0060166150000000584
c,-0.6,1.60114355,0.995185654,1.00354156,-0.008355905999999913
c,-0.6,1.62229155,1.00184839,1.0082549,-0.006406510000000143
c,-0.6,1.64295947,1.00989068,1.00741853,0.0024721500000000063
c,-0.6,1.66366432,1.01063072,1.00988325,0.0007474700000000833
c,-0.6,1.68478217,1.0095309,1.01781041,-0.008279510000000156
c,-0.6,1.7057485,1.01171857,1.01736677,-0.005648199999999992
c,-0.6,1.72683745,1.01679379,1.01450635,0.0022874399999999184
c,-0.6,1.74765849,1.00897793,1.01112157,-0.0021436400000001132
c,-0.6,1.76847487,1.0139466,1.0120598,0.0018867999999998553
c,-0.6,1.78961871,1.01210999,1.01283158,-0.0007215900000001607
c,-0.6,1.81086098,1.01840619,1.0172675,0.0011386900000001088
c,-0.6,1.83179094,1.01451451,1.0123527,0.0021618099999998197
c,-0.6,1.8521746,1.01402719,1.01516945,-0.0011422599999999505
c,-0.6,1.8733654,1.01296003,1.01225587,0.0007041599999999537
c,-0.6,1.89455538,1.01396923,1.01210881,0.0018604200000000848
c,-0.6,1.91534795,1.01402144,1.01369789,0.0003235500000000613
c,-0.6,1.93623233,1.01277158,1.0119532,0.0008183799999998964
c,-0.6,1.9571481,1.01342312,1.00762544,0.005797679999999916
c,-0.6,1.97825109,1.00881195,1.01233899,-0.003527040000000037
c,-0.6,1.99905898,1.00540005,1.00281053,0.002589519999999901
c,-0.6,2.01966715,1.00666819,1.00696446,-0.0002962699999999874
c,-0.6,2.04082415,1.0061362,1.00355987,0.0025763300000001266
c,-0.6,2.06193171,1.00535953,0.999204527,0.006155003000000048
c,-0.6,2.08296048,1.00391173,1.01010017,-0.006188440000000073
c,-0.6,2.10383017,0.995599316,1.00418909,-0.008589773999999939
c,-0.6,2.12494312,1.00075662,0.999086668,0.0016699519999999746
c,-0.6,2.14618475,0.999385043,0.997712769,0.001672273999999918
c,-0.6,2.16679298,0.994792854,0.999287038,-0.004494184000000012
c,-0.6,2.18753482,0.996450248,0.99255284,0.0038974080000000466
c,-0.6,2.20847027,0.991730032,0.990290145,0.001439886999999973
c,-0.6,2.22955181,0.994436807,0.994186994,0.00024981300000004314
c,-0.6,2.25078374,0.992616217,0.988688488,0.003927729000000046
c,-0.6,2.27150159,0.990472666,0.984578647,0.005894018999999973
c,-0.6,2.29205574,0.988889743,0.992312843,-0.0034231000000000122
c,-0.6,2.31294326,0.988132771,0.986307548,0.001825222999999987
c,-0.6,2.3340363,0.986048495,0.984737173,0.0013113220000000592
c,-0.6,2.35514399,0.985201436,0.98549115,-0.0002897139999999965
c,-0.6,2.37607726,0.984342952,0.98388193,0.0004610219999999776
c,-0.6,2.39730341,0.980555064,0.981951299,-0.001396234999999968
c,-0.6,2.41857203,0.981857006,0.980072364,0.0017846420000000585
c,-0.6,2.43911056,0.984376378,0.980716891,0.0036594869999999613
c,-0.6,2.45988005,0.982576829,0.978054412,0.004522417000000001
c,-0.6,2.48094151,0.981492609,0.975787519,0.005705089999999968
c,-0.6,2.50196601,0.980686435,0.981231664,-0.0005452289999999804
c,-0.6,2.52300496,0.977405616,0.977045322,0.00036029399999992773
c,-0.6,2.54340089,0.974944911,0.974418753,0.0005261579999999988
c,-0.6,2.56415297,0.977043226,0.978225986,-0.0011827599999999494
c,-0.6,2.58575836,0.978287591,0.97906207,-0.0007744790000000501
c,-0.6,2.60684428,0.976411717,0.973779784,0.002631932999999975
c,-0.6,2.62775949,0.977683935,0.974294365,0.003389569999999953
c,-0.6,2.64834355,0.97627234,0.974269699,0.002002640999999916
c,-0.6,2.66912062,0.97325071,0.973114658,0.00013605199999999762
c,-0.6,2.69039946,0.974498549,0.975168139,-0.0006695899999999977
c,-0.6,2.71121518,0.971376991,0.974263123,-0.0028861319999999857
c,-0.6,2.7321837,0.972304057,0.974638599,-0.0023345420000000505
c,-0.6,2.75306239,0.969753035,0.973366732,-0.003613697000000027
c,-0.6,2.77427049,0.977248874,0.97356983,0.0036790440000000757
c,-0.6,2.79557932,0.972713301,0.973013195,-0.00029989400000007826
c,-0.6,2.8160646,0.973716189,0.974862805,-0.0011466159999999892
c,-0.6,2.83689478,0.972800371,0.970465342,0.002335029000000044
c,-0.6,2.85801727,0.97361057,0.97286051,0.0007500599999999968
c,-0.6,2.87906973,0.973245264,0.973862768,-0.0006175040000000465
c,-0.6,2.89996898,0.975714333,0.973316101,0.002398232
c,-0.6,2.92062944,0.972907249,0.973790865,-0.000883615999999976
c,-0.6,2.941605,0.976465186,0.972257478,0.004207708000000032
c,-0.6,2.96267076,0.978195767,0.976709301,0.0014864660000000196
c,-0.6,2.98347442,0.976246982,0.971666117,0.0045808649999999895
c,-0.6,3.00437656,0.973799426,0.976838406,-0.0030389800000000244
c,-0.6,3.02542142,0.978234769,0.980632482,-0.0023977130000000235
c,-0.6,3.04658726,0.974120718,0.975972465,-0.0018517470000000147
c,-0.6,3.06768101,0.973080666,0.975785718,-0.002705052000000041
c,-0.6,3.088328,0.977583248,0.97562529,0.001957957999999982
c,-0.6,3.10931167,0.974365117,0.97554743,-0.001182313000000046
c,-0.6,3.1305457,0.974403253,0.97900272,-0.004599467000000024
c,-0.6,3.15150209,0.97728612,0.978290042,-0.0010039219999999904
c,-0.6,3.17219014,0.977387634,0.978166102,-0.0007784680000000321
c,-0.6,3.19299024,0.977667507,0.979415708,-0.0017482009999999493
c,-0.6,3.21390436,0.982976321,0.977596205,0.00538011599999999
c,-0.6,3.23506564,0.979544946,0.978654448,0.0008904979999999618
c,-0.6,3.25605387,0.97871455,0.978287445,0.0004271049999999832
c,-0.6,3.27685776,0.983331716,0.976392962,0.006938753999999991
c,-0.6,3.29794723,0.976931706,0.98185299,-0.004921284000000026
c,-0.6,3.31884778,0.978324194,0.978651673,-0.0003274789999999639
c,-0.6,3.33944269,0.978794773,0.98050694,-0.0017121670000000977
c,-0.6,3.36030612,0.978997578,0.97964902,-0.0006514420000000021
c,-0.6,3.38171654,0.982954491,0.980131185,0.0028233060000000254
c,-0.6,3.40297495,0.980559176,0.981433113,-0.0008739370000000468
c,-0.6,3.42370792,0.978013961,0.979865578,-0.0018516169999999166
c,-0.6,3.44440875,0.983290526,0.976000852,0.007289674000000024
c,-0.6,3.465315,0.979573503,0.981816204,-0.0022427010000000136
c,-0.6,3.4865867,0.981729341,0.980701098,0.0010282429999999287
c,-0.6,3.50751221,0.984461978,0.984408661,5.331699999999717e-05
c,-0.6,3.52796741,0.98071736,0.982189045,-0.0014716850000000559
c,-0.6,3.5488788,0.985455558,0.983871436,0.00158412199999991
c,-0.6,3.57014151,0.978709874,0.982896261,-0.004186387000000069
c,-0.6,3.59120365,0.985267255,0.984404506,0.0008627490000000515
c,-0.6,3.61190928,0.985999427,0.982701561,0.003297866000000038
c,-0.6,3.63300558,0.986058299,0.979662423,0.0063958760000000225
c,-0.6,3.6541422,0.98157151,0.98420169,-0.0026301800000000375
c,-0.6,3.67500902,0.979085892,0.983999728,-0.00491383600000006
c,-0.6,3.69581564,0.984999156,0.983055248,0.0019439079999999942
c,-0.6,3.71644729,0.985290665,0.986061425,-0.0007707600000000925
c,-0.6,3.73749774,0.982867199,0.982354511,0.0005126879999999279
c,-0.6,3.75868086,0.986368155,0.988007503,-0.001639347999999985
c,-0.6,3.77950549,0.984006473,0.986491237,-0.0024847639999999727
c,-0.6,3.80027286,0.984481413,0.984707574,-0.000226160999999947
c,-0.6,3.82143123,0.985224116,0.986972295,-0.0017481790000000164
c,-0.6,3.84280481,0.985656763,0.985156322,0.0005004410000000181
c,-0.6,3.86349282,0.985727927,0.989789888,-0.004061961000000003
c,-0.6,3.88417456,0.988722531,0.984303618,0.004418912999999969
c,-0.6,3.90535419,0.988953418,0.989633013,-0.0006795949999999218
c,-0.6,3.9264697,0.990550169,0.986500967,0.0040492020000000295
c,-0.6,3.94738681,0.989832942,0.988613957,0.0012189850000000613
c,-0.6,3.96810309,0.988546494,0.993137875,-0.0045913809999998945
c,-0.6,3.98888694,0.989147583,0.991632156,-0.0024845729999999344
c,-0.6,4.00993371,0.991205532,0.991165241,4.029099999991459e-05
c,-0.6,4.03080983,0.988284594,0.987269313,0.0010152810000000345
c,-0.6,4.05178039,0.990115427,0.992605215,-0.002489787999999993
c,-0.6,4.07276799,0.98981021,0.990794626,-0.000984415999999988
c,-0.6,4.09368684,0.987088187,0.990791888,-0.003703700999999948
c,-0.6,4.11485609,0.992044594,0.995609413,-0.0035648190000000524
c,-0.6,4.13583188,0.991573829,0.991740813,-0.00016698400000003666
c,-0.6,4.15670688,0.994041974,0.993034938,0.0010070360000000722
c,-0.6,4.17758774,0.995201804,0.994693743,0.0005080610000000041
c,-0.6,4.19867141,0.993911429,0.992343274,0.00156815499999996
c,-0.6,4.21961517,0.991991971,0.991063237,0.0009287340000000421
c,-0.6,4.24013393,0.996296317,0.993326137,0.0029701799999999334
c,-0.6,4.26119077,0.994695325,0.995257134,-0.0005618090000000242
c,-0.6,4.28239268,0.995028934,0.992661184,0.002367750000000002
c,-0.6,4.30342826,0.993315872,0.997416699,-0.004100826999999918
c,-0.6,4.32431592,0.996315178,0.996605923,-0.00029074499999992565
c,-0.6,4.34508479,0.996098142,0.994944196,0.0011539460000000723
c,-0.6,4.36604259,0.995440744,0.99732057,-0.0018798259999999178
c,-0.6,4.38708086,0.999760425,0.997045043,0.0027153819999999884
c,-0.6,4.40778797,0.999169647,1.00326104,-0.004091392999999943
c,-0.6,4.4288526,0.997790695,1.00016814,-0.0023774450000000336
c,-0.6,4.44994967,0.996203954,0.999780008,-0.0035760540000000507
c,-0.6,4.47085438,0.997736884,0.998746897,-0.0010100129999999208
c,-0.6,4.49188801,0.998041337,0.997379834,0.0006615030000000077
c,-0.6,4.51250216,1.00064715,0.99662362,0.004023529999999997
c,-0.6,4.5334461,1.00343137,0.998584626,0.004846743999999958
c,-0.6,4.55463591,1.00012426,1.00279256,-0.002668300000000068
c,-0.6,4.57547609,1.00032334,1.00185048,-0.0015271400000000934
c,-0.6,4.59643311,1.00005374,1.00268541,-0.002631669999999975
c,-0.6,4.61732903,1.00317805,1.00179918,0.001378870000000143
c,-0.6,4.63833098,1.00071764,1.00175868,-0.0010410400000000486
c,-0.6,4.65949324,1.00292712,1.00100486,0.0019222599999999535
c,-0.6,4.68039693,1.00199135,1.00112011,0.0008712399999999398
c,-0.6,4.70136745,1.00258366,1.00483472,-0.0022510600000000824
c,-0.6,4.72221533,1.00314582,1.00438094,-0.001235120000000034
c,-0.6,4.74309374,1.00209599,1.00229171,-0.00019572000000001033
c,-0.6,4.76390784,1.00318099,1.00599851,-0.002817520000000018
c,-0.6,4.78491795,1.00355343,1.00247423,0.0010791999999999469
c,-0.6,4.80636204,1.00565368,1.00176865,0.003885029999999956
c,-0.6,4.82728449,1.0084956,1.00225034,0.00624526000000003
c,-0.6,4.84785524,1.0048875,1.00694195,-0.002054450000000152
c,-0.6,4.86859731,1.00141937,1.00493597,-0.003516599999999981
c,-0.6,4.88954319,1.00610109,1.00694086,-0.0008397700000000174
c,-0.6,4.91078695,1.00506456,1.00250474,0.0025598200000001015
c,-0.6,4.93172016,1.00573027,1.00147242,0.0042578499999998964
c,-0.6,4.95244063,1.00237844,1.00497183,-0.0025933899999999177
c,-0.6,4.97348932,1.00483941,1.0020091,0.0028303100000000025
c,-0.6,4.994309,1.0050378,1.0042649,0.0007729000000000763
c,-0.6,5.01515697,1.00613454,1.0055846,0.000549939999999971
c,-0.6,5.03598003,1.0082291,1.00881867,-0.0005895699999998172
c,-0.6,5.05703237,1.00598705,1.00687978,-0.0008927299999998972
c,-0.6,5.07840332,1.00558881,1.00742387,-0.0018350599999998884
c,-0.6,5.09943841,1.0095704,1.00340316,0.006167240000000129
c,-0.6,5.12032938,1.00607736,1.00404976,0.0020275999999999073
c,-0.6,5.14107614,1.00636215,1.00668951,-0.00032735999999999876
c,-0.6,5.16214077,1.00686053,1.00389702,0.002963510000000058
c,-0.6,5.18341099,1.0088303,1.00686111,0.001969190000000065
c,-0.6,5.2041075,1.00656461,1.00580202,0.0007625900000001185
c,-0.6,5.22477891,1.00490779,1.00457447,0.0003333199999999703
c,-0.6,5.24557967,1.00613012,1.00577657,0.00035354999999981374
c,-0.6,5.26649236,1.00834895,1.00411653,0.0042324200000001255
c,-0.6,5.28753131,1.0084811,1.00429991,0.004181189999999946
c,-0.6,5.30847064,1.00870405,1.00777009,0.0009339600000000114
c,-0.6,5.32946745,1.00881256,1.0098794,-0.0010668400000000133
c,-0.6,5.3506922,1.00843839,1.00456997,0.0038684200000000946
c,-0.6,5.37158853,1.01058679,1.00590341,0.004683380000000126
c,-0.6,5.39231925,1.00748669,1.00874519,-0.0012585000000000512
c,-0.6,5.41333352,1.00967488,1.00658847,0.003086409999999873
c,-0.6,5.43434316,1.00636391,1.00841883,-0.002054920000000182
c,-0.6,5.45530659,1.0087209,1.00697459,0.0017463099999999177
c,-0.6,5.47618498,1.00678203,1.00945279,-0.0026707599999999942
c,-0.6,5.49715755,1.00834056,1.0080608,0.00027975999999996226
c,-0.6,5.51801586,1.00687539,1.00761053,-0.0007351399999999675
c,-0.6,5.53881995,1.0064437,1.00743403,-0.0009903300000000392
c,-0.6,5.55992514,1.00828159,1.00833935,-5.77600000000178e-05
c,-0.6,5.58098545,1.0061226,1.00872637,-0.0026037699999998942
c,-0.6,5.60183772,1.0091631,1.00899011,0.0001729900000000395
c,-0.6,5.62277584,1.00781998,1.00781495,5.0300000000724765e-06
c,-0.6,5.64379172,1.00573474,1.00964313,-0.003908389999999873
c,-0.6,5.66460817,1.00886042,1.00685525,0.0020051699999998895
c,-0.6,5.68556022,1.01073888,1.0106063,0.00013257999999982673
c,-0.6,5.7067909,1.00864088,1.00624862,0.002392259999999924
c,-0.6,5.72769317,1.00875286,1.00629517,0.002457689999999957
c,-0.6,5.74840017,1.00981954,1.0101575,-0.0003379599999999705
c,-0.6,5.76938192,1.00614268,1.0073392,-0.0011965200000001452
c,-0.6,5.79039764,1.00834502,1.0050393,0.0033057199999999565
c,-0.6,5.81144039,1.00742573,1.00825671,-0.0008309799999999257
c,-0.6,5.83232115,1.00638606,1.01007974,-0.0036936799999998104
c,-0.6,5.85320209,1.01087884,1.0092275,0.0016513400000000011
c,-0.6,5.87418919,1.0073358,1.00673982,0.0005959799999999404
c,-0.6,5.89509625,1.00699988,1.00727291,-0.00027303000000000743
c,-0.6,5.9159726,1.00727846,1.00938935,-0.0021108899999999764
c,-0.6,5.93682663,1.00910282,1.00840881,0.0006940100000001337
c,-0.6,5.95791772,1.0070001,1.00903986,-0.002039759999999946
c,-0.6,5.97900675,1.00933949,1.00720054,0.002138949999999973
c,-0.6,5.99978945,1.00724065,1.00805013,-0.0008094800000000291
c,-0.6,6.02063577,1.00997739,1.00657723,0.0034001599999999854
c,-0.6,6.04156421,1.00651685,1.00737624,-0.0008593900000000154
c,-0.6,6.06259364,1.00690186,1.00870808,-0.0018062199999999695
c,-0.6,6.08377541,1.00593145,1.00738433,-0.0014528799999999897
c,-0.6,6.10447051,1.00739022,1.01148122,-0.004091000000000067
c,-0.6,6.12538157,1.00446063,1.00594302,-0.0014823899999998336
c,-0.6,6.14660689,1.00617048,1.0051589,0.001011579999999901
c,-0.6,6.16752321,1.00777709,1.00653712,0.0012399700000000902
c,-0.6,6.18833806,1.00672018,1.00743842,-0.0007182399999998701
c,-0.6,6.20938667,1.00721181,1.00840858,-0.0011967699999999581
c,-0.6,6.23052184,1.00700184,1.00481904,0.0021827999999999292
c,-0.6,6.25137137,1.00734488,1.00492819,0.002416689999999999
c,-0.6,6.27204484,1.00631442,1.00726062,-0.0009462000000000081
c,-0.6,6.29290789,1.00632342,1.00785308,-0.0015296600000000993
c,-0.6,6.31382104,1.00771434,1.00591811,0.0017962299999998432
c,-0.6,6.33495691,1.00285944,1.004945,-0.002085560000000042
c,-0.6,6.35600914,1.00591171,1.00729128,-0.0013795700000001077
c,-0.6,6.37663869,1.0077523,1.00344341,0.004308889999999899
c,-0.6,6.39770954,1.00623121,1.00496864,0.0012625699999999629
c,-0.6,6.41872759,1.00536826,1.00307757,0.0022906899999999286
c,-0.6,6.43951457,1.00637986,1.00628355,9.630999999998835e-05
c,-0.6,6.46033562,1.00444192,1.00383343,0.0006084900000000726
c,-0.6,6.4814564,1.00454404,1.00318189,0.001362150000000062
c,-0.6,6.50265681,1.00300139,1.00579955,-0.002798159999999994
c,-0.6,6.52350383,1.00353994,1.00645685,-0.0029169099999999393
c,-0.6,6.54427866,1.00267597,1.00422569,-0.0015497199999998656
c,-0.6,6.56515568,1.00512064,1.00321837,0.0019022699999999837
c,-0.6,6.58628576,1.00289417,1.00481037,-0.0019161999999999235
c,-0.6,6.60749316,1.00529717,1.00573873,-0.000441560000000063
c,-0.6,6.62830625,1.00424298,1.00417653,6.644999999982915e-05
c,-0.6,6.64913567,1.005127,1.00257044,0.002556560000000152
c,-0.6,6.67020149,1.0041029,1.00395152,0.00015137999999992324
c,-0.6,6.69106898,1.00326049,1.00578492,-0.002524430000000022
c,-0.6,6.71185955,1.00100767,1.00376849,-0.002760819999999997
c,-0.6,6.73264651,1.00316087,1.00196274,0.0011981300000001305
c,-0.6,6.7537045,1.00483854,1.00223926,0.0025992799999998706
c,-0.6,6.77487174,1.00270526,1.00053722,0.0021680399999999267
c,-0.6,6.79557562,1.00401829,1.0030374,0.000980890000000123
c,-0.6,6.81648781,1.00275261,1.00206424,0.0006883699999999937
c,-0.6,6.83753747,1.00285391,1.00408472,-0.0012308100000000266
c,-0.6,6.85867557,1.00056606,1.00329315,-0.002727090000000043
c,-0.6,6.87985316,1.00220149,1.00238637,-0.00018487999999994287
c,-0.6,6.90065786,1.0001574,1.00232594,-0.0021685399999999966
c,-0.6,6.92153112,1.00055512,1.00245732,-0.001902199999999965
c,-0.6,6.94229803,1.00216035,1.00362683,-0.0014664799999999367
c,-0.6,6.9630016,1.00188872,1.00188103,7.689999999893615e-06
c,-0.6,6.98416877,1.00126912,1.00325069,-0.001981570000000099
c,-0.6,7.0052781,1.00259534,1.00187673,0.0007186100000000639
c,-0.6,7.02617612,1.00222535,1.00184513,0.0003802200000000422
c,-0.6,7.04699526,1.00095824,1.00317414,-0.0022158999999999374
c,-0.6,7.06761685,0.999685584,1.00162018,-0.0019345960000000106
c,-0.6,7.08873369,1.00142311,1.00134215,8.09600000000188e-05
c,-0.6,7.10994937,1.00343463,1.00152814,0.001906490000000094
c,-0.6,7.13102893,1.00041396,1.00144188,-0.001027920000000071
c,-0.6,7.15201412,1.00186835,1.00161297,0.00025538000000002725
c,-0.6,7.17271336,0.999591992,1.00021814,-0.0006261480000000486
c,-0.6,7.19374266,1.00207241,0.999560918,0.002511492000000004
c,-0.6,7.21473042,1.00265482,0.999991832,0.0026629880000000883
c,-0.6,7.23564263,0.998141846,1.00065703,-0.002515183999999948
c,-0.6,7.25666289,0.996965501,1.00022936,-0.0032638590000000356
c,-0.6,7.27757645,1.00215699,1.00001347,0.0021435199999999544
c,-0.6,7.2984411,0.999723307,1.00245246,-0.002729152999999984
c,-0.6,7.31917384,1.00026533,0.999171605,0.0010937249999999343
c,-0.6,7.34001688,0.999271514,0.997373934,0.0018975800000000653
c,-0.6,7.3611683,0.997275138,0.997818199,-0.0005430610000000113
c,-0.6,7.38224284,0.999151048,0.997213692,0.0019373560000000012
c,-0.6,7.40324015,0.99941919,0.998285721,0.001133468999999998
c,-0.6,7.42408854,0.99891236,0.999814668,-0.0009023079999999073
c,-0.6,7.44500634,0.997988261,0.999783462,-0.0017952009999999685
c,-0.6,7.46595959,0.998657601,0.99688209,0.0017755109999999519
c,-0.6,7.48696308,1.00178075,0.999771663,0.0020090870000000205
c,-0.6,7.5079936,0.999506493,0.997848669,0.00165782400000003
c,-0.6,7.52871967,1.00138691,0.997060032,0.0043268779999998674
c,-0.6,7.54966921,0.995155823,0.999490257,-0.004334433999999998
c,-0.6,7.57064902,1.00072612,0.998865509,0.001860610999999901
c,-0.6,7.59151428,0.999441631,0.99803471,0.001406921000000061
c,-0.6,7.6123809,0.996788755,0.999077909,-0.002289154000000071
c,-0.6,7.63338324,0.99628914,0.997877673,-0.0015885329999999476
c,-0.6,7.65450532,0.999288206,0.999780122,-0.0004919159999999811
c,-0.6,7.67556944,0.999589338,0.99965017,-6.0831999999955144e-05
c,-0.6,7.69637751,0.996236298,0.994342689,0.0018936090000000183
c,-0.6,7.71727216,0.999090249,0.997874938,0.0012153109999999412
c,-0.6,7.73835725,0.998563733,0.99965435,-0.001090617000000016
c,-0.6,7.75934923,0.995912454,0.997446085,-0.0015336310000000353
c,-0.6,7.78023116,0.996590845,0.995207784,0.0013830609999999632
c,-0.6,7.80098697,0.997349156,0.996058805,0.0012903509999999674
c,-0.6,7.82190677,0.998422122,0.997399668,0.001022454000000006
c,-0.6,7.84304931,0.999256132,0.996282296,0.0029738360000000075
c,-0.6,7.86405132,0.997643014,0.999287149,-0.0016441350000000465
c,-0.6,7.88484553,0.997280432,1.00052902,-0.003248588000000052
c,-0.6,7.90574885,0.997334883,0.998711926,-0.0013770430000000777
c,-0.6,7.9267531,0.996494362,0.996226164,0.00026819799999999727
c,-0.6,7.94765228,0.996658031,0.998615594,-0.00195756299999994
c,-0.6,7.96842304,0.997893282,0.997651405,0.00024187700000000145
c,-0.6,7.98938616,0.997661634,0.998033156,-0.000371522000000013
c,-0.6,8.01050815,0.996862696,0.997298625,-0.00043592900000000157
c,-0.6,8.03153334,0.995637794,0.997912855,-0.002275061000000078
c,-0.6,8.05240251,0.995634736,0.994739839,0.0008948970000000056
c,-0.6,8.07332696,0.996226356,0.997432447,-0.0012060910000000202
c,-0.6,8.09438514,0.996352311,0.996426222,-7.391099999998207e-05
c,-0.6,8.11529588,0.995320184,0.99711483,-0.0017946460000000108
c,-0.6,8.13618411,0.994841731,0.997160922,-0.0023191909999999982
c,-0.6,8.15717855,0.997757156,0.998281022,-0.000523865999999984
c,-0.6,8.17807847,0.99892016,0.995078551,0.003841608999999968
c,-0.6,8.19905269,0.995854483,0.995814734,3.974900000003334e-05
c,-0.6,8.21991085,0.996712783,1.00014775,-0.003434967000000011
c,-0.6,8.24078529,0.996615414,0.998453197,-0.0018377830000000372
c,-0.6,8.26195652,0.994865896,0.995683946,-0.0008180500000000146
c,-0.6,8.28293039,0.996131897,0.996130727,1.1699999999947863e-06
c,-0.6,8.30373423,0.997191552,0.997087905,0.0001036469999999845
c,-0.6,8.32452583,0.997330047,0.99681761,0.0005124370000000322
c,-0.6,8.34556221,0.99727401,0.995704705,0.0015693050000000763
c,-0.6,8.36671927,0.994177221,0.997624389,-0.0034471679999998894
c,-0.6,8.38757523,0.99546161,0.996361873,-0.0009002630000000122
c,-0.6,8.40855808,0.996452021,0.997826723,-0.0013747020000000054
c,-0.6,8.42953585,0.997844748,0.994216836,0.003627912000000011
c,-0.6,8.45042977,0.995473732,0.994880921,0.0005928109999999709
c,-0.6,8.47138662,0.996193355,0.997933509,-0.0017401540000000493
c,-0.6,8.49217243,0.995281848,0.995870219,-0.0005883709999999764
c,-0.6,8.51321806,0.99843282,0.9949016,0.003531219999999946
c,-0.6,8.53421183,0.994964042,0.997516649,-0.00255260700000004
c,-0.6,8.55508292,0.996012591,0.995580394,0.0004321969999999675
c,-0.6,8.57598662,0.996685879,0.997001245,-0.0003153659999999281
c,-0.6,8.59679232,0.996326306,0.99616542,0.00016088600000008224
c,-0.6,8.61783107,0.994257155,0.997894816,-0.0036376609999999587
c,-0.6,8.63891768,0.998298185,0.995847857,0.0024503280000000016
c,-0.6,8.65972861,0.995390508,0.996591262,-0.0012007540000000816
c,-0.6,8.68059853,0.997340338,0.996530561,0.000809776999999956
c,-0.6,8.70174168,0.998108442,0.996188244,0.001920198000000095
c,-0.6,8.72279566,0.993370922,0.994553502,-0.0011825800000000442
c,-0.6,8.74359241,0.995515145,0.996601709,-0.0010865639999999566
c,-0.6,8.76424415,0.994792806,0.996056359,-0.0012635530000000283
c,-0.6,8.78526729,0.996282669,0.994104364,0.002178304999999936
c,-0.6,8.80637189,0.997927286,0.995409257,0.002518028999999977
c,-0.6,8.82736896,0.993279537,0.993240883,3.8654000000026834e-05
c,-0.6,8.84843212,0.994645298,0.998589328,-0.003944029999999987
c,-0.6,8.86933197,0.996612947,0.995564845,0.0010481020000000507
c,-0.6,8.89026857,0.994239511,0.995198775,-0.0009592640000000152
c,-0.6,8.91123702,0.996493405,0.995589575,0.0009038300000000499
c,-0.6,8.93214776,0.997004573,0.996342113,0.0006624600000000314
c,-0.6,8.95312097,0.995708401,0.995909455,-0.00020105400000003382
c,-0.6,8.9741304,0.995037511,0.996070972,-0.0010334610000000133
c,-0.6,8.99505705,0.996560327,0.997233603,-0.0006732760000000004
c,-0.6,9.01571368,0.99795652,0.994149719,0.003806800999999971
c,-0.6,9.03640927,0.995801457,0.996879621,-0.001078164000000048
c,-0.6,9.05755121,0.995437348,0.993899831,0.0015375170000000438
c,-0.6,9.07868023,0.997324219,0.99611431,0.0012099090000000645
c,-0.6,9.09969513,0.997222491,0.996238948,0.0009835430000000311
c,-0.6,9.1205658,0.997228122,0.998046293,-0.0008181710000000342
c,-0.6,9.14137844,0.995520257,0.995791305,-0.00027104799999999596
c,-0.6,9.16237082,0.996229423,0.997835973,-0.0016065500000000954
c,-0.6,9.18339441,0.999279535,0.996097097,0.003182437999999954
c,-0.6,9.20447395,0.99713474,0.995706918,0.001427822000000023
c,-0.6,9.22549281,0.99551704,0.99629608,-0.0007790400000000641
c,-0.6,9.2463962,0.998041239,0.997307852,0.0007333869999999187
c,-0.6,9.26722673,0.99538978,0.997977074,-0.0025872940000000177
c,-0.6,9.28791689,0.996882827,0.995803749,0.0010790779999999556
c,-0.6,9.30892724,0.995961017,0.994899772,0.001061244999999933
c,-0.6,9.33003065,0.999280697,0.997181385,0.00209931200000002
c,-0.6,9.35102864,0.997809729,0.997096653,0.0007130759999999237
c,-0.6,9.37196601,0.995521104,0.995818772,-0.0002976679999999732
c,-0.6,9.39258783,0.999964292,0.994640338,0.005323954000000075
c,-0.6,9.41349621,0.996730458,0.996801044,-7.05859999999836e-05
c,-0.6,9.4347927,0.996547379,0.99588529,0.0006620889999999768
c,-0.6,9.45587737,0.996914753,0.998045334,-0.0011305809999999639
c,-0.6,9.47676866,0.99716839,0.996800742,0.0003676479999999982
c,-0.6,9.49762777,0.995402179,0.996032142,-0.0006299629999999556
c,-0.6,9.51852362,0.998691922,0.996131693,0.0025602289999999694
c,-0.6,9.53939795,0.996704344,0.996500515,0.0002038289999999332
c,-0.6,9.56035551,0.998635847,0.996795254,0.001840592999999946
c,-0.6,9.58149741,0.997671262,0.996429002,0.0012422600000000505
c,-0.6,9.60249587,0.998504442,0.997707856,0.000796585999999988
c,-0.6,9.62336478,0.997514728,1.00028331,-0.002768581999999964
c,-0.6,9.64415055,0.997403937,0.997449113,-4.517600000009114e-05
c,-0.6,9.66502224,0.996864278,0.99886941,-0.002005131999999965
c,-0.6,9.68597433,0.997516869,0.998413911,-0.000897041999999959
c,-0.6,9.7069728,0.997971978,0.997268962,0.0007030160000000008
c,-0.6,9.72797765,0.998078954,0.995935531,0.002143423000000033
c,-0.6,9.74896401,0.996092407,0.998924981,-0.002832574000000032
c,-0.6,9.76996217,0.998093334,0.998221171,-0.000127836999999964
c,-0.6,9.79085678,0.997106939,0.996480388,0.0006265509999999752
c,-0.6,9.81166698,0.99845557,0.996603586,0.0018519839999999732
c,-0.6,9.83262494,0.998120799,0.995293148,0.002827650999999931
c,-0.6,9.85372265,0.999870458,0.997444455,0.0024260029999999544
c,-0.6,9.87472665,0.99578383,0.998890421,-0.003106590999999992
c,-0.6,9.89559934,0.997035338,0.997789006,-0.0007536679999999851
c,-0.6,9.91635289,0.99821263,0.995702549,0.002510081000000053
c,-0.6,9.93737645,0.997897614,0.998295278,-0.00039766399999996427
c,-0.6,9.95856995,0.998258675,0.997538434,0.0007202410000000103
c,-0.6,9.97940815,0.997688808,0.998489018,-0.0008002099999999679
c,-0.6,10.000082,0.998758104,0.996974605,0.0017834989999999662
c,-0.4,0.0252815853,0.00324903103,0.0005296485,0.0027193825300000003
c,-0.4,0.0486976344,0.00506529303,0.00202846552,0.0030368275100000003
c,-0.4,0.0692644017,0.00709680544,0.00402958427,0.0030672211700000004
c,-0.4,0.08877835,0.00941482991,0.0065389667,0.0028758632100000002
c,-0.4,0.111604297,0.0135101237,0.0103843786,0.003125745099999999
c,-0.4,0.132731806,0.0177473067,0.014921314,0.0028259927
c,-0.4,0.153672181,0.0228263341,0.0194036234,0.0034227107000000014
c,-0.4,0.175641863,0.0288830383,0.0254828463,0.003400192
c,-0.4,0.196615509,0.0352466806,0.0314882479,0.0037584326999999945
c,-0.4,0.217326708,0.0418836138,0.0383529598,0.003530653999999994
c,-0.4,0.237538457,0.0493324309,0.0459423072,0.0033901237000000042
c,-0.4,0.258148683,0.0591792322,0.0544368764,0.0047423558000000005
c,-0.4,0.28040349,0.0681373723,0.0635472762,0.004590096099999996
c,-0.4,0.301929084,0.0771199659,0.0723367336,0.004783232300000009
c,-0.4,0.322287413,0.0877688764,0.0829809724,0.004787903999999996
c,-0.4,0.342663331,0.0985662709,0.0941899695,0.0043763014000000044
c,-0.4,0.363641289,0.109899251,0.106021932,0.003877319000000004
c,-0.4,0.385602948,0.122503207,0.117278241,0.0052249659999999976
c,-0.4,0.406737165,0.135049205,0.131483427,0.0035657779999999917
c,-0.4,0.427001871,0.148821633,0.142672773,0.006148860000000006
c,-0.4,0.448754416,0.162755235,0.158300225,0.004455010000000009
c,-0.4,0.469601745,0.176415723,0.172040278,0.004375445000000006
c,-0.4,0.489805379,0.190897373,0.187419918,0.003477455000000018
c,-0.4,0.510302494,0.20487301,0.2006271,0.004245909999999992
c,-0.4,0.53178319,0.221421255,0.216457362,0.004963893000000025
c,-0.4,0.553922362,0.239101654,0.232047709,0.007053945000000006
c,-0.4,0.574670041,0.257641631,0.251210747,0.00643088399999997
c,-0.4,0.594645701,0.272053169,0.265355673,0.0066974959999999695
c,-0.4,0.615540037,0.287994516,0.284801103,0.0031934129999999783
c,-0.4,0.636554081,0.307363935,0.302452871,0.004911063999999965
c,-0.4,0.658102417,0.327425467,0.320108264,0.00731720300000005
c,-0.4,0.679189641,0.346267326,0.338444245,0.00782308100000001
c,-0.4,0.700054044,0.362768473,0.359353412,0.003415060999999997
c,-0.4,0.721329826,0.381555709,0.380455977,0.00109973200000002
c,-0.4,0.742033923,0.405047717,0.399618511,0.005429205999999964
c,-0.4,0.762614581,0.422561735,0.419798901,0.002762833999999992
c,-0.4,0.783270495,0.442322099,0.437610291,0.0047118080000000395
c,-0.4,0.804783918,0.464003206,0.459703853,0.004299353000000006
c,-0.4,0.826095906,0.487688197,0.482354341,0.00533385599999997
c,-0.4,0.846303977,0.504221449,0.499617637,0.004603811999999985
c,-0.4,0.867174819,0.522133774,0.518490406,0.003643368000000091
c,-0.4,0.888413258,0.545464541,0.541022903,0.00444163799999997
c,-0.4,0.909910564,0.565439488,0.561491592,0.003947896000000006
c,-0.4,0.931134698,0.585108561,0.586218541,-0.001109980000000066
c,-0.4,0.951563161,0.60776571,0.606590782,0.001174927999999964
c,-0.4,0.972160451,0.624022706,0.625735422,-0.001712716000000003
c,-0.4,0.993008165,0.648934199,0.644892025,0.004042174000000065
c,-0.4,1.0140906,0.666249919,0.66615613,9.378900000001078e-05
c,-0.4,1.03500338,0.68274455,0.689241667,-0.006497116999999997
c,-0.4,1.05657413,0.704692509,0.706704115,-0.0020116059999999436
c,-0.4,1.07789814,0.723980039,0.721436711,0.0025433280000000114
c,-0.4,1.09835045,0.744598515,0.745261491,-0.0006629760000000928
c,-0.4,1.11903902,0.75811443,0.761872003,-0.003757573000000014
c,-0.4,1.1396405,0.776657633,0.776979785,-0.00032215199999996447
c,-0.4,1.16109193,0.796747584,0.795685854,0.001061729999999983
c,-0.4,1.18227503,0.809812312,0.817980839,-0.008168526999999925
c,-0.4,1.2030555,0.824595229,0.828407308,-0.0038120789999999127
c,-0.4,1.22375183,0.844616548,0.840832659,0.0037838889999999292
c,-0.4,1.24453484,0.856361473,0.859099252,-0.0027377790000000513
c,-0.4,1.26570671,0.871425388,0.8748603,-0.003434912000000012
c,-0.4,1.28693994,0.885677681,0.884730141,0.000947539999999969
c,-0.4,1.30807124,0.900514141,0.89685115,0.0036629910000000043
c,-0.4,1.32889646,0.913621262,0.909901331,0.0037199310000000096
c,-0.4,1.34945121,0.92440057,0.923210617,0.0011899530000000214
c,-0.4,1.37055188,0.932430547,0.930227713,0.002202834000000098
c,-0.4,1.39148285,0.943318894,0.941607373,0.0017115210000000491
c,-0.4,1.41220445,0.948054792,0.951544008,-0.0034892160000000727
c,-0.4,1.43352474,0.95680346,0.954327185,0.0024762750000000278
c,-0.4,1.45454751,0.965917569,0.966984155,-0.0010665859999999805
c,-0.4,1.47511055,0.971659875,0.972907667,-0.0012477920000000253
c,-0.4,1.49566583,0.977251961,0.97622174,0.0010302210000000533
c,-0.4,1.51690776,0.98406168,0.983974829,8.685100000005441e-05
c,-0.4,1.53826425,0.991622469,0.990194725,0.0014277439999998975
c,-0.4,1.55931449,0.99358405,0.997875182,-0.004291131999999975
c,-0.4,1.58012172,0.995878376,1.00158286,-0.005704484000000121
c,-0.4,1.60114355,1.00098849,1.00354156,-0.002553070000000046
c,-0.4,1.62229155,1.00717211,1.0082549,-0.0010827900000001112
c,-0.4,1.64295947,1.01308778,1.00741853,0.005669249999999959
c,-0.4,1.66366432,1.00696433,1.00988325,-0.002918919999999936
c,-0.4,1.68478217,1.00545168,1.01781041,-0.012358730000000095
c,-0.4,1.7057485,1.01259106,1.01736677,-0.0047757099999998776
c,-0.4,1.72683745,1.01494397,1.01450635,0.00043762000000002743
c,-0.4,1.74765849,1.01808193,1.01112157,0.006960359999999888
c,-0.4,1.76847487,1.01474201,1.0120598,0.002682209999999907
c,-0.4,1.78961871,1.01313916,1.01283158,0.00030757999999986296
c,-0.4,1.81086098,1.01395989,1.0172675,-0.0033076100000000164
c,-0.4,1.83179094,1.00761793,1.0123527,-0.004734769999999999
c,-0.4,1.8521746,1.01803093,1.01516945,0.002861479999999972
c,-0.4,1.8733654,1.01255398,1.01225587,0.0002981100000001291
c,-0.4,1.89455538,1.01603402,1.01210881,0.003925210000000012
c,-0.4,1.91534795,1.01311719,1.01369789,-0.0005806999999999896
c,-0.4,1.93623233,1.01198818,1.0119532,3.497999999990675e-05
c,-0.4,1.9571481,1.00929498,1.00762544,0.0016695399999999694
c,-0.4,1.97825109,1.01067769,1.01233899,-0.0016612999999998657
c,-0.4,1.99905898,1.00636968,1.00281053,0.0035591499999998444
c,-0.4,2.01966715,1.00717329,1.00696446,0.0002088300000000487
c,-0.4,2.04082415,1.00730117,1.00355987,0.0037413000000001695
c,-0.4,2.06193171,1.00104326,0.999204527,0.0018387330000001478
c,-0.4,2.08296048,0.997800668,1.01010017,-0.012299502000000073
c,-0.4,2.10383017,1.00694177,1.00418909,0.002752680000000174
c,-0.4,2.12494312,0.997838041,0.999086668,-0.0012486270000000577
c,-0.4,2.14618475,1.00064109,0.997712769,0.002928320999999956
c,-0.4,2.16679298,0.995897373,0.999287038,-0.0033896649999999307
c,-0.4,2.18753482,0.993215213,0.99255284,0.0006623730000000494
c,-0.4,2.20847027,0.992163612,0.990290145,0.0018734670000000175
c,-0.4,2.22955181,0.99002667,0.994186994,-0.004160323999999993
c,-0.4,2.25078374,0.99145405,0.988688488,0.002765561999999999
c,-0.4,2.27150159,0.990655471,0.984578647,0.006076823999999981
c,-0.4,2.29205574,0.98568961,0.992312843,-0.006623233000000006
c,-0.4,2.31294326,0.984765523,0.986307548,-0.0015420250000000024
c,-0.4,2.3340363,0.988148958,0.984737173,0.003411785000000056
c,-0.4,2.35514399,0.986969547,0.98549115,0.0014783969999999647
c,-0.4,2.37607726,0.980998503,0.98388193,-0.002883426999999994
c,-0.4,2.39730341,0.982009602,0.981951299,5.8302999999981786e-05
c,-0.4,2.41857203,0.979770369,0.980072364,-0.00030199499999994384
c,-0.4,2.43911056,0.979097541,0.980716891,-0.0016193500000000194
c,-0.4,2.45988005,0.977969298,0.978054412,-8.511399999999725e-05
c,-0.4,2.48094151,0.981113376,0.975787519,0.005325856999999989
c,-0.4,2.50196601,0.981626578,0.981231664,0.00039491400000002397
c,-0.4,2.52300496,0.973278398,0.977045322,-0.003766924000000005
c,-0.4,2.54340089,0.976021399,0.974418753,0.0016026459999999298
c,-0.4,2.56415297,0.977609528,0.978225986,-0.0006164579999999864
c,-0.4,2.58575836,0.975528211,0.97906207,-0.003533859000000028
c,-0.4,2.60684428,0.974777636,0.973779784,0.0009978520000000213
c,-0.4,2.62775949,0.977990266,0.974294365,0.003695901000000057
c,-0.4,2.64834355,0.974887759,0.974269699,0.0006180599999999759
c,-0.4,2.66912062,0.971522298,0.973114658,-0.0015923599999999594
c,-0.4,2.69039946,0.974924565,0.975168139,-0.00024357399999996865
c,-0.4,2.71121518,0.976507491,0.974263123,0.002244368000000052
c,-0.4,2.7321837,0.97391876,0.974638599,-0.0007198390000000554
c,-0.4,2.75306239,0.971432029,0.973366732,-0.001934702999999982
c,-0.4,2.77427049,0.973404775,0.97356983,-0.00016505499999996953
c,-0.4,2.79557932,0.976004594,0.973013195,0.0029913989999998947
c,-0.4,2.8160646,0.975396836,0.974862805,0.0005340310000000459
c,-0.4,2.83689478,0.97414454,0.970465342,0.003679197999999939
c,-0.4,2.85801727,0.974453233,0.97286051,0.001592723000000018
c,-0.4,2.87906973,0.972029987,0.973862768,-0.001832781000000061
c,-0.4,2.89996898,0.973858157,0.973316101,0.000542056000000013
c,-0.4,2.92062944,0.973265456,0.973790865,-0.0005254089999999767
c,-0.4,2.941605,0.97129764,0.972257478,-0.0009598379999999906
c,-0.4,2.96267076,0.970988281,0.976709301,-0.005721019999999966
c,-0.4,2.98347442,0.972937775,0.971666117,0.0012716579999999533
c,-0.4,3.00437656,0.975697148,0.976838406,-0.0011412580000000894
c,-0.4,3.02542142,0.977555838,0.980632482,-0.0030766439999999617
c,-0.4,3.04658726,0.974415111,0.975972465,-0.0015573540000000108
c,-0.4,3.06768101,0.975813923,0.975785718,2.8205000000003366e-05
c,-0.4,3.088328,0.979607741,0.97562529,0.0039824510000000535
c,-0.4,3.10931167,0.977094664,0.97554743,0.0015472340000000084
c,-0.4,3.1305457,0.975512986,0.97900272,-0.0034897339999999666
c,-0.4,3.15150209,0.979061815,0.978290042,0.0007717729999999756
c,-0.4,3.17219014,0.974133407,0.978166102,-0.0040326950000000306
c,-0.4,3.19299024,0.979902699,0.979415708,0.0004869910000000477
c,-0.4,3.21390436,0.977336217,0.977596205,-0.0002599880000000443
c,-0.4,3.23506564,0.975282919,0.978654448,-0.0033715290000000397
c,-0.4,3.25605387,0.974216549,0.978287445,-0.0040708959999999905
c,-0.4,3.27685776,0.98058654,0.976392962,0.004193577999999976
c,-0.4,3.29794723,0.983111132,0.98185299,0.0012581419999999621
c,-0.4,3.31884778,0.97592562,0.978651673,-0.0027260529999999505
c,-0.4,3.33944269,0.98134971,0.98050694,0.0008427699999999927
c,-0.4,3.36030612,0.979691287,0.97964902,4.2266999999984733e-05
c,-0.4,3.38171654,0.976855075,0.980131185,-0.0032761099999999432
c,-0.4,3.40297495,0.979442408,0.981433113,-0.0019907049999999815
c,-0.4,3.42370792,0.978367149,0.979865578,-0.0014984289999999678
c,-0.4,3.44440875,0.983022864,0.976000852,0.007022012000000077
c,-0.4,3.465315,0.983172636,0.981816204,0.0013564320000000185
c,-0.4,3.4865867,0.982695745,0.980701098,0.0019946469999999605
c,-0.4,3.50751221,0.980857056,0.984408661,-0.0035516050000000687
c,-0.4,3.52796741,0.979377495,0.982189045,-0.002811549999999996
c,-0.4,3.5488788,0.983107052,0.983871436,-0.0007643840000000068
c,-0.4,3.57014151,0.983144153,0.982896261,0.0002478919999999718
c,-0.4,3.59120365,0.984271825,0.984404506,-0.00013268099999996785
c,-0.4,3.61190928,0.984379836,0.982701561,0.0016782750000000624
c,-0.4,3.63300558,0.984680595,0.979662423,0.0050181720000000984
c,-0.4,3.6541422,0.986166292,0.98420169,0.0019646020000000375
c,-0.4,3.67500902,0.986357985,0.983999728,0.0023582570000000302
c,-0.4,3.69581564,0.984270274,0.983055248,0.001215026000000008
c,-0.4,3.71644729,0.984702877,0.986061425,-0.001358548000000015
c,-0.4,3.73749774,0.984326779,0.982354511,0.0019722679999999437
c,-0.4,3.75868086,0.983136229,0.988007503,-0.004871273999999981
c,-0.4,3.77950549,0.985243614,0.986491237,-0.00124762299999992
c,-0.4,3.80027286,0.98654156,0.984707574,0.0018339860000000652
c,-0.4,3.82143123,0.983701794,0.986972295,-0.0032705010000000367
c,-0.4,3.84280481,0.985438962,0.985156322,0.00028264000000000067
c,-0.4,3.86349282,0.98514009,0.989789888,-0.004649797999999983
c,-0.4,3.88417456,0.988547142,0.984303618,0.004243524000000054
c,-0.4,3.90535419,0.986291582,0.989633013,-0.0033414309999999503
c,-0.4,3.9264697,0.987151665,0.986500967,0.0006506979999999496
c,-0.4,3.94738681,0.989970183,0.988613957,0.0013562259999999604
c,-0.4,3.96810309,0.989207511,0.993137875,-0.0039303639999999085
c,-0.4,3.98888694,0.987746088,0.991632156,-0.0038860680000000203
c,-0.4,4.00993371,0.987871074,0.991165241,-0.00329416700000007
c,-0.4,4.03080983,0.990119679,0.987269313,0.002850365999999993
c,-0.4,4.05178039,0.989097093,0.992605215,-0.003508121999999947
c,-0.4,4.07276799,0.988101493,0.990794626,-0.0026931329999999587
c,-0.4,4.09368684,0.988671858,0.990791888,-0.0021200299999999395
c,-0.4,4.11485609,0.991858914,0.995609413,-0.0037504990000000182
c,-0.4,4.13583188,0.991398627,0.991740813,-0.0003421860000000221
c,-0.4,4.15670688,0.993856519,0.993034938,0.0008215810000000712
c,-0.4,4.17758774,0.992081184,0.994693743,-0.0026125590000000143
c,-0.4,4.19867141,0.99356968,0.992343274,0.0012264060000000132
c,-0.4,4.21961517,0.991190909,0.991063237,0.0001276719999999676
c,-0.4,4.24013393,0.993720409,0.993326137,0.0003942719999999733
c,-0.4,4.26119077,0.992792761,0.995257134,-0.0024643730000000197
c,-0.4,4.28239268,0.995823692,0.992661184,0.003162507999999953
c,-0.4,4.30342826,0.994081947,0.997416699,-0.0033347519999999964
c,-0.4,4.32431592,0.998802433,0.996605923,0.002196510000000096
c,-0.4,4.34508479,0.997886093,0.994944196,0.0029418970000000266
c,-0.4,4.36604259,0.997393454,0.99732057,7.28840000000508e-05
c,-0.4,4.38708086,0.99969579,0.997045043,0.002650747000000009
c,-0.4,4.40778797,0.997489358,1.00326104,-0.005771681999999889
c,-0.4,4.4288526,0.996960635,1.00016814,-0.0032075049999999994
c,-0.4,4.44994967,0.99581169,0.999780008,-0.003968317999999971
c,-0.4,4.47085438,0.997364488,0.998746897,-0.0013824089999999734
c,-0.4,4.49188801,0.997564401,0.997379834,0.00018456700000002435
c,-0.4,4.51250216,1.00012559,0.99662362,0.0035019699999998544
c,-0.4,4.5334461,1.00229557,0.998584626,0.0037109440000000493
c,-0.4,4.55463591,1.00285114,1.00279256,5.857999999991925e-05
c,-0.4,4.57547609,0.999456404,1.00185048,-0.0023940760000000783
c,-0.4,4.59643311,1.00025475,1.00268541,-0.002430659999999918
c,-0.4,4.61732903,1.00150327,1.00179918,-0.0002959099999999548
c,-0.4,4.63833098,1.00350583,1.00175868,0.0017471499999999196
c,-0.4,4.65949324,1.00130331,1.00100486,0.0002984499999998391
c,-0.4,4.68039693,1.00213435,1.00112011,0.001014239999999944
c,-0.4,4.70136745,1.00357733,1.00483472,-0.001257390000000136
c,-0.4,4.72221533,1.00239966,1.00438094,-0.001981280000000085
c,-0.4,4.74309374,1.00256065,1.00229171,0.0002689399999999953
c,-0.4,4.76390784,1.00157266,1.00599851,-0.0044258500000000645
c,-0.4,4.78491795,1.00260728,1.00247423,0.00013305000000007894
c,-0.4,4.80636204,1.00442326,1.00176865,0.0026546100000000017
c,-0.4,4.82728449,1.0072221,1.00225034,0.004971759999999881
c,-0.4,4.84785524,1.00345514,1.00694195,-0.0034868100000000624
c,-0.4,4.86859731,1.00484249,1.00493597,-9.348000000009016e-05
c,-0.4,4.88954319,1.00292098,1.00694086,-0.004019879999999976
c,-0.4,4.91078695,1.00525377,1.00250474,0.00274902999999993
c,-0.4,4.93172016,1.00330068,1.00147242,0.001828259999999915
c,-0.4,4.95244063,1.00466211,1.00497183,-0.0003097199999999578
c,-0.4,4.97348932,1.00356738,1.0020091,0.001558280000000023
c,-0.4,4.994309,1.00281846,1.0042649,-0.0014464399999998268
c,-0.4,5.01515697,1.00518549,1.0055846,-0.0003991100000000358
c,-0.4,5.03598003,1.00617624,1.00881867,-0.0026424299999998624
c,-0.4,5.05703237,1.00337783,1.00687978,-0.003501949999999976
c,-0.4,5.07840332,1.00583824,1.00742387,-0.0015856299999998935
c,-0.4,5.09943841,1.00562017,1.00340316,0.0022170100000000748
c,-0.4,5.12032938,1.00727224,1.00404976,0.0032224800000000275
c,-0.4,5.14107614,1.00759669,1.00668951,0.0009071800000000074
c,-0.4,5.16214077,1.00670407,1.00389702,0.002807050000000144
c,-0.4,5.18341099,1.00550075,1.00686111,-0.0013603600000000604
c,-0.4,5.2041075,1.00693405,1.00580202,0.0011320299999999506
c,-0.4,5.22477891,1.0054046,1.00457447,0.0008301299999999845
c,-0.4,5.24557967,1.00637033,1.00577657,0.0005937599999998877
c,-0.4,5.26649236,1.00644058,1.00411653,0.002324050000000133
c,-0.4,5.28753131,1.00779223,1.00429991,0.003492319999999882
c,-0.4,5.30847064,1.00632538,1.00777009,-0.0014447099999999047
c,-0.4,5.32946745,1.00946129,1.0098794,-0.00041811000000002707
c,-0.4,5.3506922,1.00654454,1.00456997,0.001974570000000009
c,-0.4,5.37158853,1.00529793,1.00590341,-0.0006054799999999361
c,-0.4,5.39231925,1.00684017,1.00874519,-0.001905019999999924
c,-0.4,5.41333352,1.00777826,1.00658847,0.0011897899999999684
c,-0.4,5.43434316,1.00761651,1.00841883,-0.000802320000000023
c,-0.4,5.45530659,1.00907976,1.00697459,0.0021051700000001006
c,-0.4,5.47618498,1.00653381,1.00945279,-0.0029189800000000155
c,-0.4,5.49715755,1.01068518,1.0080608,0.0026243800000000927
c,-0.4,5.51801586,1.00898476,1.00761053,0.0013742299999999208
c,-0.4,5.53881995,1.00987132,1.00743403,0.0024372900000000364
c,-0.4,5.55992514,1.00679002,1.00833935,-0.0015493300000000154
c,-0.4,5.58098545,1.01084344,1.00872637,0.002117069999999943
c,-0.4,5.60183772,1.00833933,1.00899011,-0.0006507799999999619
c,-0.4,5.62277584,1.00844117,1.00781495,0.0006262200000000107
c,-0.4,5.64379172,1.00476563,1.00964313,-0.004877499999999868
c,-0.4,5.66460817,1.01139922,1.00685525,0.004543969999999842
c,-0.4,5.68556022,1.00902793,1.0106063,-0.0015783700000000511
c,-0.4,5.7067909,1.00694471,1.00624862,0.000696089999999927
c,-0.4,5.72769317,1.00673671,1.00629517,0.0004415399999999625
c,-0.4,5.74840017,1.00956793,1.0101575,-0.0005895700000000392
c,-0.4,5.76938192,1.00636513,1.0073392,-0.0009740700000000491
c,-0.4,5.79039764,1.00719308,1.0050393,0.002153779999999994
c,-0.4,5.81144039,1.00846153,1.00825671,0.00020481999999999445
c,-0.4,5.83232115,1.00712867,1.01007974,-0.0029510699999999446
c,-0.4,5.85320209,1.00677726,1.0092275,-0.002450239999999937
c,-0.4,5.87418919,1.00558557,1.00673982,-0.0011542499999999123
c,-0.4,5.89509625,1.00790148,1.00727291,0.0006285699999999395
c,-0.4,5.9159726,1.00686669,1.00938935,-0.002522659999999899
c,-0.4,5.93682663,1.01065878,1.00840881,0.0022499700000000455
c,-0.4,5.95791772,1.00848723,1.00903986,-0.0005526299999998319
c,-0.4,5.97900675,1.00947792,1.00720054,0.0022773799999999955
c,-0.4,5.99978945,1.00786316,1.00805013,-0.0001869699999998975
c,-0.4,6.02063577,1.0049972,1.00657723,-0.0015800299999999545
c,-0.4,6.04156421,1.00609665,1.00737624,-0.0012795899999999971
c,-0.4,6.06259364,1.0048143,1.00870808,-0.003893779999999847
c,-0.4,6.08377541,1.00748031,1.00738433,9.597999999999551e-05
c,-0.4,6.10447051,1.00679093,1.01148122,-0.004690290000000097
c,-0.4,6.12538157,1.00755348,1.00594302,0.0016104599999999802
c,-0.4,6.14660689,1.00433367,1.0051589,-0.0008252300000000101
c,-0.4,6.16752321,1.00770373,1.00653712,0.0011666100000000679
c,-0.4,6.18833806,1.00502803,1.00743842,-0.0024103899999998735
c,-0.4,6.20938667,1.00875285,1.00840858,0.0003442700000000354
c,-0.4,6.23052184,1.00832896,1.00481904,0.003509919999999944
c,-0.4,6.25137137,1.00360214,1.00492819,-0.0013260500000000786
c,-0.4,6.27204484,1.00728784,1.00726062,2.721999999999447e-05
c,-0.4,6.29290789,1.00600507,1.00785308,-0.001848010000000011
c,-0.4,6.31382104,1.00616043,1.00591811,0.00024231999999990705
c,-0.4,6.33495691,1.00551807,1.004945,0.0005730699999999533
c,-0.4,6.35600914,1.00535288,1.00729128,-0.0019384000000000068
c,-0.4,6.37663869,1.00619359,1.00344341,0.0027501800000000465
c,-0.4,6.39770954,1.00469183,1.00496864,-0.0002768099999999052
c,-0.4,6.41872759,1.00630732,1.00307757,0.003229749999999809
c,-0.4,6.43951457,1.00687207,1.00628355,0.0005885199999999813
c,-0.4,6.46033562,1.00430816,1.00383343,0.00047472999999986776
c,-0.4,6.4814564,1.00583123,1.00318189,0.0026493400000000555
c,-0.4,6.50265681,1.00688643,1.00579955,0.0010868799999999013
c,-0.4,6.52350383,1.00454887,1.00645685,-0.0019079799999999203
c,-0.4,6.54427866,1.00306729,1.00422569,-0.0011584000000000039
c,-0.4,6.56515568,1.00268421,1.00321837,-0.0005341599999999502
c,-0.4,6.58628576,1.00328878,1.00481037,-0.0015215899999998506
c,-0.4,6.60749316,1.00310466,1.00573873,-0.002634070000000044
c,-0.4,6.62830625,1.00349778,1.00417653,-0.0006787500000000612
c,-0.4,6.64913567,1.00294885,1.00257044,0.0003784099999999402
c,-0.4,6.67020149,1.00157544,1.00395152,-0.0023760799999998916
c,-0.4,6.69106898,1.00229981,1.00578492,-0.003485109999999958
c,-0.4,6.71185955,1.00198365,1.00376849,-0.0017848400000000098
c,-0.4,6.73264651,1.00426421,1.00196274,0.0023014700000001387
c,-0.4,6.7537045,1.0048204,1.00223926,0.0025811399999999818
c,-0.4,6.77487174,1.00373004,1.00053722,0.003192819999999985
c,-0.4,6.79557562,1.00370544,1.0030374,0.0006680400000000919
c,-0.4,6.81648781,1.00321094,1.00206424,0.001146700000000056
c,-0.4,6.83753747,1.00327147,1.00408472,-0.0008132499999999876
c,-0.4,6.85867557,1.00542896,1.00329315,0.0021358099999999602
c,-0.4,6.87985316,1.00097911,1.00238637,-0.0014072599999999102
c,-0.4,6.90065786,1.00442199,1.00232594,0.002096050000000016
c,-0.4,6.92153112,1.00413317,1.00245732,0.0016758500000000343
c,-0.4,6.94229803,1.00259649,1.00362683,-0.0010303400000000185
c,-0.4,6.9630016,1.00067012,1.00188103,-0.001210909999999954
c,-0.4,6.98416877,1.00226543,1.00325069,-0.0009852599999999878
c,-0.4,7.0052781,1.00033307,1.00187673,-0.0015436600000000578
c,-0.4,7.02617612,1.00176025,1.00184513,-8.487999999995388e-05
c,-0.4,7.04699526,1.00056758,1.00317414,-0.0026065600000000355
c,-0.4,7.06761685,1.00184057,1.00162018,0.00022038999999995923
c,-0.4,7.08873369,1.00028107,1.00134215,-0.0010610799999999365
c,-0.4,7.10994937,1.00117937,1.00152814,-0.00034876999999999825
c,-0.4,7.13102893,1.00009345,1.00144188,-0.001348429999999956
c,-0.4,7.15201412,1.00136717,1.00161297,-0.00024580000000007374
c,-0.4,7.17271336,1.00013709,1.00021814,-8.105000000013796e-05
c,-0.4,7.19374266,0.999579623,0.999560918,1.8705000000007743e-05
c,-0.4,7.21473042,1.00198973,0.999991832,0.0019978980000000535
c,-0.4,7.23564263,1.00087382,1.00065703,0.00021679000000007775
c,-0.4,7.25666289,1.00197195,1.00022936,0.0017425899999998773
c,-0.4,7.27757645,0.998810221,1.00001347,-0.0012032490000000173
c,-0.4,7.2984411,1.00077314,1.00245246,-0.0016793200000000397
c,-0.4,7.31917384,0.998997967,0.999171605,-0.0001736380000000315
c,-0.4,7.34001688,0.999871541,0.997373934,0.002497607000000013
c,-0.4,7.3611683,1.00199764,0.997818199,0.004179440999999895
c,-0.4,7.38224284,1.00158027,0.997213692,0.004366578000000065
c,-0.4,7.40324015,1.00072914,0.998285721,0.0024434190000000022
c,-0.4,7.42408854,0.999491699,0.999814668,-0.00032296899999995077
c,-0.4,7.44500634,1.00122183,0.999783462,0.0014383679999999677
c,-0.4,7.46595959,1.00283617,0.99688209,0.005954079999999862
c,-0.4,7.48696308,0.997904255,0.999771663,-0.0018674079999999593
c,-0.4,7.5079936,0.998408359,0.997848669,0.0005596900000000016
c,-0.4,7.52871967,0.996750429,0.997060032,-0.00030960300000004715
c,-0.4,7.54966921,0.99846591,0.999490257,-0.001024347000000092
c,-0.4,7.57064902,1.00092968,0.998865509,0.0020641710000000035
c,-0.4,7.59151428,0.999019953,0.99803471,0.0009852430000000245
c,-0.4,7.6123809,1.00053177,0.999077909,0.0014538610000000007
c,-0.4,7.63338324,0.997928993,0.997877673,5.132000000007686e-05
c,-0.4,7.65450532,0.999546612,0.999780122,-0.00023351000000004785
c,-0.4,7.67556944,1.00020898,0.99965017,0.0005588100000000207
c,-0.4,7.69637751,0.998197397,0.994342689,0.0038547079999999845
c,-0.4,7.71727216,0.997201473,0.997874938,-0.0006734650000000952
c,-0.4,7.73835725,0.99757291,0.99965435,-0.00208143999999999
c,-0.4,7.75934923,0.997220067,0.997446085,-0.0002260179999999945
c,-0.4,7.78023116,0.995556678,0.995207784,0.000348894000000044
c,-0.4,7.80098697,0.998665488,0.996058805,0.0026066829999999985
c,-0.4,7.82190677,0.997308202,0.997399668,-9.14659999999845e-05
c,-0.4,7.84304931,0.999505308,0.996282296,0.0032230120000000806
c,-0.4,7.86405132,0.997722345,0.999287149,-0.0015648040000000307
c,-0.4,7.88484553,0.994683986,1.00052902,-0.005845034000000138
c,-0.4,7.90574885,0.997588071,0.998711926,-0.001123855000000007
c,-0.4,7.9267531,0.997231063,0.996226164,0.0010048990000000035
c,-0.4,7.94765228,0.995625523,0.998615594,-0.0029900710000000386
c,-0.4,7.96842304,0.997941932,0.997651405,0.0002905269999999849
c,-0.4,7.98938616,0.997380339,0.998033156,-0.0006528169999999722
c,-0.4,8.01050815,0.997630519,0.997298625,0.00033189399999999925
c,-0.4,8.03153334,0.997901683,0.997912855,-1.1172000000003734e-05
c,-0.4,8.05240251,0.996250595,0.994739839,0.0015107560000000575
c,-0.4,8.07332696,0.997882627,0.997432447,0.0004501799999999667
c,-0.4,8.09438514,0.996498824,0.996426222,7.26020000000327e-05
c,-0.4,8.11529588,0.995260232,0.99711483,-0.001854597999999985
c,-0.4,8.13618411,0.995895247,0.997160922,-0.0012656749999999661
c,-0.4,8.15717855,0.99697106,0.998281022,-0.0013099619999999979
c,-0.4,8.17807847,0.998205885,0.995078551,0.0031273339999999816
c,-0.4,8.19905269,0.998521201,0.995814734,0.00270646699999999
c,-0.4,8.21991085,0.995669757,1.00014775,-0.004477992999999958
c,-0.4,8.24078529,0.996793428,0.998453197,-0.0016597689999999776
c,-0.4,8.26195652,0.999974976,0.995683946,0.0042910299999999735
c,-0.4,8.28293039,0.997395665,0.996130727,0.0012649379999999377
c,-0.4,8.30373423,0.996172641,0.997087905,-0.0009152639999999712
c,-0.4,8.32452583,0.999503359,0.99681761,0.0026857489999999595
c,-0.4,8.34556221,0.997085896,0.995704705,0.0013811910000000038
c,-0.4,8.36671927,0.99478191,0.997624389,-0.002842478999999898
c,-0.4,8.38757523,0.996447078,0.996361873,8.52049999999771e-05
c,-0.4,8.40855808,0.996837829,0.997826723,-0.000988894000000018
c,-0.4,8.42953585,0.996795684,0.994216836,0.002578847999999967
c,-0.4,8.45042977,0.994275054,0.994880921,-0.0006058669999999822
c,-0.4,8.47138662,0.996503393,0.997933509,-0.0014301159999999813
c,-0.4,8.49217243,0.99832457,0.995870219,0.0024543510000000213
c,-0.4,8.51321806,0.996517468,0.9949016,0.0016158679999999093
c,-0.4,8.53421183,0.996029497,0.997516649,-0.001487152000000047
c,-0.4,8.55508292,0.998108502,0.995580394,0.002528108000000029
c,-0.4,8.57598662,0.997431918,0.997001245,0.00043067299999999253
c,-0.4,8.59679232,0.995807743,0.99616542,-0.0003576770000000007
c,-0.4,8.61783107,0.99511284,0.997894816,-0.002781975999999964
c,-0.4,8.63891768,0.993835067,0.995847857,-0.0020127899999999865
c,-0.4,8.65972861,0.994821787,0.996591262,-0.0017694750000000203
c,-0.4,8.68059853,0.995429308,0.996530561,-0.0011012530000000798
c,-0.4,8.70174168,0.99544336,0.996188244,-0.0007448839999999457
c,-0.4,8.72279566,0.994808021,0.994553502,0.0002545189999999531
c,-0.4,8.74359241,0.995994526,0.996601709,-0.0006071829999999556
c,-0.4,8.76424415,0.995274413,0.996056359,-0.0007819460000000333
c,-0.4,8.78526729,0.995506903,0.994104364,0.0014025389999999804
c,-0.4,8.80637189,0.994893335,0.995409257,-0.0005159220000000575
c,-0.4,8.82736896,0.996845148,0.993240883,0.0036042649999999954
c,-0.4,8.84843212,0.995984428,0.998589328,-0.002604900000000021
c,-0.4,8.86933197,0.994740654,0.995564845,-0.0008241909999999741
c,-0.4,8.89026857,0.996766064,0.995198775,0.0015672890000000272
c,-0.4,8.91123702,0.996794469,0.995589575,0.001204894000000012
c,-0.4,8.93214776,0.997908852,0.996342113,0.0015667390000000392
c,-0.4,8.95312097,0.998731571,0.995909455,0.00282211599999993
c,-0.4,8.9741304,0.995118953,0.996070972,-0.0009520190000000817
c,-0.4,8.99505705,0.997757616,0.997233603,0.0005240130000000454
c,-0.4,9.01571368,0.995983692,0.994149719,0.0018339729999999888
c,-0.4,9.03640927,0.993432817,0.996879621,-0.003446804000000081
c,-0.4,9.05755121,0.993805656,0.993899831,-9.417499999997414e-05
c,-0.4,9.07868023,0.995820358,0.99611431,-0.0002939519999999307
c,-0.4,9.09969513,0.997429277,0.996238948,0.0011903289999999345
c,-0.4,9.1205658,0.9955206,0.998046293,-0.002525693000000051
c,-0.4,9.14137844,0.99706397,0.995791305,0.0012726650000000062
c,-0.4,9.16237082,0.99632795,0.997835973,-0.0015080230000000805
c,-0.4,9.18339441,0.994458627,0.996097097,-0.0016384700000000585
c,-0.4,9.20447395,0.996450247,0.995706918,0.0007433289999999593
c,-0.4,9.22549281,0.997210169,0.99629608,0.0009140890000000068
c,-0.4,9.2463962,0.999677852,0.997307852,0.0023699999999999832
c,-0.4,9.26722673,0.997658595,0.997977074,-0.00031847900000003815
c,-0.4,9.28791689,0.996125788,0.995803749,0.0003220389999999407
c,-0.4,9.30892724,0.996690181,0.994899772,0.0017904089999999373
c,-0.4,9.33003065,0.996150739,0.997181385,-0.001030646000000024
c,-0.4,9.35102864,0.996332636,0.997096653,-0.0007640170000000612
c,-0.4,9.37196601,0.998216895,0.995818772,0.0023981229999999742
c,-0.4,9.39258783,0.997577295,0.994640338,0.0029369570000000733
c,-0.4,9.41349621,0.996371916,0.996801044,-0.00042912800000005635
c,-0.4,9.4347927,0.997030649,0.99588529,0.0011453590000000125
c,-0.4,9.45587737,0.994242642,0.998045334,-0.003802691999999941
c,-0.4,9.47676866,0.996574487,0.996800742,-0.00022625500000006404
c,-0.4,9.49762777,0.999080119,0.996032142,0.003047977000000035
c,-0.4,9.51852362,0.998204581,0.996131693,0.0020728879999999394
c,-0.4,9.53939795,0.997398385,0.996500515,0.0008978699999999673
c,-0.4,9.56035551,0.997728398,0.996795254,0.0009331439999999969
c,-0.4,9.58149741,0.995182548,0.996429002,-0.001246454000000008
c,-0.4,9.60249587,0.996548888,0.997707856,-0.001158968000000038
c,-0.4,9.62336478,0.997260926,1.00028331,-0.003022383999999878
c,-0.4,9.64415055,0.998780227,0.997449113,0.0013311139999999666
c,-0.4,9.66502224,0.997503725,0.99886941,-0.0013656850000000054
c,-0.4,9.68597433,0.998298754,0.998413911,-0.00011515699999997686
c,-0.4,9.7069728,0.998781423,0.997268962,0.0015124609999999095
c,-0.4,9.72797765,0.996025718,0.995935531,9.018699999996382e-05
c,-0.4,9.74896401,0.997558369,0.998924981,-0.0013666120000001003
c,-0.4,9.76996217,0.999417597,0.998221171,0.0011964260000000282
c,-0.4,9.79085678,0.997638334,0.996480388,0.0011579459999999653
c,-0.4,9.81166698,0.99754981,0.996603586,0.0009462239999999955
c,-0.4,9.83262494,0.996707758,0.995293148,0.0014146099999999828
c,-0.4,9.85372265,0.997601986,0.997444455,0.00015753100000004405
c,-0.4,9.87472665,0.999401937,0.998890421,0.0005115159999999896
c,-0.4,9.89559934,0.997292243,0.997789006,-0.0004967630000000112
c,-0.4,9.91635289,0.996269902,0.995702549,0.0005673529999999927
c,-0.4,9.93737645,0.997931298,0.998295278,-0.00036397999999993047
c,-0.4,9.95856995,0.999629375,0.997538434,0.0020909410000000683
c,-0.4,9.97940815,0.996296239,0.998489018,-0.0021927790000000336
c,-0.4,10.000082,0.999185172,0.996974605,0.0022105669999999966
c,-0.2,0.0252815853,0.00413673488,0.0005296485,0.0036070863800000004
c,-0.2,0.0486976344,0.00557167415,0.00202846552,0.00354320863
c,-0.2,0.0692644017,0.00792380477,0.00402958427,0.003894220500000001
c,-0.2,0.08877835,0.0106129963,0.0065389667,0.0040740296
c,-0.2,0.111604297,0.0146917568,0.0103843786,0.0043073782
c,-0.2,0.132731806,0.0188657503,0.014921314,0.003944436300000001
c,-0.2,0.153672181,0.0238170207,0.0194036234,0.0044133973
c,-0.2,0.175641863,0.0299817848,0.0254828463,0.004498938500000001
c,-0.2,0.196615509,0.0362530923,0.0314882479,0.004764844399999996
c,-0.2,0.217326708,0.0431935367,0.0383529598,0.004840576899999997
c,-0.2,0.237538457,0.0505436587,0.0459423072,0.004601351500000003
c,-0.2,0.258148683,0.0581064357,0.0544368764,0.0036695593
c,-0.2,0.28040349,0.0685113631,0.0635472762,0.004964086899999998
c,-0.2,0.301929084,0.0778175364,0.0723367336,0.005480802800000004
c,-0.2,0.322287413,0.0892482447,0.0829809724,0.006267272300000001
c,-0.2,0.342663331,0.0986057112,0.0941899695,0.004415741700000003
c,-0.2,0.363641289,0.111452882,0.106021932,0.005430950000000004
c,-0.2,0.385602948,0.121573041,0.117278241,0.004294800000000001
c,-0.2,0.406737165,0.135530382,0.131483427,0.004046954999999991
c,-0.2,0.427001871,0.147030491,0.142672773,0.00435771800000001
c,-0.2,0.448754416,0.163721012,0.158300225,0.00542078700000001
c,-0.2,0.469601745,0.176404428,0.172040278,0.004364150000000011
c,-0.2,0.489805379,0.191196744,0.187419918,0.003776826000000011
c,-0.2,0.510302494,0.206582153,0.2006271,0.005955052999999988
c,-0.2,0.53178319,0.221374518,0.216457362,0.004917156000000006
c,-0.2,0.553922362,0.23952098,0.232047709,0.0074732710000000035
c,-0.2,0.574670041,0.255662067,0.251210747,0.004451319999999981
c,-0.2,0.594645701,0.270787403,0.265355673,0.005431729999999968
c,-0.2,0.615540037,0.290918344,0.284801103,0.0061172409999999955
c,-0.2,0.636554081,0.306729804,0.302452871,0.004276932999999983
c,-0.2,0.658102417,0.327227667,0.320108264,0.007119403000000024
c,-0.2,0.679189641,0.345540171,0.338444245,0.00709592600000003
c,-0.2,0.700054044,0.363847219,0.359353412,0.004493807000000016
c,-0.2,0.721329826,0.384195629,0.380455977,0.003739651999999982
c,-0.2,0.742033923,0.399723958,0.399618511,0.00010544699999998075
c,-0.2,0.762614581,0.419785971,0.419798901,-1.293000000002209e-05
c,-0.2,0.783270495,0.439888151,0.437610291,0.0022778600000000204
c,-0.2,0.804783918,0.464667886,0.459703853,0.004964032999999979
c,-0.2,0.826095906,0.482584566,0.482354341,0.0002302249999999728
c,-0.2,0.846303977,0.503819276,0.499617637,0.004201638999999979
c,-0.2,0.867174819,0.519538951,0.518490406,0.0010485450000000673
c,-0.2,0.888413258,0.545192429,0.541022903,0.004169525999999979
c,-0.2,0.909910564,0.566567014,0.561491592,0.005075421999999996
c,-0.2,0.931134698,0.589327151,0.586218541,0.003108609999999956
c,-0.2,0.951563161,0.604023638,0.606590782,-0.002567144000000021
c,-0.2,0.972160451,0.626083389,0.625735422,0.0003479670000000601
c,-0.2,0.993008165,0.644506551,0.644892025,-0.00038547399999999676
c,-0.2,1.0140906,0.664332111,0.66615613,-0.0018240189999999545
c,-0.2,1.03500338,0.684399174,0.689241667,-0.004842492999999948
c,-0.2,1.05657413,0.707010812,0.706704115,0.00030669700000007794
c,-0.2,1.07789814,0.725570337,0.721436711,0.004133626000000001
c,-0.2,1.09835045,0.742438062,0.745261491,-0.0028234290000000994
c,-0.2,1.11903902,0.761018462,0.761872003,-0.0008535410000000132
c,-0.2,1.1396405,0.776918325,0.776979785,-6.145999999995766e-05
c,-0.2,1.16109193,0.798345821,0.795685854,0.00265996699999993
c,-0.2,1.18227503,0.813457892,0.817980839,-0.004522946999999999
c,-0.2,1.2030555,0.829946297,0.828407308,0.0015389890000000461
c,-0.2,1.22375183,0.841923283,0.840832659,0.001090623999999929
c,-0.2,1.24453484,0.855438872,0.859099252,-0.0036603800000000186
c,-0.2,1.26570671,0.874160457,0.8748603,-0.0006998430000000333
c,-0.2,1.28693994,0.884251169,0.884730141,-0.00047897200000002194
c,-0.2,1.30807124,0.902136965,0.89685115,0.005285814999999916
c,-0.2,1.32889646,0.910228481,0.909901331,0.00032714999999994276
c,-0.2,1.34945121,0.918982022,0.923210617,-0.004228594999999946
c,-0.2,1.37055188,0.928757678,0.930227713,-0.0014700349999999807
c,-0.2,1.39148285,0.939002605,0.941607373,-0.0026047679999999795
c,-0.2,1.41220445,0.951240268,0.951544008,-0.0003037399999999968
c,-0.2,1.43352474,0.953302941,0.954327185,-0.0010242440000000075
c,-0.2,1.45454751,0.962319364,0.966984155,-0.004664791000000057
c,-0.2,1.47511055,0.970269237,0.972907667,-0.0026384299999999694
c,-0.2,1.49566583,0.979699802,0.97622174,0.003478062000000004
c,-0.2,1.51690776,0.980673369,0.983974829,-0.0033014599999999783
c,-0.2,1.53826425,0.988188484,0.990194725,-0.0020062410000000197
c,-0.2,1.55931449,0.990050476,0.997875182,-0.00782470600000007
c,-0.2,1.58012172,0.99621478,1.00158286,-0.005368080000000108
c,-0.2,1.60114355,0.999689147,1.00354156,-0.0038524129999999435
c,-0.2,1.62229155,1.00565616,1.0082549,-0.002598740000000044
c,-0.2,1.64295947,1.00675692,1.00741853,-0.0006616100000000902
c,-0.2,1.66366432,1.00726619,1.00988325,-0.002617059999999949
c,-0.2,1.68478217,1.01410805,1.01781041,-0.0037023600000001267
c,-0.2,1.7057485,1.01173075,1.01736677,-0.005636020000000075
c,-0.2,1.72683745,1.0087308,1.01450635,-0.005775550000000074
c,-0.2,1.74765849,1.01371765,1.01112157,0.0025960800000000006
c,-0.2,1.76847487,1.01879084,1.0120598,0.0067310400000000215
c,-0.2,1.78961871,1.0132944,1.01283158,0.0004628199999998639
c,-0.2,1.81086098,1.01294677,1.0172675,-0.004320729999999884
c,-0.2,1.83179094,1.00860023,1.0123527,-0.0037524700000000077
c,-0.2,1.8521746,1.01455779,1.01516945,-0.0006116599999999028
c,-0.2,1.8733654,1.01172462,1.01225587,-0.0005312499999998721
c,-0.2,1.89455538,1.01627872,1.01210881,0.00416991000000011
c,-0.2,1.91534795,1.01478491,1.01369789,0.0010870199999999386
c,-0.2,1.93623233,1.01336313,1.0119532,0.0014099299999998927
c,-0.2,1.9571481,1.00942989,1.00762544,0.0018044500000000685
c,-0.2,1.97825109,1.00736931,1.01233899,-0.004969679999999865
c,-0.2,1.99905898,1.00233194,1.00281053,-0.0004785900000001675
c,-0.2,2.01966715,1.00751298,1.00696446,0.0005485199999999413
c,-0.2,2.04082415,1.00932063,1.00355987,0.005760760000000031
c,-0.2,2.06193171,1.00498625,0.999204527,0.005781723000000016
c,-0.2,2.08296048,1.0037837,1.01010017,-0.0063164700000000185
c,-0.2,2.10383017,1.00340126,1.00418909,-0.0007878299999999339
c,-0.2,2.12494312,0.998456146,0.999086668,-0.0006305220000000222
c,-0.2,2.14618475,0.999286584,0.997712769,0.0015738149999999784
c,-0.2,2.16679298,0.996755946,0.999287038,-0.0025310920000000126
c,-0.2,2.18753482,0.991846797,0.99255284,-0.0007060429999999895
c,-0.2,2.20847027,0.996199487,0.990290145,0.00590934200000004
c,-0.2,2.22955181,0.993238841,0.994186994,-0.0009481529999999516
c,-0.2,2.25078374,0.993527169,0.988688488,0.004838681000000067
c,-0.2,2.27150159,0.99146314,0.984578647,0.006884493000000047
c,-0.2,2.29205574,0.989586283,0.992312843,-0.0027265600000000445
c,-0.2,2.31294326,0.99034387,0.986307548,0.004036322000000037
c,-0.2,2.3340363,0.987010651,0.984737173,0.0022734779999999954
c,-0.2,2.35514399,0.988404928,0.98549115,0.0029137780000000335
c,-0.2,2.37607726,0.984805516,0.98388193,0.0009235859999999763
c,-0.2,2.39730341,0.981829354,0.981951299,-0.00012194499999995667
c,-0.2,2.41857203,0.981776086,0.980072364,0.0017037220000000186
c,-0.2,2.43911056,0.981211554,0.980716891,0.0004946630000000063
c,-0.2,2.45988005,0.9825367,0.978054412,0.0044822880000000564
c,-0.2,2.48094151,0.979312606,0.975787519,0.0035250869999999823
c,-0.2,2.50196601,0.980975287,0.981231664,-0.0002563769999999188
c,-0.2,2.52300496,0.979635157,0.977045322,0.002589834999999985
c,-0.2,2.54340089,0.974249617,0.974418753,-0.00016913600000001416
c,-0.2,2.56415297,0.9773856,0.978225986,-0.0008403860000000263
c,-0.2,2.58575836,0.974056741,0.97906207,-0.005005329000000058
c,-0.2,2.60684428,0.973583768,0.973779784,-0.00019601599999996555
c,-0.2,2.62775949,0.97416693,0.974294365,-0.00012743500000000907
c,-0.2,2.64834355,0.973879084,0.974269699,-0.00039061500000003857
c,-0.2,2.66912062,0.977047529,0.973114658,0.00393287100000006
c,-0.2,2.69039946,0.975716273,0.975168139,0.0005481339999999779
c,-0.2,2.71121518,0.973716626,0.974263123,-0.0005464969999999791
c,-0.2,2.7321837,0.974759187,0.974638599,0.00012058799999992154
c,-0.2,2.75306239,0.972094131,0.973366732,-0.0012726010000000398
c,-0.2,2.77427049,0.975984108,0.97356983,0.0024142780000000474
c,-0.2,2.79557932,0.969695299,0.973013195,-0.003317896000000098
c,-0.2,2.8160646,0.970455773,0.974862805,-0.004407032000000033
c,-0.2,2.83689478,0.969527726,0.970465342,-0.0009376159999999745
c,-0.2,2.85801727,0.975615291,0.97286051,0.0027547810000000394
c,-0.2,2.87906973,0.972257311,0.973862768,-0.0016054570000000323
c,-0.2,2.89996898,0.976129672,0.973316101,0.0028135710000000147
c,-0.2,2.92062944,0.972955851,0.973790865,-0.0008350139999999673
c,-0.2,2.941605,0.973369398,0.972257478,0.001111920000000044
c,-0.2,2.96267076,0.973426466,0.976709301,-0.0032828349999999284
c,-0.2,2.98347442,0.97515729,0.971666117,0.003491172999999903
c,-0.2,3.00437656,0.972380574,0.976838406,-0.00445783200000005
c,-0.2,3.02542142,0.976951587,0.980632482,-0.0036808950000000173
c,-0.2,3.04658726,0.97852442,0.975972465,0.002551954999999939
c,-0.2,3.06768101,0.981767997,0.975785718,0.005982278999999924
c,-0.2,3.088328,0.975467966,0.97562529,-0.00015732400000001423
c,-0.2,3.10931167,0.976900683,0.97554743,0.0013532529999999987
c,-0.2,3.1305457,0.975319213,0.97900272,-0.0036835069999999748
c,-0.2,3.15150209,0.979846192,0.978290042,0.0015561499999999784
c,-0.2,3.17219014,0.976694036,0.978166102,-0.0014720659999999386
c,-0.2,3.19299024,0.978486824,0.979415708,-0.0009288840000000187
c,-0.2,3.21390436,0.975780751,0.977596205,-0.0018154540000000496
c,-0.2,3.23506564,0.976570045,0.978654448,-0.0020844030000000124
c,-0.2,3.25605387,0.980183954,0.978287445,0.0018965090000000462
c,-0.2,3.27685776,0.97641831,0.976392962,2.5347999999980608e-05
c,-0.2,3.29794723,0.977747051,0.98185299,-0.004105939000000003
c,-0.2,3.31884778,0.979873265,0.978651673,0.001221592000000049
c,-0.2,3.33944269,0.982258722,0.98050694,0.001751781999999924
c,-0.2,3.36030612,0.980897768,0.97964902,0.0012487479999999662
c,-0.2,3.38171654,0.979162364,0.980131185,-0.0009688209999999531
c,-0.2,3.40297495,0.983977568,0.981433113,0.002544455000000001
c,-0.2,3.42370792,0.980771718,0.979865578,0.0009061399999999997
c,-0.2,3.44440875,0.980826464,0.976000852,0.004825611999999979
c,-0.2,3.465315,0.980119411,0.981816204,-0.0016967930000000297
c,-0.2,3.4865867,0.979473344,0.980701098,-0.0012277540000000808
c,-0.2,3.50751221,0.982053784,0.984408661,-0.002354877000000033
c,-0.2,3.52796741,0.98180876,0.982189045,-0.00038028500000009124
c,-0.2,3.5488788,0.980894702,0.983871436,-0.002976734000000092
c,-0.2,3.57014151,0.981271362,0.982896261,-0.0016248990000000685
c,-0.2,3.59120365,0.984782495,0.984404506,0.0003779890000000785
c,-0.2,3.61190928,0.984292831,0.982701561,0.0015912700000000335
c,-0.2,3.63300558,0.980836133,0.979662423,0.0011737100000001055
c,-0.2,3.6541422,0.983252022,0.98420169,-0.0009496680000000701
c,-0.2,3.67500902,0.982297552,0.983999728,-0.0017021759999999997
c,-0.2,3.69581564,0.990031722,0.983055248,0.00697647400000001
c,-0.2,3.71644729,0.983981321,0.986061425,-0.002080104000000027
c,-0.2,3.73749774,0.984328243,0.982354511,0.0019737319999999503
c,-0.2,3.75868086,0.984775514,0.988007503,-0.0032319889999999907
c,-0.2,3.77950549,0.984251096,0.986491237,-0.0022401409999999178
c,-0.2,3.80027286,0.986939951,0.984707574,0.0022323770000000076
c,-0.2,3.82143123,0.988154404,0.986972295,0.0011821089999999312
c,-0.2,3.84280481,0.988821444,0.985156322,0.0036651220000000206
c,-0.2,3.86349282,0.987886237,0.989789888,-0.0019036510000000062
c,-0.2,3.88417456,0.985498358,0.984303618,0.001194739999999972
c,-0.2,3.90535419,0.987169241,0.989633013,-0.0024637719999999197
c,-0.2,3.9264697,0.985112301,0.986500967,-0.0013886659999999829
c,-0.2,3.94738681,0.989387612,0.988613957,0.0007736550000000397
c,-0.2,3.96810309,0.991889448,0.993137875,-0.0012484269999999409
c,-0.2,3.98888694,0.988792327,0.991632156,-0.002839829000000016
c,-0.2,4.00993371,0.988168052,0.991165241,-0.002997189000000011
c,-0.2,4.03080983,0.988123111,0.987269313,0.0008537980000000722
c,-0.2,4.05178039,0.990940545,0.992605215,-0.0016646700000000347
c,-0.2,4.07276799,0.990732268,0.990794626,-6.235799999998459e-05
c,-0.2,4.09368684,0.992488479,0.990791888,0.0016965910000000806
c,-0.2,4.11485609,0.991228881,0.995609413,-0.0043805320000001036
c,-0.2,4.13583188,0.993170635,0.991740813,0.0014298219999999695
c,-0.2,4.15670688,0.991978257,0.993034938,-0.0010566810000000038
c,-0.2,4.17758774,0.995330869,0.994693743,0.0006371259999999879
c,-0.2,4.19867141,0.992680905,0.992343274,0.0003376309999999494
c,-0.2,4.21961517,0.991601703,0.991063237,0.0005384659999999597
c,-0.2,4.24013393,0.992850447,0.993326137,-0.0004756900000000286
c,-0.2,4.26119077,0.996777516,0.995257134,0.0015203819999999313
c,-0.2,4.28239268,0.994087055,0.992661184,0.001425871000000023
c,-0.2,4.30342826,0.995283299,0.997416699,-0.002133399999999952
c,-0.2,4.32431592,0.998228481,0.996605923,0.0016225579999999962
c,-0.2,4.34508479,0.995272989,0.994944196,0.0003287930000001049
c,-0.2,4.36604259,0.996740037,0.99732057,-0.0005805329999999387
c,-0.2,4.38708086,0.998658354,0.997045043,0.0016133110000000617
c,-0.2,4.40778797,0.999321329,1.00326104,-0.003939710999999901
c,-0.2,4.4288526,1.00137136,1.00016814,0.0012032200000000604
c,-0.2,4.44994967,0.999078634,0.999780008,-0.0007013740000000324
c,-0.2,4.47085438,0.998489619,0.998746897,-0.0002572779999999719
c,-0.2,4.49188801,1.0023205,0.997379834,0.0049406659999999825
c,-0.2,4.51250216,1.00022848,0.99662362,0.003604860000000043
c,-0.2,4.5334461,1.00182815,0.998584626,0.003243523999999942
c,-0.2,4.55463591,1.00213084,1.00279256,-0.0006617200000000878
c,-0.2,4.57547609,1.00240482,1.00185048,0.0005543399999998755
c,-0.2,4.59643311,1.00566347,1.00268541,0.0029780600000000046
c,-0.2,4.61732903,1.00058378,1.00179918,-0.0012153999999999776
c,-0.2,4.63833098,1.00079486,1.00175868,-0.0009638199999999486
c,-0.2,4.65949324,1.00242278,1.00100486,0.0014179199999999614
c,-0.2,4.68039693,1.00149462,1.00112011,0.00037450999999988355
c,-0.2,4.70136745,1.00194859,1.00483472,-0.0028861300000000423
c,-0.2,4.72221533,1.00204433,1.00438094,-0.0023366100000001833
c,-0.2,4.74309374,1.00014561,1.00229171,-0.0021461000000000396
c,-0.2,4.76390784,1.00396471,1.00599851,-0.0020337999999999745
c,-0.2,4.78491795,1.00231387,1.00247423,-0.00016035999999997053
c,-0.2,4.80636204,1.00431184,1.00176865,0.0025431899999999175
c,-0.2,4.82728449,1.00474233,1.00225034,0.0024919899999999995
c,-0.2,4.84785524,1.00291382,1.00694195,-0.004028130000000019
c,-0.2,4.86859731,1.00369499,1.00493597,-0.0012409799999999471
c,-0.2,4.88954319,1.01014979,1.00694086,0.0032089299999999987
c,-0.2,4.91078695,1.00404183,1.00250474,0.0015370900000000187
c,-0.2,4.93172016,1.00682942,1.00147242,0.005357000000000056
c,-0.2,4.95244063,1.00768975,1.00497183,0.0027179200000000403
c,-0.2,4.97348932,1.00575179,1.0020091,0.0037426899999999375
c,-0.2,4.994309,1.00799713,1.0042649,0.003732230000000003
c,-0.2,5.01515697,1.00510371,1.0055846,-0.0004808899999999561
c,-0.2,5.03598003,1.00629962,1.00881867,-0.002519049999999856
c,-0.2,5.05703237,1.00468558,1.00687978,-0.002194199999999924
c,-0.2,5.07840332,1.00824683,1.00742387,0.0008229600000000392
c,-0.2,5.09943841,1.00612736,1.00340316,0.0027242000000000655
c,-0.2,5.12032938,1.00779542,1.00404976,0.003745660000000095
c,-0.2,5.14107614,1.00532644,1.00668951,-0.0013630700000000218
c,-0.2,5.16214077,1.00648361,1.00389702,0.0025865900000001663
c,-0.2,5.18341099,1.00579037,1.00686111,-0.00107074000000007
c,-0.2,5.2041075,1.00795877,1.00580202,0.0021567499999999296
c,-0.2,5.22477891,1.00731784,1.00457447,0.0027433699999999117
c,-0.2,5.24557967,1.00961968,1.00577657,0.0038431099999998164
c,-0.2,5.26649236,1.00914707,1.00411653,0.005030540000000139
c,-0.2,5.28753131,1.00702228,1.00429991,0.002722369999999863
c,-0.2,5.30847064,1.00690094,1.00777009,-0.0008691499999999852
c,-0.2,5.32946745,1.00635076,1.0098794,-0.003528640000000083
c,-0.2,5.3506922,1.00535412,1.00456997,0.0007841500000000945
c,-0.2,5.37158853,1.00910121,1.00590341,0.0031978000000001394
c,-0.2,5.39231925,1.00771967,1.00874519,-0.001025520000000002
c,-0.2,5.41333352,1.00697796,1.00658847,0.0003894899999998813
c,-0.2,5.43434316,1.00840066,1.00841883,-1.8170000000150566e-05
c,-0.2,5.45530659,1.00566182,1.00697459,-0.0013127699999999631
c,-0.2,5.47618498,1.00669855,1.00945279,-0.002754240000000019
c,-0.2,5.49715755,1.00513774,1.0080608,-0.0029230600000000884
c,-0.2,5.51801586,1.00747716,1.00761053,-0.0001333699999999105
c,-0.2,5.53881995,1.00715905,1.00743403,-0.00027497999999992473
c,-0.2,5.55992514,1.00901161,1.00833935,0.0006722599999999801
c,-0.2,5.58098545,1.00899605,1.00872637,0.00026967999999993886
c,-0.2,5.60183772,1.00705899,1.00899011,-0.001931120000000064
c,-0.2,5.62277584,1.00816922,1.00781495,0.0003542700000001009
c,-0.2,5.64379172,1.01125801,1.00964313,0.0016148799999999852
c,-0.2,5.66460817,1.00751443,1.00685525,0.0006591799999999814
c,-0.2,5.68556022,1.0059692,1.0106063,-0.004637100000000061
c,-0.2,5.7067909,1.00825813,1.00624862,0.0020095099999999366
c,-0.2,5.72769317,1.00919938,1.00629517,0.0029042100000000737
c,-0.2,5.74840017,1.00948312,1.0101575,-0.0006743799999999744
c,-0.2,5.76938192,1.00861258,1.0073392,0.0012733799999999906
c,-0.2,5.79039764,1.010897,1.0050393,0.005857699999999966
c,-0.2,5.81144039,1.01064639,1.00825671,0.0023896800000000606
c,-0.2,5.83232115,1.00787643,1.01007974,-0.0022033099999998473
c,-0.2,5.85320209,1.01113742,1.0092275,0.0019099200000001204
c,-0.2,5.87418919,1.01035343,1.00673982,0.003613610000000156
c,-0.2,5.89509625,1.00966078,1.00727291,0.0023878699999999586
c,-0.2,5.9159726,1.01036223,1.00938935,0.0009728799999999538
c,-0.2,5.93682663,1.00683135,1.00840881,-0.0015774600000000305
c,-0.2,5.95791772,1.00701915,1.00903986,-0.0020207099999998146
c,-0.2,5.97900675,1.0056144,1.00720054,-0.0015861399999999026
c,-0.2,5.99978945,1.00577412,1.00805013,-0.002276009999999884
c,-0.2,6.02063577,1.01049829,1.00657723,0.003921059999999921
c,-0.2,6.04156421,1.00580161,1.00737624,-0.0015746299999999103
c,-0.2,6.06259364,1.00344306,1.00870808,-0.005265019999999954
c,-0.2,6.08377541,1.00477086,1.00738433,-0.0026134700000000066
c,-0.2,6.10447051,1.00695019,1.01148122,-0.0045310300000001025
c,-0.2,6.12538157,1.0089833,1.00594302,0.0030402800000000063
c,-0.2,6.14660689,1.0063838,1.0051589,0.0012248999999999732
c,-0.2,6.16752321,1.00358318,1.00653712,-0.0029539400000000438
c,-0.2,6.18833806,1.00580369,1.00743842,-0.0016347299999999176
c,-0.2,6.20938667,1.00605337,1.00840858,-0.002355209999999941
c,-0.2,6.23052184,1.00761401,1.00481904,0.002794969999999841
c,-0.2,6.25137137,1.00771613,1.00492819,0.0027879399999999332
c,-0.2,6.27204484,1.00302179,1.00726062,-0.004238830000000027
c,-0.2,6.29290789,1.00642225,1.00785308,-0.001430830000000105
c,-0.2,6.31382104,1.00619426,1.00591811,0.0002761499999999195
c,-0.2,6.33495691,1.00764093,1.004945,0.002695930000000013
c,-0.2,6.35600914,1.00583331,1.00729128,-0.0014579699999999196
c,-0.2,6.37663869,1.00498548,1.00344341,0.001542069999999951
c,-0.2,6.39770954,1.00626076,1.00496864,0.0012921200000000077
c,-0.2,6.41872759,1.00690838,1.00307757,0.0038308099999999623
c,-0.2,6.43951457,1.0050674,1.00628355,-0.0012161500000000824
c,-0.2,6.46033562,1.00567538,1.00383343,0.001841949999999981
c,-0.2,6.4814564,1.00446495,1.00318189,0.0012830600000000025
c,-0.2,6.50265681,1.00536159,1.00579955,-0.00043796000000018154
c,-0.2,6.52350383,1.00330051,1.00645685,-0.0031563399999998687
c,-0.2,6.54427866,1.00418979,1.00422569,-3.5899999999866594e-05
c,-0.2,6.56515568,1.00579696,1.00321837,0.0025785900000001583
c,-0.2,6.58628576,1.00556327,1.00481037,0.0007528999999999453
c,-0.2,6.60749316,1.00150181,1.00573873,-0.004236920000000088
c,-0.2,6.62830625,1.00365482,1.00417653,-0.0005217100000001196
c,-0.2,6.64913567,1.00396813,1.00257044,0.001397690000000118
c,-0.2,6.67020149,1.00374283,1.00395152,-0.00020869000000001137
c,-0.2,6.69106898,1.00149641,1.00578492,-0.004288510000000079
c,-0.2,6.71185955,1.0038419,1.00376849,7.341000000016251e-05
c,-0.2,6.73264651,1.00379346,1.00196274,0.0018307200000000634
c,-0.2,6.7537045,1.00036563,1.00223926,-0.0018736300000001815
c,-0.2,6.77487174,1.00382513,1.00053722,0.0032879100000000605
c,-0.2,6.79557562,1.00343592,1.0030374,0.0003985200000000688
c,-0.2,6.81648781,1.00390734,1.00206424,0.0018431000000000974
c,-0.2,6.83753747,1.00204535,1.00408472,-0.002039370000000096
c,-0.2,6.85867557,1.00327042,1.00329315,-2.272999999997083e-05
c,-0.2,6.87985316,1.00371489,1.00238637,0.0013285199999999442
c,-0.2,6.90065786,1.00196011,1.00232594,-0.0003658300000000114
c,-0.2,6.92153112,1.00332515,1.00245732,0.0008678300000000139
c,-0.2,6.94229803,1.00351079,1.00362683,-0.00011603999999998393
c,-0.2,6.9630016,1.00420886,1.00188103,0.0023278300000000307
c,-0.2,6.98416877,1.00314489,1.00325069,-0.00010580000000004475
c,-0.2,7.0052781,1.00275735,1.00187673,0.0008806199999999986
c,-0.2,7.02617612,1.0002073,1.00184513,-0.0016378299999999513
c,-0.2,7.04699526,0.999039528,1.00317414,-0.004134612000000093
c,-0.2,7.06761685,1.00098558,1.00162018,-0.0006345999999999297
c,-0.2,7.08873369,1.00080914,1.00134215,-0.0005330099999998339
c,-0.2,7.10994937,1.00133749,1.00152814,-0.0001906499999999589
c,-0.2,7.13102893,1.00018774,1.00144188,-0.0012541399999999037
c,-0.2,7.15201412,1.00019424,1.00161297,-0.0014187300000001457
c,-0.2,7.17271336,0.999477111,1.00021814,-0.0007410290000000597
c,-0.2,7.19374266,1.00144231,0.999560918,0.0018813920000000373
c,-0.2,7.21473042,1.00068116,0.999991832,0.0006893280000001001
c,-0.2,7.23564263,1.00173727,1.00065703,0.0010802400000000656
c,-0.2,7.25666289,0.999157313,1.00022936,-0.001072047000000076
c,-0.2,7.27757645,0.998623825,1.00001347,-0.0013896450000000504
c,-0.2,7.2984411,1.00385509,1.00245246,0.0014026300000000713
c,-0.2,7.31917384,0.999780802,0.999171605,0.0006091969999999503
c,-0.2,7.34001688,1.00197502,0.997373934,0.0046010859999999765
c,-0.2,7.3611683,0.998067435,0.997818199,0.0002492359999999305
c,-0.2,7.38224284,1.00094839,0.997213692,0.0037346980000000363
c,-0.2,7.40324015,0.998598086,0.998285721,0.00031236499999998113
c,-0.2,7.42408854,0.998701989,0.999814668,-0.0011126790000000053
c,-0.2,7.44500634,0.998633395,0.999783462,-0.0011500669999999769
c,-0.2,7.46595959,0.997997896,0.99688209,0.0011158059999999415
c,-0.2,7.48696308,0.999051609,0.999771663,-0.00072005399999997
c,-0.2,7.5079936,0.998200028,0.997848669,0.00035135899999994
c,-0.2,7.52871967,0.998303785,0.997060032,0.001243753000000014
c,-0.2,7.54966921,0.999361485,0.999490257,-0.00012877200000005473
c,-0.2,7.57064902,0.999938832,0.998865509,0.0010733229999999594
c,-0.2,7.59151428,1.00089925,0.99803471,0.0028645400000000265
c,-0.2,7.6123809,0.999315033,0.999077909,0.00023712399999997746
c,-0.2,7.63338324,0.998825103,0.997877673,0.0009474300000000824
c,-0.2,7.65450532,0.995130195,0.999780122,-0.004649926999999998
c,-0.2,7.67556944,0.999138493,0.99965017,-0.0005116769999999882
c,-0.2,7.69637751,0.998095621,0.994342689,0.003752932000000042
c,-0.2,7.71727216,0.997456134,0.997874938,-0.00041880400000005036
c,-0.2,7.73835725,0.999427046,0.99965435,-0.00022730400000003925
c,-0.2,7.75934923,0.996419542,0.997446085,-0.0010265429999999354
c,-0.2,7.78023116,0.998514392,0.995207784,0.003306608000000044
c,-0.2,7.80098697,0.997404878,0.996058805,0.0013460730000000032
c,-0.2,7.82190677,0.996409311,0.997399668,-0.0009903570000000528
c,-0.2,7.84304931,0.997843857,0.996282296,0.0015615610000000446
c,-0.2,7.86405132,0.997494585,0.999287149,-0.001792564000000052
c,-0.2,7.88484553,0.99861363,1.00052902,-0.0019153900000000723
c,-0.2,7.90574885,0.997503729,0.998711926,-0.0012081970000000775
c,-0.2,7.9267531,0.998690435,0.996226164,0.002464271000000018
c,-0.2,7.94765228,0.997838349,0.998615594,-0.000777244999999982
c,-0.2,7.96842304,0.998792081,0.997651405,0.0011406760000000071
c,-0.2,7.98938616,0.997640188,0.998033156,-0.00039296799999999354
c,-0.2,8.01050815,1.00089738,0.997298625,0.0035987550000000645
c,-0.2,8.03153334,0.995855291,0.997912855,-0.0020575640000000117
c,-0.2,8.05240251,0.996983259,0.994739839,0.002243419999999996
c,-0.2,8.07332696,0.997182994,0.997432447,-0.0002494530000000106
c,-0.2,8.09438514,0.994722833,0.996426222,-0.0017033889999999996
c,-0.2,8.11529588,0.997094556,0.99711483,-2.0274000000042314e-05
c,-0.2,8.13618411,0.996833346,0.997160922,-0.0003275759999999961
c,-0.2,8.15717855,0.996625311,0.998281022,-0.0016557110000000597
c,-0.2,8.17807847,0.995461379,0.995078551,0.0003828280000000017
c,-0.2,8.19905269,0.996671983,0.995814734,0.0008572490000000599
c,-0.2,8.21991085,0.99725963,1.00014775,-0.0028881200000000495
c,-0.2,8.24078529,0.998045277,0.998453197,-0.00040792000000000606
c,-0.2,8.26195652,0.995294451,0.995683946,-0.00038949499999996195
c,-0.2,8.28293039,0.996657697,0.996130727,0.0005269699999999045
c,-0.2,8.30373423,0.996028923,0.997087905,-0.001058981999999986
c,-0.2,8.32452583,0.995099535,0.99681761,-0.0017180749999999856
c,-0.2,8.34556221,0.997982336,0.995704705,0.002277631000000002
c,-0.2,8.36671927,0.994592849,0.997624389,-0.0030315399999999437
c,-0.2,8.38757523,0.993880205,0.996361873,-0.002481668000000048
c,-0.2,8.40855808,0.997654992,0.997826723,-0.0001717310000000083
c,-0.2,8.42953585,0.995277513,0.994216836,0.0010606770000000099
c,-0.2,8.45042977,0.998617665,0.994880921,0.003736744000000014
c,-0.2,8.47138662,0.997205689,0.997933509,-0.0007278200000000457
c,-0.2,8.49217243,0.996506015,0.995870219,0.0006357960000000773
c,-0.2,8.51321806,0.994995671,0.9949016,9.407099999991786e-05
c,-0.2,8.53421183,0.995488114,0.997516649,-0.002028534999999998
c,-0.2,8.55508292,0.996248379,0.995580394,0.0006679849999999821
c,-0.2,8.57598662,0.997439682,0.997001245,0.00043843700000001373
c,-0.2,8.59679232,0.99832054,0.99616542,0.002155120000000066
c,-0.2,8.61783107,0.996577525,0.997894816,-0.0013172909999999982
c,-0.2,8.63891768,0.994590727,0.995847857,-0.0012571300000000507
c,-0.2,8.65972861,0.998212959,0.996591262,0.001621696999999922
c,-0.2,8.68059853,0.997213381,0.996530561,0.0006828199999999729
c,-0.2,8.70174168,0.996509112,0.996188244,0.0003208680000000852
c,-0.2,8.72279566,0.995848412,0.994553502,0.001294909999999927
c,-0.2,8.74359241,0.997534713,0.996601709,0.0009330039999999595
c,-0.2,8.76424415,0.99465659,0.996056359,-0.0013997690000000507
c,-0.2,8.78526729,0.994954311,0.994104364,0.000849946999999962
c,-0.2,8.80637189,0.996698982,0.995409257,0.0012897249999999083
c,-0.2,8.82736896,0.997348833,0.993240883,0.004107949999999971
c,-0.2,8.84843212,0.997035251,0.998589328,-0.001554076999999987
c,-0.2,8.86933197,0.996824973,0.995564845,0.0012601279999999715
c,-0.2,8.89026857,0.996488386,0.995198775,0.0012896110000000238
c,-0.2,8.91123702,0.996396963,0.995589575,0.00080738800000002
c,-0.2,8.93214776,0.996075946,0.996342113,-0.0002661669999999283
c,-0.2,8.95312097,0.994845349,0.995909455,-0.0010641060000000646
c,-0.2,8.9741304,0.997190042,0.996070972,0.0011190699999999998
c,-0.2,8.99505705,0.99547472,0.997233603,-0.0017588829999999334
c,-0.2,9.01571368,0.997087863,0.994149719,0.0029381439999999204
c,-0.2,9.03640927,0.996928746,0.996879621,4.912499999998321e-05
c,-0.2,9.05755121,0.996137421,0.993899831,0.0022375900000000115
c,-0.2,9.07868023,0.99648272,0.99611431,0.0003684100000000967
c,-0.2,9.09969513,0.995883364,0.996238948,-0.0003555840000000199
c,-0.2,9.1205658,0.995617579,0.998046293,-0.0024287139999999985
c,-0.2,9.14137844,0.998308973,0.995791305,0.002517667999999973
c,-0.2,9.16237082,0.996903683,0.997835973,-0.0009322900000000578
c,-0.2,9.18339441,0.997802779,0.996097097,0.0017056819999999862
c,-0.2,9.20447395,0.996205917,0.995706918,0.0004989990000000555
c,-0.2,9.22549281,0.996160502,0.99629608,-0.00013557800000008058
c,-0.2,9.2463962,0.996656823,0.997307852,-0.0006510290000000252
c,-0.2,9.26722673,0.995917953,0.997977074,-0.0020591210000000526
c,-0.2,9.28791689,0.998016685,0.995803749,0.002212935999999943
c,-0.2,9.30892724,0.997746313,0.994899772,0.0028465410000000357
c,-0.2,9.33003065,0.995746885,0.997181385,-0.0014345000000000052
c,-0.2,9.35102864,0.997832417,0.997096653,0.0007357639999999721
c,-0.2,9.37196601,0.997073588,0.995818772,0.001254815999999992
c,-0.2,9.39258783,0.995624643,0.994640338,0.0009843050000000186
c,-0.2,9.41349621,0.996953808,0.996801044,0.00015276399999997192
c,-0.2,9.4347927,0.99857378,0.99588529,0.0026884899999999323
c,-0.2,9.45587737,0.998279447,0.998045334,0.00023411300000009128
c,-0.2,9.47676866,0.996709211,0.996800742,-9.153100000003356e-05
c,-0.2,9.49762777,0.998091105,0.996032142,0.0020589629999999692
c,-0.2,9.51852362,0.995994483,0.996131693,-0.00013720999999999872
c,-0.2,9.53939795,0.996667153,0.996500515,0.00016663799999994122
c,-0.2,9.56035551,0.998015981,0.996795254,0.001220726999999977
c,-0.2,9.58149741,0.999780073,0.996429002,0.0033510710000000943
c,-0.2,9.60249587,0.998900247,0.997707856,0.0011923910000000149
c,-0.2,9.62336478,0.998590245,1.00028331,-0.0016930649999998826
c,-0.2,9.64415055,0.996864535,0.997449113,-0.0005845780000000023
c,-0.2,9.66502224,0.99647132,0.99886941,-0.0023980899999999084
c,-0.2,9.68597433,0.996253346,0.998413911,-0.0021605649999999477
c,-0.2,9.7069728,0.997289419,0.997268962,2.0456999999973746e-05
c,-0.2,9.72797765,0.995658531,0.995935531,-0.0002769999999999717
c,-0.2,9.74896401,0.996404785,0.998924981,-0.0025201960000000856
c,-0.2,9.76996217,0.998510037,0.998221171,0.00028886599999999873
c,-0.2,9.79085678,0.99444262,0.996480388,-0.0020377679999999954
c,-0.2,9.81166698,0.996582136,0.996603586,-2.144999999997843e-05
c,-0.2,9.83262494,0.997452624,0.995293148,0.0021594759999999935
c,-0.2,9.85372265,0.99723391,0.997444455,-0.00021054500000006193
c,-0.2,9.87472665,0.996912334,0.998890421,-0.0019780870000000172
c,-0.2,9.89559934,0.997652744,0.997789006,-0.0001362619999999426
c,-0.2,9.91635289,0.998116663,0.995702549,0.0024141140000000227
c,-0.2,9.93737645,0.997742801,0.998295278,-0.0005524769999999402
c,-0.2,9.95856995,1.0002497,0.997538434,0.0027112659999999345
c,-0.2,9.97940815,0.999155525,0.998489018,0.0006665070000000384
c,-0.2,10.000082,0.997196707,0.996974605,0.0002221019999999463
c,0.0,0.0252815853,0.00542886456,0.0005296485,0.004899216059999999
c,0.0,0.0486976344,0.00670113212,0.00202846552,0.0046726666
c,0.0,0.0692644017,0.00905030813,0.00402958427,0.00502072386
c,0.0,0.08877835,0.0118532197,0.0065389667,0.0053142530000000006
c,0.0,0.111604297,0.0154035488,0.0103843786,0.005019170199999999
c,0.0,0.132731806,0.0196170347,0.014921314,0.004695720700000001
c,0.0,0.153672181,0.0250057246,0.0194036234,0.005602101200000001
c,0.0,0.175641863,0.0303657733,0.0254828463,0.004882926999999999
c,0.0,0.196615509,0.0375283571,0.0314882479,0.006040109199999998
c,0.0,0.217326708,0.0437436838,0.0383529598,0.0053907239999999995
c,0.0,0.237538457,0.0515594462,0.0459423072,0.005617139
c,0.0,0.258148683,0.0597157274,0.0544368764,0.005278851000000001
c,0.0,0.28040349,0.0695566255,0.0635472762,0.006009349299999994
c,0.0,0.301929084,0.0791283916,0.0723367336,0.006791658000000006
c,0.0,0.322287413,0.0898399721,0.0829809724,0.006858999699999993
c,0.0,0.342663331,0.0999343241,0.0941899695,0.005744354600000001
c,0.0,0.363641289,0.1114543,0.106021932,0.005432368000000007
c,0.0,0.385602948,0.12397007,0.117278241,0.006691828999999996
c,0.0,0.406737165,0.136867511,0.131483427,0.0053840839999999834
c,0.0,0.427001871,0.150019072,0.142672773,0.007346299000000001
c,0.0,0.448754416,0.164030251,0.158300225,0.005730025999999999
c,0.0,0.469601745,0.176662157,0.172040278,0.004621878999999995
c,0.0,0.489805379,0.192871192,0.187419918,0.005451274000000006
c,0.0,0.510302494,0.207810509,0.2006271,0.007183409000000002
c,0.0,0.53178319,0.221964192,0.216457362,0.005506830000000018
c,0.0,0.553922362,0.23862442,0.232047709,0.006576711000000013
c,0.0,0.574670041,0.256067229,0.251210747,0.004856481999999995
c,0.0,0.594645701,0.272561354,0.265355673,0.007205680999999964
c,0.0,0.615540037,0.289060821,0.284801103,0.004259718000000023
c,0.0,0.636554081,0.306980114,0.302452871,0.004527243000000014
c,0.0,0.658102417,0.326038127,0.320108264,0.005929863000000035
c,0.0,0.679189641,0.347362813,0.338444245,0.008918568000000016
c,0.0,0.700054044,0.363623995,0.359353412,0.0042705829999999945
c,0.0,0.721329826,0.383721228,0.380455977,0.0032652510000000246
c,0.0,0.742033923,0.405705203,0.399618511,0.006086692000000005
c,0.0,0.762614581,0.424389656,0.419798901,0.004590755000000002
c,0.0,0.783270495,0.442765419,0.437610291,0.005155128000000009
c,0.0,0.804783918,0.463774004,0.459703853,0.004070151000000022
c,0.0,0.826095906,0.483257886,0.482354341,0.0009035450000000056
c,0.0,0.846303977,0.5029723,0.499617637,0.0033546630000000355
c,0.0,0.867174819,0.523781664,0.518490406,0.005291258000000076
c,0.0,0.888413258,0.540990967,0.541022903,-3.193599999995467e-05
c,0.0,0.909910564,0.562677337,0.561491592,0.0011857450000000158
c,0.0,0.931134698,0.58726699,0.586218541,0.0010484490000000068
c,0.0,0.951563161,0.608640516,0.606590782,0.0020497339999999697
c,0.0,0.972160451,0.628527507,0.625735422,0.0027920850000000552
c,0.0,0.993008165,0.64505733,0.644892025,0.00016530500000000448
c,0.0,1.0140906,0.665223488,0.66615613,-0.0009326419999999835
c,0.0,1.03500338,0.685223796,0.689241667,-0.004017870999999951
c,0.0,1.05657413,0.706818384,0.706704115,0.00011426900000000018
c,0.0,1.07789814,0.720627395,0.721436711,-0.0008093160000000044
c,0.0,1.09835045,0.743144075,0.745261491,-0.0021174160000000386
c,0.0,1.11903902,0.758668356,0.761872003,-0.003203646999999976
c,0.0,1.1396405,0.783524043,0.776979785,0.006544258000000025
c,0.0,1.16109193,0.795841058,0.795685854,0.00015520400000001988
c,0.0,1.18227503,0.818303624,0.817980839,0.0003227850000000476
c,0.0,1.2030555,0.835036928,0.828407308,0.006629620000000003
c,0.0,1.22375183,0.840364254,0.840832659,-0.00046840500000000507
c,0.0,1.24453484,0.857227495,0.859099252,-0.001871757000000085
c,0.0,1.26570671,0.876331016,0.8748603,0.0014707159999999275
c,0.0,1.28693994,0.885653858,0.884730141,0.0009237169999999351
c,0.0,1.30807124,0.901600241,0.89685115,0.004749090999999983
c,0.0,1.32889646,0.910177244,0.909901331,0.000275912999999961
c,0.0,1.34945121,0.919632143,0.923210617,-0.003578473999999998
c,0.0,1.37055188,0.929168888,0.930227713,-0.0010588249999999855
c,0.0,1.39148285,0.936020649,0.941607373,-0.005586723999999932
c,0.0,1.41220445,0.955087054,0.951544008,0.003543045999999994
c,0.0,1.43352474,0.955780562,0.954327185,0.0014533769999999224
c,0.0,1.45454751,0.968409773,0.966984155,0.0014256179999999619
c,0.0,1.47511055,0.970400162,0.972907667,-0.0025075049999999655
c,0.0,1.49566583,0.976800984,0.97622174,0.0005792440000000898
c,0.0,1.51690776,0.984188319,0.983974829,0.00021349000000003837
c,0.0,1.53826425,0.987590484,0.990194725,-0.002604241000000007
c,0.0,1.55931449,0.994209772,0.997875182,-0.00366540999999998
c,0.0,1.58012172,0.998150737,1.00158286,-0.0034321230000000646
c,0.0,1.60114355,1.0001827,1.00354156,-0.0033588599999998525
c,0.0,1.62229155,1.00300219,1.0082549,-0.00525271000000016
c,0.0,1.64295947,1.00588981,1.00741853,-0.001528720000000039
c,0.0,1.66366432,1.00207532,1.00988325,-0.007807929999999796
c,0.0,1.68478217,1.00541056,1.01781041,-0.01239984999999999
c,0.0,1.7057485,1.01170493,1.01736677,-0.005661839999999918
c,0.0,1.72683745,1.00946994,1.01450635,-0.005036409999999991
c,0.0,1.74765849,1.01695935,1.01112157,0.005837780000000015
c,0.0,1.76847487,1.01883142,1.0120598,0.006771619999999867
c,0.0,1.78961871,1.01928343,1.01283158,0.006451849999999926
c,0.0,1.81086098,1.01619277,1.0172675,-0.0010747300000000237
c,0.0,1.83179094,1.01910616,1.0123527,0.006753459999999878
c,0.0,1.8521746,1.0151529,1.01516945,-1.655000000000406e-05
c,0.0,1.8733654,1.01006159,1.01225587,-0.002194279999999882
c,0.0,1.89455538,1.01175567,1.01210881,-0.000353139999999863
c,0.0,1.91534795,1.01082012,1.01369789,-0.0028777700000000017
c,0.0,1.93623233,1.00832518,1.0119532,-0.003628020000000065
c,0.0,1.9571481,1.00962586,1.00762544,0.0020004200000001138
c,0.0,1.97825109,1.00208995,1.01233899,-0.010249039999999932
c,0.0,1.99905898,1.00544906,1.00281053,0.0026385299999998058
c,0.0,2.01966715,1.00392959,1.00696446,-0.003034870000000023
c,0.0,2.04082415,1.00347964,1.00355987,-8.023000000001446e-05
c,0.0,2.06193171,1.00563805,0.999204527,0.0064335229999999966
c,0.0,2.08296048,1.00488096,1.01010017,-0.005219210000000141
c,0.0,2.10383017,0.997492006,1.00418909,-0.006697083999999909
c,0.0,2.12494312,1.00143767,0.999086668,0.0023510020000000464
c,0.0,2.14618475,1.00233894,0.997712769,0.004626170999999957
c,0.0,2.16679298,0.997856413,0.999287038,-0.0014306249999999077
c,0.0,2.18753482,0.996777843,0.99255284,0.0042250030000000605
c,0.0,2.20847027,0.993034137,0.990290145,0.002743991999999973
c,0.0,2.22955181,0.999121702,0.994186994,0.004934707999999954
c,0.0,2.25078374,0.9929117,0.988688488,0.004223211999999976
c,0.0,2.27150159,0.994604403,0.984578647,0.010025755999999997
c,0.0,2.29205574,0.986423607,0.992312843,-0.00588923600000002
c,0.0,2.31294326,0.986634357,0.986307548,0.000326809000000039
c,0.0,2.3340363,0.985737175,0.984737173,0.0010000020000000553
c,0.0,2.35514399,0.983400919,0.98549115,-0.0020902309999999424
c,0.0,2.37607726,0.982193264,0.98388193,-0.0016886660000000608
c,0.0,2.39730341,0.98395059,0.981951299,0.0019992909999999586
c,0.0,2.41857203,0.981606091,0.980072364,0.0015337269999999847
c,0.0,2.43911056,0.982610452,0.980716891,0.0018935609999999325
c,0.0,2.45988005,0.982731748,0.978054412,0.004677335999999976
c,0.0,2.48094151,0.98371865,0.975787519,0.00793113099999998
c,0.0,2.50196601,0.980574382,0.981231664,-0.0006572819999999258
c,0.0,2.52300496,0.97928448,0.977045322,0.0022391579999999633
c,0.0,2.54340089,0.974396248,0.974418753,-2.2505000000005992e-05
c,0.0,2.56415297,0.975320705,0.978225986,-0.002905280999999982
c,0.0,2.58575836,0.975399638,0.97906207,-0.0036624320000000488
c,0.0,2.60684428,0.974907259,0.973779784,0.001127474999999989
c,0.0,2.62775949,0.976413235,0.974294365,0.002118869999999995
c,0.0,2.64834355,0.972577576,0.974269699,-0.0016921229999999898
c,0.0,2.66912062,0.977109644,0.973114658,0.003994986000000034
c,0.0,2.69039946,0.972094478,0.975168139,-0.00307366099999995
c,0.0,2.71121518,0.973645139,0.974263123,-0.0006179839999999048
c,0.0,2.7321837,0.973951843,0.974638599,-0.0006867560000000106
c,0.0,2.75306239,0.972331314,0.973366732,-0.0010354180000000657
c,0.0,2.77427049,0.971562579,0.97356983,-0.0020072509999999877
c,0.0,2.79557932,0.974638984,0.973013195,0.0016257889999999886
c,0.0,2.8160646,0.973612153,0.974862805,-0.0012506519999999632
c,0.0,2.83689478,0.974480911,0.970465342,0.004015568999999997
c,0.0,2.85801727,0.971427874,0.97286051,-0.0014326359999999871
c,0.0,2.87906973,0.974131752,0.973862768,0.00026898399999997213
c,0.0,2.89996898,0.976772719,0.973316101,0.003456617999999967
c,0.0,2.92062944,0.97591302,0.973790865,0.0021221550000000144
c,0.0,2.941605,0.97585179,0.972257478,0.003594312000000044
c,0.0,2.96267076,0.977191366,0.976709301,0.0004820650000000315
c,0.0,2.98347442,0.974956904,0.971666117,0.0032907869999999617
c,0.0,3.00437656,0.975183084,0.976838406,-0.0016553220000000701
c,0.0,3.02542142,0.975257664,0.980632482,-0.005374817999999948
c,0.0,3.04658726,0.974293454,0.975972465,-0.001679011000000008
c,0.0,3.06768101,0.975011726,0.975785718,-0.0007739920000000566
c,0.0,3.088328,0.977339992,0.97562529,0.0017147020000000124
c,0.0,3.10931167,0.975789741,0.97554743,0.00024231100000005057
c,0.0,3.1305457,0.978423548,0.97900272,-0.0005791720000000167
c,0.0,3.15150209,0.979296311,0.978290042,0.001006269000000004
c,0.0,3.17219014,0.974882335,0.978166102,-0.003283766999999993
c,0.0,3.19299024,0.975874406,0.979415708,-0.003541302000000024
c,0.0,3.21390436,0.981303613,0.977596205,0.003707408000000023
c,0.0,3.23506564,0.978209867,0.978654448,-0.00044458099999999945
c,0.0,3.25605387,0.977940144,0.978287445,-0.00034730100000002206
c,0.0,3.27685776,0.977058556,0.976392962,0.0006655939999999916
c,0.0,3.29794723,0.980335543,0.98185299,-0.001517447000000005
c,0.0,3.31884778,0.977365677,0.978651673,-0.0012859960000000115
c,0.0,3.33944269,0.980551995,0.98050694,4.505499999996054e-05
c,0.0,3.36030612,0.975835573,0.97964902,-0.00381344699999997
c,0.0,3.38171654,0.976367283,0.980131185,-0.0037639019999999856
c,0.0,3.40297495,0.981372301,0.981433113,-6.0812000000076694e-05
c,0.0,3.42370792,0.981008727,0.979865578,0.00114314900000001
c,0.0,3.44440875,0.982252097,0.976000852,0.006251245000000072
c,0.0,3.465315,0.980179369,0.981816204,-0.0016368350000000031
c,0.0,3.4865867,0.980037947,0.980701098,-0.0006631510000000285
c,0.0,3.50751221,0.978303152,0.984408661,-0.0061055090000000645
c,0.0,3.52796741,0.979923435,0.982189045,-0.002265610000000029
c,0.0,3.5488788,0.983166494,0.983871436,-0.0007049420000000417
c,0.0,3.57014151,0.984934509,0.982896261,0.0020382479999999648
c,0.0,3.59120365,0.983393476,0.984404506,-0.0010110299999999128
c,0.0,3.61190928,0.98197035,0.982701561,-0.0007312109999999539
c,0.0,3.63300558,0.98189267,0.979662423,0.002230247000000074
c,0.0,3.6541422,0.982053332,0.98420169,-0.002148358000000017
c,0.0,3.67500902,0.979484289,0.983999728,-0.0045154390000000655
c,0.0,3.69581564,0.985894944,0.983055248,0.0028396960000000027
c,0.0,3.71644729,0.984392219,0.986061425,-0.0016692060000000897
c,0.0,3.73749774,0.986528005,0.982354511,0.004173494
c,0.0,3.75868086,0.983705733,0.988007503,-0.0043017699999999826
c,0.0,3.77950549,0.986456367,0.986491237,-3.487000000002016e-05
c,0.0,3.80027286,0.987453729,0.984707574,0.0027461549999999724
c,0.0,3.82143123,0.988113616,0.986972295,0.001141320999999973
c,0.0,3.84280481,0.987306634,0.985156322,0.002150311999999932
c,0.0,3.86349282,0.988810486,0.989789888,-0.000979402000000018
c,0.0,3.88417456,0.984116989,0.984303618,-0.00018662899999999372
c,0.0,3.90535419,0.984065788,0.989633013,-0.0055672249999999535
c,0.0,3.9264697,0.988195466,0.986500967,0.0016944989999999605
c,0.0,3.94738681,0.988234507,0.988613957,-0.0003794499999999479
c,0.0,3.96810309,0.989171517,0.993137875,-0.003966358000000003
c,0.0,3.98888694,0.990256675,0.991632156,-0.0013754809999999562
c,0.0,4.00993371,0.991023106,0.991165241,-0.0001421350000000432
c,0.0,4.03080983,0.989358331,0.987269313,0.0020890180000000536
c,0.0,4.05178039,0.990284903,0.992605215,-0.0023203119999999355
c,0.0,4.07276799,0.990548997,0.990794626,-0.00024562900000002497
c,0.0,4.09368684,0.991981947,0.990791888,0.001190059000000021
c,0.0,4.11485609,0.99272668,0.995609413,-0.0028827330000000817
c,0.0,4.13583188,0.992754647,0.991740813,0.0010138339999999912
c,0.0,4.15670688,0.991762281,0.993034938,-0.0012726570000000104
c,0.0,4.17758774,0.996461556,0.994693743,0.0017678129999999515
c,0.0,4.19867141,0.994242071,0.992343274,0.001898796999999952
c,0.0,4.21961517,0.997040063,0.991063237,0.005976826000000046
c,0.0,4.24013393,0.996400976,0.993326137,0.0030748389999999404
c,0.0,4.26119077,0.997516387,0.995257134,0.002259252999999961
c,0.0,4.28239268,0.992177801,0.992661184,-0.0004833830000000594
c,0.0,4.30342826,0.995124145,0.997416699,-0.0022925539999999467
c,0.0,4.32431592,0.995340922,0.996605923,-0.0012650009999999323
c,0.0,4.34508479,0.996521757,0.994944196,0.0015775610000000606
c,0.0,4.36604259,0.996231633,0.99732057,-0.001088937000000012
c,0.0,4.38708086,0.996733846,0.997045043,-0.0003111969999999298
c,0.0,4.40778797,0.994990757,1.00326104,-0.00827028299999999
c,0.0,4.4288526,1.00030351,1.00016814,0.00013536999999996802
c,0.0,4.44994967,0.99653183,0.999780008,-0.0032481779999999905
c,0.0,4.47085438,0.997873487,0.998746897,-0.0008734099999999634
c,0.0,4.49188801,1.00103421,0.997379834,0.0036543760000000702
c,0.0,4.51250216,1.0010895,0.99662362,0.004465879999999922
c,0.0,4.5334461,0.993936596,0.998584626,-0.004648030000000025
c,0.0,4.55463591,0.997895202,1.00279256,-0.004897358000000018
c,0.0,4.57547609,1.00005061,1.00185048,-0.0017998700000001477
c,0.0,4.59643311,0.999447598,1.00268541,-0.003237811999999951
c,0.0,4.61732903,1.00273707,1.00179918,0.0009378900000001078
c,0.0,4.63833098,1.00153829,1.00175868,-0.00022038999999995923
c,0.0,4.65949324,0.999138442,1.00100486,-0.0018664180000000918
c,0.0,4.68039693,1.00088921,1.00112011,-0.00023090000000003386
c,0.0,4.70136745,1.00275347,1.00483472,-0.0020812500000000345
c,0.0,4.72221533,1.00335905,1.00438094,-0.0010218900000000808
c,0.0,4.74309374,1.00255871,1.00229171,0.0002670000000000172
c,0.0,4.76390784,1.00477508,1.00599851,-0.0012234300000000253
c,0.0,4.78491795,1.00361682,1.00247423,0.0011425899999999434
c,0.0,4.80636204,1.00430474,1.00176865,0.002536089999999991
c,0.0,4.82728449,1.00245117,1.00225034,0.0002008300000000407
c,0.0,4.84785524,1.00354151,1.00694195,-0.00340044000000006
c,0.0,4.86859731,1.00604752,1.00493597,0.0011115500000000722
c,0.0,4.88954319,1.00209782,1.00694086,-0.004843040000000132
c,0.0,4.91078695,1.00445528,1.00250474,0.001950539999999945
c,0.0,4.93172016,1.00441921,1.00147242,0.002946789999999977
c,0.0,4.95244063,1.00552964,1.00497183,0.0005578100000001029
c,0.0,4.97348932,1.00392863,1.0020091,0.0019195300000001136
c,0.0,4.994309,1.00510668,1.0042649,0.0008417800000000142
c,0.0,5.01515697,1.00610815,1.0055846,0.0005235500000000393
c,0.0,5.03598003,1.00255107,1.00881867,-0.006267599999999929
c,0.0,5.05703237,1.00637203,1.00687978,-0.000507749999999918
c,0.0,5.07840332,1.00488723,1.00742387,-0.002536639999999979
c,0.0,5.09943841,1.00616756,1.00340316,0.0027644
c,0.0,5.12032938,1.00564435,1.00404976,0.0015945900000000623
c,0.0,5.14107614,1.00645645,1.00668951,-0.00023306000000000715
c,0.0,5.16214077,1.00442231,1.00389702,0.0005252900000001226
c,0.0,5.18341099,1.00490575,1.00686111,-0.0019553599999999616
c,0.0,5.2041075,1.00842822,1.00580202,0.002626200000000134
c,0.0,5.22477891,1.00666717,1.00457447,0.0020926999999999474
c,0.0,5.24557967,1.00627948,1.00577657,0.000502909999999801
c,0.0,5.26649236,1.0079269,1.00411653,0.003810370000000063
c,0.0,5.28753131,1.00859855,1.00429991,0.00429864000000002
c,0.0,5.30847064,1.00843103,1.00777009,0.0006609399999999432
c,0.0,5.32946745,1.00718501,1.0098794,-0.0026943900000000465
c,0.0,5.3506922,1.00799636,1.00456997,0.0034263900000000014
c,0.0,5.37158853,1.00886942,1.00590341,0.0029660099999999634
c,0.0,5.39231925,1.00782191,1.00874519,-0.0009232799999998598
c,0.0,5.41333352,1.00767215,1.00658847,0.0010836800000000313
c,0.0,5.43434316,1.00494657,1.00841883,-0.003472260000000116
c,0.0,5.45530659,1.00964495,1.00697459,0.0026703599999999827
c,0.0,5.47618498,1.0095707,1.00945279,0.00011790999999994334
c,0.0,5.49715755,1.00672471,1.0080608,-0.001336089999999901
c,0.0,5.51801586,1.00532091,1.00761053,-0.0022896199999999922
c,0.0,5.53881995,1.00725025,1.00743403,-0.00018377999999996675
c,0.0,5.55992514,1.00632251,1.00833935,-0.0020168400000000197
c,0.0,5.58098545,1.00646158,1.00872637,-0.0022647899999999055
c,0.0,5.60183772,1.00772294,1.00899011,-0.0012671699999999841
c,0.0,5.62277584,1.00838762,1.00781495,0.0005726699999999418
c,0.0,5.64379172,1.007945,1.00964313,-0.0016981299999998534
c,0.0,5.66460817,1.00600493,1.00685525,-0.000850320000000071
c,0.0,5.68556022,1.00841641,1.0106063,-0.0021898900000001387
c,0.0,5.7067909,1.00417028,1.00624862,-0.0020783399999999563
c,0.0,5.72769317,1.00902341,1.00629517,0.0027282399999999374
c,0.0,5.74840017,1.00505929,1.0101575,-0.005098210000000103
c,0.0,5.76938192,1.00902456,1.0073392,0.001685359999999969
c,0.0,5.79039764,1.00731032,1.0050393,0.0022710200000000125
c,0.0,5.81144039,1.01032579,1.00825671,0.0020690800000000564
c,0.0,5.83232115,1.00760467,1.01007974,-0.0024750699999998016
c,0.0,5.85320209,1.01020518,1.0092275,0.0009776800000000918
c,0.0,5.87418919,1.00878179,1.00673982,0.0020419700000000596
c,0.0,5.89509625,1.00584603,1.00727291,-0.0014268799999999082
c,0.0,5.9159726,1.01053021,1.00938935,0.0011408600000000213
c,0.0,5.93682663,1.00818893,1.00840881,-0.00021987999999995012
c,0.0,5.95791772,1.01094196,1.00903986,0.0019021000000001287
c,0.0,5.97900675,1.00689189,1.00720054,-0.0003086500000000214
c,0.0,5.99978945,1.00760461,1.00805013,-0.00044551999999997705
c,0.0,6.02063577,1.00728433,1.00657723,0.0007071000000000716
c,0.0,6.04156421,1.00816148,1.00737624,0.0007852400000001314
c,0.0,6.06259364,1.00793386,1.00870808,-0.0007742199999998256
c,0.0,6.08377541,1.0085791,1.00738433,0.0011947699999999006
c,0.0,6.10447051,1.00555455,1.01148122,-0.005926670000000023
c,0.0,6.12538157,1.00824009,1.00594302,0.002297070000000012
c,0.0,6.14660689,1.00562697,1.0051589,0.0004680699999999316
c,0.0,6.16752321,1.0084632,1.00653712,0.0019260800000000522
c,0.0,6.18833806,1.00713707,1.00743842,-0.000301349999999978
c,0.0,6.20938667,1.00563488,1.00840858,-0.002773700000000101
c,0.0,6.23052184,1.01006172,1.00481904,0.005242679999999833
c,0.0,6.25137137,1.00802878,1.00492819,0.0031005900000000697
c,0.0,6.27204484,1.00477704,1.00726062,-0.0024835800000000408
c,0.0,6.29290789,1.01035581,1.00785308,0.0025027300000000086
c,0.0,6.31382104,1.00771976,1.00591811,0.001801649999999988
c,0.0,6.33495691,1.00468968,1.004945,-0.0002553199999999478
c,0.0,6.35600914,1.00751966,1.00729128,0.000228380000000028
c,0.0,6.37663869,1.00392696,1.00344341,0.00048354999999999926
c,0.0,6.39770954,1.0046389,1.00496864,-0.0003297399999999673
c,0.0,6.41872759,1.00681081,1.00307757,0.00373323999999986
c,0.0,6.43951457,1.00660091,1.00628355,0.00031735999999993325
c,0.0,6.46033562,1.00371316,1.00383343,-0.0001202700000000334
c,0.0,6.4814564,1.00512946,1.00318189,0.0019475700000000096
c,0.0,6.50265681,1.0043492,1.00579955,-0.0014503500000000447
c,0.0,6.52350383,1.00419775,1.00645685,-0.0022591000000000694
c,0.0,6.54427866,1.00541809,1.00422569,0.0011924000000000934
c,0.0,6.56515568,1.00529272,1.00321837,0.0020743500000000026
c,0.0,6.58628576,1.00243443,1.00481037,-0.0023759399999998543
c,0.0,6.60749316,1.00472625,1.00573873,-0.0010124799999999823
c,0.0,6.62830625,1.00320677,1.00417653,-0.0009697600000000417
c,0.0,6.64913567,1.00608167,1.00257044,0.0035112299999999763
c,0.0,6.67020149,1.00127588,1.00395152,-0.00267564000000009
c,0.0,6.69106898,1.0048742,1.00578492,-0.0009107200000000315
c,0.0,6.71185955,1.0037163,1.00376849,-5.2189999999896486e-05
c,0.0,6.73264651,1.0046047,1.00196274,0.0026419600000000543
c,0.0,6.7537045,1.00351084,1.00223926,0.0012715799999998278
c,0.0,6.77487174,1.00515018,1.00053722,0.004612959999999999
c,0.0,6.79557562,1.00428812,1.0030374,0.0012507200000000385
c,0.0,6.81648781,1.00210163,1.00206424,3.7390000000137036e-05
c,0.0,6.83753747,1.00304706,1.00408472,-0.0010376599999999403
c,0.0,6.85867557,1.0007017,1.00329315,-0.0025914499999999396
c,0.0,6.87985316,1.0040272,1.00238637,0.0016408299999999265
c,0.0,6.90065786,1.00212292,1.00232594,-0.0002030200000000537
c,0.0,6.92153112,1.00188403,1.00245732,-0.0005732899999999486
c,0.0,6.94229803,1.00185194,1.00362683,-0.0017748899999998624
c,0.0,6.9630016,1.00107588,1.00188103,-0.0008051500000001433
c,0.0,6.98416877,1.00054534,1.00325069,-0.0027053500000000508
c,0.0,7.0052781,1.00052093,1.00187673,-0.001355800000000018
c,0.0,7.02617612,1.00168685,1.00184513,-0.00015827999999995512
c,0.0,7.04699526,1.00285429,1.00317414,-0.0003198500000001214
c,0.0,7.06761685,1.00104011,1.00162018,-0.0005800700000000436
c,0.0,7.08873369,1.00138297,1.00134215,4.08200000001635e-05
c,0.0,7.10994937,1.00135996,1.00152814,-0.00016817999999996225
c,0.0,7.13102893,1.00144515,1.00144188,3.2699999998886398e-06
c,0.0,7.15201412,1.00260257,1.00161297,0.000989600000000035
c,0.0,7.17271336,1.00171913,1.00021814,0.0015009899999998133
c,0.0,7.19374266,1.00027703,0.999560918,0.00071611199999988
c,0.0,7.21473042,1.00147367,0.999991832,0.001481838000000013
c,0.0,7.23564263,1.00088573,1.00065703,0.00022870000000008162
c,0.0,7.25666289,0.999378664,1.00022936,-0.0008506960000000952
c,0.0,7.27757645,1.00168603,1.00001347,0.001672559999999823
c,0.0,7.2984411,0.999900985,1.00245246,-0.0025514749999999697
c,0.0,7.31917384,1.0005176,0.999171605,0.0013459949999999887
c,0.0,7.34001688,0.997874143,0.997373934,0.0005002090000000292
c,0.0,7.3611683,0.998653247,0.997818199,0.0008350480000000049
c,0.0,7.38224284,1.00041412,0.997213692,0.0032004280000000884
c,0.0,7.40324015,1.00091277,0.998285721,0.0026270489999999924
c,0.0,7.42408854,1.00054522,0.999814668,0.0007305520000000509
c,0.0,7.44500634,0.998503785,0.999783462,-0.001279676999999979
c,0.0,7.46595959,0.999148171,0.99688209,0.00226608099999992
c,0.0,7.48696308,0.998664648,0.999771663,-0.001107014999999989
c,0.0,7.5079936,0.999764535,0.997848669,0.0019158659999999328
c,0.0,7.52871967,0.99893293,0.997060032,0.0018728980000000117
c,0.0,7.54966921,1.00017912,0.999490257,0.0006888630000000395
c,0.0,7.57064902,0.999142166,0.998865509,0.0002766570000000135
c,0.0,7.59151428,0.996834071,0.99803471,-0.0012006390000000033
c,0.0,7.6123809,0.997840349,0.999077909,-0.001237560000000082
c,0.0,7.63338324,0.999796888,0.997877673,0.0019192150000000296
c,0.0,7.65450532,0.999260702,0.999780122,-0.0005194200000000482
c,0.0,7.67556944,0.998697724,0.99965017,-0.0009524459999999957
c,0.0,7.69637751,0.997889184,0.994342689,0.0035464950000000384
c,0.0,7.71727216,0.998241612,0.997874938,0.00036667399999990025
c,0.0,7.73835725,0.996839699,0.99965435,-0.0028146510000000013
c,0.0,7.75934923,0.997658431,0.997446085,0.0002123459999999744
c,0.0,7.78023116,0.997106166,0.995207784,0.0018983820000000318
c,0.0,7.80098697,0.997885928,0.996058805,0.001827122999999986
c,0.0,7.82190677,0.999271014,0.997399668,0.0018713459999999404
c,0.0,7.84304931,0.999279344,0.996282296,0.002997048000000002
c,0.0,7.86405132,1.00013868,0.999287149,0.0008515310000000165
c,0.0,7.88484553,0.998213206,1.00052902,-0.002315814000000138
c,0.0,7.90574885,0.997530895,0.998711926,-0.001181030999999999
c,0.0,7.9267531,0.998579196,0.996226164,0.0023530320000000327
c,0.0,7.94765228,0.996313431,0.998615594,-0.002302162999999968
c,0.0,7.96842304,0.997779593,0.997651405,0.00012818799999991803
c,0.0,7.98938616,0.995811534,0.998033156,-0.0022216219999999787
c,0.0,8.01050815,0.99665667,0.997298625,-0.0006419549999999719
c,0.0,8.03153334,0.996646665,0.997912855,-0.0012661900000000559
c,0.0,8.05240251,0.99800085,0.994739839,0.0032610110000000914
c,0.0,8.07332696,0.999238335,0.997432447,0.0018058880000000332
c,0.0,8.09438514,0.99720046,0.996426222,0.0007742379999999827
c,0.0,8.11529588,0.994858711,0.99711483,-0.002256119000000001
c,0.0,8.13618411,0.997295806,0.997160922,0.0001348840000000573
c,0.0,8.15717855,0.998236772,0.998281022,-4.4249999999967926e-05
c,0.0,8.17807847,0.996732981,0.995078551,0.0016544299999999845
c,0.0,8.19905269,0.999674622,0.995814734,0.0038598880000000335
c,0.0,8.21991085,0.996223311,1.00014775,-0.003924439000000057
c,0.0,8.24078529,0.996997595,0.998453197,-0.0014556020000000558
c,0.0,8.26195652,0.995814723,0.995683946,0.00013077699999997083
c,0.0,8.28293039,0.99747847,0.996130727,0.0013477429999999568
c,0.0,8.30373423,0.996299613,0.997087905,-0.0007882919999999682
c,0.0,8.32452583,0.995745363,0.99681761,-0.0010722469999999706
c,0.0,8.34556221,0.99475344,0.995704705,-0.0009512649999999789
c,0.0,8.36671927,0.996695969,0.997624389,-0.0009284199999999299
c,0.0,8.38757523,0.995773633,0.996361873,-0.0005882400000000176
c,0.0,8.40855808,0.996418143,0.997826723,-0.0014085799999999926
c,0.0,8.42953585,0.997246608,0.994216836,0.003029771999999986
c,0.0,8.45042977,0.997413365,0.994880921,0.002532443999999967
c,0.0,8.47138662,0.995617755,0.997933509,-0.0023157539999999477
c,0.0,8.49217243,0.99535686,0.995870219,-0.0005133589999999355
c,0.0,8.51321806,0.996173082,0.9949016,0.001271481999999935
c,0.0,8.53421183,0.996270138,0.997516649,-0.0012465110000000612
c,0.0,8.55508292,0.994478255,0.995580394,-0.001102139000000002
c,0.0,8.57598662,0.996197694,0.997001245,-0.0008035509999999579
c,0.0,8.59679232,0.99574606,0.99616542,-0.00041935999999997975
c,0.0,8.61783107,0.995443386,0.997894816,-0.002451429999999921
c,0.0,8.63891768,0.998635188,0.995847857,0.0027873309999999485
c,0.0,8.65972861,0.995517906,0.996591262,-0.0010733560000000253
c,0.0,8.68059853,0.995280145,0.996530561,-0.0012504160000000875
c,0.0,8.70174168,0.994412828,0.996188244,-0.0017754159999999741
c,0.0,8.72279566,0.996182853,0.994553502,0.0016293509999999456
c,0.0,8.74359241,0.997328753,0.996601709,0.00072704400000001
c,0.0,8.76424415,0.99732314,0.996056359,0.0012667809999999946
c,0.0,8.78526729,0.996474705,0.994104364,0.002370340999999998
c,0.0,8.80637189,0.99804405,0.995409257,0.002634792999999913
c,0.0,8.82736896,0.996771621,0.993240883,0.0035307380000000332
c,0.0,8.84843212,0.996323903,0.998589328,-0.002265425000000043
c,0.0,8.86933197,0.993993875,0.995564845,-0.0015709699999999494
c,0.0,8.89026857,0.996229375,0.995198775,0.0010305999999999926
c,0.0,8.91123702,0.99724634,0.995589575,0.0016567650000000045
c,0.0,8.93214776,0.997170386,0.996342113,0.0008282729999999905
c,0.0,8.95312097,0.998594517,0.995909455,0.0026850619999999603
c,0.0,8.9741304,0.996361173,0.996070972,0.00029020099999998994
c,0.0,8.99505705,0.997031173,0.997233603,-0.00020242999999997568
c,0.0,9.01571368,0.997068688,0.994149719,0.0029189689999999935
c,0.0,9.03640927,0.996327238,0.996879621,-0.0005523830000000451
c,0.0,9.05755121,0.997054487,0.993899831,0.003154655999999978
c,0.0,9.07868023,0.996008594,0.99611431,-0.00010571599999997794
c,0.0,9.09969513,0.995017756,0.996238948,-0.0012211920000000376
c,0.0,9.1205658,0.995006071,0.998046293,-0.0030402219999999813
c,0.0,9.14137844,0.998044018,0.995791305,0.0022527129999999618
c,0.0,9.16237082,0.997650407,0.997835973,-0.0001855660000000814
c,0.0,9.18339441,0.995854524,0.996097097,-0.0002425730000000792
c,0.0,9.20447395,0.998421413,0.995706918,0.0027144949999999834
c,0.0,9.22549281,0.997270298,0.99629608,0.0009742179999999712
c,0.0,9.2463962,0.997836875,0.997307852,0.0005290229999999063
c,0.0,9.26722673,0.99576048,0.997977074,-0.0022165940000000717
c,0.0,9.28791689,0.994465511,0.995803749,-0.0013382379999999916
c,0.0,9.30892724,0.996547608,0.994899772,0.0016478359999999581
c,0.0,9.33003065,0.995653244,0.997181385,-0.0015281409999999829
c,0.0,9.35102864,0.997041768,0.997096653,-5.4885000000060025e-05
c,0.0,9.37196601,0.996056803,0.995818772,0.0002380309999999719
c,0.0,9.39258783,0.998116322,0.994640338,0.003475984000000043
c,0.0,9.41349621,0.997123608,0.996801044,0.00032256399999996965
c,0.0,9.4347927,0.996491512,0.99588529,0.0006062219999999341
c,0.0,9.45587737,0.996625671,0.998045334,-0.00141966299999996
c,0.0,9.47676866,0.998993262,0.996800742,0.002192520000000031
c,0.0,9.49762777,0.997918941,0.996032142,0.0018867989999999946
c,0.0,9.51852362,0.997814943,0.996131693,0.001683249999999914
c,0.0,9.53939795,0.997752154,0.996500515,0.0012516389999999156
c,0.0,9.56035551,0.997151078,0.996795254,0.0003558240000000046
c,0.0,9.58149741,0.997954477,0.996429002,0.0015254749999999984
c,0.0,9.60249587,0.998000044,0.997707856,0.000292187999999971
c,0.0,9.62336478,0.998299064,1.00028331,-0.001984245999999912
c,0.0,9.64415055,0.997138758,0.997449113,-0.0003103550000000954
c,0.0,9.66502224,0.99726121,0.99886941,-0.0016081999999999486
c,0.0,9.68597433,0.998546802,0.998413911,0.00013289100000002385
c,0.0,9.7069728,1.00002903,0.997268962,0.00276006800000006
c,0.0,9.72797765,0.99662134,0.995935531,0.0006858090000000372
c,0.0,9.74896401,0.996649031,0.998924981,-0.0022759500000000266
c,0.0,9.76996217,0.998578783,0.998221171,0.00035761200000006266
c,0.0,9.79085678,0.997382168,0.996480388,0.0009017799999999632
c,0.0,9.81166698,0.998372117,0.996603586,0.001768530999999962
c,0.0,9.83262494,0.99750121,0.995293148,0.0022080620000000106
c,0.0,9.85372265,0.998637469,0.997444455,0.0011930140000000478
c,0.0,9.87472665,0.999142362,0.998890421,0.00025194099999992225
c,0.0,9.89559934,1.00101526,0.997789006,0.003226253999999984
c,0.0,9.91635289,0.997593323,0.995702549,0.0018907740000000395
c,0.0,9.93737645,0.998989407,0.998295278,0.0006941290000000988
c,0.0,9.95856995,0.997545927,0.997538434,7.493000000025063e-06
c,0.0,9.97940815,0.997982652,0.998489018,-0.0005063659999999803
c,0.0,10.000082,0.997611398,0.996974605,0.0006367929999999689
h,0.0,0.0252815853,0.0005296485,0.0005296485,0.0
h,0.0,0.0486976344,0.00202846552,0.00202846552,0.0
h,0.0,0.0692644017,0.00402958427,0.00402958427,0.0
h,0.0,0.08877835,0.0065389667,0.0065389667,0.0
h,0.0,0.111604297,0.0103843786,0.0103843786,0.0
h,0.0,0.132731806,0.014921314,0.014921314,0.0
h,0.0,0.153672181,0.0194036234,0.0194036234,0.0
h,0.0,0.175641863,0.0254828463,0.0254828463,0.0
h,0.0,0.196615509,0.0314882479,0.0314882479,0.0
h,0.0,0.217326708,0.0383529598,0.0383529598,0.0
h,0.0,0.237538457,0.0459423072,0.0459423072,0.0
h,0.0,0.258148683,0.0544368764,0.0544368764,0.0
h,0.0,0.28040349,0.0635472762,0.0635472762,0.0
h,0.0,0.301929084,0.0723367336,0.0723367336,0.0
h,0.0,0.322287413,0.0829809724,0.0829809724,0.0
h,0.0,0.342663331,0.0941899695,0.0941899695,0.0
h,0.0,0.363641289,0.106021932,0.106021932,0.0
h,0.0,0.385602948,0.117278241,0.117278241,0.0
h,0.0,0.406737165,0.131483427,0.131483427,0.0
h,0.0,0.427001871,0.142672773,0.142672773,0.0
h,0.0,0.448754416,0.158300225,0.158300225,0.0
h,0.0,0.469601745,0.172040278,0.172040278,0.0
h,0.0,0.489805379,0.187419918,0.187419918,0.0
h,0.0,0.510302494,0.2006271,0.2006271,0.0
h,0.0,0.53178319,0.216457362,0.216457362,0.0
h,0.0,0.553922362,0.232047709,0.232047709,0.0
h,0.0,0.574670041,0.251210747,0.251210747,0.0
h,0.0,0.594645701,0.265355673,0.265355673,0.0
h,0.0,0.615540037,0.284801103,0.284801103,0.0
h,0.0,0.636554081,0.302452871,0.302452871,0.0
h,0.0,0.658102417,0.320108264,0.320108264,0.0
h,0.0,0.679189641,0.338444245,0.338444245,0.0
h,0.0,0.700054044,0.359353412,0.359353412,0.0
h,0.0,0.721329826,0.380455977,0.380455977,0.0
h,0.0,0.742033923,0.399618511,0.399618511,0.0
h,0.0,0.762614581,0.419798901,0.419798901,0.0
h,0.0,0.783270495,0.437610291,0.437610291,0.0
h,0.0,0.804783918,0.459703853,0.459703853,0.0
h,0.0,0.826095906,0.482354341,0.482354341,0.0
h,0.0,0.846303977,0.499617637,0.499617637,0.0
h,0.0,0.867174819,0.518490406,0.518490406,0.0
h,0.0,0.888413258,0.541022903,0.541022903,0.0
h,0.0,0.909910564,0.561491592,0.561491592,0.0
h,0.0,0.931134698,0.586218541,0.586218541,0.0
h,0.0,0.951563161,0.606590782,0.606590782,0.0
h,0.0,0.972160451,0.625735422,0.625735422,0.0
h,0.0,0.993008165,0.644892025,0.644892025,0.0
h,0.0,1.0140906,0.66615613,0.66615613,0.0
h,0.0,1.03500338,0.689241667,0.689241667,0.0
h,0.0,1.05657413,0.706704115,0.706704115,0.0
h,0.0,1.07789814,0.721436711,0.721436711,0.0
h,0.0,1.09835045,0.745261491,0.745261491,0.0
h,0.0,1.11903902,0.761872003,0.761872003,0.0
h,0.0,1.1396405,0.776979785,0.776979785,0.0
h,0.0,1.16109193,0.795685854,0.795685854,0.0
h,0.0,1.18227503,0.817980839,0.817980839,0.0
h,0.0,1.2030555,0.828407308,0.828407308,0.0
h,0.0,1.22375183,0.840832659,0.840832659,0.0
h,0.0,1.24453484,0.859099252,0.859099252,0.0
h,0.0,1.26570671,0.8748603,0.8748603,0.0
h,0.0,1.28693994,0.884730141,0.884730141,0.0
h,0.0,1.30807124,0.89685115,0.89685115,0.0
h,0.0,1.32889646,0.909901331,0.909901331,0.0
h,0.0,1.34945121,0.923210617,0.923210617,0.0
h,0.0,1.37055188,0.930227713,0.930227713,0.0
h,0.0,1.39148285,0.941607373,0.941607373,0.0
h,0.0,1.41220445,0.951544008,0.951544008,0.0
h,0.0,1.43352474,0.954327185,0.954327185,0.0
h,0.0,1.45454751,0.966984155,0.966984155,0.0
h,0.0,1.47511055,0.972907667,0.972907667,0.0
h,0.0,1.49566583,0.97622174,0.97622174,0.0
h,0.0,1.51690776,0.983974829,0.983974829,0.0
h,0.0,1.53826425,0.990194725,0.990194725,0.0
h,0.0,1.55931449,0.997875182,0.997875182,0.0
h,0.0,1.58012172,1.00158286,1.00158286,0.0
h,0.0,1.60114355,1.00354156,1.00354156,0.0
h,0.0,1.62229155,1.0082549,1.0082549,0.0
h,0.0,1.64295947,1.00741853,1.00741853,0.0
h,0.0,1.66366432,1.00988325,1.00988325,0.0
h,0.0,1.68478217,1.01781041,1.01781041,0.0
h,0.0,1.7057485,1.01736677,1.01736677,0.0
h,0.0,1.72683745,1.01450635,1.01450635,0.0
h,0.0,1.74765849,1.01112157,1.01112157,0.0
h,0.0,1.76847487,1.0120598,1.0120598,0.0
h,0.0,1.78961871,1.01283158,1.01283158,0.0
h,0.0,1.81086098,1.0172675,1.0172675,0.0
h,0.0,1.83179094,1.0123527,1.0123527,0.0
h,0.0,1.8521746,1.01516945,1.01516945,0.0
h,0.0,1.8733654,1.01225587,1.01225587,0.0
h,0.0,1.89455538,1.01210881,1.01210881,0.0
h,0.0,1.91534795,1.01369789,1.01369789,0.0
h,0.0,1.93623233,1.0119532,1.0119532,0.0
h,0.0,1.9571481,1.00762544,1.00762544,0.0
h,0.0,1.97825109,1.01233899,1.01233899,0.0
h,0.0,1.99905898,1.00281053,1.00281053,0.0
h,0.0,2.01966715,1.00696446,1.00696446,0.0
h,0.0,2.04082415,1.00355987,1.00355987,0.0
h,0.0,2.06193171,0.999204527,0.999204527,0.0
h,0.0,2.08296048,1.01010017,1.01010017,0.0
h,0.0,2.10383017,1.00418909,1.00418909,0.0
h,0.0,2.12494312,0.999086668,0.999086668,0.0
h,0.0,2.14618475,0.997712769,0.997712769,0.0
h,0.0,2.16679298,0.999287038,0.999287038,0.0
h,0.0,2.18753482,0.99255284,0.99255284,0.0
h,0.0,2.20847027,0.990290145,0.990290145,0.0
h,0.0,2.22955181,0.994186994,0.994186994,0.0
h,0.0,2.25078374,0.988688488,0.988688488,0.0
h,0.0,2.27150159,0.984578647,0.984578647,0.0
h,0.0,2.29205574,0.992312843,0.992312843,0.0
h,0.0,2.31294326,0.986307548,0.986307548,0.0
h,0.0,2.3340363,0.984737173,0.984737173,0.0
h,0.0,2.35514399,0.98549115,0.98549115,0.0
h,0.0,2.37607726,0.98388193,0.98388193,0.0
h,0.0,2.39730341,0.981951299,0.981951299,0.0
h,0.0,2.41857203,0.980072364,0.980072364,0.0
h,0.0,2.43911056,0.980716891,0.980716891,0.0
h,0.0,2.45988005,0.978054412,0.978054412,0.0
h,0.0,2.48094151,0.975787519,0.975787519,0.0
h,0.0,2.50196601,0.981231664,0.981231664,0.0
h,0.0,2.52300496,0.977045322,0.977045322,0.0
h,0.0,2.54340089,0.974418753,0.974418753,0.0
h,0.0,2.56415297,0.978225986,0.978225986,0.0
h,0.0,2.58575836,0.97906207,0.97906207,0.0
h,0.0,2.60684428,0.973779784,0.973779784,0.0
h,0.0,2.62775949,0.974294365,0.974294365,0.0
h,0.0,2.64834355,0.974269699,0.974269699,0.0
h,0.0,2.66912062,0.973114658,0.973114658,0.0
h,0.0,2.69039946,0.975168139,0.975168139,0.0
h,0.0,2.71121518,0.974263123,0.974263123,0.0
h,0.0,2.7321837,0.974638599,0.974638599,0.0
h,0.0,2.75306239,0.973366732,0.973366732,0.0
h,0.0,2.77427049,0.97356983,0.97356983,0.0
h,0.0,2.79557932,0.973013195,0.973013195,0.0
h,0.0,2.8160646,0.974862805,0.974862805,0.0
h,0.0,2.83689478,0.970465342,0.970465342,0.0
h,0.0,2.85801727,0.97286051,0.97286051,0.0
h,0.0,2.87906973,0.973862768,0.973862768,0.0
h,0.0,2.89996898,0.973316101,0.973316101,0.0
h,0.0,2.92062944,0.973790865,0.973790865,0.0
h,0.0,2.941605,0.972257478,0.972257478,0.0
h,0.0,2.96267076,0.976709301,0.976709301,0.0
h,0.0,2.98347442,0.971666117,0.971666117,0.0
h,0.0,3.00437656,0.976838406,0.976838406,0.0
h,0.0,3.02542142,0.980632482,0.980632482,0.0
h,0.0,3.04658726,0.975972465,0.975972465,0.0
h,0.0,3.06768101,0.975785718,0.975785718,0.0
h,0.0,3.088328,0.97562529,0.97562529,0.0
h,0.0,3.10931167,0.97554743,0.97554743,0.0
h,0.0,3.1305457,0.97900272,0.97900272,0.0
h,0.0,3.15150209,0.978290042,0.978290042,0.0
h,0.0,3.17219014,0.978166102,0.978166102,0.0
h,0.0,3.19299024,0.979415708,0.979415708,0.0
h,0.0,3.21390436,0.977596205,0.977596205,0.0
h,0.0,3.23506564,0.978654448,0.978654448,0.0
h,0.0,3.25605387,0.978287445,0.978287445,0.0
h,0.0,3.27685776,0.976392962,0.976392962,0.0
h,0.0,3.29794723,0.98185299,0.98185299,0.0
h,0.0,3.31884778,0.978651673,0.978651673,0.0
h,0.0,3.33944269,0.98050694,0.98050694,0.0
h,0.0,3.36030612,0.97964902,0.97964902,0.0
h,0.0,3.38171654,0.980131185,0.980131185,0.0
h,0.0,3.40297495,0.981433113,0.981433113,0.0
h,0.0,3.42370792,0.979865578,0.979865578,0.0
h,0.0,3.44440875,0.976000852,0.976000852,0.0
h,0.0,3.465315,0.981816204,0.981816204,0.0
h,0.0,3.4865867,0.980701098,0.980701098,0.0
h,0.0,3.50751221,0.984408661,0.984408661,0.0
h,0.0,3.52796741,0.982189045,0.982189045,0.0
h,0.0,3.5488788,0.983871436,0.983871436,0.0
h,0.0,3.57014151,0.982896261,0.982896261,0.0
h,0.0,3.59120365,0.984404506,0.984404506,0.0
h,0.0,3.61190928,0.982701561,0.982701561,0.0
h,0.0,3.63300558,0.979662423,0.979662423,0.0
h,0.0,3.6541422,0.98420169,0.98420169,0.0
h,0.0,3.67500902,0.983999728,0.983999728,0.0
h,0.0,3.69581564,0.983055248,0.983055248,0.0
h,0.0,3.71644729,0.986061425,0.986061425,0.0
h,0.0,3.73749774,0.982354511,0.982354511,0.0
h,0.0,3.75868086,0.988007503,0.988007503,0.0
h,0.0,3.77950549,0.986491237,0.986491237,0.0
h,0.0,3.80027286,0.984707574,0.984707574,0.0
h,0.0,3.82143123,0.986972295,0.986972295,0.0
h,0.0,3.84280481,0.985156322,0.985156322,0.0
h,0.0,3.86349282,0.989789888,0.989789888,0.0
h,0.0,3.88417456,0.984303618,0.984303618,0.0
h,0.0,3.90535419,0.989633013,0.989633013,0.0
h,0.0,3.9264697,0.986500967,0.986500967,0.0
h,0.0,3.94738681,0.988613957,0.988613957,0.0
h,0.0,3.96810309,0.993137875,0.993137875,0.0
h,0.0,3.98888694,0.991632156,0.991632156,0.0
h,0.0,4.00993371,0.991165241,0.991165241,0.0
h,0.0,4.03080983,0.987269313,0.987269313,0.0
h,0.0,4.05178039,0.992605215,0.992605215,0.0
h,0.0,4.07276799,0.990794626,0.990794626,0.0
h,0.0,4.09368684,0.990791888,0.990791888,0.0
h,0.0,4.11485609,0.995609413,0.995609413,0.0
h,0.0,4.13583188,0.991740813,0.991740813,0.0
h,0.0,4.15670688,0.993034938,0.993034938,0.0
h,0.0,4.17758774,0.994693743,0.994693743,0.0
h,0.0,4.19867141,0.992343274,0.992343274,0.0
h,0.0,4.21961517,0.991063237,0.991063237,0.0
h,0.0,4.24013393,0.993326137,0.993326137,0.0
h,0.0,4.26119077,0.995257134,0.995257134,0.0
h,0.0,4.28239268,0.992661184,0.992661184,0.0
h,0.0,4.30342826,0.997416699,0.997416699,0.0
h,0.0,4.32431592,0.996605923,0.996605923,0.0
h,0.0,4.34508479,0.994944196,0.994944196,0.0
h,0.0,4.36604259,0.99732057,0.99732057,0.0
h,0.0,4.38708086,0.997045043,0.997045043,0.0
h,0.0,4.40778797,1.00326104,1.00326104,0.0
h,0.0,4.4288526,1.00016814,1.00016814,0.0
h,0.0,4.44994967,0.999780008,0.999780008,0.0
h,0.0,4.47085438,0.998746897,0.998746897,0.0
h,0.0,4.49188801,0.997379834,0.997379834,0.0
h,0.0,4.51250216,0.99662362,0.99662362,0.0
h,0.0,4.5334461,0.998584626,0.998584626,0.0
h,0.0,4.55463591,1.00279256,1.00279256,0.0
h,0.0,4.57547609,1.00185048,1.00185048,0.0
h,0.0,4.59643311,1.00268541,1.00268541,0.0
h,0.0,4.61732903,1.00179918,1.00179918,0.0
h,0.0,4.63833098,1.00175868,1.00175868,0.0
h,0.0,4.65949324,1.00100486,1.00100486,0.0
h,0.0,4.68039693,1.00112011,1.00112011,0.0
h,0.0,4.70136745,1.00483472,1.00483472,0.0
h,0.0,4.72221533,1.00438094,1.00438094,0.0
h,0.0,4.74309374,1.00229171,1.00229171,0.0
h,0.0,4.76390784,1.00599851,1.00599851,0.0
h,0.0,4.78491795,1.00247423,1.00247423,0.0
h,0.0,4.80636204,1.00176865,1.00176865,0.0
h,0.0,4.82728449,1.00225034,1.00225034,0.0
h,0.0,4.84785524,1.00694195,1.00694195,0.0
h,0.0,4.86859731,1.00493597,1.00493597,0.0
h,0.0,4.88954319,1.00694086,1.00694086,0.0
h,0.0,4.91078695,1.00250474,1.00250474,0.0
h,0.0,4.93172016,1.00147242,1.00147242,0.0
h,0.0,4.95244063,1.00497183,1.00497183,0.0
h,0.0,4.97348932,1.0020091,1.0020091,0.0
h,0.0,4.994309,1.0042649,1.0042649,0.0
h,0.0,5.01515697,1.0055846,1.0055846,0.0
h,0.0,5.03598003,1.00881867,1.00881867,0.0
h,0.0,5.05703237,1.00687978,1.00687978,0.0
h,0.0,5.07840332,1.00742387,1.00742387,0.0
h,0.0,5.09943841,1.00340316,1.00340316,0.0
h,0.0,5.12032938,1.00404976,1.00404976,0.0
h,0.0,5.14107614,1.00668951,1.00668951,0.0
h,0.0,5.16214077,1.00389702,1.00389702,0.0
h,0.0,5.18341099,1.00686111,1.00686111,0.0
h,0.0,5.2041075,1.00580202,1.00580202,0.0
h,0.0,5.22477891,1.00457447,1.00457447,0.0
h,0.0,5.24557967,1.00577657,1.00577657,0.0
h,0.0,5.26649236,1.00411653,1.00411653,0.0
h,0.0,5.28753131,1.00429991,1.00429991,0.0
h,0.0,5.30847064,1.00777009,1.00777009,0.0
h,0.0,5.32946745,1.0098794,1.0098794,0.0
h,0.0,5.3506922,1.00456997,1.00456997,0.0
h,0.0,5.37158853,1.00590341,1.00590341,0.0
h,0.0,5.39231925,1.00874519,1.00874519,0.0
h,0.0,5.41333352,1.00658847,1.00658847,0.0
h,0.0,5.43434316,1.00841883,1.00841883,0.0
h,0.0,5.45530659,1.00697459,1.00697459,0.0
h,0.0,5.47618498,1.00945279,1.00945279,0.0
h,0.0,5.49715755,1.0080608,1.0080608,0.0
h,0.0,5.51801586,1.00761053,1.00761053,0.0
h,0.0,5.53881995,1.00743403,1.00743403,0.0
h,0.0,5.55992514,1.00833935,1.00833935,0.0
h,0.0,5.58098545,1.00872637,1.00872637,0.0
h,0.0,5.60183772,1.00899011,1.00899011,0.0
h,0.0,5.62277584,1.00781495,1.00781495,0.0
h,0.0,5.64379172,1.00964313,1.00964313,0.0
h,0.0,5.66460817,1.00685525,1.00685525,0.0
h,0.0,5.68556022,1.0106063,1.0106063,0.0
h,0.0,5.7067909,1.00624862,1.00624862,0.0
h,0.0,5.72769317,1.00629517,1.00629517,0.0
h,0.0,5.74840017,1.0101575,1.0101575,0.0
h,0.0,5.76938192,1.0073392,1.0073392,0.0
h,0.0,5.79039764,1.0050393,1.0050393,0.0
h,0.0,5.81144039,1.00825671,1.00825671,0.0
h,0.0,5.83232115,1.01007974,1.01007974,0.0
h,0.0,5.85320209,1.0092275,1.0092275,0.0
h,0.0,5.87418919,1.00673982,1.00673982,0.0
h,0.0,5.89509625,1.00727291,1.00727291,0.0
h,0.0,5.9159726,1.00938935,1.00938935,0.0
h,0.0,5.93682663,1.00840881,1.00840881,0.0
h,0.0,5.95791772,1.00903986,1.00903986,0.0
h,0.0,5.97900675,1.00720054,1.00720054,0.0
h,0.0,5.99978945,1.00805013,1.00805013,0.0
h,0.0,6.02063577,1.00657723,1.00657723,0.0
h,0.0,6.04156421,1.00737624,1.00737624,0.0
h,0.0,6.06259364,1.00870808,1.00870808,0.0
h,0.0,6.08377541,1.00738433,1.00738433,0.0
h,0.0,6.10447051,1.01148122,1.01148122,0.0
h,0.0,6.12538157,1.00594302,1.00594302,0.0
h,0.0,6.14660689,1.0051589,1.0051589,0.0
h,0.0,6.16752321,1.00653712,1.00653712,0.0
h,0.0,6.18833806,1.00743842,1.00743842,0.0
h,0.0,6.20938667,1.00840858,1.00840858,0.0
h,0.0,6.23052184,1.00481904,1.00481904,0.0
h,0.0,6.25137137,1.00492819,1.00492819,0.0
h,0.0,6.27204484,1.00726062,1.00726062,0.0
h,0.0,6.29290789,1.00785308,1.00785308,0.0
h,0.0,6.31382104,1.00591811,1.00591811,0.0
h,0.0,6.33495691,1.004945,1.004945,0.0
h,0.0,6.35600914,1.00729128,1.00729128,0.0
h,0.0,6.37663869,1.00344341,1.00344341,0.0
h,0.0,6.39770954,1.00496864,1.00496864,0.0
h,0.0,6.41872759,1.00307757,1.00307757,0.0
h,0.0,6.43951457,1.00628355,1.00628355,0.0
h,0.0,6.46033562,1.00383343,1.00383343,0.0
h,0.0,6.4814564,1.00318189,1.00318189,0.0
h,0.0,6.50265681,1.00579955,1.00579955,0.0
h,0.0,6.52350383,1.00645685,1.00645685,0.0
h,0.0,6.54427866,1.00422569,1.00422569,0.0
h,0.0,6.56515568,1.00321837,1.00321837,0.0
h,0.0,6.58628576,1.00481037,1.00481037,0.0
h,0.0,6.60749316,1.00573873,1.00573873,0.0
h,0.0,6.62830625,1.00417653,1.00417653,0.0
h,0.0,6.64913567,1.00257044,1.00257044,0.0
h,0.0,6.67020149,1.00395152,1.00395152,0.0
h,0.0,6.69106898,1.00578492,1.00578492,0.0
h,0.0,6.71185955,1.00376849,1.00376849,0.0
h,0.0,6.73264651,1.00196274,1.00196274,0.0
h,0.0,6.7537045,1.00223926,1.00223926,0.0
h,0.0,6.77487174,1.00053722,1.00053722,0.0
h,0.0,6.79557562,1.0030374,1.0030374,0.0
h,0.0,6.81648781,1.00206424,1.00206424,0.0
h,0.0,6.83753747,1.00408472,1.00408472,0.0
h,0.0,6.85867557,1.00329315,1.00329315,0.0
h,0.0,6.87985316,1.00238637,1.00238637,0.0
h,0.0,6.90065786,1.00232594,1.00232594,0.0
h,0.0,6.92153112,1.00245732,1.00245732,0.0
h,0.0,6.94229803,1.00362683,1.00362683,0.0
h,0.0,6.9630016,1.00188103,1.00188103,0.0
h,0.0,6.98416877,1.00325069,1.00325069,0.0
h,0.0,7.0052781,1.00187673,1.00187673,0.0
h,0.0,7.02617612,1.00184513,1.00184513,0.0
h,0.0,7.04699526,1.00317414,1.00317414,0.0
h,0.0,7.06761685,1.00162018,1.00162018,0.0
h,0.0,7.08873369,1.00134215,1.00134215,0.0
h,0.0,7.10994937,1.00152814,1.00152814,0.0
h,0.0,7.13102893,1.00144188,1.00144188,0.0
h,0.0,7.15201412,1.00161297,1.00161297,0.0
h,0.0,7.17271336,1.00021814,1.00021814,0.0
h,0.0,7.19374266,0.999560918,0.999560918,0.0
h,0.0,7.21473042,0.999991832,0.999991832,0.0
h,0.0,7.23564263,1.00065703,1.00065703,0.0
h,0.0,7.25666289,1.00022936,1.00022936,0.0
h,0.0,7.27757645,1.00001347,1.00001347,0.0
h,0.0,7.2984411,1.00245246,1.00245246,0.0
h,0.0,7.31917384,0.999171605,0.999171605,0.0
h,0.0,7.34001688,0.997373934,0.997373934,0.0
h,0.0,7.3611683,0.997818199,0.997818199,0.0
h,0.0,7.38224284,0.997213692,0.997213692,0.0
h,0.0,7.40324015,0.998285721,0.998285721,0.0
h,0.0,7.42408854,0.999814668,0.999814668,0.0
h,0.0,7.44500634,0.999783462,0.999783462,0.0
h,0.0,7.46595959,0.99688209,0.99688209,0.0
h,0.0,7.48696308,0.999771663,0.999771663,0.0
h,0.0,7.5079936,0.997848669,0.997848669,0.0
h,0.0,7.52871967,0.997060032,0.997060032,0.0
h,0.0,7.54966921,0.999490257,0.999490257,0.0
h,0.0,7.57064902,0.998865509,0.998865509,0.0
h,0.0,7.59151428,0.99803471,0.99803471,0.0
h,0.0,7.6123809,0.999077909,0.999077909,0.0
h,0.0,7.63338324,0.997877673,0.997877673,0.0
h,0.0,7.65450532,0.999780122,0.999780122,0.0
h,0.0,7.67556944,0.99965017,0.99965017,0.0
h,0.0,7.69637751,0.994342689,0.994342689,0.0
h,0.0,7.71727216,0.997874938,0.997874938,0.0
h,0.0,7.73835725,0.99965435,0.99965435,0.0
h,0.0,7.75934923,0.997446085,0.997446085,0.0
h,0.0,7.78023116,0.995207784,0.995207784,0.0
h,0.0,7.80098697,0.996058805,0.996058805,0.0
h,0.0,7.82190677,0.997399668,0.997399668,0.0
h,0.0,7.84304931,0.996282296,0.996282296,0.0
h,0.0,7.86405132,0.999287149,0.999287149,0.0
h,0.0,7.88484553,1.00052902,1.00052902,0.0
h,0.0,7.90574885,0.998711926,0.998711926,0.0
h,0.0,7.9267531,0.996226164,0.996226164,0.0
h,0.0,7.94765228,0.998615594,0.998615594,0.0
h,0.0,7.96842304,0.997651405,0.997651405,0.0
h,0.0,7.98938616,0.998033156,0.998033156,0.0
h,0.0,8.01050815,0.997298625,0.997298625,0.0
h,0.0,8.03153334,0.997912855,0.997912855,0.0
h,0.0,8.05240251,0.994739839,0.994739839,0.0
h,0.0,8.07332696,0.997432447,0.997432447,0.0
h,0.0,8.09438514,0.996426222,0.996426222,0.0
h,0.0,8.11529588,0.99711483,0.99711483,0.0
h,0.0,8.13618411,0.997160922,0.997160922,0.0
h,0.0,8.15717855,0.998281022,0.998281022,0.0
h,0.0,8.17807847,0.995078551,0.995078551,0.0
h,0.0,8.19905269,0.995814734,0.995814734,0.0
h,0.0,8.21991085,1.00014775,1.00014775,0.0
h,0.0,8.24078529,0.998453197,0.998453197,0.0
h,0.0,8.26195652,0.995683946,0.995683946,0.0
h,0.0,8.28293039,0.996130727,0.996130727,0.0
h,0.0,8.30373423,0.997087905,0.997087905,0.0
h,0.0,8.32452583,0.99681761,0.99681761,0.0
h,0.0,8.34556221,0.995704705,0.995704705,0.0
h,0.0,8.36671927,0.997624389,0.997624389,0.0
h,0.0,8.38757523,0.996361873,0.996361873,0.0
h,0.0,8.40855808,0.997826723,0.997826723,0.0
h,0.0,8.42953585,0.994216836,0.994216836,0.0
h,0.0,8.45042977,0.994880921,0.994880921,0.0
h,0.0,8.47138662,0.997933509,0.997933509,0.0
h,0.0,8.49217243,0.995870219,0.995870219,0.0
h,0.0,8.51321806,0.9949016,0.9949016,0.0
h,0.0,8.53421183,0.997516649,0.997516649,0.0
h,0.0,8.55508292,0.995580394,0.995580394,0.0
h,0.0,8.57598662,0.997001245,0.997001245,0.0
h,0.0,8.59679232,0.99616542,0.99616542,0.0
h,0.0,8.61783107,0.997894816,0.997894816,0.0
h,0.0,8.63891768,0.995847857,0.995847857,0.0
h,0.0,8.65972861,0.996591262,0.996591262,0.0
h,0.0,8.68059853,0.996530561,0.996530561,0.0
h,0.0,8.70174168,0.996188244,0.996188244,0.0
h,0.0,8.72279566,0.994553502,0.994553502,0.0
h,0.0,8.74359241,0.996601709,0.996601709,0.0
h,0.0,8.76424415,0.996056359,0.996056359,0.0
h,0.0,8.78526729,0.994104364,0.994104364,0.0
h,0.0,8.80637189,0.995409257,0.995409257,0.0
h,0.0,8.82736896,0.993240883,0.993240883,0.0
h,0.0,8.84843212,0.998589328,0.998589328,0.0
h,0.0,8.86933197,0.995564845,0.995564845,0.0
h,0.0,8.89026857,0.995198775,0.995198775,0.0
h,0.0,8.91123702,0.995589575,0.995589575,0.0
h,0.0,8.93214776,0.996342113,0.996342113,0.0
h,0.0,8.95312097,0.995909455,0.995909455,0.0
h,0.0,8.9741304,0.996070972,0.996070972,0.0
h,0.0,8.99505705,0.997233603,0.997233603,0.0
h,0.0,9.01571368,0.994149719,0.994149719,0.0
h,0.0,9.03640927,0.996879621,0.996879621,0.0
h,0.0,9.05755121,0.993899831,0.993899831,0.0
h,0.0,9.07868023,0.99611431,0.99611431,0.0
h,0.0,9.09969513,0.996238948,0.996238948,0.0
h,0.0,9.1205658,0.998046293,0.998046293,0.0
h,0.0,9.14137844,0.995791305,0.995791305,0.0
h,0.0,9.16237082,0.997835973,0.997835973,0.0
h,0.0,9.18339441,0.996097097,0.996097097,0.0
h,0.0,9.20447395,0.995706918,0.995706918,0.0
h,0.0,9.22549281,0.99629608,0.99629608,0.0
h,0.0,9.2463962,0.997307852,0.997307852,0.0
h,0.0,9.26722673,0.997977074,0.997977074,0.0
h,0.0,9.28791689,0.995803749,0.995803749,0.0
h,0.0,9.30892724,0.994899772,0.994899772,0.0
h,0.0,9.33003065,0.997181385,0.997181385,0.0
h,0.0,9.35102864,0.997096653,0.997096653,0.0
h,0.0,9.37196601,0.995818772,0.995818772,0.0
h,0.0,9.39258783,0.994640338,0.994640338,0.0
h,0.0,9.41349621,0.996801044,0.996801044,0.0
h,0.0,9.4347927,0.99588529,0.99588529,0.0
h,0.0,9.45587737,0.998045334,0.998045334,0.0
h,0.0,9.47676866,0.996800742,0.996800742,0.0
h,0.0,9.49762777,0.996032142,0.996032142,0.0
h,0.0,9.51852362,0.996131693,0.996131693,0.0
h,0.0,9.53939795,0.996500515,0.996500515,0.0
h,0.0,9.56035551,0.996795254,0.996795254,0.0
h,0.0,9.58149741,0.996429002,0.996429002,0.0
h,0.0,9.60249587,0.997707856,0.997707856,0.0
h,0.0,9.62336478,1.00028331,1.00028331,0.0
h,0.0,9.64415055,0.997449113,0.997449113,0.0
h,0.0,9.66502224,0.99886941,0.99886941,0.0
h,0.0,9.68597433,0.998413911,0.998413911,0.0
h,0.0,9.7069728,0.997268962,0.997268962,0.0
h,0.0,9.72797765,0.995935531,0.995935531,0.0
h,0.0,9.74896401,0.998924981,0.998924981,0.0
h,0.0,9.76996217,0.998221171,0.998221171,0.0
h,0.0,9.79085678,0.996480388,0.996480388,0.0
h,0.0,9.81166698,0.996603586,0.996603586,0.0
h,0.0,9.83262494,0.995293148,0.995293148,0.0
h,0.0,9.85372265,0.997444455,0.997444455,0.0
h,0.0,9.87472665,0.998890421,0.998890421,0.0
h,0.0,9.89559934,0.997789006,0.997789006,0.0
h,0.0,9.91635289,0.995702549,0.995702549,0.0
h,0.0,9.93737645,0.998295278,0.998295278,0.0
h,0.0,9.95856995,0.997538434,0.997538434,0.0
h,0.0,9.97940815,0.998489018,0.998489018,0.0
h,0.0,10.000082,0.996974605,0.996974605,0.0
h,0.2,0.0252815853,0.000731885081,0.0005296485,0.00020223658100000002
h,0.2,0.0486976344,0.00220392916,0.00202846552,0.0001754636400000003
h,0.2,0.0692644017,0.00419854659,0.00402958427,0.0001689623200000004
h,0.2,0.08877835,0.0067361018,0.0065389667,0.0001971350999999998
h,0.2,0.111604297,0.0107006037,0.0103843786,0.00031622509999999944
h,0.2,0.132731806,0.0146126666,0.014921314,-0.00030864740000000057
h,0.2,0.153672181,0.0198109095,0.0194036234,0.0004072861000000011
h,0.2,0.175641863,0.0259261187,0.0254828463,0.0004432723999999999
h,0.2,0.196615509,0.0327293306,0.0314882479,0.0012410827
h,0.2,0.217326708,0.0387256289,0.0383529598,0.0003726691000000004
h,0.2,0.237538457,0.046177229,0.0459423072,0.0002349218000000028
h,0.2,0.258148683,0.0540533661,0.0544368764,-0.00038351030000000064
h,0.2,0.28040349,0.0639290895,0.0635472762,0.0003818132999999918
h,0.2,0.301929084,0.0742924183,0.0723367336,0.0019556847000000016
h,0.2,0.322287413,0.0829693034,0.0829809724,-1.1669000000005814e-05
h,0.2,0.342663331,0.0943485532,0.0941899695,0.0001585837000000062
h,0.2,0.363641289,0.106649038,0.106021932,0.0006271060000000023
h,0.2,0.385602948,0.118541531,0.117278241,0.0012632900000000002
h,0.2,0.406737165,0.130710571,0.131483427,-0.0007728560000000162
h,0.2,0.427001871,0.144072625,0.142672773,0.001399852000000007
h,0.2,0.448754416,0.156415858,0.158300225,-0.001884366999999998
h,0.2,0.469601745,0.172412236,0.172040278,0.00037195800000000556
h,0.2,0.489805379,0.185653814,0.187419918,-0.0017661039999999906
h,0.2,0.510302494,0.202444994,0.2006271,0.0018178939999999866
h,0.2,0.53178319,0.215610814,0.216457362,-0.0008465479999999748
h,0.2,0.553922362,0.233674101,0.232047709,0.0016263920000000043
h,0.2,0.574670041,0.252384789,0.251210747,0.0011740419999999863
h,0.2,0.594645701,0.267595364,0.265355673,0.002239690999999988
h,0.2,0.615540037,0.285873099,0.284801103,0.0010719960000000195
h,0.2,0.636554081,0.30145898,0.302452871,-0.0009938910000000245
h,0.2,0.658102417,0.320668236,0.320108264,0.0005599720000000197
h,0.2,0.679189641,0.342040508,0.338444245,0.003596263000000044
h,0.2,0.700054044,0.35981813,0.359353412,0.0004647180000000306
h,0.2,0.721329826,0.377557014,0.380455977,-0.0028989629999999766
h,0.2,0.742033923,0.400604325,0.399618511,0.0009858139999999738
h,0.2,0.762614581,0.419270118,0.419798901,-0.0005287829999999771
h,0.2,0.783270495,0.437796547,0.437610291,0.00018625599999999576
h,0.2,0.804783918,0.459439573,0.459703853,-0.0002642800000000056
h,0.2,0.826095906,0.477942678,0.482354341,-0.00441166300000001
h,0.2,0.846303977,0.496918517,0.499617637,-0.0026991199999999993
h,0.2,0.867174819,0.520726297,0.518490406,0.00223589099999999
h,0.2,0.888413258,0.541311826,0.541022903,0.000288923000000052
h,0.2,0.909910564,0.564183816,0.561491592,0.002692224000000021
h,0.2,0.931134698,0.582100954,0.586218541,-0.004117587000000089
h,0.2,0.951563161,0.60426344,0.606590782,-0.0023273420000000655
h,0.2,0.972160451,0.625977416,0.625735422,0.00024199400000002314
h,0.2,0.993008165,0.647072366,0.644892025,0.0021803409999999745
h,0.2,1.0140906,0.665645643,0.66615613,-0.0005104870000000039
h,0.2,1.03500338,0.68382426,0.689241667,-0.005417407000000041
h,0.2,1.05657413,0.708446916,0.706704115,0.001742801000000016
h,0.2,1.07789814,0.725243991,0.721436711,0.0038072800000000795
h,0.2,1.09835045,0.74942192,0.745261491,0.00416042899999991
h,0.2,1.11903902,0.76290758,0.761872003,0.0010355770000000097
h,0.2,1.1396405,0.781801876,0.776979785,0.004822090999999973
h,0.2,1.16109193,0.799605243,0.795685854,0.003919388999999995
h,0.2,1.18227503,0.817352986,0.817980839,-0.0006278530000000115
h,0.2,1.2030555,0.830368342,0.828407308,0.001961034000000028
h,0.2,1.22375183,0.843206097,0.840832659,0.0023734380000000055
h,0.2,1.24453484,0.867318963,0.859099252,0.008219710999999963
h,0.2,1.26570671,0.867600215,0.8748603,-0.007260085000000083
h,0.2,1.28693994,0.885148206,0.884730141,0.0004180649999999675
h,0.2,1.30807124,0.900028429,0.89685115,0.0031772789999999773
h,0.2,1.32889646,0.906580949,0.909901331,-0.003320382000000066
h,0.2,1.34945121,0.921483524,0.923210617,-0.0017270929999999574
h,0.2,1.37055188,0.93347643,0.930227713,0.0032487170000000676
h,0.2,1.39148285,0.936537917,0.941607373,-0.005069455999999972
h,0.2,1.41220445,0.952955679,0.951544008,0.0014116709999999477
h,0.2,1.43352474,0.961221303,0.954327185,0.006894117999999949
h,0.2,1.45454751,0.964317664,0.966984155,-0.0026664910000000486
h,0.2,1.47511055,0.970567335,0.972907667,-0.002340331999999945
h,0.2,1.49566583,0.980518658,0.97622174,0.004296918000000094
h,0.2,1.51690776,0.983943042,0.983974829,-3.178699999994983e-05
h,0.2,1.53826425,0.987319675,0.990194725,-0.002875050000000101
h,0.2,1.55931449,0.989381504,0.997875182,-0.008493678000000005
h,0.2,1.58012172,0.995589871,1.00158286,-0.005992989000000115
h,0.2,1.60114355,1.00022553,1.00354156,-0.0033160299999999143
h,0.2,1.62229155,1.00489667,1.0082549,-0.0033582300000001286
h,0.2,1.64295947,1.00280541,1.00741853,-0.004613120000000137
h,0.2,1.66366432,1.0064944,1.00988325,-0.003388849999999888
h,0.2,1.68478217,1.00831349,1.01781041,-0.00949692000000013
h,0.2,1.7057485,1.01088716,1.01736677,-0.006479609999999969
h,0.2,1.72683745,1.01292945,1.01450635,-0.0015769000000001032
h,0.2,1.74765849,1.01611881,1.01112157,0.004997240000000014
h,0.2,1.76847487,1.01639452,1.0120598,0.004334719999999903
h,0.2,1.78961871,1.01124405,1.01283158,-0.0015875300000001147
h,0.2,1.81086098,1.01086101,1.0172675,-0.006406490000000042
h,0.2,1.83179094,1.01701793,1.0123527,0.004665229999999854
h,0.2,1.8521746,1.0131638,1.01516945,-0.002005649999999859
h,0.2,1.8733654,1.01183756,1.01225587,-0.0004183099999999218
h,0.2,1.89455538,1.01646219,1.01210881,0.004353379999999962
h,0.2,1.91534795,1.01012714,1.01369789,-0.003570749999999956
h,0.2,1.93623233,1.00912526,1.0119532,-0.0028279399999999733
h,0.2,1.9571481,1.01007553,1.00762544,0.0024500899999999604
h,0.2,1.97825109,1.00946731,1.01233899,-0.002871679999999932
h,0.2,1.99905898,1.01237282,1.00281053,0.009562289999999862
h,0.2,2.01966715,1.00647845,1.00696446,-0.0004860100000001477
h,0.2,2.04082415,1.00545035,1.00355987,0.0018904800000001387
h,0.2,2.06193171,1.00289246,0.999204527,0.003687933000000032
h,0.2,2.08296048,1.00507965,1.01010017,-0.005020519999999973
h,0.2,2.10383017,1.00068938,1.00418909,-0.0034997099999998227
h,0.2,2.12494312,1.00382294,0.999086668,0.004736272000000041
h,0.2,2.14618475,0.995881088,0.997712769,-0.001831681000000085
h,0.2,2.16679298,0.995154104,0.999287038,-0.0041329339999999215
h,0.2,2.18753482,0.992519698,0.99255284,-3.314200000004153e-05
h,0.2,2.20847027,0.996492294,0.990290145,0.006202148999999935
h,0.2,2.22955181,0.993418971,0.994186994,-0.0007680230000000066
h,0.2,2.25078374,0.993836663,0.988688488,0.005148174999999977
h,0.2,2.27150159,0.991466252,0.984578647,0.006887605000000074
h,0.2,2.29205574,0.995955462,0.992312843,0.003642618999999958
h,0.2,2.31294326,0.986390169,0.986307548,8.262100000000494e-05
h,0.2,2.3340363,0.987238586,0.984737173,0.0025014130000000634
h,0.2,2.35514399,0.985668064,0.98549115,0.00017691399999997248
h,0.2,2.37607726,0.982691792,0.98388193,-0.0011901380000000072
h,0.2,2.39730341,0.983848555,0.981951299,0.0018972560000000138
h,0.2,2.41857203,0.983054438,0.980072364,0.0029820740000000567
h,0.2,2.43911056,0.980856821,0.980716891,0.00013993000000001032
h,0.2,2.45988005,0.982399859,0.978054412,0.004345447000000058
h,0.2,2.48094151,0.980320056,0.975787519,0.004532537000000003
h,0.2,2.50196601,0.979484801,0.981231664,-0.0017468629999999319
h,0.2,2.52300496,0.980270512,0.977045322,0.003225189999999989
h,0.2,2.54340089,0.980031562,0.974418753,0.005612808999999941
h,0.2,2.56415297,0.97558521,0.978225986,-0.0026407760000000113
h,0.2,2.58575836,0.97689402,0.97906207,-0.002168049999999977
h,0.2,2.60684428,0.975362716,0.973779784,0.0015829320000000369
h,0.2,2.62775949,0.976533075,0.974294365,0.002238709999999977
h,0.2,2.64834355,0.977001002,0.974269699,0.0027313029999999072
h,0.2,2.66912062,0.971906249,0.973114658,-0.0012084089999999659
h,0.2,2.69039946,0.973589465,0.975168139,-0.0015786740000000021
h,0.2,2.71121518,0.971612679,0.974263123,-0.0026504439999999185
h,0.2,2.7321837,0.973515873,0.974638599,-0.0011227260000000738
h,0.2,2.75306239,0.971236956,0.973366732,-0.002129775999999972
h,0.2,2.77427049,0.972394842,0.97356983,-0.0011749879999999324
h,0.2,2.79557932,0.974678628,0.973013195,0.001665432999999994
h,0.2,2.8160646,0.97338792,0.974862805,-0.0014748850000000369
h,0.2,2.83689478,0.974574618,0.970465342,0.004109275999999995
h,0.2,2.85801727,0.973116952,0.97286051,0.0002564420000000789
h,0.2,2.87906973,0.974316609,0.973862768,0.00045384099999989935
h,0.2,2.89996898,0.97677938,0.973316101,0.003463278999999986
h,0.2,2.92062944,0.971885367,0.973790865,-0.001905498000000061
h,0.2,2.941605,0.972274153,0.972257478,1.6675000000021534e-05
h,0.2,2.96267076,0.976799784,0.976709301,9.048300000003007e-05
h,0.2,2.98347442,0.973152131,0.971666117,0.0014860139999999245
h,0.2,3.00437656,0.979639814,0.976838406,0.0028014079999999497
h,0.2,3.02542142,0.9784958,0.980632482,-0.0021366819999999453
h,0.2,3.04658726,0.980488029,0.975972465,0.004515563999999972
h,0.2,3.06768101,0.977691797,0.975785718,0.0019060789999999495
h,0.2,3.088328,0.974200974,0.97562529,-0.0014243159999999255
h,0.2,3.10931167,0.97589084,0.97554743,0.00034341000000004396
h,0.2,3.1305457,0.974446421,0.97900272,-0.004556298999999986
h,0.2,3.15150209,0.976297144,0.978290042,-0.0019928980000000207
h,0.2,3.17219014,0.977554343,0.978166102,-0.0006117589999999895
h,0.2,3.19299024,0.978185292,0.979415708,-0.0012304159999999564
h,0.2,3.21390436,0.975347906,0.977596205,-0.002248299000000009
h,0.2,3.23506564,0.981008329,0.978654448,0.002353881000000002
h,0.2,3.25605387,0.976761783,0.978287445,-0.0015256619999999277
h,0.2,3.27685776,0.97951141,0.976392962,0.0031184479999999404
h,0.2,3.29794723,0.98103699,0.98185299,-0.0008160000000000389
h,0.2,3.31884778,0.97789468,0.978651673,-0.0007569929999999836
h,0.2,3.33944269,0.977024212,0.98050694,-0.003482728000000046
h,0.2,3.36030612,0.978296363,0.97964902,-0.0013526569999999793
h,0.2,3.38171654,0.977062813,0.980131185,-0.003068371999999986
h,0.2,3.40297495,0.98520154,0.981433113,0.0037684270000000186
h,0.2,3.42370792,0.980377338,0.979865578,0.0005117600000000833
h,0.2,3.44440875,0.981113349,0.976000852,0.005112497000000049
h,0.2,3.465315,0.977914818,0.981816204,-0.0039013860000000067
h,0.2,3.4865867,0.980672125,0.980701098,-2.8973000000043214e-05
h,0.2,3.50751221,0.984111369,0.984408661,-0.00029729200000006006
h,0.2,3.52796741,0.981410908,0.982189045,-0.0007781370000000676
h,0.2,3.5488788,0.983128968,0.983871436,-0.0007424679999999961
h,0.2,3.57014151,0.986661034,0.982896261,0.003764772999999999
h,0.2,3.59120365,0.985602898,0.984404506,0.001198392000000048
h,0.2,3.61190928,0.980662,0.982701561,-0.002039560999999912
h,0.2,3.63300558,0.982880092,0.979662423,0.0032176690000000896
h,0.2,3.6541422,0.982453975,0.98420169,-0.0017477150000000385
h,0.2,3.67500902,0.979834089,0.983999728,-0.004165638999999999
h,0.2,3.69581564,0.984013595,0.983055248,0.0009583469999999705
h,0.2,3.71644729,0.986500707,0.986061425,0.0004392819999999853
h,0.2,3.73749774,0.98506619,0.982354511,0.0027116789999999114
h,0.2,3.75868086,0.986033571,0.988007503,-0.001973931999999956
h,0.2,3.77950549,0.982354287,0.986491237,-0.004136949999999917
h,0.2,3.80027286,0.98570321,0.984707574,0.0009956360000000775
h,0.2,3.82143123,0.987600181,0.986972295,0.0006278859999999664
h,0.2,3.84280481,0.983240403,0.985156322,-0.0019159189999999882
h,0.2,3.86349282,0.984267837,0.989789888,-0.005522051000000028
h,0.2,3.88417456,0.988185492,0.984303618,0.003881874000000063
h,0.2,3.90535419,0.984791189,0.989633013,-0.004841823999999995
h,0.2,3.9264697,0.985319291,0.986500967,-0.0011816759999999649
h,0.2,3.94738681,0.982510713,0.988613957,-0.006103243999999952
h,0.2,3.96810309,0.987962232,0.993137875,-0.005175642999999952
h,0.2,3.98888694,0.989066312,0.991632156,-0.0025658440000000393
h,0.2,4.00993371,0.990269818,0.991165241,-0.0008954230000000063
h,0.2,4.03080983,0.989712926,0.987269313,0.0024436130000000666
h,0.2,4.05178039,0.986735134,0.992605215,-0.0058700809999999715
h,0.2,4.07276799,0.991920584,0.990794626,0.001125958000000038
h,0.2,4.09368684,0.991687835,0.990791888,0.0008959470000000636
h,0.2,4.11485609,0.990378278,0.995609413,-0.005231135000000053
h,0.2,4.13583188,0.991866323,0.991740813,0.00012550999999993984
h,0.2,4.15670688,0.994186034,0.993034938,0.0011510960000000736
h,0.2,4.17758774,0.994050966,0.994693743,-0.0006427770000000388
h,0.2,4.19867141,0.992788208,0.992343274,0.00044493400000000793
h,0.2,4.21961517,0.995572012,0.991063237,0.00450877500000002
h,0.2,4.24013393,0.992058005,0.993326137,-0.0012681320000000884
h,0.2,4.26119077,0.994230744,0.995257134,-0.0010263900000000437
h,0.2,4.28239268,0.993468472,0.992661184,0.0008072879999999616
h,0.2,4.30342826,0.99714494,0.997416699,-0.00027175899999998254
h,0.2,4.32431592,0.998010779,0.996605923,0.0014048560000000654
h,0.2,4.34508479,0.995901494,0.994944196,0.0009572980000001063
h,0.2,4.36604259,0.997315455,0.99732057,-5.114999999999981e-06
h,0.2,4.38708086,0.996804788,0.997045043,-0.0002402549999999115
h,0.2,4.40778797,0.9972077,1.00326104,-0.006053339999999907
h,0.2,4.4288526,1.00235975,1.00016814,0.0021916100000001215
h,0.2,4.44994967,1.00089666,0.999780008,0.0011166519999999958
h,0.2,4.47085438,0.998134422,0.998746897,-0.0006124749999999457
h,0.2,4.49188801,0.9993039,0.997379834,0.0019240660000000576
h,0.2,4.51250216,0.998891579,0.99662362,0.002267958999999986
h,0.2,4.5334461,1.00163976,0.998584626,0.003055134000000015
h,0.2,4.55463591,1.00026121,1.00279256,-0.0025313500000001543
h,0.2,4.57547609,1.00214999,1.00185048,0.0002995099999998363
h,0.2,4.59643311,1.00193703,1.00268541,-0.000748380000000104
h,0.2,4.61732903,1.00079161,1.00179918,-0.0010075699999998466
h,0.2,4.63833098,1.00513448,1.00175868,0.003375799999999929
h,0.2,4.65949324,1.00241742,1.00100486,0.0014125599999998961
h,0.2,4.68039693,1.00359734,1.00112011,0.002477229999999997
h,0.2,4.70136745,1.00113544,1.00483472,-0.0036992799999999715
h,0.2,4.72221533,1.00078142,1.00438094,-0.003599520000000078
h,0.2,4.74309374,1.00331425,1.00229171,0.0010225400000001272
h,0.2,4.76390784,1.0017798,1.00599851,-0.004218709999999959
h,0.2,4.78491795,0.999983725,1.00247423,-0.0024905050000000317
h,0.2,4.80636204,1.0043367,1.00176865,0.002568050000000044
h,0.2,4.82728449,1.00033138,1.00225034,-0.001918960000000025
h,0.2,4.84785524,1.00760895,1.00694195,0.0006669999999999732
h,0.2,4.86859731,1.00015814,1.00493597,-0.004777830000000094
h,0.2,4.88954319,1.0055194,1.00694086,-0.0014214599999999855
h,0.2,4.91078695,1.00327609,1.00250474,0.0007713499999999485
h,0.2,4.93172016,1.0048386,1.00147242,0.0033661799999999964
h,0.2,4.95244063,1.00326226,1.00497183,-0.001709569999999827
h,0.2,4.97348932,1.00570979,1.0020091,0.003700690000000062
h,0.2,4.994309,1.00817025,1.0042649,0.0039053500000001407
h,0.2,5.01515697,1.00443492,1.0055846,-0.0011496799999999308
h,0.2,5.03598003,1.00326758,1.00881867,-0.005551089999999981
h,0.2,5.05703237,1.00527423,1.00687978,-0.0016055500000000666
h,0.2,5.07840332,1.00386869,1.00742387,-0.003555179999999991
h,0.2,5.09943841,1.00427225,1.00340316,0.0008690900000001278
h,0.2,5.12032938,1.00495093,1.00404976,0.0009011699999998957
h,0.2,5.14107614,1.0068707,1.00668951,0.00018118999999994223
h,0.2,5.16214077,1.00571454,1.00389702,0.001817520000000128
h,0.2,5.18341099,1.00541484,1.00686111,-0.0014462699999999717
h,0.2,5.2041075,1.00568733,1.00580202,-0.00011468999999997287
h,0.2,5.22477891,1.00542692,1.00457447,0.0008524499999997825
h,0.2,5.24557967,1.00363794,1.00577657,-0.0021386300000001413
h,0.2,5.26649236,1.00812805,1.00411653,0.004011520000000157
h,0.2,5.28753131,1.00569874,1.00429991,0.001398829999999851
h,0.2,5.30847064,1.00634521,1.00777009,-0.0014248799999998507
h,0.2,5.32946745,1.00809885,1.0098794,-0.0017805499999998808
h,0.2,5.3506922,1.0089645,1.00456997,0.004394530000000119
h,0.2,5.37158853,1.00574743,1.00590341,-0.0001559799999999445
h,0.2,5.39231925,1.00768686,1.00874519,-0.0010583299999999962
h,0.2,5.41333352,1.00772828,1.00658847,0.0011398099999999634
h,0.2,5.43434316,1.00473973,1.00841883,-0.0036791000000000462
h,0.2,5.45530659,1.00637636,1.00697459,-0.0005982300000000329
h,0.2,5.47618498,1.00721263,1.00945279,-0.0022401600000001576
h,0.2,5.49715755,1.00727525,1.0080608,-0.0007855500000000237
h,0.2,5.51801586,1.00720241,1.00761053,-0.0004081199999999008
h,0.2,5.53881995,1.00895453,1.00743403,0.0015205000000000357
h,0.2,5.55992514,1.00931521,1.00833935,0.0009758600000000506
h,0.2,5.58098545,1.00873311,1.00872637,6.7400000001160976e-06
h,0.2,5.60183772,1.00856571,1.00899011,-0.00042439999999999145
h,0.2,5.62277584,1.00785158,1.00781495,3.663000000009298e-05
h,0.2,5.64379172,1.00693417,1.00964313,-0.0027089599999998715
h,0.2,5.66460817,1.01073463,1.00685525,0.003879379999999877
h,0.2,5.68556022,1.01052742,1.0106063,-7.888000000000339e-05
h,0.2,5.7067909,1.00857823,1.00624862,0.002329609999999871
h,0.2,5.72769317,1.0082186,1.00629517,0.0019234299999999482
h,0.2,5.74840017,1.01061333,1.0101575,0.0004558299999999349
h,0.2,5.76938192,1.00897902,1.0073392,0.0016398199999998475
h,0.2,5.79039764,1.0073302,1.0050393,0.0022908999999999846
h,0.2,5.81144039,1.00798633,1.00825671,-0.0002703799999999035
h,0.2,5.83232115,1.00754677,1.01007974,-0.0025329699999998567
h,0.2,5.85320209,1.00731053,1.0092275,-0.0019169699999999068
h,0.2,5.87418919,1.00489089,1.00673982,-0.0018489299999999709
h,0.2,5.89509625,1.00779927,1.00727291,0.000526360000000059
h,0.2,5.9159726,1.01206973,1.00938935,0.0026803799999999267
h,0.2,5.93682663,1.0077628,1.00840881,-0.0006460099999998636
h,0.2,5.95791772,1.00580306,1.00903986,-0.0032367999999998176
h,0.2,5.97900675,1.00499371,1.00720054,-0.002206829999999993
h,0.2,5.99978945,1.00781012,1.00805013,-0.0002400099999999572
h,0.2,6.02063577,1.00946076,1.00657723,0.0028835300000000785
h,0.2,6.04156421,1.00880043,1.00737624,0.0014241900000000474
h,0.2,6.06259364,1.00968744,1.00870808,0.0009793600000000957
h,0.2,6.08377541,1.0066882,1.00738433,-0.000696130000000128
h,0.2,6.10447051,1.00460857,1.01148122,-0.006872650000000036
h,0.2,6.12538157,1.00772922,1.00594302,0.001786200000000182
h,0.2,6.14660689,1.00591645,1.0051589,0.0007575499999998847
h,0.2,6.16752321,1.00708865,1.00653712,0.0005515300000000778
h,0.2,6.18833806,1.00413462,1.00743842,-0.003303799999999857
h,0.2,6.20938667,1.00879838,1.00840858,0.0003897999999999957
h,0.2,6.23052184,1.00943082,1.00481904,0.004611779999999843
h,0.2,6.25137137,1.00277013,1.00492819,-0.0021580599999999617
h,0.2,6.27204484,1.00534255,1.00726062,-0.001918070000000105
h,0.2,6.29290789,1.00260379,1.00785308,-0.005249290000000073
h,0.2,6.31382104,1.00469027,1.00591811,-0.001227840000000091
h,0.2,6.33495691,1.00467269,1.004945,-0.0002723099999999423
h,0.2,6.35600914,1.0042386,1.00729128,-0.003052679999999919
h,0.2,6.37663869,1.00297035,1.00344341,-0.0004730600000000251
h,0.2,6.39770954,1.00366611,1.00496864,-0.001302530000000024
h,0.2,6.41872759,1.00584996,1.00307757,0.002772389999999847
h,0.2,6.43951457,1.00654374,1.00628355,0.00026018999999988246
h,0.2,6.46033562,1.00490544,1.00383343,0.001072009999999901
h,0.2,6.4814564,1.00496881,1.00318189,0.0017869200000000252
h,0.2,6.50265681,1.00453688,1.00579955,-0.0012626700000000213
h,0.2,6.52350383,1.00416642,1.00645685,-0.0022904299999999544
h,0.2,6.54427866,1.00414863,1.00422569,-7.705999999996216e-05
h,0.2,6.56515568,1.00728055,1.00321837,0.004062180000000026
h,0.2,6.58628576,1.00588321,1.00481037,0.0010728399999999638
h,0.2,6.60749316,1.00574389,1.00573873,5.159999999948539e-06
h,0.2,6.62830625,1.00480215,1.00417653,0.0006256199999998824
h,0.2,6.64913567,1.00359707,1.00257044,0.0010266300000001394
h,0.2,6.67020149,1.00321256,1.00395152,-0.0007389600000000662
h,0.2,6.69106898,1.00550731,1.00578492,-0.0002776099999999282
h,0.2,6.71185955,1.00141107,1.00376849,-0.0023574199999998324
h,0.2,6.73264651,1.00409854,1.00196274,0.002135800000000021
h,0.2,6.7537045,1.0017876,1.00223926,-0.0004516600000001869
h,0.2,6.77487174,1.00225132,1.00053722,0.0017141000000000517
h,0.2,6.79557562,1.00447284,1.0030374,0.0014354400000000656
h,0.2,6.81648781,1.00321934,1.00206424,0.0011551000000000755
h,0.2,6.83753747,1.0038499,1.00408472,-0.00023481999999996894
h,0.2,6.85867557,1.00381343,1.00329315,0.0005202799999999286
h,0.2,6.87985316,1.00340857,1.00238637,0.0010221999999999731
h,0.2,6.90065786,1.00181643,1.00232594,-0.0005095099999998798
h,0.2,6.92153112,1.00174621,1.00245732,-0.0007111099999999038
h,0.2,6.94229803,1.00092355,1.00362683,-0.0027032799999999746
h,0.2,6.9630016,1.0011237,1.00188103,-0.0007573300000001115
h,0.2,6.98416877,1.00089417,1.00325069,-0.002356519999999973
h,0.2,7.0052781,1.00135861,1.00187673,-0.0005181199999999553
h,0.2,7.02617612,1.0030152,1.00184513,0.001170070000000134
h,0.2,7.04699526,0.998852683,1.00317414,-0.004321457000000084
h,0.2,7.06761685,0.99998213,1.00162018,-0.0016380499999999465
h,0.2,7.08873369,1.00077478,1.00134215,-0.000567369999999956
h,0.2,7.10994937,1.00215047,1.00152814,0.0006223299999998932
h,0.2,7.13102893,0.998950732,1.00144188,-0.002491148000000054
h,0.2,7.15201412,0.999744961,1.00161297,-0.0018680090000000593
h,0.2,7.17271336,1.00021438,1.00021814,-3.7600000000193035e-06
h,0.2,7.19374266,1.00194358,0.999560918,0.0023826620000000354
h,0.2,7.21473042,0.999547491,0.999991832,-0.00044434100000001475
h,0.2,7.23564263,1.00238336,1.00065703,0.0017263300000001092
h,0.2,7.25666289,0.999523736,1.00022936,-0.0007056240000000713
h,0.2,7.27757645,0.999113365,1.00001347,-0.0009001050000000399
h,0.2,7.2984411,1.00116295,1.00245246,-0.0012895099999998827
h,0.2,7.31917384,0.999235011,0.999171605,6.340599999998808e-05
h,0.2,7.34001688,0.999686067,0.997373934,0.002312132999999994
h,0.2,7.3611683,0.999447818,0.997818199,0.0016296190000000266
h,0.2,7.38224284,1.00126668,0.997213692,0.004052988000000091
h,0.2,7.40324015,0.999853902,0.998285721,0.0015681810000000018
h,0.2,7.42408854,1.00061968,0.999814668,0.0008050120000000494
h,0.2,7.44500634,0.999529513,0.999783462,-0.00025394899999997556
h,0.2,7.46595959,1.00055867,0.99688209,0.0036765799999999293
h,0.2,7.48696308,1.00050118,0.999771663,0.0007295170000001239
h,0.2,7.5079936,0.999781212,0.997848669,0.0019325430000000088
h,0.2,7.52871967,0.999672309,0.997060032,0.002612276999999996
h,0.2,7.54966921,0.998352619,0.999490257,-0.0011376379999999964
h,0.2,7.57064902,0.997005745,0.998865509,-0.001859763999999986
h,0.2,7.59151428,1.0001255,0.99803471,0.002090790000000009
h,0.2,7.6123809,0.998195383,0.999077909,-0.0008825260000000501
h,0.2,7.63338324,0.999916409,0.997877673,0.002038736000000041
h,0.2,7.65450532,0.997448005,0.999780122,-0.0023321170000000224
h,0.2,7.67556944,0.995476986,0.99965017,-0.0041731839999999965
h,0.2,7.69637751,1.00073956,0.994342689,0.006396870999999971
h,0.2,7.71727216,1.00237121,0.997874938,0.004496271999999912
h,0.2,7.73835725,0.997923558,0.99965435,-0.0017307920000000365
h,0.2,7.75934923,0.999146508,0.997446085,0.001700423000000062
h,0.2,7.78023116,0.998257452,0.995207784,0.003049668000000061
h,0.2,7.80098697,0.999328562,0.996058805,0.0032697569999999843
h,0.2,7.82190677,0.999994925,0.997399668,0.002595256999999962
h,0.2,7.84304931,0.996420389,0.996282296,0.0001380930000000058
h,0.2,7.86405132,0.998803613,0.999287149,-0.00048353600000006214
h,0.2,7.88484553,0.996874422,1.00052902,-0.00365459800000012
h,0.2,7.90574885,0.99784495,0.998711926,-0.0008669760000000748
h,0.2,7.9267531,0.998433993,0.996226164,0.00220782900000005
h,0.2,7.94765228,0.998693494,0.998615594,7.789999999996411e-05
h,0.2,7.96842304,0.998548608,0.997651405,0.0008972029999999576
h,0.2,7.98938616,0.99607835,0.998033156,-0.0019548059999999756
h,0.2,8.01050815,0.998545129,0.997298625,0.0012465040000000371
h,0.2,8.03153334,0.995683649,0.997912855,-0.0022292060000000946
h,0.2,8.05240251,0.99618937,0.994739839,0.001449531000000004
h,0.2,8.07332696,0.997574431,0.997432447,0.0001419839999999839
h,0.2,8.09438514,0.99615612,0.996426222,-0.0002701019999999943
h,0.2,8.11529588,0.997161399,0.99711483,4.656899999999631e-05
h,0.2,8.13618411,0.996915293,0.997160922,-0.00024562899999991394
h,0.2,8.15717855,0.995768405,0.998281022,-0.0025126170000000503
h,0.2,8.17807847,0.994122944,0.995078551,-0.0009556069999999695
h,0.2,8.19905269,0.998042582,0.995814734,0.0022278479999999767
h,0.2,8.21991085,0.996349449,1.00014775,-0.003798301000000004
h,0.2,8.24078529,0.998746756,0.998453197,0.0002935589999999433
h,0.2,8.26195652,0.998021867,0.995683946,0.002337920999999965
h,0.2,8.28293039,0.996073696,0.996130727,-5.70310000000962e-05
h,0.2,8.30373423,0.995708654,0.997087905,-0.0013792510000000258
h,0.2,8.32452583,0.995554344,0.99681761,-0.0012632660000000406
h,0.2,8.34556221,0.997790221,0.995704705,0.002085516000000065
h,0.2,8.36671927,0.994472867,0.997624389,-0.0031515219999999067
h,0.2,8.38757523,0.996624246,0.996361873,0.0002623729999999824
h,0.2,8.40855808,0.996589881,0.997826723,-0.0012368419999999603
h,0.2,8.42953585,0.995143,0.994216836,0.0009261640000000071
h,0.2,8.45042977,0.997597444,0.994880921,0.0027165230000000262
h,0.2,8.47138662,0.996379562,0.997933509,-0.001553947
h,0.2,8.49217243,0.995845851,0.995870219,-2.4367999999941325e-05
h,0.2,8.51321806,0.995385531,0.9949016,0.000483930999999993
h,0.2,8.53421183,0.997429117,0.997516649,-8.753200000000128e-05
h,0.2,8.55508292,0.993744542,0.995580394,-0.0018358520000000267
h,0.2,8.57598662,0.996753421,0.997001245,-0.0002478240000000076
h,0.2,8.59679232,0.994981223,0.99616542,-0.0011841969999999424
h,0.2,8.61783107,0.995633879,0.997894816,-0.002260936999999963
h,0.2,8.63891768,0.994837669,0.995847857,-0.0010101879999999674
h,0.2,8.65972861,0.995564354,0.996591262,-0.0010269080000000486
h,0.2,8.68059853,0.994297168,0.996530561,-0.002233393000000028
h,0.2,8.70174168,0.99686632,0.996188244,0.0006780760000000274
h,0.2,8.72279566,0.995280688,0.994553502,0.0007271859999999908
h,0.2,8.74359241,0.997357876,0.996601709,0.0007561670000000298
h,0.2,8.76424415,0.998373278,0.996056359,0.002316918999999973
h,0.2,8.78526729,0.995928234,0.994104364,0.0018238699999999497
h,0.2,8.80637189,0.99830956,0.995409257,0.002900302999999993
h,0.2,8.82736896,0.995035987,0.993240883,0.0017951039999999363
h,0.2,8.84843212,0.995663626,0.998589328,-0.0029257019999999745
h,0.2,8.86933197,0.998744342,0.995564845,0.0031794969999999756
h,0.2,8.89026857,0.994836758,0.995198775,-0.00036201699999993675
h,0.2,8.91123702,0.99339383,0.995589575,-0.002195744999999971
h,0.2,8.93214776,0.997744454,0.996342113,0.0014023410000000291
h,0.2,8.95312097,0.99696504,0.995909455,0.0010555849999999145
h,0.2,8.9741304,0.997011268,0.996070972,0.0009402959999998961
h,0.2,8.99505705,0.997101313,0.997233603,-0.00013228999999992386
h,0.2,9.01571368,0.994435123,0.994149719,0.0002854039999999891
h,0.2,9.03640927,0.9970221,0.996879621,0.00014247899999997315
h,0.2,9.05755121,0.996826721,0.993899831,0.0029268900000000153
h,0.2,9.07868023,0.996569466,0.99611431,0.0004551560000000121
h,0.2,9.09969513,0.997292328,0.996238948,0.0010533799999999927
h,0.2,9.1205658,0.99582776,0.998046293,-0.002218533000000078
h,0.2,9.14137844,0.995605361,0.995791305,-0.00018594400000004896
h,0.2,9.16237082,0.996140723,0.997835973,-0.001695250000000037
h,0.2,9.18339441,0.994827716,0.996097097,-0.0012693810000000694
h,0.2,9.20447395,0.996767165,0.995706918,0.0010602469999999586
h,0.2,9.22549281,0.997428721,0.99629608,0.0011326409999999898
h,0.2,9.2463962,0.995046328,0.997307852,-0.0022615240000000147
h,0.2,9.26722673,0.994782286,0.997977074,-0.0031947880000000595
h,0.2,9.28791689,0.996666455,0.995803749,0.0008627059999999354
h,0.2,9.30892724,0.998835091,0.994899772,0.003935318999999993
h,0.2,9.33003065,0.993744958,0.997181385,-0.0034364270000000197
h,0.2,9.35102864,0.997847697,0.997096653,0.000751043999999923
h,0.2,9.37196601,0.997590357,0.995818772,0.0017715849999999644
h,0.2,9.39258783,0.994226317,0.994640338,-0.00041402099999998665
h,0.2,9.41349621,0.998531306,0.996801044,0.001730261999999927
h,0.2,9.4347927,0.997590372,0.99588529,0.001705081999999969
h,0.2,9.45587737,0.997564551,0.998045334,-0.00048078299999998464
h,0.2,9.47676866,0.996201135,0.996800742,-0.0005996070000000575
h,0.2,9.49762777,0.997271834,0.996032142,0.001239691999999959
h,0.2,9.51852362,0.997796649,0.996131693,0.0016649559999999397
h,0.2,9.53939795,0.995366226,0.996500515,-0.0011342890000000105
h,0.2,9.56035551,0.995687885,0.996795254,-0.0011073689999999692
h,0.2,9.58149741,0.997828588,0.996429002,0.0013995860000000082
h,0.2,9.60249587,0.998174157,0.997707856,0.0004663010000000023
h,0.2,9.62336478,0.997091509,1.00028331,-0.0031918009999999386
h,0.2,9.64415055,0.999895502,0.997449113,0.0024463889999999378
h,0.2,9.66502224,0.99654464,0.99886941,-0.002324769999999976
h,0.2,9.68597433,0.99805493,0.998413911,-0.00035898099999998045
h,0.2,9.7069728,0.99987016,0.997268962,0.0026011979999999157
h,0.2,9.72797765,0.995604796,0.995935531,-0.0003307350000000264
h,0.2,9.74896401,0.997970618,0.998924981,-0.0009543630000000691
h,0.2,9.76996217,0.99811493,0.998221171,-0.00010624100000000691
h,0.2,9.79085678,0.99922082,0.996480388,0.0027404319999999593
h,0.2,9.81166698,0.999300286,0.996603586,0.0026966999999999963
h,0.2,9.83262494,0.996658135,0.995293148,0.0013649869999999842
h,0.2,9.85372265,0.997038893,0.997444455,-0.00040556199999997045
h,0.2,9.87472665,0.998518085,0.998890421,-0.00037233599999997313
h,0.2,9.89559934,0.998053891,0.997789006,0.0002648849999999925
h,0.2,9.91635289,0.996983408,0.995702549,0.0012808589999999676
h,0.2,9.93737645,0.998610589,0.998295278,0.0003153110000000403
h,0.2,9.95856995,0.997763225,0.997538434,0.00022479100000005747
h,0.2,9.97940815,0.998673608,0.998489018,0.00018459000000004
h,0.2,10.000082,0.997665717,0.996974605,0.0006911119999999382
h,0.4,0.0252815853,0.00145270649,0.0005296485,0.00092305799
h,0.4,0.0486976344,0.00275557376,0.00202846552,0.0007271082400000001
h,0.4,0.0692644017,0.00478494775,0.00402958427,0.00075536348
h,0.4,0.08877835,0.0073263343,0.0065389667,0.0007873676
h,0.4,0.111604297,0.0110476505,0.0103843786,0.0006632718999999999
h,0.4,0.132731806,0.0155877541,0.014921314,0.0006664401000000004
h,0.4,0.153672181,0.0204687233,0.0194036234,0.0010650999000000015
h,0.4,0.175641863,0.0264785726,0.0254828463,0.0009957262999999994
h,0.4,0.196615509,0.0325338252,0.0314882479,0.001045577299999996
h,0.4,0.217326708,0.0396982725,0.0383529598,0.0013453126999999968
h,0.4,0.237538457,0.0466990396,0.0459423072,0.0007567324000000014
h,0.4,0.258148683,0.0552620515,0.0544368764,0.0008251750999999988
h,0.4,0.28040349,0.064756329,0.0635472762,0.001209052799999999
h,0.4,0.301929084,0.0744368475,0.0723367336,0.0021001139000000058
h,0.4,0.322287413,0.0836630623,0.0829809724,0.000682089899999988
h,0.4,0.342663331,0.094743069,0.0941899695,0.0005530995000000011
h,0.4,0.363641289,0.106077566,0.106021932,5.563399999999885e-05
h,0.4,0.385602948,0.118796893,0.117278241,0.0015186519999999953
h,0.4,0.406737165,0.131916137,0.131483427,0.00043270999999997506
h,0.4,0.427001871,0.144365644,0.142672773,0.0016928709999999847
h,0.4,0.448754416,0.159494968,0.158300225,0.0011947429999999981
h,0.4,0.469601745,0.17234959,0.172040278,0.000309312000000006
h,0.4,0.489805379,0.187547403,0.187419918,0.0001274850000000105
h,0.4,0.510302494,0.201651399,0.2006271,0.0010242990000000063
h,0.4,0.53178319,0.217194924,0.216457362,0.0007375620000000249
h,0.4,0.553922362,0.233614499,0.232047709,0.0015667900000000123
h,0.4,0.574670041,0.249773505,0.251210747,-0.0014372420000000052
h,0.4,0.594645701,0.268873845,0.265355673,0.003518171999999986
h,0.4,0.615540037,0.28579667,0.284801103,0.000995566999999975
h,0.4,0.636554081,0.30310351,0.302452871,0.0006506390000000084
h,0.4,0.658102417,0.32232211,0.320108264,0.0022138460000000193
h,0.4,0.679189641,0.340754477,0.338444245,0.002310232000000023
h,0.4,0.700054044,0.35715708,0.359353412,-0.0021963319999999675
h,0.4,0.721329826,0.378196921,0.380455977,-0.0022590559999999815
h,0.4,0.742033923,0.399027904,0.399618511,-0.0005906070000000208
h,0.4,0.762614581,0.417918703,0.419798901,-0.0018801979999999996
h,0.4,0.783270495,0.438060204,0.437610291,0.000449913000000024
h,0.4,0.804783918,0.459633762,0.459703853,-7.009099999999435e-05
h,0.4,0.826095906,0.480239214,0.482354341,-0.0021151269999999944
h,0.4,0.846303977,0.500238254,0.499617637,0.00062061699999999
h,0.4,0.867174819,0.521912171,0.518490406,0.003421765000000021
h,0.4,0.888413258,0.543726719,0.541022903,0.0027038160000000255
h,0.4,0.909910564,0.563886923,0.561491592,0.0023953310000000005
h,0.4,0.931134698,0.585864215,0.586218541,-0.0003543260000000714
h,0.4,0.951563161,0.606239969,0.606590782,-0.0003508130000000609
h,0.4,0.972160451,0.622689935,0.625735422,-0.003045486999999958
h,0.4,0.993008165,0.647830028,0.644892025,0.0029380030000000223
h,0.4,1.0140906,0.664701861,0.66615613,-0.001454269000000008
h,0.4,1.03500338,0.685015269,0.689241667,-0.00422639800000002
h,0.4,1.05657413,0.708735653,0.706704115,0.0020315379999999994
h,0.4,1.07789814,0.724471811,0.721436711,0.0030351000000000683
h,0.4,1.09835045,0.743374877,0.745261491,-0.0018866140000000087
h,0.4,1.11903902,0.760983963,0.761872003,-0.0008880399999999788
h,0.4,1.1396405,0.780264658,0.776979785,0.0032848730000000215
h,0.4,1.16109193,0.796064428,0.795685854,0.0003785739999999649
h,0.4,1.18227503,0.817457327,0.817980839,-0.0005235120000000038
h,0.4,1.2030555,0.823754381,0.828407308,-0.004652926999999973
h,0.4,1.22375183,0.847816287,0.840832659,0.006983627999999964
h,0.4,1.24453484,0.8612476,0.859099252,0.0021483479999999666
h,0.4,1.26570671,0.869855994,0.8748603,-0.005004306000000014
h,0.4,1.28693994,0.887684463,0.884730141,0.0029543220000000092
h,0.4,1.30807124,0.89298749,0.89685115,-0.0038636600000000465
h,0.4,1.32889646,0.910747622,0.909901331,0.000846290999999999
h,0.4,1.34945121,0.923632059,0.923210617,0.0004214420000000496
h,0.4,1.37055188,0.935996811,0.930227713,0.005769098000000028
h,0.4,1.39148285,0.937382059,0.941607373,-0.0042253139999999245
h,0.4,1.41220445,0.95033501,0.951544008,-0.0012089980000000722
h,0.4,1.43352474,0.957839478,0.954327185,0.0035122929999999997
h,0.4,1.45454751,0.966764924,0.966984155,-0.0002192309999999864
h,0.4,1.47511055,0.973000664,0.972907667,9.299699999998357e-05
h,0.4,1.49566583,0.982702295,0.97622174,0.006480554999999999
h,0.4,1.51690776,0.981275788,0.983974829,-0.0026990409999999576
h,0.4,1.53826425,0.989264974,0.990194725,-0.0009297510000000342
h,0.4,1.55931449,0.993947403,0.997875182,-0.003927779000000076
h,0.4,1.58012172,0.998229615,1.00158286,-0.0033532450000001157
h,0.4,1.60114355,0.997409455,1.00354156,-0.006132104999999943
h,0.4,1.62229155,1.00396522,1.0082549,-0.0042896800000000734
h,0.4,1.64295947,1.00911892,1.00741853,0.001700389999999885
h,0.4,1.66366432,1.01257977,1.00988325,0.002696520000000202
h,0.4,1.68478217,1.0113161,1.01781041,-0.006494310000000114
h,0.4,1.7057485,1.01316739,1.01736677,-0.004199379999999975
h,0.4,1.72683745,1.01656832,1.01450635,0.0020619699999999686
h,0.4,1.74765849,1.01375204,1.01112157,0.0026304699999999404
h,0.4,1.76847487,1.01293154,1.0120598,0.0008717400000000097
h,0.4,1.78961871,1.01438427,1.01283158,0.0015526900000000232
h,0.4,1.81086098,1.01682292,1.0172675,-0.0004445799999999167
h,0.4,1.83179094,1.01594113,1.0123527,0.003588429999999976
h,0.4,1.8521746,1.01296897,1.01516945,-0.002200479999999949
h,0.4,1.8733654,1.01782614,1.01225587,0.005570269999999988
h,0.4,1.89455538,1.0153984,1.01210881,0.0032895900000000644
h,0.4,1.91534795,1.00963344,1.01369789,-0.004064449999999997
h,0.4,1.93623233,1.01541402,1.0119532,0.00346081999999992
h,0.4,1.9571481,1.01035591,1.00762544,0.0027304699999999293
h,0.4,1.97825109,1.01133641,1.01233899,-0.0010025799999999752
h,0.4,1.99905898,1.00875447,1.00281053,0.00594393999999987
h,0.4,2.01966715,1.01249658,1.00696446,0.005532120000000029
h,0.4,2.04082415,1.00102602,1.00355987,-0.0025338499999998376
h,0.4,2.06193171,1.00356674,0.999204527,0.004362212999999948
h,0.4,2.08296048,1.00381995,1.01010017,-0.0062802200000000585
h,0.4,2.10383017,1.00197957,1.00418909,-0.002209519999999854
h,0.4,2.12494312,1.00132798,0.999086668,0.0022413119999998843
h,0.4,2.14618475,0.998978756,0.997712769,0.001265986999999913
h,0.4,2.16679298,0.998608742,0.999287038,-0.0006782959999999116
h,0.4,2.18753482,0.997285254,0.99255284,0.004732414000000018
h,0.4,2.20847027,0.994446424,0.990290145,0.0041562790000000405
h,0.4,2.22955181,0.994602328,0.994186994,0.00041533400000004495
h,0.4,2.25078374,0.988942444,0.988688488,0.0002539559999999996
h,0.4,2.27150159,0.985750724,0.984578647,0.0011720769999999936
h,0.4,2.29205574,0.989194896,0.992312843,-0.00311794700000001
h,0.4,2.31294326,0.990646421,0.986307548,0.004338873000000021
h,0.4,2.3340363,0.985819397,0.984737173,0.0010822240000000205
h,0.4,2.35514399,0.981596846,0.98549115,-0.003894304000000015
h,0.4,2.37607726,0.984134264,0.98388193,0.0002523340000000207
h,0.4,2.39730341,0.981261431,0.981951299,-0.0006898680000000379
h,0.4,2.41857203,0.983269649,0.980072364,0.0031972850000000497
h,0.4,2.43911056,0.980866166,0.980716891,0.00014927499999994875
h,0.4,2.45988005,0.981370302,0.978054412,0.003315889999999988
h,0.4,2.48094151,0.983344576,0.975787519,0.007557056999999978
h,0.4,2.50196601,0.97973074,0.981231664,-0.0015009239999999036
h,0.4,2.52300496,0.976625458,0.977045322,-0.00041986400000004753
h,0.4,2.54340089,0.978809919,0.974418753,0.004391166000000002
h,0.4,2.56415297,0.974352387,0.978225986,-0.00387359899999995
h,0.4,2.58575836,0.973096061,0.97906207,-0.005966008999999994
h,0.4,2.60684428,0.977183031,0.973779784,0.0034032470000000536
h,0.4,2.62775949,0.977274481,0.974294365,0.0029801160000000326
h,0.4,2.64834355,0.974059989,0.974269699,-0.0002097100000000296
h,0.4,2.66912062,0.975613564,0.973114658,0.002498906000000023
h,0.4,2.69039946,0.971850071,0.975168139,-0.0033180680000000073
h,0.4,2.71121518,0.974765645,0.974263123,0.0005025220000000052
h,0.4,2.7321837,0.974526408,0.974638599,-0.00011219100000003923
h,0.4,2.75306239,0.975942429,0.973366732,0.0025756969999999324
h,0.4,2.77427049,0.977037457,0.97356983,0.0034676270000000287
h,0.4,2.79557932,0.969323474,0.973013195,-0.00368972100000009
h,0.4,2.8160646,0.973123239,0.974862805,-0.0017395660000000257
h,0.4,2.83689478,0.973752562,0.970465342,0.003287220000000035
h,0.4,2.85801727,0.977218534,0.97286051,0.004358024000000071
h,0.4,2.87906973,0.971156806,0.973862768,-0.0027059620000000617
h,0.4,2.89996898,0.974118184,0.973316101,0.0008020830000000645
h,0.4,2.92062944,0.974501846,0.973790865,0.0007109809999999994
h,0.4,2.941605,0.973204171,0.972257478,0.000946693000000054
h,0.4,2.96267076,0.972133533,0.976709301,-0.0045757679999999246
h,0.4,2.98347442,0.975535221,0.971666117,0.0038691039999999566
h,0.4,3.00437656,0.972670358,0.976838406,-0.004168048000000035
h,0.4,3.02542142,0.975525249,0.980632482,-0.005107232999999933
h,0.4,3.04658726,0.975700839,0.975972465,-0.0002716259999999693
h,0.4,3.06768101,0.97650118,0.975785718,0.0007154619999999445
h,0.4,3.088328,0.975550674,0.97562529,-7.461600000002733e-05
h,0.4,3.10931167,0.974997591,0.97554743,-0.0005498389999999409
h,0.4,3.1305457,0.976231388,0.97900272,-0.0027713320000000152
h,0.4,3.15150209,0.975339518,0.978290042,-0.0029505240000000654
h,0.4,3.17219014,0.978530813,0.978166102,0.00036471100000001755
h,0.4,3.19299024,0.978061481,0.979415708,-0.0013542269999999856
h,0.4,3.21390436,0.976553116,0.977596205,-0.0010430889999999415
h,0.4,3.23506564,0.977922394,0.978654448,-0.000732053999999982
h,0.4,3.25605387,0.9768961,0.978287445,-0.0013913449999999328
h,0.4,3.27685776,0.978887878,0.976392962,0.002494915999999958
h,0.4,3.29794723,0.980235382,0.98185299,-0.0016176079999999926
h,0.4,3.31884778,0.979795909,0.978651673,0.0011442360000000207
h,0.4,3.33944269,0.979876941,0.98050694,-0.0006299990000000477
h,0.4,3.36030612,0.979579958,0.97964902,-6.906200000000862e-05
h,0.4,3.38171654,0.979999659,0.980131185,-0.00013152599999999293
h,0.4,3.40297495,0.983065701,0.981433113,0.0016325879999999904
h,0.4,3.42370792,0.980665014,0.979865578,0.0007994359999999867
h,0.4,3.44440875,0.980551693,0.976000852,0.004550841000000028
h,0.4,3.465315,0.980941064,0.981816204,-0.0008751399999999965
h,0.4,3.4865867,0.98366413,0.980701098,0.002963031999999921
h,0.4,3.50751221,0.980930535,0.984408661,-0.0034781259999999703
h,0.4,3.52796741,0.980448663,0.982189045,-0.0017403820000000403
h,0.4,3.5488788,0.981015539,0.983871436,-0.002855896999999996
h,0.4,3.57014151,0.98260515,0.982896261,-0.00029111100000001056
h,0.4,3.59120365,0.982594183,0.984404506,-0.001810322999999947
h,0.4,3.61190928,0.982321712,0.982701561,-0.00037984899999998767
h,0.4,3.63300558,0.983902567,0.979662423,0.004240144000000057
h,0.4,3.6541422,0.983287522,0.98420169,-0.000914167999999993
h,0.4,3.67500902,0.983476146,0.983999728,-0.0005235820000000224
h,0.4,3.69581564,0.98358191,0.983055248,0.0005266619999999556
h,0.4,3.71644729,0.982352168,0.986061425,-0.0037092570000000213
h,0.4,3.73749774,0.984024428,0.982354511,0.0016699169999999652
h,0.4,3.75868086,0.980674452,0.988007503,-0.007333050999999924
h,0.4,3.77950549,0.989458637,0.986491237,0.0029674000000000644
h,0.4,3.80027286,0.987244855,0.984707574,0.002537281000000058
h,0.4,3.82143123,0.986808884,0.986972295,-0.0001634110000000577
h,0.4,3.84280481,0.986735389,0.985156322,0.0015790669999999896
h,0.4,3.86349282,0.988558219,0.989789888,-0.0012316690000000463
h,0.4,3.88417456,0.991673268,0.984303618,0.007369650000000005
h,0.4,3.90535419,0.985759298,0.989633013,-0.003873715
h,0.4,3.9264697,0.985469102,0.986500967,-0.0010318649999999652
h,0.4,3.94738681,0.988981331,0.988613957,0.0003673739999999759
h,0.4,3.96810309,0.986119917,0.993137875,-0.007017957999999935
h,0.4,3.98888694,0.988099478,0.991632156,-0.0035326780000000113
h,0.4,4.00993371,0.989364753,0.991165241,-0.001800487999999989
h,0.4,4.03080983,0.987096941,0.987269313,-0.0001723719999999762
h,0.4,4.05178039,0.987281219,0.992605215,-0.0053239959999999975
h,0.4,4.07276799,0.991952256,0.990794626,0.0011576300000000206
h,0.4,4.09368684,0.991924028,0.990791888,0.0011321400000000592
h,0.4,4.11485609,0.994344145,0.995609413,-0.0012652680000000416
h,0.4,4.13583188,0.989512331,0.991740813,-0.0022284820000000316
h,0.4,4.15670688,0.99260834,0.993034938,-0.00042659800000000025
h,0.4,4.17758774,0.997376428,0.994693743,0.002682685000000018
h,0.4,4.19867141,0.995261528,0.992343274,0.002918254000000009
h,0.4,4.21961517,0.994729547,0.991063237,0.0036663100000000615
h,0.4,4.24013393,0.993022109,0.993326137,-0.00030402800000006724
h,0.4,4.26119077,0.994324745,0.995257134,-0.0009323890000000334
h,0.4,4.28239268,0.992056211,0.992661184,-0.0006049730000000642
h,0.4,4.30342826,0.993478792,0.997416699,-0.003937906999999963
h,0.4,4.32431592,0.998702032,0.996605923,0.0020961090000000127
h,0.4,4.34508479,0.992809955,0.994944196,-0.0021342409999999257
h,0.4,4.36604259,0.995234428,0.99732057,-0.002086142000000013
h,0.4,4.38708086,0.9984482,0.997045043,0.0014031570000000437
h,0.4,4.40778797,0.998988273,1.00326104,-0.0042727669999999
h,0.4,4.4288526,0.996166088,1.00016814,-0.004002052000000034
h,0.4,4.44994967,0.994542288,0.999780008,-0.005237720000000001
h,0.4,4.47085438,0.999225534,0.998746897,0.0004786370000000595
h,0.4,4.49188801,1.001063,0.997379834,0.003683166000000071
h,0.4,4.51250216,0.998684341,0.99662362,0.0020607209999999876
h,0.4,4.5334461,1.00026214,0.998584626,0.0016775140000000466
h,0.4,4.55463591,0.998482687,1.00279256,-0.004309873000000075
h,0.4,4.57547609,0.998797459,1.00185048,-0.0030530210000000446
h,0.4,4.59643311,1.00185811,1.00268541,-0.0008273000000000863
h,0.4,4.61732903,0.998093674,1.00179918,-0.0037055059999998585
h,0.4,4.63833098,1.00557422,1.00175868,0.0038155399999999506
h,0.4,4.65949324,1.00196275,1.00100486,0.0009578899999997947
h,0.4,4.68039693,1.00183747,1.00112011,0.0007173599999998892
h,0.4,4.70136745,1.00468328,1.00483472,-0.00015144000000000268
h,0.4,4.72221533,1.00457957,1.00438094,0.0001986299999998664
h,0.4,4.74309374,1.00247547,1.00229171,0.0001837600000000883
h,0.4,4.76390784,1.00407332,1.00599851,-0.00192518999999991
h,0.4,4.78491795,1.00829092,1.00247423,0.005816690000000069
h,0.4,4.80636204,1.00297757,1.00176865,0.0012089200000000577
h,0.4,4.82728449,1.00527536,1.00225034,0.003025019999999934
h,0.4,4.84785524,1.00320667,1.00694195,-0.0037352800000001185
h,0.4,4.86859731,1.00531155,1.00493597,0.000375580000000042
h,0.4,4.88954319,1.0068626,1.00694086,-7.825999999999667e-05
h,0.4,4.91078695,1.00164882,1.00250474,-0.00085592000000001
h,0.4,4.93172016,1.00476993,1.00147242,0.0032975099999998925
h,0.4,4.95244063,1.00589623,1.00497183,0.0009244000000001584
h,0.4,4.97348932,1.00542384,1.0020091,0.0034147399999999717
h,0.4,4.994309,1.00452371,1.0042649,0.0002588100000000537
h,0.4,5.01515697,1.0069808,1.0055846,0.0013962000000000696
h,0.4,5.03598003,1.00551256,1.00881867,-0.0033061099999998067
h,0.4,5.05703237,1.00238169,1.00687978,-0.00449809000000001
h,0.4,5.07840332,1.00428242,1.00742387,-0.00314144999999999
h,0.4,5.09943841,1.00405669,1.00340316,0.0006535300000001243
h,0.4,5.12032938,1.00502555,1.00404976,0.0009757900000000319
h,0.4,5.14107614,1.00566212,1.00668951,-0.0010273899999999614
h,0.4,5.16214077,1.00642615,1.00389702,0.0025291300000001016
h,0.4,5.18341099,1.00740739,1.00686111,0.0005462800000000101
h,0.4,5.2041075,1.00795864,1.00580202,0.0021566200000000535
h,0.4,5.22477891,1.0083166,1.00457447,0.003742129999999788
h,0.4,5.24557967,1.00842342,1.00577657,0.0026468499999998674
h,0.4,5.26649236,1.00981319,1.00411653,0.005696660000000131
h,0.4,5.28753131,1.00479787,1.00429991,0.0004979599999999085
h,0.4,5.30847064,1.00766614,1.00777009,-0.0001039499999999638
h,0.4,5.32946745,1.00868384,1.0098794,-0.0011955599999999844
h,0.4,5.3506922,1.00743899,1.00456997,0.002869020000000111
h,0.4,5.37158853,1.00860931,1.00590341,0.002705900000000039
h,0.4,5.39231925,1.00592342,1.00874519,-0.0028217699999999457
h,0.4,5.41333352,1.00863673,1.00658847,0.002048260000000024
h,0.4,5.43434316,1.00734554,1.00841883,-0.0010732900000001155
h,0.4,5.45530659,1.01047149,1.00697459,0.003496900000000025
h,0.4,5.47618498,1.00916343,1.00945279,-0.00028936000000001627
h,0.4,5.49715755,1.00884645,1.0080608,0.0007856500000000821
h,0.4,5.51801586,1.00670634,1.00761053,-0.0009041899999999714
h,0.4,5.53881995,1.00662035,1.00743403,-0.0008136800000000388
h,0.4,5.55992514,1.00789756,1.00833935,-0.00044178999999999746
h,0.4,5.58098545,1.00841739,1.00872637,-0.00030898000000001424
h,0.4,5.60183772,1.00718547,1.00899011,-0.001804640000000024
h,0.4,5.62277584,1.0081614,1.00781495,0.00034645000000010917
h,0.4,5.64379172,1.00761418,1.00964313,-0.0020289499999999183
h,0.4,5.66460817,1.0082018,1.00685525,0.0013465499999998354
h,0.4,5.68556022,1.00781181,1.0106063,-0.002794490000000094
h,0.4,5.7067909,1.00941672,1.00624862,0.003168099999999896
h,0.4,5.72769317,1.0090901,1.00629517,0.0027949300000000843
h,0.4,5.74840017,1.00956765,1.0101575,-0.0005898500000001139
h,0.4,5.76938192,1.00778294,1.0073392,0.00044373999999991476
h,0.4,5.79039764,1.00922363,1.0050393,0.004184329999999958
h,0.4,5.81144039,1.00962498,1.00825671,0.0013682699999999492
h,0.4,5.83232115,1.00914275,1.01007974,-0.0009369899999998044
h,0.4,5.85320209,1.00804098,1.0092275,-0.0011865199999998577
h,0.4,5.87418919,1.00613383,1.00673982,-0.0006059899999999452
h,0.4,5.89509625,1.00900412,1.00727291,0.001731209999999983
h,0.4,5.9159726,1.00540648,1.00938935,-0.003982869999999972
h,0.4,5.93682663,1.00835926,1.00840881,-4.95499999999538e-05
h,0.4,5.95791772,1.00907061,1.00903986,3.0750000000079325e-05
h,0.4,5.97900675,1.00883042,1.00720054,0.0016298800000000835
h,0.4,5.99978945,1.00744827,1.00805013,-0.0006018599999999541
h,0.4,6.02063577,1.00711709,1.00657723,0.0005398599999999476
h,0.4,6.04156421,1.00821093,1.00737624,0.0008346900000000268
h,0.4,6.06259364,1.00880492,1.00870808,9.684000000009796e-05
h,0.4,6.08377541,1.00667869,1.00738433,-0.0007056400000000629
h,0.4,6.10447051,1.00817255,1.01148122,-0.0033086700000000135
h,0.4,6.12538157,1.00793463,1.00594302,0.0019916100000001435
h,0.4,6.14660689,1.0065848,1.0051589,0.001425899999999869
h,0.4,6.16752321,1.0064575,1.00653712,-7.961999999994696e-05
h,0.4,6.18833806,1.00628568,1.00743842,-0.0011527399999999854
h,0.4,6.20938667,1.004973,1.00840858,-0.0034355800000001047
h,0.4,6.23052184,1.00715377,1.00481904,0.0023347299999998405
h,0.4,6.25137137,1.005557,1.00492819,0.0006288100000000352
h,0.4,6.27204484,1.00947636,1.00726062,0.0022157400000000216
h,0.4,6.29290789,1.00680386,1.00785308,-0.0010492200000000729
h,0.4,6.31382104,1.00831004,1.00591811,0.002391929999999931
h,0.4,6.33495691,1.00375917,1.004945,-0.0011858300000000543
h,0.4,6.35600914,1.00578379,1.00729128,-0.0015074900000000557
h,0.4,6.37663869,1.00668306,1.00344341,0.0032396500000000383
h,0.4,6.39770954,1.00577407,1.00496864,0.0008054299999999959
h,0.4,6.41872759,1.00502249,1.00307757,0.0019449199999999056
h,0.4,6.43951457,1.00466717,1.00628355,-0.0016163799999999728
h,0.4,6.46033562,1.00710121,1.00383343,0.0032677800000000534
h,0.4,6.4814564,1.00357244,1.00318189,0.0003905499999998785
h,0.4,6.50265681,1.00648604,1.00579955,0.000686489999999873
h,0.4,6.52350383,1.00450771,1.00645685,-0.0019491400000000159
h,0.4,6.54427866,1.00309163,1.00422569,-0.0011340600000000478
h,0.4,6.56515568,1.00196141,1.00321837,-0.0012569599999998626
h,0.4,6.58628576,1.00419851,1.00481037,-0.0006118600000000196
h,0.4,6.60749316,1.00375061,1.00573873,-0.0019881200000000376
h,0.4,6.62830625,1.00241661,1.00417653,-0.001759920000000026
h,0.4,6.64913567,1.00445988,1.00257044,0.00188944000000002
h,0.4,6.67020149,1.00402546,1.00395152,7.394000000005008e-05
h,0.4,6.69106898,1.00332116,1.00578492,-0.002463759999999926
h,0.4,6.71185955,1.00497389,1.00376849,0.0012054000000001341
h,0.4,6.73264651,1.00485608,1.00196274,0.0028933399999999665
h,0.4,6.7537045,1.00530569,1.00223926,0.0030664299999998423
h,0.4,6.77487174,1.00506609,1.00053722,0.004528869999999907
h,0.4,6.79557562,1.00266541,1.0030374,-0.0003719899999998777
h,0.4,6.81648781,1.00080371,1.00206424,-0.0012605299999999264
h,0.4,6.83753747,1.00155589,1.00408472,-0.0025288300000001485
h,0.4,6.85867557,1.00260672,1.00329315,-0.0006864300000000156
h,0.4,6.87985316,1.00126856,1.00238637,-0.0011178099999999969
h,0.4,6.90065786,1.00328369,1.00232594,0.0009577499999999795
h,0.4,6.92153112,1.00193116,1.00245732,-0.0005261599999999422
h,0.4,6.94229803,1.00104469,1.00362683,-0.0025821399999998995
h,0.4,6.9630016,1.00124872,1.00188103,-0.0006323100000000803
h,0.4,6.98416877,1.00080431,1.00325069,-0.0024463800000000813
h,0.4,7.0052781,1.00412252,1.00187673,0.0022457899999999142
h,0.4,7.02617612,1.00203035,1.00184513,0.00018522000000009697
h,0.4,7.04699526,1.00135337,1.00317414,-0.0018207700000001381
h,0.4,7.06761685,1.00265024,1.00162018,0.0010300599999999438
h,0.4,7.08873369,1.00081693,1.00134215,-0.0005252199999998819
h,0.4,7.10994937,1.00394315,1.00152814,0.002415009999999995
h,0.4,7.13102893,1.00056177,1.00144188,-0.0008801099999999895
h,0.4,7.15201412,0.99987608,1.00161297,-0.001736890000000102
h,0.4,7.17271336,1.00048263,1.00021814,0.0002644899999999506
h,0.4,7.19374266,1.00084862,0.999560918,0.0012877019999999462
h,0.4,7.21473042,1.00068787,0.999991832,0.0006960379999999544
h,0.4,7.23564263,1.00126746,1.00065703,0.0006104300000000507
h,0.4,7.25666289,1.00105231,1.00022936,0.000822949999999878
h,0.4,7.27757645,1.0018479,1.00001347,0.0018344299999999425
h,0.4,7.2984411,0.998787917,1.00245246,-0.0036645429999999646
h,0.4,7.31917384,1.00259614,0.999171605,0.003424535000000062
h,0.4,7.34001688,0.999914214,0.997373934,0.0025402800000000614
h,0.4,7.3611683,1.00098868,0.997818199,0.0031704810000000583
h,0.4,7.38224284,0.999253329,0.997213692,0.002039636999999983
h,0.4,7.40324015,0.999138862,0.998285721,0.0008531410000000017
h,0.4,7.42408854,0.99944051,0.999814668,-0.0003741579999999578
h,0.4,7.44500634,0.999760568,0.999783462,-2.289399999999553e-05
h,0.4,7.46595959,0.999942826,0.99688209,0.0030607359999998973
h,0.4,7.48696308,0.997375169,0.999771663,-0.0023964939999999713
h,0.4,7.5079936,0.998529699,0.997848669,0.0006810299999999714
h,0.4,7.52871967,0.998978739,0.997060032,0.001918706999999964
h,0.4,7.54966921,0.999530616,0.999490257,4.035899999998982e-05
h,0.4,7.57064902,0.999856369,0.998865509,0.0009908599999999268
h,0.4,7.59151428,0.999514093,0.99803471,0.0014793830000000563
h,0.4,7.6123809,0.997706893,0.999077909,-0.0013710160000000027
h,0.4,7.63338324,0.995503202,0.997877673,-0.002374470999999989
h,0.4,7.65450532,0.99883418,0.999780122,-0.0009459419999999774
h,0.4,7.67556944,0.997863072,0.99965017,-0.001787097999999987
h,0.4,7.69637751,0.997688979,0.994342689,0.003346289999999974
h,0.4,7.71727216,0.996963103,0.997874938,-0.0009118350000000275
h,0.4,7.73835725,0.998666555,0.99965435,-0.0009877950000000135
h,0.4,7.75934923,0.998134463,0.997446085,0.0006883779999999895
h,0.4,7.78023116,0.99831691,0.995207784,0.0031091260000000176
h,0.4,7.80098697,0.996379939,0.996058805,0.0003211340000000007
h,0.4,7.82190677,0.99570407,0.997399668,-0.0016955979999999649
h,0.4,7.84304931,0.997342963,0.996282296,0.0010606670000000706
h,0.4,7.86405132,0.998708594,0.999287149,-0.0005785550000000361
h,0.4,7.88484553,0.999026753,1.00052902,-0.0015022670000001126
h,0.4,7.90574885,0.998858889,0.998711926,0.00014696299999994444
h,0.4,7.9267531,0.996987609,0.996226164,0.0007614450000000828
h,0.4,7.94765228,0.997364428,0.998615594,-0.0012511659999999702
h,0.4,7.96842304,0.996671446,0.997651405,-0.0009799590000000302
h,0.4,7.98938616,0.998008743,0.998033156,-2.4413000000000906e-05
h,0.4,8.01050815,0.997739293,0.997298625,0.0004406679999999774
h,0.4,8.03153334,0.996475269,0.997912855,-0.0014375859999999907
h,0.4,8.05240251,0.994834794,0.994739839,9.495500000000767e-05
h,0.4,8.07332696,0.996745776,0.997432447,-0.000686670999999972
h,0.4,8.09438514,0.996161549,0.996426222,-0.00026467299999999305
h,0.4,8.11529588,0.996635402,0.99711483,-0.00047942800000000396
h,0.4,8.13618411,0.998197161,0.997160922,0.0010362390000000499
h,0.4,8.15717855,0.997781506,0.998281022,-0.0004995159999999776
h,0.4,8.17807847,0.998216164,0.995078551,0.003137613000000039
h,0.4,8.19905269,0.99826251,0.995814734,0.0024477760000000126
h,0.4,8.21991085,0.995401228,1.00014775,-0.004746522000000031
h,0.4,8.24078529,0.996127484,0.998453197,-0.0023257130000000625
h,0.4,8.26195652,0.996299356,0.995683946,0.0006154099999999829
h,0.4,8.28293039,0.997888985,0.996130727,0.001758257999999957
h,0.4,8.30373423,0.997068753,0.997087905,-1.9152000000022262e-05
h,0.4,8.32452583,0.996167967,0.99681761,-0.0006496430000000331
h,0.4,8.34556221,0.994838058,0.995704705,-0.0008666469999999427
h,0.4,8.36671927,0.995610761,0.997624389,-0.002013627999999934
h,0.4,8.38757523,0.995474297,0.996361873,-0.000887576000000001
h,0.4,8.40855808,0.995860432,0.997826723,-0.001966291000000009
h,0.4,8.42953585,0.998073856,0.994216836,0.003857019999999989
h,0.4,8.45042977,0.994982204,0.994880921,0.00010128300000000756
h,0.4,8.47138662,0.997164833,0.997933509,-0.0007686759999999682
h,0.4,8.49217243,0.995538022,0.995870219,-0.00033219699999997854
h,0.4,8.51321806,0.998650814,0.9949016,0.003749213999999945
h,0.4,8.53421183,0.999001213,0.997516649,0.001484563999999966
h,0.4,8.55508292,0.996553267,0.995580394,0.0009728730000000407
h,0.4,8.57598662,0.99493846,0.997001245,-0.0020627850000000114
h,0.4,8.59679232,0.994739009,0.99616542,-0.0014264109999999608
h,0.4,8.61783107,0.995244308,0.997894816,-0.002650507999999996
h,0.4,8.63891768,0.996919507,0.995847857,0.0010716499999999796
h,0.4,8.65972861,0.996969797,0.996591262,0.00037853499999995766
h,0.4,8.68059853,0.996356583,0.996530561,-0.00017397800000007457
h,0.4,8.70174168,0.995653851,0.996188244,-0.0005343929999999109
h,0.4,8.72279566,0.996061967,0.994553502,0.0015084650000000144
h,0.4,8.74359241,0.99565236,0.996601709,-0.0009493489999999882
h,0.4,8.76424415,0.996482158,0.996056359,0.00042579899999994897
h,0.4,8.78526729,0.997742923,0.994104364,0.0036385589999999857
h,0.4,8.80637189,0.997599077,0.995409257,0.002189819999999898
h,0.4,8.82736896,0.993912569,0.993240883,0.0006716860000000047
h,0.4,8.84843212,0.995665178,0.998589328,-0.0029241500000000142
h,0.4,8.86933197,0.995208722,0.995564845,-0.000356122999999986
h,0.4,8.89026857,0.99752586,0.995198775,0.0023270850000000065
h,0.4,8.91123702,0.995709287,0.995589575,0.00011971200000004956
h,0.4,8.93214776,0.99549269,0.996342113,-0.0008494230000000158
h,0.4,8.95312097,0.99564292,0.995909455,-0.0002665350000000677
h,0.4,8.9741304,0.996181422,0.996070972,0.00011044999999998417
h,0.4,8.99505705,0.997982575,0.997233603,0.0007489720000000144
h,0.4,9.01571368,0.995744589,0.994149719,0.001594869999999915
h,0.4,9.03640927,0.995968048,0.996879621,-0.0009115729999999989
h,0.4,9.05755121,0.997725481,0.993899831,0.0038256500000000138
h,0.4,9.07868023,0.995977262,0.99611431,-0.00013704799999991746
h,0.4,9.09969513,0.996129203,0.996238948,-0.00010974500000004994
h,0.4,9.1205658,0.995151862,0.998046293,-0.002894430999999975
h,0.4,9.14137844,0.995211777,0.995791305,-0.0005795280000000513
h,0.4,9.16237082,0.997690653,0.997835973,-0.00014532000000000433
h,0.4,9.18339441,0.995961232,0.996097097,-0.0001358650000000683
h,0.4,9.20447395,0.9973049,0.995706918,0.0015979820000000533
h,0.4,9.22549281,0.996440857,0.99629608,0.00014477699999992932
h,0.4,9.2463962,0.996811721,0.997307852,-0.0004961310000000108
h,0.4,9.26722673,0.997511703,0.997977074,-0.0004653709999999922
h,0.4,9.28791689,0.997632576,0.995803749,0.0018288269999999773
h,0.4,9.30892724,0.997611471,0.994899772,0.002711699000000012
h,0.4,9.33003065,0.996785395,0.997181385,-0.0003959900000000127
h,0.4,9.35102864,0.998792842,0.997096653,0.0016961889999999036
h,0.4,9.37196601,0.99448512,0.995818772,-0.0013336520000000185
h,0.4,9.39258783,0.994679804,0.994640338,3.946600000004352e-05
h,0.4,9.41349621,0.999870679,0.996801044,0.003069635000000015
h,0.4,9.4347927,0.996669393,0.99588529,0.0007841029999999805
h,0.4,9.45587737,0.998228813,0.998045334,0.00018347900000004191
h,0.4,9.47676866,0.999215975,0.996800742,0.0024152330000000166
h,0.4,9.49762777,0.995861802,0.996032142,-0.00017034000000004657
h,0.4,9.51852362,0.997939778,0.996131693,0.0018080849999999593
h,0.4,9.53939795,0.995731679,0.996500515,-0.000768835999999995
h,0.4,9.56035551,0.996820727,0.996795254,2.547299999999808e-05
h,0.4,9.58149741,0.996093834,0.996429002,-0.0003351679999999968
h,0.4,9.60249587,0.996269042,0.997707856,-0.0014388140000000105
h,0.4,9.62336478,0.996408405,1.00028331,-0.003874904999999873
h,0.4,9.64415055,0.998732228,0.997449113,0.0012831150000000013
h,0.4,9.66502224,0.996749551,0.99886941,-0.0021198590000000017
h,0.4,9.68597433,0.995652683,0.998413911,-0.0027612280000000045
h,0.4,9.7069728,0.995756208,0.997268962,-0.0015127540000000606
h,0.4,9.72797765,0.99927705,0.995935531,0.003341519000000015
h,0.4,9.74896401,0.999444525,0.998924981,0.0005195439999999829
h,0.4,9.76996217,0.996626279,0.998221171,-0.001594891999999959
h,0.4,9.79085678,0.999692263,0.996480388,0.003211874999999975
h,0.4,9.81166698,0.997205874,0.996603586,0.0006022880000000619
h,0.4,9.83262494,0.999081145,0.995293148,0.0037879969999999874
h,0.4,9.85372265,1.00010579,0.997444455,0.002661335000000098
h,0.4,9.87472665,0.996843301,0.998890421,-0.002047120000000069
h,0.4,9.89559934,0.997293639,0.997789006,-0.0004953669999999688
h,0.4,9.91635289,0.997244819,0.995702549,0.0015422699999999567
h,0.4,9.93737645,1.00060988,0.998295278,0.00231460200000011
h,0.4,9.95856995,0.99889842,0.997538434,0.0013599859999999797
h,0.4,9.97940815,0.997956665,0.998489018,-0.0005323529999999854
h,0.4,10.000082,0.998084502,0.996974605,0.0011098969999999708
h,0.6,0.0252815853,0.00214009976,0.0005296485,0.00161045126
h,0.6,0.0486976344,0.00386555106,0.00202846552,0.00183708554
h,0.6,0.0692644017,0.00562068691,0.00402958427,0.0015911026399999997
h,0.6,0.08877835,0.00842450603,0.0065389667,0.0018855393300000007
h,0.6,0.111604297,0.0124389189,0.0103843786,0.0020545402999999993
h,0.6,0.132731806,0.0166355619,0.014921314,0.001714247900000002
h,0.6,0.153672181,0.0214113611,0.0194036234,0.0020077377000000014
h,0.6,0.175641863,0.0273714785,0.0254828463,0.0018886322000000004
h,0.6,0.196615509,0.0334836767,0.0314882479,0.0019954287999999973
h,0.6,0.217326708,0.0407003856,0.0383529598,0.002347425799999997
h,0.6,0.237538457,0.0483002138,0.0459423072,0.002357906600000001
h,0.6,0.258148683,0.0559634295,0.0544368764,0.0015265531000000013
h,0.6,0.28040349,0.0656599678,0.0635472762,0.002112691599999994
h,0.6,0.301929084,0.0755036127,0.0723367336,0.0031668791000000057
h,0.6,0.322287413,0.0858582941,0.0829809724,0.0028773216999999907
h,0.6,0.342663331,0.0950815222,0.0941899695,0.0008915527000000062
h,0.6,0.363641289,0.107390969,0.106021932,0.0013690370000000035
h,0.6,0.385602948,0.11985597,0.117278241,0.002577729000000001
h,0.6,0.406737165,0.13224859,0.131483427,0.0007651629999999854
h,0.6,0.427001871,0.145884685,0.142672773,0.0032119119999999834
h,0.6,0.448754416,0.159769186,0.158300225,0.0014689610000000186
h,0.6,0.469601745,0.173976979,0.172040278,0.0019367010000000129
h,0.6,0.489805379,0.188167322,0.187419918,0.0007474040000000071
h,0.6,0.510302494,0.203398262,0.2006271,0.0027711619999999937
h,0.6,0.53178319,0.219228794,0.216457362,0.002771432000000018
h,0.6,0.553922362,0.235103278,0.232047709,0.003055569000000008
h,0.6,0.574670041,0.252069617,0.251210747,0.0008588700000000116
h,0.6,0.594645701,0.26576329,0.265355673,0.00040761699999997125
h,0.6,0.615540037,0.285042412,0.284801103,0.00024130900000002287
h,0.6,0.636554081,0.303752155,0.302452871,0.0012992840000000117
h,0.6,0.658102417,0.322920912,0.320108264,0.0028126480000000287
h,0.6,0.679189641,0.343121023,0.338444245,0.004676778000000048
h,0.6,0.700054044,0.362704286,0.359353412,0.0033508740000000037
h,0.6,0.721329826,0.379947476,0.380455977,-0.0005085009999999945
h,0.6,0.742033923,0.39913854,0.399618511,-0.00047997100000002346
h,0.6,0.762614581,0.419436525,0.419798901,-0.0003623759999999976
h,0.6,0.783270495,0.439153699,0.437610291,0.0015434080000000239
h,0.6,0.804783918,0.460571996,0.459703853,0.0008681429999999879
h,0.6,0.826095906,0.481789359,0.482354341,-0.0005649820000000472
h,0.6,0.846303977,0.498252309,0.499617637,-0.001365327999999999
h,0.6,0.867174819,0.521096316,0.518490406,0.002605909999999989
h,0.6,0.888413258,0.53800919,0.541022903,-0.0030137129999999734
h,0.6,0.909910564,0.56400896,0.561491592,0.00251736800000002
h,0.6,0.931134698,0.584220695,0.586218541,-0.001997846000000081
h,0.6,0.951563161,0.605373809,0.606590782,-0.00121697300000001
h,0.6,0.972160451,0.624837524,0.625735422,-0.0008978979999999526
h,0.6,0.993008165,0.642915333,0.644892025,-0.0019766919999999466
h,0.6,1.0140906,0.667070288,0.66615613,0.0009141580000000538
h,0.6,1.03500338,0.684719048,0.689241667,-0.00452261899999995
h,0.6,1.05657413,0.705179534,0.706704115,-0.0015245809999999693
h,0.6,1.07789814,0.727798162,0.721436711,0.0063614510000000735
h,0.6,1.09835045,0.746345888,0.745261491,0.0010843969999999592
h,0.6,1.11903902,0.763577673,0.761872003,0.0017056699999999925
h,0.6,1.1396405,0.777404142,0.776979785,0.00042435699999998633
h,0.6,1.16109193,0.800371163,0.795685854,0.004685308999999971
h,0.6,1.18227503,0.810186754,0.817980839,-0.007794085000000006
h,0.6,1.2030555,0.82405067,0.828407308,-0.004356637999999968
h,0.6,1.22375183,0.848538905,0.840832659,0.007706245999999917
h,0.6,1.24453484,0.859072758,0.859099252,-2.6493999999988027e-05
h,0.6,1.26570671,0.870168492,0.8748603,-0.0046918080000000195
h,0.6,1.28693994,0.890746851,0.884730141,0.006016709999999925
h,0.6,1.30807124,0.895917278,0.89685115,-0.0009338720000000578
h,0.6,1.32889646,0.907398573,0.909901331,-0.002502757999999994
h,0.6,1.34945121,0.922399986,0.923210617,-0.0008106310000000061
h,0.6,1.37055188,0.930220364,0.930227713,-7.348999999989836e-06
h,0.6,1.39148285,0.939266576,0.941607373,-0.0023407970000000056
h,0.6,1.41220445,0.953241021,0.951544008,0.001697012999999914
h,0.6,1.43352474,0.951090627,0.954327185,-0.0032365580000000005
h,0.6,1.45454751,0.965600298,0.966984155,-0.0013838569999999883
h,0.6,1.47511055,0.973800851,0.972907667,0.0008931840000000468
h,0.6,1.49566583,0.974056252,0.97622174,-0.0021654879999999377
h,0.6,1.51690776,0.98697323,0.983974829,0.0029984010000000394
h,0.6,1.53826425,0.991417911,0.990194725,0.0012231859999999317
h,0.6,1.55931449,0.99512456,0.997875182,-0.0027506219999999804
h,0.6,1.58012172,0.994139442,1.00158286,-0.007443418000000035
h,0.6,1.60114355,1.00054764,1.00354156,-0.0029939199999999833
h,0.6,1.62229155,1.00544227,1.0082549,-0.0028126299999999826
h,0.6,1.64295947,1.00222823,1.00741853,-0.005190299999999981
h,0.6,1.66366432,1.0112238,1.00988325,0.001340550000000107
h,0.6,1.68478217,1.01269262,1.01781041,-0.005117790000000122
h,0.6,1.7057485,1.01240377,1.01736677,-0.004963000000000051
h,0.6,1.72683745,1.01462935,1.01450635,0.00012300000000009526
h,0.6,1.74765849,1.01603502,1.01112157,0.004913449999999875
h,0.6,1.76847487,1.01615674,1.0120598,0.004096939999999938
h,0.6,1.78961871,1.02005754,1.01283158,0.007225959999999976
h,0.6,1.81086098,1.00933752,1.0172675,-0.007929979999999892
h,0.6,1.83179094,1.01647048,1.0123527,0.004117779999999849
h,0.6,1.8521746,1.00988382,1.01516945,-0.00528562999999993
h,0.6,1.8733654,1.01407691,1.01225587,0.0018210400000000515
h,0.6,1.89455538,1.01233417,1.01210881,0.00022535999999995227
h,0.6,1.91534795,1.01429799,1.01369789,0.0006000999999999923
h,0.6,1.93623233,1.00869457,1.0119532,-0.003258629999999929
h,0.6,1.9571481,1.01030476,1.00762544,0.0026793199999999295
h,0.6,1.97825109,1.00858055,1.01233899,-0.0037584399999999185
h,0.6,1.99905898,1.00824353,1.00281053,0.005433000000000021
h,0.6,2.01966715,1.00639524,1.00696446,-0.0005692200000000369
h,0.6,2.04082415,1.00446438,1.00355987,0.000904510000000025
h,0.6,2.06193171,1.00802209,0.999204527,0.00881756300000014
h,0.6,2.08296048,1.00349173,1.01010017,-0.00660844000000016
h,0.6,2.10383017,0.998793713,1.00418909,-0.0053953769999999235
h,0.6,2.12494312,1.00252319,0.999086668,0.0034365219999999974
h,0.6,2.14618475,0.997328064,0.997712769,-0.0003847050000000962
h,0.6,2.16679298,0.996094758,0.999287038,-0.0031922799999999363
h,0.6,2.18753482,0.994162964,0.99255284,0.001610124000000046
h,0.6,2.20847027,0.991698653,0.990290145,0.0014085080000000305
h,0.6,2.22955181,0.991505285,0.994186994,-0.0026817089999999766
h,0.6,2.25078374,0.988630172,0.988688488,-5.831599999994719e-05
h,0.6,2.27150159,0.988819967,0.984578647,0.004241319999999993
h,0.6,2.29205574,0.992189792,0.992312843,-0.00012305099999998514
h,0.6,2.31294326,0.987943057,0.986307548,0.0016355089999999795
h,0.6,2.3340363,0.982044388,0.984737173,-0.00269278499999992
h,0.6,2.35514399,0.983910692,0.98549115,-0.0015804579999999513
h,0.6,2.37607726,0.983803896,0.98388193,-7.803400000006011e-05
h,0.6,2.39730341,0.979099637,0.981951299,-0.002851661999999977
h,0.6,2.41857203,0.981745091,0.980072364,0.001672726999999985
h,0.6,2.43911056,0.980961594,0.980716891,0.00024470300000001277
h,0.6,2.45988005,0.983066529,0.978054412,0.005012117000000038
h,0.6,2.48094151,0.979555014,0.975787519,0.003767494999999954
h,0.6,2.50196601,0.978861694,0.981231664,-0.0023699699999999435
h,0.6,2.52300496,0.979507166,0.977045322,0.0024618439999999353
h,0.6,2.54340089,0.97960022,0.974418753,0.005181466999999995
h,0.6,2.56415297,0.979526758,0.978225986,0.0013007720000000056
h,0.6,2.58575836,0.974326447,0.97906207,-0.004735622999999967
h,0.6,2.60684428,0.974277481,0.973779784,0.0004976970000000192
h,0.6,2.62775949,0.973921213,0.974294365,-0.0003731519999999877
h,0.6,2.64834355,0.972885632,0.974269699,-0.0013840670000000443
h,0.6,2.66912062,0.976683626,0.973114658,0.003568968000000061
h,0.6,2.69039946,0.971620639,0.975168139,-0.0035475000000000367
h,0.6,2.71121518,0.972673258,0.974263123,-0.0015898649999999126
h,0.6,2.7321837,0.973893091,0.974638599,-0.0007455080000000613
h,0.6,2.75306239,0.975034325,0.973366732,0.0016675929999999672
h,0.6,2.77427049,0.972785949,0.97356983,-0.0007838809999999308
h,0.6,2.79557932,0.975716507,0.973013195,0.0027033119999999577
h,0.6,2.8160646,0.97105274,0.974862805,-0.003810065000000029
h,0.6,2.83689478,0.976299312,0.970465342,0.005833969999999966
h,0.6,2.85801727,0.977398829,0.97286051,0.004538319000000013
h,0.6,2.87906973,0.977715593,0.973862768,0.0038528249999999487
h,0.6,2.89996898,0.973790189,0.973316101,0.00047408800000003914
h,0.6,2.92062944,0.97473529,0.973790865,0.0009444250000000265
h,0.6,2.941605,0.973793794,0.972257478,0.0015363160000000375
h,0.6,2.96267076,0.974339391,0.976709301,-0.002369909999999975
h,0.6,2.98347442,0.977587416,0.971666117,0.0059212989999999355
h,0.6,3.00437656,0.977168654,0.976838406,0.00033024799999992194
h,0.6,3.02542142,0.971953121,0.980632482,-0.008679360999999997
h,0.6,3.04658726,0.973415209,0.975972465,-0.0025572560000000077
h,0.6,3.06768101,0.977048314,0.975785718,0.0012625960000000047
h,0.6,3.088328,0.977183972,0.97562529,0.001558681999999978
h,0.6,3.10931167,0.977015815,0.97554743,0.0014683850000000165
h,0.6,3.1305457,0.975903449,0.97900272,-0.003099270999999959
h,0.6,3.15150209,0.978481117,0.978290042,0.0001910749999999295
h,0.6,3.17219014,0.977863606,0.978166102,-0.00030249599999998544
h,0.6,3.19299024,0.975486056,0.979415708,-0.00392965199999995
h,0.6,3.21390436,0.97583501,0.977596205,-0.0017611950000000487
h,0.6,3.23506564,0.979307731,0.978654448,0.0006532830000000045
h,0.6,3.25605387,0.979556525,0.978287445,0.0012690800000000335
h,0.6,3.27685776,0.978157374,0.976392962,0.001764411999999993
h,0.6,3.29794723,0.975752441,0.98185299,-0.006100549000000011
h,0.6,3.31884778,0.977078562,0.978651673,-0.001573111000000016
h,0.6,3.33944269,0.981349401,0.98050694,0.000842460999999961
h,0.6,3.36030612,0.980825639,0.97964902,0.0011766189999999899
h,0.6,3.38171654,0.981911187,0.980131185,0.0017800020000000583
h,0.6,3.40297495,0.980666797,0.981433113,-0.0007663159999999891
h,0.6,3.42370792,0.979940277,0.979865578,7.46990000000114e-05
h,0.6,3.44440875,0.982510824,0.976000852,0.0065099720000000305
h,0.6,3.465315,0.978810684,0.981816204,-0.0030055199999999838
h,0.6,3.4865867,0.980496143,0.980701098,-0.00020495500000006217
h,0.6,3.50751221,0.982110053,0.984408661,-0.0022986080000000353
h,0.6,3.52796741,0.983250806,0.982189045,0.0010617609999999944
h,0.6,3.5488788,0.983456073,0.983871436,-0.0004153630000000019
h,0.6,3.57014151,0.983056383,0.982896261,0.00016012199999992927
h,0.6,3.59120365,0.981528835,0.984404506,-0.0028756709999999686
h,0.6,3.61190928,0.984192513,0.982701561,0.0014909520000000454
h,0.6,3.63300558,0.986301102,0.979662423,0.006638679000000036
h,0.6,3.6541422,0.98416233,0.98420169,-3.9360000000043804e-05
h,0.6,3.67500902,0.98699449,0.983999728,0.0029947619999999286
h,0.6,3.69581564,0.984334507,0.983055248,0.0012792590000000326
h,0.6,3.71644729,0.983200194,0.986061425,-0.0028612310000000196
h,0.6,3.73749774,0.985655058,0.982354511,0.0033005469999999315
h,0.6,3.75868086,0.986726849,0.988007503,-0.0012806539999999922
h,0.6,3.77950549,0.98478007,0.986491237,-0.001711166999999958
h,0.6,3.80027286,0.988594519,0.984707574,0.003886944999999975
h,0.6,3.82143123,0.986056307,0.986972295,-0.0009159880000000342
h,0.6,3.84280481,0.985071868,0.985156322,-8.445400000001158e-05
h,0.6,3.86349282,0.987624798,0.989789888,-0.0021650899999999806
h,0.6,3.88417456,0.985819126,0.984303618,0.0015155079999999987
h,0.6,3.90535419,0.990815788,0.989633013,0.0011827750000000803
h,0.6,3.9264697,0.986549026,0.986500967,4.8059000000044705e-05
h,0.6,3.94738681,0.99015115,0.988613957,0.0015371929999999923
h,0.6,3.96810309,0.990270049,0.993137875,-0.0028678259999999067
h,0.6,3.98888694,0.989511775,0.991632156,-0.0021203810000000045
h,0.6,4.00993371,0.990180544,0.991165241,-0.0009846970000000344
h,0.6,4.03080983,0.98893517,0.987269313,0.0016658569999999928
h,0.6,4.05178039,0.99046897,0.992605215,-0.002136244999999981
h,0.6,4.07276799,0.990531391,0.990794626,-0.0002632350000000283
h,0.6,4.09368684,0.990934392,0.990791888,0.00014250400000004326
h,0.6,4.11485609,0.992855997,0.995609413,-0.0027534160000000085
h,0.6,4.13583188,0.989710068,0.991740813,-0.0020307450000000005
h,0.6,4.15670688,0.993102097,0.993034938,6.715899999998332e-05
h,0.6,4.17758774,0.993982511,0.994693743,-0.0007112320000000061
h,0.6,4.19867141,0.991052148,0.992343274,-0.0012911260000000313
h,0.6,4.21961517,0.98992566,0.991063237,-0.0011375769999999452
h,0.6,4.24013393,0.993310012,0.993326137,-1.6125000000033474e-05
h,0.6,4.26119077,0.992866366,0.995257134,-0.002390768000000043
h,0.6,4.28239268,0.992901073,0.992661184,0.00023988899999993762
h,0.6,4.30342826,0.996608375,0.997416699,-0.0008083239999999714
h,0.6,4.32431592,0.998090366,0.996605923,0.0014844430000000575
h,0.6,4.34508479,0.994919499,0.994944196,-2.4696999999962443e-05
h,0.6,4.36604259,0.995410292,0.99732057,-0.0019102779999999875
h,0.6,4.38708086,0.99517359,0.997045043,-0.0018714529999999119
h,0.6,4.40778797,0.996061946,1.00326104,-0.0071990939999999615
h,0.6,4.4288526,0.995722464,1.00016814,-0.0044456760000000095
h,0.6,4.44994967,1.00263863,0.999780008,0.0028586220000000884
h,0.6,4.47085438,0.997059019,0.998746897,-0.0016878779999999205
h,0.6,4.49188801,1.00018141,0.997379834,0.0028015759999999723
h,0.6,4.51250216,1.00042088,0.99662362,0.0037972600000000245
h,0.6,4.5334461,0.998671354,0.998584626,8.672799999998038e-05
h,0.6,4.55463591,1.00257387,1.00279256,-0.00021869000000007688
h,0.6,4.57547609,1.00144586,1.00185048,-0.0004046200000000777
h,0.6,4.59643311,0.999706355,1.00268541,-0.0029790549999999527
h,0.6,4.61732903,0.999922937,1.00179918,-0.0018762429999998886
h,0.6,4.63833098,0.99718083,1.00175868,-0.004577849999999994
h,0.6,4.65949324,1.00055032,1.00100486,-0.0004545400000000033
h,0.6,4.68039693,1.00153108,1.00112011,0.00041096999999989947
h,0.6,4.70136745,1.00321198,1.00483472,-0.001622740000000178
h,0.6,4.72221533,1.00284193,1.00438094,-0.0015390100000001183
h,0.6,4.74309374,1.00398956,1.00229171,0.0016978500000000007
h,0.6,4.76390784,1.00061586,1.00599851,-0.005382650000000044
h,0.6,4.78491795,1.00577411,1.00247423,0.0032998799999999218
h,0.6,4.80636204,1.00488595,1.00176865,0.0031172999999999895
h,0.6,4.82728449,1.00275866,1.00225034,0.0005083200000000065
h,0.6,4.84785524,1.00284467,1.00694195,-0.004097280000000092
h,0.6,4.86859731,1.00249442,1.00493597,-0.0024415499999999035
h,0.6,4.88954319,1.00333111,1.00694086,-0.003609750000000078
h,0.6,4.91078695,1.0070524,1.00250474,0.004547660000000064
h,0.6,4.93172016,1.00768351,1.00147242,0.006211089999999864
h,0.6,4.95244063,1.00311959,1.00497183,-0.0018522399999998385
h,0.6,4.97348932,1.00628251,1.0020091,0.004273409999999922
h,0.6,4.994309,1.00370595,1.0042649,-0.000558949999999836
h,0.6,5.01515697,1.0047226,1.0055846,-0.0008619999999999184
h,0.6,5.03598003,1.00566416,1.00881867,-0.0031545099999998882
h,0.6,5.05703237,1.00706857,1.00687978,0.00018878999999993873
h,0.6,5.07840332,1.00490412,1.00742387,-0.002519750000000043
h,0.6,5.09943841,1.00612144,1.00340316,0.002718280000000073
h,0.6,5.12032938,1.0045055,1.00404976,0.0004557400000000378
h,0.6,5.14107614,1.00346188,1.00668951,-0.003227630000000037
h,0.6,5.16214077,1.00608618,1.00389702,0.0021891600000001343
h,0.6,5.18341099,1.00545259,1.00686111,-0.0014085200000000242
h,0.6,5.2041075,1.00730126,1.00580202,0.0014992400000000128
h,0.6,5.22477891,1.00583615,1.00457447,0.0012616799999998207
h,0.6,5.24557967,1.00415008,1.00577657,-0.001626490000000036
h,0.6,5.26649236,1.00795667,1.00411653,0.003840140000000103
h,0.6,5.28753131,1.00643774,1.00429991,0.002137829999999896
h,0.6,5.30847064,1.00503452,1.00777009,-0.0027355700000000205
h,0.6,5.32946745,1.01004866,1.0098794,0.00016926000000005992
h,0.6,5.3506922,1.00684473,1.00456997,0.0022747600000001533
h,0.6,5.37158853,1.00756325,1.00590341,0.001659840000000079
h,0.6,5.39231925,1.00868979,1.00874519,-5.539999999992773e-05
h,0.6,5.41333352,1.00812163,1.00658847,0.0015331599999999224
h,0.6,5.43434316,1.00761302,1.00841883,-0.0008058100000001289
h,0.6,5.45530659,1.00865858,1.00697459,0.0016839900000000796
h,0.6,5.47618498,1.01087837,1.00945279,0.0014255799999998153
h,0.6,5.49715755,1.00524754,1.0080608,-0.0028132599999999286
h,0.6,5.51801586,1.00637463,1.00761053,-0.0012358999999999565
h,0.6,5.53881995,1.00741109,1.00743403,-2.2940000000026828e-05
h,0.6,5.55992514,1.00457422,1.00833935,-0.0037651299999998944
h,0.6,5.58098545,1.00689035,1.00872637,-0.0018360200000000493
h,0.6,5.60183772,1.01054123,1.00899011,0.001551120000000017
h,0.6,5.62277584,1.00580592,1.00781495,-0.0020090299999999672
h,0.6,5.64379172,1.00479241,1.00964313,-0.004850719999999864
h,0.6,5.66460817,1.00889575,1.00685525,0.0020404999999998896
h,0.6,5.68556022,1.00716855,1.0106063,-0.003437750000000017
h,0.6,5.7067909,1.00829145,1.00624862,0.00204282999999994
h,0.6,5.72769317,1.00753141,1.00629517,0.0012362399999998885
h,0.6,5.74840017,1.00716018,1.0101575,-0.00299731999999997
h,0.6,5.76938192,1.00788333,1.0073392,0.000544129999999976
h,0.6,5.79039764,1.00808706,1.0050393,0.003047760000000066
h,0.6,5.81144039,1.00900783,1.00825671,0.000751120000000105
h,0.6,5.83232115,1.00562424,1.01007974,-0.004455499999999946
h,0.6,5.85320209,1.00774934,1.0092275,-0.0014781600000000061
h,0.6,5.87418919,1.00943668,1.00673982,0.002696860000000134
h,0.6,5.89509625,1.00898218,1.00727291,0.001709270000000096
h,0.6,5.9159726,1.00712522,1.00938935,-0.00226412999999992
h,0.6,5.93682663,1.00820824,1.00840881,-0.00020056999999984448
h,0.6,5.95791772,1.0067617,1.00903986,-0.002278159999999918
h,0.6,5.97900675,1.00650981,1.00720054,-0.0006907299999998617
h,0.6,5.99978945,1.00842454,1.00805013,0.0003744100000000472
h,0.6,6.02063577,1.01014557,1.00657723,0.0035683399999999477
h,0.6,6.04156421,1.00911822,1.00737624,0.0017419800000000318
h,0.6,6.06259364,1.00855459,1.00870808,-0.00015348999999997837
h,0.6,6.08377541,1.01167541,1.00738433,0.004291080000000003
h,0.6,6.10447051,1.00809244,1.01148122,-0.003388780000000091
h,0.6,6.12538157,1.00698364,1.00594302,0.0010406200000001586
h,0.6,6.14660689,1.00956225,1.0051589,0.004403350000000028
h,0.6,6.16752321,1.00806345,1.00653712,0.0015263300000001312
h,0.6,6.18833806,1.00616021,1.00743842,-0.0012782099999999463
h,0.6,6.20938667,1.00796472,1.00840858,-0.00044386000000007364
h,0.6,6.23052184,1.00532453,1.00481904,0.0005054899999998863
h,0.6,6.25137137,1.00700206,1.00492819,0.002073870000000033
h,0.6,6.27204484,1.00534406,1.00726062,-0.001916559999999956
h,0.6,6.29290789,1.00274503,1.00785308,-0.005108050000000031
h,0.6,6.31382104,1.00399703,1.00591811,-0.0019210800000000194
h,0.6,6.33495691,1.00604048,1.004945,0.0010954800000000375
h,0.6,6.35600914,1.00699013,1.00729128,-0.0003011500000000833
h,0.6,6.37663869,1.00668332,1.00344341,0.0032399100000000125
h,0.6,6.39770954,1.00543074,1.00496864,0.00046210000000002083
h,0.6,6.41872759,1.00433728,1.00307757,0.001259710000000025
h,0.6,6.43951457,1.00365786,1.00628355,-0.002625690000000125
h,0.6,6.46033562,1.00601963,1.00383343,0.002186199999999916
h,0.6,6.4814564,1.0051676,1.00318189,0.0019857100000000294
h,0.6,6.50265681,1.00268476,1.00579955,-0.003114790000000145
h,0.6,6.52350383,1.00822518,1.00645685,0.0017683299999999846
h,0.6,6.54427866,1.00454473,1.00422569,0.0003190400000001592
h,0.6,6.56515568,1.00517376,1.00321837,0.0019553900000000013
h,0.6,6.58628576,1.00178726,1.00481037,-0.0030231099999999955
h,0.6,6.60749316,1.00448129,1.00573873,-0.001257440000000054
h,0.6,6.62830625,1.00477392,1.00417653,0.000597390000000031
h,0.6,6.64913567,1.00207085,1.00257044,-0.0004995899999999942
h,0.6,6.67020149,1.00520354,1.00395152,0.0012520199999999093
h,0.6,6.69106898,1.00348892,1.00578492,-0.0022960000000000758
h,0.6,6.71185955,1.00478443,1.00376849,0.0010159400000000485
h,0.6,6.73264651,1.00024465,1.00196274,-0.0017180900000000054
h,0.6,6.7537045,1.00377835,1.00223926,0.0015390899999998542
h,0.6,6.77487174,1.00449304,1.00053722,0.003955820000000054
h,0.6,6.79557562,1.0033405,1.0030374,0.0003031000000000006
h,0.6,6.81648781,1.00383289,1.00206424,0.0017686500000000382
h,0.6,6.83753747,1.0023134,1.00408472,-0.0017713200000000207
h,0.6,6.85867557,1.00254157,1.00329315,-0.0007515799999999739
h,0.6,6.87985316,0.999816321,1.00238637,-0.0025700490000000187
h,0.6,6.90065786,1.00085932,1.00232594,-0.001466619999999974
h,0.6,6.92153112,1.00328966,1.00245732,0.000832340000000098
h,0.6,6.94229803,1.00170436,1.00362683,-0.0019224700000000094
h,0.6,6.9630016,1.0023528,1.00188103,0.00047176999999987146
h,0.6,6.98416877,1.00114274,1.00325069,-0.0021079500000000806
h,0.6,7.0052781,1.00237426,1.00187673,0.0004975300000000793
h,0.6,7.02617612,1.00122659,1.00184513,-0.0006185400000000563
h,0.6,7.04699526,1.00296464,1.00317414,-0.0002094999999999736
h,0.6,7.06761685,1.0032302,1.00162018,0.0016100199999999898
h,0.6,7.08873369,1.00113755,1.00134215,-0.00020459999999999923
h,0.6,7.10994937,1.00055753,1.00152814,-0.0009706099999999829
h,0.6,7.13102893,1.00142263,1.00144188,-1.925000000002619e-05
h,0.6,7.15201412,0.999074875,1.00161297,-0.002538095000000018
h,0.6,7.17271336,0.998929392,1.00021814,-0.0012887480000001172
h,0.6,7.19374266,0.999338132,0.999560918,-0.00022278600000003035
h,0.6,7.21473042,0.998381087,0.999991832,-0.0016107450000000245
h,0.6,7.23564263,0.999057875,1.00065703,-0.0015991549999999632
h,0.6,7.25666289,1.00053396,1.00022936,0.0003045999999999882
h,0.6,7.27757645,1.00025272,1.00001347,0.00023924999999991314
h,0.6,7.2984411,0.998759311,1.00245246,-0.003693148999999951
h,0.6,7.31917384,1.0033158,0.999171605,0.004144194999999962
h,0.6,7.34001688,0.999743859,0.997373934,0.002369924999999995
h,0.6,7.3611683,0.999631869,0.997818199,0.0018136699999999895
h,0.6,7.38224284,1.00069205,0.997213692,0.0034783580000000702
h,0.6,7.40324015,0.999256597,0.998285721,0.0009708760000000094
h,0.6,7.42408854,1.00015052,0.999814668,0.00033585200000008086
h,0.6,7.44500634,1.00042506,0.999783462,0.0006415979999999655
h,0.6,7.46595959,0.997235169,0.99688209,0.00035307899999992287
h,0.6,7.48696308,0.997327479,0.999771663,-0.002444184000000016
h,0.6,7.5079936,0.999932423,0.997848669,0.0020837539999999377
h,0.6,7.52871967,0.999653979,0.997060032,0.00259394699999993
h,0.6,7.54966921,0.998116903,0.999490257,-0.0013733540000000488
h,0.6,7.57064902,1.00025437,0.998865509,0.001388860999999908
h,0.6,7.59151428,1.0001386,0.99803471,0.002103890000000108
h,0.6,7.6123809,0.997993937,0.999077909,-0.0010839719999999886
h,0.6,7.63338324,1.00119393,0.997877673,0.0033162569999999336
h,0.6,7.65450532,1.00222401,0.999780122,0.0024438879999999497
h,0.6,7.67556944,0.996950706,0.99965017,-0.0026994639999999848
h,0.6,7.69637751,0.999488673,0.994342689,0.005145983999999992
h,0.6,7.71727216,0.998201011,0.997874938,0.0003260729999999823
h,0.6,7.73835725,0.996211308,0.99965435,-0.0034430420000000073
h,0.6,7.75934923,1.00018607,0.997446085,0.002739985000000056
h,0.6,7.78023116,0.99746686,0.995207784,0.002259075999999971
h,0.6,7.80098697,0.997499218,0.996058805,0.0014404129999999737
h,0.6,7.82190677,0.997335607,0.997399668,-6.406100000000414e-05
h,0.6,7.84304931,0.995892029,0.996282296,-0.0003902669999999997
h,0.6,7.86405132,0.998357415,0.999287149,-0.0009297340000000709
h,0.6,7.88484553,0.995699933,1.00052902,-0.004829087000000065
h,0.6,7.90574885,0.997306195,0.998711926,-0.0014057310000000767
h,0.6,7.9267531,0.997762132,0.996226164,0.0015359679999999987
h,0.6,7.94765228,0.997783778,0.998615594,-0.0008318160000000407
h,0.6,7.96842304,0.998084185,0.997651405,0.00043277999999991046
h,0.6,7.98938616,0.99676462,0.998033156,-0.0012685359999999868
h,0.6,8.01050815,0.997020944,0.997298625,-0.0002776810000000296
h,0.6,8.03153334,0.999348388,0.997912855,0.0014355329999999888
h,0.6,8.05240251,0.998606892,0.994739839,0.003867053000000009
h,0.6,8.07332696,0.99553777,0.997432447,-0.0018946770000000113
h,0.6,8.09438514,0.996057225,0.996426222,-0.0003689969999999265
h,0.6,8.11529588,0.996013826,0.99711483,-0.0011010040000000165
h,0.6,8.13618411,0.996171695,0.997160922,-0.000989226999999926
h,0.6,8.15717855,0.995894554,0.998281022,-0.002386467999999975
h,0.6,8.17807847,0.998728554,0.995078551,0.0036500030000000683
h,0.6,8.19905269,0.995527718,0.995814734,-0.0002870160000000288
h,0.6,8.21991085,0.994247407,1.00014775,-0.005900342999999975
h,0.6,8.24078529,0.997266555,0.998453197,-0.00118664199999996
h,0.6,8.26195652,0.996686326,0.995683946,0.0010023799999999694
h,0.6,8.28293039,0.997895777,0.996130727,0.0017650499999999347
h,0.6,8.30373423,0.995407275,0.997087905,-0.0016806299999999608
h,0.6,8.32452583,0.997139127,0.99681761,0.0003215169999999379
h,0.6,8.34556221,0.997621758,0.995704705,0.001917053000000002
h,0.6,8.36671927,0.997041254,0.997624389,-0.0005831349999999569
h,0.6,8.38757523,0.995788808,0.996361873,-0.0005730649999999837
h,0.6,8.40855808,0.99381702,0.997826723,-0.00400970299999992
h,0.6,8.42953585,0.9967084,0.994216836,0.002491564000000057
h,0.6,8.45042977,0.993698352,0.994880921,-0.0011825690000000222
h,0.6,8.47138662,0.996152447,0.997933509,-0.0017810619999999444
h,0.6,8.49217243,0.996411411,0.995870219,0.0005411920000000237
h,0.6,8.51321806,0.997308576,0.9949016,0.0024069759999999496
h,0.6,8.53421183,0.997351185,0.997516649,-0.00016546400000005956
h,0.6,8.55508292,0.996779624,0.995580394,0.0011992299999999956
h,0.6,8.57598662,0.997178705,0.997001245,0.00017746000000007367
h,0.6,8.59679232,0.996490772,0.99616542,0.0003253520000000565
h,0.6,8.61783107,0.994504303,0.997894816,-0.0033905129999999284
h,0.6,8.63891768,0.996950015,0.995847857,0.0011021580000000197
h,0.6,8.65972861,0.999977998,0.996591262,0.003386735999999946
h,0.6,8.68059853,0.997414801,0.996530561,0.0008842399999999806
h,0.6,8.70174168,0.996530473,0.996188244,0.0003422290000000272
h,0.6,8.72279566,0.996370686,0.994553502,0.0018171839999999717
h,0.6,8.74359241,0.998653811,0.996601709,0.0020521019999999446
h,0.6,8.76424415,0.998027387,0.996056359,0.0019710280000000413
h,0.6,8.78526729,0.995967659,0.994104364,0.0018632949999999315
h,0.6,8.80637189,0.996596352,0.995409257,0.0011870949999999159
h,0.6,8.82736896,0.995901678,0.993240883,0.002660794999999938
h,0.6,8.84843212,0.99782063,0.998589328,-0.0007686980000000121
h,0.6,8.86933197,0.996199195,0.995564845,0.0006343500000000057
h,0.6,8.89026857,0.996105508,0.995198775,0.0009067329999999929
h,0.6,8.91123702,0.996129383,0.995589575,0.000539807999999975
h,0.6,8.93214776,0.995747734,0.996342113,-0.0005943789999999227
h,0.6,8.95312097,0.998318329,0.995909455,0.0024088739999998943
h,0.6,8.9741304,0.997314227,0.996070972,0.0012432549999999987
h,0.6,8.99505705,0.993330444,0.997233603,-0.003903158999999934
h,0.6,9.01571368,0.997266649,0.994149719,0.0031169299999999067
h,0.6,9.03640927,0.993620648,0.996879621,-0.0032589729999999983
h,0.6,9.05755121,0.995806928,0.993899831,0.0019070970000000242
h,0.6,9.07868023,0.994230333,0.99611431,-0.0018839769999999811
h,0.6,9.09969513,0.997006746,0.996238948,0.0007677980000000417
h,0.6,9.1205658,0.994516663,0.998046293,-0.0035296300000000613
h,0.6,9.14137844,0.997006099,0.995791305,0.001214794000000019
h,0.6,9.16237082,0.997577665,0.997835973,-0.0002583080000000404
h,0.6,9.18339441,0.995741608,0.996097097,-0.00035548900000004213
h,0.6,9.20447395,0.996425861,0.995706918,0.0007189429999999719
h,0.6,9.22549281,0.998164286,0.99629608,0.0018682059999999279
h,0.6,9.2463962,0.996420506,0.997307852,-0.0008873460000000666
h,0.6,9.26722673,0.997225956,0.997977074,-0.0007511180000000506
h,0.6,9.28791689,0.997455014,0.995803749,0.0016512650000000129
h,0.6,9.30892724,0.998369445,0.994899772,0.0034696730000000064
h,0.6,9.33003065,0.995476553,0.997181385,-0.001704831999999934
h,0.6,9.35102864,0.995442453,0.997096653,-0.00165420000000005
h,0.6,9.37196601,0.996824843,0.995818772,0.0010060709999999418
h,0.6,9.39258783,0.994151291,0.994640338,-0.0004890469999999647
h,0.6,9.41349621,0.997221618,0.996801044,0.0004205739999999514
h,0.6,9.4347927,0.997925665,0.99588529,0.002040374999999983
h,0.6,9.45587737,0.995610269,0.998045334,-0.002435064999999903
h,0.6,9.47676866,0.99611018,0.996800742,-0.0006905620000000612
h,0.6,9.49762777,0.995940669,0.996032142,-9.147300000000858e-05
h,0.6,9.51852362,0.999255884,0.996131693,0.003124190999999943
h,0.6,9.53939795,0.999799599,0.996500515,0.0032990840000000077
h,0.6,9.56035551,0.997488353,0.996795254,0.0006930990000000303
h,0.6,9.58149741,0.997202302,0.996429002,0.0007733000000000878
h,0.6,9.60249587,0.997583437,0.997707856,-0.00012441900000004225
h,0.6,9.62336478,0.998475873,1.00028331,-0.0018074369999999673
h,0.6,9.64415055,0.998040641,0.997449113,0.0005915279999999523
h,0.6,9.66502224,0.997609974,0.99886941,-0.0012594360000000027
h,0.6,9.68597433,0.995081978,0.998413911,-0.003331933000000009
h,0.6,9.7069728,0.996470285,0.997268962,-0.0007986770000000254
h,0.6,9.72797765,0.995459003,0.995935531,-0.0004765279999999761
h,0.6,9.74896401,0.997417498,0.998924981,-0.0015074830000000317
h,0.6,9.76996217,0.999749673,0.998221171,0.0015285019999999871
h,0.6,9.79085678,0.999643707,0.996480388,0.0031633189999999978
h,0.6,9.81166698,0.997164193,0.996603586,0.0005606070000000463
h,0.6,9.83262494,0.99739057,0.995293148,0.00209742199999996
h,0.6,9.85372265,0.997292346,0.997444455,-0.00015210899999995586
h,0.6,9.87472665,0.997233587,0.998890421,-0.0016568340000000514
h,0.6,9.89559934,0.998610301,0.997789006,0.0008212950000000552
h,0.6,9.91635289,0.997029106,0.995702549,0.0013265570000000615
h,0.6,9.93737645,0.999039215,0.998295278,0.0007439370000000833
h,0.6,9.95856995,0.99684845,0.997538434,-0.0006899839999999768
h,0.6,9.97940815,0.998793422,0.998489018,0.00030440399999998036
h,0.6,10.000082,0.997969774,0.996974605,0.0009951689999999624
h,0.8,0.0252815853,0.00340784932,0.0005296485,0.0028782008200000002
h,0.8,0.0486976344,0.00535166415,0.00202846552,0.0033231986300000004
h,0.8,0.0692644017,0.00717154535,0.00402958427,0.00314196108
h,0.8,0.08877835,0.00976691157,0.0065389667,0.00322794487
h,0.8,0.111604297,0.0136327317,0.0103843786,0.0032483530999999986
h,0.8,0.132731806,0.0179716122,0.014921314,0.003050298200000001
h,0.8,0.153672181,0.0226452946,0.0194036234,0.0032416712000000007
h,0.8,0.175641863,0.0287004324,0.0254828463,0.0032175860999999993
h,0.8,0.196615509,0.0349614574,0.0314882479,0.0034732094999999977
h,0.8,0.217326708,0.0415658802,0.0383529598,0.0032129203999999995
h,0.8,0.237538457,0.0496870344,0.0459423072,0.003744727200000006
h,0.8,0.258148683,0.0570323138,0.0544368764,0.0025954373999999975
h,0.8,0.28040349,0.066933433,0.0635472762,0.003386156799999998
h,0.8,0.301929084,0.0772351753,0.0723367336,0.004898441700000006
h,0.8,0.322287413,0.0871533272,0.0829809724,0.0041723548
h,0.8,0.342663331,0.0975482088,0.0941899695,0.003358239299999996
h,0.8,0.363641289,0.108574781,0.106021932,0.002552848999999996
h,0.8,0.385602948,0.120282554,0.117278241,0.0030043129999999946
h,0.8,0.406737165,0.13454502,0.131483427,0.0030615929999999736
h,0.8,0.427001871,0.146667553,0.142672773,0.003994780000000003
h,0.8,0.448754416,0.161744839,0.158300225,0.0034446140000000125
h,0.8,0.469601745,0.174615935,0.172040278,0.002575657000000009
h,0.8,0.489805379,0.189260644,0.187419918,0.0018407260000000147
h,0.8,0.510302494,0.204851292,0.2006271,0.004224191999999988
h,0.8,0.53178319,0.220540111,0.216457362,0.004082749000000024
h,0.8,0.553922362,0.237203327,0.232047709,0.005155618000000001
h,0.8,0.574670041,0.254831217,0.251210747,0.0036204699999999868
h,0.8,0.594645701,0.270918857,0.265355673,0.005563183999999999
h,0.8,0.615540037,0.287874971,0.284801103,0.0030738679999999796
h,0.8,0.636554081,0.306096001,0.302452871,0.0036431299999999944
h,0.8,0.658102417,0.322615925,0.320108264,0.00250766100000005
h,0.8,0.679189641,0.344246308,0.338444245,0.005802063000000024
h,0.8,0.700054044,0.363202245,0.359353412,0.003848832999999996
h,0.8,0.721329826,0.379965293,0.380455977,-0.000490684000000019
h,0.8,0.742033923,0.399643074,0.399618511,2.4562999999977464e-05
h,0.8,0.762614581,0.422093946,0.419798901,0.0022950449999999956
h,0.8,0.783270495,0.439551232,0.437610291,0.0019409410000000293
h,0.8,0.804783918,0.460895125,0.459703853,0.001191272000000021
h,0.8,0.826095906,0.482051498,0.482354341,-0.0003028429999999971
h,0.8,0.846303977,0.50147799,0.499617637,0.0018603530000000368
h,0.8,0.867174819,0.524476393,0.518490406,0.0059859870000000814
h,0.8,0.888413258,0.543270156,0.541022903,0.002247252999999949
h,0.8,0.909910564,0.56528832,0.561491592,0.0037967279999999715
h,0.8,0.931134698,0.587935204,0.586218541,0.0017166629999999516
h,0.8,0.951563161,0.604670684,0.606590782,-0.0019200980000000367
h,0.8,0.972160451,0.627083988,0.625735422,0.0013485659999999955
h,0.8,0.993008165,0.644654518,0.644892025,-0.00023750700000002567
h,0.8,1.0140906,0.672469194,0.66615613,0.00631306400000009
h,0.8,1.03500338,0.684640314,0.689241667,-0.004601352999999975
h,0.8,1.05657413,0.709317182,0.706704115,0.00261306700000008
h,0.8,1.07789814,0.727373214,0.721436711,0.005936503000000037
h,0.8,1.09835045,0.742277825,0.745261491,-0.002983666000000107
h,0.8,1.11903902,0.763004918,0.761872003,0.001132915000000012
h,0.8,1.1396405,0.779295187,0.776979785,0.002315402000000022
h,0.8,1.16109193,0.801943039,0.795685854,0.006257184999999943
h,0.8,1.18227503,0.809723413,0.817980839,-0.008257426000000012
h,0.8,1.2030555,0.828241651,0.828407308,-0.00016565699999993022
h,0.8,1.22375183,0.843496955,0.840832659,0.002664295999999955
h,0.8,1.24453484,0.857162567,0.859099252,-0.0019366849999999936
h,0.8,1.26570671,0.873129,0.8748603,-0.0017312999999999912
h,0.8,1.28693994,0.881127912,0.884730141,-0.003602229000000068
h,0.8,1.30807124,0.897661562,0.89685115,0.0008104119999999826
h,0.8,1.32889646,0.908064601,0.909901331,-0.0018367300000000641
h,0.8,1.34945121,0.920442594,0.923210617,-0.0027680230000000083
h,0.8,1.37055188,0.928134971,0.930227713,-0.002092741999999981
h,0.8,1.39148285,0.941243513,0.941607373,-0.00036385999999999363
h,0.8,1.41220445,0.955521085,0.951544008,0.00397707699999994
h,0.8,1.43352474,0.960620037,0.954327185,0.00629285199999996
h,0.8,1.45454751,0.963742157,0.966984155,-0.0032419980000000237
h,0.8,1.47511055,0.970886727,0.972907667,-0.002020939999999971
h,0.8,1.49566583,0.977620817,0.97622174,0.0013990770000000818
h,0.8,1.51690776,0.983041442,0.983974829,-0.0009333870000000077
h,0.8,1.53826425,0.988226215,0.990194725,-0.00196851000000009
h,0.8,1.55931449,0.988433182,0.997875182,-0.009442000000000061
h,0.8,1.58012172,1.00032159,1.00158286,-0.001261270000000092
h,0.8,1.60114355,0.999274462,1.00354156,-0.004267097999999914
h,0.8,1.62229155,1.00031771,1.0082549,-0.007937190000000038
h,0.8,1.64295947,1.00333572,1.00741853,-0.004082810000000103
h,0.8,1.66366432,1.01114584,1.00988325,0.0012625900000000634
h,0.8,1.68478217,1.01388796,1.01781041,-0.003922450000000133
h,0.8,1.7057485,1.01298409,1.01736677,-0.004382679999999972
h,0.8,1.72683745,1.00905417,1.01450635,-0.005452180000000029
h,0.8,1.74765849,1.01583529,1.01112157,0.004713720000000032
h,0.8,1.76847487,1.01512714,1.0120598,0.003067339999999863
h,0.8,1.78961871,1.01169933,1.01283158,-0.0011322500000001678
h,0.8,1.81086098,1.01605618,1.0172675,-0.0012113199999999047
h,0.8,1.83179094,1.01690859,1.0123527,0.004555889999999785
h,0.8,1.8521746,1.01895226,1.01516945,0.0037828100000001363
h,0.8,1.8733654,1.0202066,1.01225587,0.007950730000000128
h,0.8,1.89455538,1.01627754,1.01210881,0.004168729999999954
h,0.8,1.91534795,1.01384548,1.01369789,0.00014759000000008626
h,0.8,1.93623233,1.01111899,1.0119532,-0.0008342100000000574
h,0.8,1.9571481,1.01181894,1.00762544,0.004193499999999961
h,0.8,1.97825109,1.0084535,1.01233899,-0.003885490000000047
h,0.8,1.99905898,1.01195246,1.00281053,0.009141929999999965
h,0.8,2.01966715,1.00883828,1.00696446,0.001873819999999915
h,0.8,2.04082415,1.00411922,1.00355987,0.0005593500000000695
h,0.8,2.06193171,1.00354479,0.999204527,0.004340263000000122
h,0.8,2.08296048,0.997898564,1.01010017,-0.012201606000000087
h,0.8,2.10383017,1.00394052,1.00418909,-0.0002485699999998925
h,0.8,2.12494312,1.00251392,0.999086668,0.0034272519999999362
h,0.8,2.14618475,0.99888447,0.997712769,0.0011717009999999695
h,0.8,2.16679298,0.997845898,0.999287038,-0.001441139999999952
h,0.8,2.18753482,0.995413419,0.99255284,0.0028605790000000297
h,0.8,2.20847027,1.00101935,0.990290145,0.010729204999999964
h,0.8,2.22955181,0.991929577,0.994186994,-0.0022574170000000393
h,0.8,2.25078374,0.990663006,0.988688488,0.001974518000000036
h,0.8,2.27150159,0.991193146,0.984578647,0.006614498999999996
h,0.8,2.29205574,0.989750117,0.992312843,-0.0025627259999999596
h,0.8,2.31294326,0.985864496,0.986307548,-0.0004430519999999438
h,0.8,2.3340363,0.984260614,0.984737173,-0.0004765589999999875
h,0.8,2.35514399,0.986117283,0.98549115,0.0006261330000000287
h,0.8,2.37607726,0.979351111,0.98388193,-0.004530818999999964
h,0.8,2.39730341,0.983619204,0.981951299,0.001667905000000025
h,0.8,2.41857203,0.981360007,0.980072364,0.0012876430000000605
h,0.8,2.43911056,0.980298707,0.980716891,-0.00041818400000004363
h,0.8,2.45988005,0.980730966,0.978054412,0.0026765539999999977
h,0.8,2.48094151,0.979022665,0.975787519,0.0032351459999999665
h,0.8,2.50196601,0.975911398,0.981231664,-0.005320265999999907
h,0.8,2.52300496,0.980101313,0.977045322,0.00305599099999998
h,0.8,2.54340089,0.977924712,0.974418753,0.0035059589999999474
h,0.8,2.56415297,0.975044146,0.978225986,-0.0031818399999999913
h,0.8,2.58575836,0.971407732,0.97906207,-0.007654338000000038
h,0.8,2.60684428,0.972779366,0.973779784,-0.0010004179999999474
h,0.8,2.62775949,0.973371139,0.974294365,-0.0009232259999999437
h,0.8,2.64834355,0.976852249,0.974269699,0.0025825499999999613
h,0.8,2.66912062,0.973473515,0.973114658,0.0003588570000000457
h,0.8,2.69039946,0.974457051,0.975168139,-0.0007110879999999709
h,0.8,2.71121518,0.974994731,0.974263123,0.0007316080000000502
h,0.8,2.7321837,0.972844097,0.974638599,-0.0017945020000000866
h,0.8,2.75306239,0.973320188,0.973366732,-4.654400000003722e-05
h,0.8,2.77427049,0.976691304,0.97356983,0.0031214740000000685
h,0.8,2.79557932,0.972979451,0.973013195,-3.374400000000222e-05
h,0.8,2.8160646,0.974400375,0.974862805,-0.00046243000000001366
h,0.8,2.83689478,0.976135552,0.970465342,0.005670210000000009
h,0.8,2.85801727,0.977647674,0.97286051,0.00478716400000001
h,0.8,2.87906973,0.975533785,0.973862768,0.0016710169999999414
h,0.8,2.89996898,0.972988985,0.973316101,-0.00032711600000001617
h,0.8,2.92062944,0.971096001,0.973790865,-0.0026948639999999635
h,0.8,2.941605,0.975494872,0.972257478,0.0032373940000000045
h,0.8,2.96267076,0.9735665,0.976709301,-0.003142800999999973
h,0.8,2.98347442,0.972050164,0.971666117,0.00038404699999994296
h,0.8,3.00437656,0.974296623,0.976838406,-0.002541783000000075
h,0.8,3.02542142,0.973466752,0.980632482,-0.007165729999999981
h,0.8,3.04658726,0.975984864,0.975972465,1.2398999999940763e-05
h,0.8,3.06768101,0.974353825,0.975785718,-0.0014318930000000174
h,0.8,3.088328,0.979330492,0.97562529,0.0037052020000000185
h,0.8,3.10931167,0.977390194,0.97554743,0.0018427640000000522
h,0.8,3.1305457,0.978741773,0.97900272,-0.00026094700000001136
h,0.8,3.15150209,0.977083623,0.978290042,-0.0012064190000000696
h,0.8,3.17219014,0.976184136,0.978166102,-0.0019819660000000017
h,0.8,3.19299024,0.974523354,0.979415708,-0.004892353999999988
h,0.8,3.21390436,0.978214363,0.977596205,0.0006181579999999798
h,0.8,3.23506564,0.980372913,0.978654448,0.0017184649999999468
h,0.8,3.25605387,0.97661838,0.978287445,-0.0016690649999999696
h,0.8,3.27685776,0.977050939,0.976392962,0.0006579769999999208
h,0.8,3.29794723,0.981816302,0.98185299,-3.668800000000694e-05
h,0.8,3.31884778,0.975683959,0.978651673,-0.0029677139999999547
h,0.8,3.33944269,0.978322308,0.98050694,-0.002184632000000075
h,0.8,3.36030612,0.979432888,0.97964902,-0.00021613200000003552
h,0.8,3.38171654,0.980971033,0.980131185,0.0008398480000000319
h,0.8,3.40297495,0.980496435,0.981433113,-0.0009366779999999686
h,0.8,3.42370792,0.981752553,0.979865578,0.001886975000000013
h,0.8,3.44440875,0.978136255,0.976000852,0.0021354030000000357
h,0.8,3.465315,0.981590916,0.981816204,-0.00022528799999999016
h,0.8,3.4865867,0.981069486,0.980701098,0.00036838799999994176
h,0.8,3.50751221,0.981059982,0.984408661,-0.003348679000000021
h,0.8,3.52796741,0.985588199,0.982189045,0.0033991540000000153
h,0.8,3.5488788,0.980669693,0.983871436,-0.00320174300000009
h,0.8,3.57014151,0.985293713,0.982896261,0.0023974519999999666
h,0.8,3.59120365,0.980186266,0.984404506,-0.004218239999999929
h,0.8,3.61190928,0.984116887,0.982701561,0.00141532600000005
h,0.8,3.63300558,0.983762525,0.979662423,0.004100102000000105
h,0.8,3.6541422,0.981513868,0.98420169,-0.002687822000000062
h,0.8,3.67500902,0.986492737,0.983999728,0.002493008999999935
h,0.8,3.69581564,0.988338276,0.983055248,0.005283028000000023
h,0.8,3.71644729,0.981894721,0.986061425,-0.004166704000000077
h,0.8,3.73749774,0.987374877,0.982354511,0.005020365999999998
h,0.8,3.75868086,0.986321438,0.988007503,-0.0016860649999999033
h,0.8,3.77950549,0.985083339,0.986491237,-0.001407897999999963
h,0.8,3.80027286,0.983464478,0.984707574,-0.0012430959999999436
h,0.8,3.82143123,0.987015678,0.986972295,4.338299999995243e-05
h,0.8,3.84280481,0.987933025,0.985156322,0.0027767029999999915
h,0.8,3.86349282,0.988490564,0.989789888,-0.0012993239999999906
h,0.8,3.88417456,0.989845757,0.984303618,0.0055421390000000015
h,0.8,3.90535419,0.991771813,0.989633013,0.0021387999999999963
h,0.8,3.9264697,0.988597061,0.986500967,0.002096093999999993
h,0.8,3.94738681,0.989172142,0.988613957,0.0005581850000000443
h,0.8,3.96810309,0.990512387,0.993137875,-0.0026254879999999536
h,0.8,3.98888694,0.988623638,0.991632156,-0.0030085180000000156
h,0.8,4.00993371,0.986783432,0.991165241,-0.00438180900000007
h,0.8,4.03080983,0.988499272,0.987269313,0.0012299590000000027
h,0.8,4.05178039,0.985178675,0.992605215,-0.0074265399999999815
h,0.8,4.07276799,0.989905758,0.990794626,-0.0008888679999999871
h,0.8,4.09368684,0.991099041,0.990791888,0.00030715300000005996
h,0.8,4.11485609,0.987385186,0.995609413,-0.008224227000000028
h,0.8,4.13583188,0.996542107,0.991740813,0.004801293999999956
h,0.8,4.15670688,0.993980062,0.993034938,0.0009451240000000194
h,0.8,4.17758774,0.991673503,0.994693743,-0.0030202400000000074
h,0.8,4.19867141,0.994615906,0.992343274,0.002272632000000052
h,0.8,4.21961517,0.995830744,0.991063237,0.00476750700000006
h,0.8,4.24013393,0.9944889,0.993326137,0.0011627629999999556
h,0.8,4.26119077,0.997200793,0.995257134,0.001943658999999931
h,0.8,4.28239268,0.994541902,0.992661184,0.0018807180000000034
h,0.8,4.30342826,0.998474524,0.997416699,0.0010578250000000677
h,0.8,4.32431592,0.994556532,0.996605923,-0.0020493909999999005
h,0.8,4.34508479,0.995107705,0.994944196,0.00016350900000006163
h,0.8,4.36604259,0.993881481,0.99732057,-0.0034390890000000063
h,0.8,4.38708086,0.996261886,0.997045043,-0.0007831569999999788
h,0.8,4.40778797,0.996853002,1.00326104,-0.006408037999999894
h,0.8,4.4288526,0.994889654,1.00016814,-0.005278486000000027
h,0.8,4.44994967,1.00005312,0.999780008,0.0002731120000000198
h,0.8,4.47085438,1.00021829,0.998746897,0.0014713930000000985
h,0.8,4.49188801,0.999654884,0.997379834,0.002275050000000056
h,0.8,4.51250216,0.999231381,0.99662362,0.0026077609999999307
h,0.8,4.5334461,0.998935456,0.998584626,0.0003508300000000242
h,0.8,4.55463591,1.00174389,1.00279256,-0.0010486700000000848
h,0.8,4.57547609,0.999410423,1.00185048,-0.002440057000000051
h,0.8,4.59643311,1.00245041,1.00268541,-0.00023499999999998522
h,0.8,4.61732903,1.00375162,1.00179918,0.0019524400000001663
h,0.8,4.63833098,1.00346556,1.00175868,0.0017068799999999662
h,0.8,4.65949324,1.00239734,1.00100486,0.0013924799999998072
h,0.8,4.68039693,1.00142347,1.00112011,0.00030335999999997476
h,0.8,4.70136745,1.00348964,1.00483472,-0.0013450800000001095
h,0.8,4.72221533,1.0036258,1.00438094,-0.0007551400000000985
h,0.8,4.74309374,1.00335042,1.00229171,0.0010587100000001293
h,0.8,4.76390784,1.0023961,1.00599851,-0.003602410000000056
h,0.8,4.78491795,1.00268114,1.00247423,0.00020690999999994908
h,0.8,4.80636204,1.00424847,1.00176865,0.0024798200000000215
h,0.8,4.82728449,1.00288906,1.00225034,0.0006387199999999815
h,0.8,4.84785524,1.0062443,1.00694195,-0.0006976499999999941
h,0.8,4.86859731,1.00277937,1.00493597,-0.002156599999999953
h,0.8,4.88954319,1.00459288,1.00694086,-0.0023479800000001383
h,0.8,4.91078695,1.00388424,1.00250474,0.001379500000000089
h,0.8,4.93172016,1.00570924,1.00147242,0.00423682000000003
h,0.8,4.95244063,1.00510773,1.00497183,0.00013590000000007763
h,0.8,4.97348932,1.00474655,1.0020091,0.002737449999999919
h,0.8,4.994309,1.00583427,1.0042649,0.0015693700000001254
h,0.8,5.01515697,1.00372603,1.0055846,-0.0018585700000000038
h,0.8,5.03598003,1.00738511,1.00881867,-0.0014335599999999449
h,0.8,5.05703237,1.00611546,1.00687978,-0.0007643200000000405
h,0.8,5.07840332,1.00687199,1.00742387,-0.0005518799999999491
h,0.8,5.09943841,1.00522627,1.00340316,0.0018231100000001277
h,0.8,5.12032938,1.00377273,1.00404976,-0.00027703000000012246
h,0.8,5.14107614,1.00774109,1.00668951,0.001051579999999941
h,0.8,5.16214077,1.00895868,1.00389702,0.00506166000000019
h,0.8,5.18341099,1.00856564,1.00686111,0.0017045300000000374
h,0.8,5.2041075,1.00629837,1.00580202,0.0004963500000001453
h,0.8,5.22477891,1.00600631,1.00457447,0.001431839999999962
h,0.8,5.24557967,1.00524943,1.00577657,-0.0005271399999999815
h,0.8,5.26649236,1.00636614,1.00411653,0.002249610000000013
h,0.8,5.28753131,1.00664527,1.00429991,0.002345359999999852
h,0.8,5.30847064,1.00822398,1.00777009,0.00045388999999995683
h,0.8,5.32946745,1.00957206,1.0098794,-0.0003073399999999893
h,0.8,5.3506922,1.00467526,1.00456997,0.00010529000000003563
h,0.8,5.37158853,1.00741031,1.00590341,0.0015069000000000887
h,0.8,5.39231925,1.00944722,1.00874519,0.0007020300000000201
h,0.8,5.41333352,1.01052265,1.00658847,0.003934179999999898
h,0.8,5.43434316,1.00755596,1.00841883,-0.0008628700000001821
h,0.8,5.45530659,1.00676734,1.00697459,-0.00020725000000010319
h,0.8,5.47618498,1.0074963,1.00945279,-0.0019564900000001995
h,0.8,5.49715755,1.0053853,1.0080608,-0.002675500000000053
h,0.8,5.51801586,1.00866977,1.00761053,0.0010592400000000168
h,0.8,5.53881995,1.00473296,1.00743403,-0.002701070000000083
h,0.8,5.55992514,1.00845686,1.00833935,0.00011750999999993184
h,0.8,5.58098545,1.00642776,1.00872637,-0.0022986099999999787
h,0.8,5.60183772,1.00761911,1.00899011,-0.001371000000000011
h,0.8,5.62277584,1.01000035,1.00781495,0.002185400000000115
h,0.8,5.64379172,1.008376,1.00964313,-0.0012671300000000052
h,0.8,5.66460817,1.00712392,1.00685525,0.00026866999999985985
h,0.8,5.68556022,1.00699096,1.0106063,-0.003615340000000078
h,0.8,5.7067909,1.00674872,1.00624862,0.0005001000000000033
h,0.8,5.72769317,1.00745711,1.00629517,0.001161940000000028
h,0.8,5.74840017,1.00953158,1.0101575,-0.0006259200000000575
h,0.8,5.76938192,1.00936651,1.0073392,0.0020273099999998934
h,0.8,5.79039764,1.00949067,1.0050393,0.0044513699999999545
h,0.8,5.81144039,1.00742367,1.00825671,-0.0008330399999998406
h,0.8,5.83232115,1.0117516,1.01007974,0.0016718600000000805
h,0.8,5.85320209,1.00507529,1.0092275,-0.0041522099999999895
h,0.8,5.87418919,1.00980734,1.00673982,0.0030675200000001013
h,0.8,5.89509625,1.00655153,1.00727291,-0.0007213799999998827
h,0.8,5.9159726,1.00951512,1.00938935,0.00012577000000013605
h,0.8,5.93682663,1.00851025,1.00840881,0.00010144000000011921
h,0.8,5.95791772,1.00589434,1.00903986,-0.0031455199999999017
h,0.8,5.97900675,1.00669673,1.00720054,-0.0005038099999998824
h,0.8,5.99978945,1.00681976,1.00805013,-0.0012303700000000362
h,0.8,6.02063577,1.00648585,1.00657723,-9.137999999997426e-05
h,0.8,6.04156421,1.00507338,1.00737624,-0.0023028599999999066
h,0.8,6.06259364,1.00669626,1.00870808,-0.0020118199999998865
h,0.8,6.08377541,1.00677057,1.00738433,-0.0006137600000000187
h,0.8,6.10447051,1.00614461,1.01148122,-0.005336610000000075
h,0.8,6.12538157,1.00735655,1.00594302,0.0014135299999999962
h,0.8,6.14660689,1.00691994,1.0051589,0.0017610399999998805
h,0.8,6.16752321,1.00652105,1.00653712,-1.6070000000034668e-05
h,0.8,6.18833806,1.00777882,1.00743842,0.00034040000000001847
h,0.8,6.20938667,1.00796427,1.00840858,-0.0004443100000000033
h,0.8,6.23052184,1.00645717,1.00481904,0.0016381299999999044
h,0.8,6.25137137,1.00689177,1.00492819,0.001963579999999965
h,0.8,6.27204484,1.00237874,1.00726062,-0.004881880000000116
h,0.8,6.29290789,1.00609584,1.00785308,-0.0017572400000001043
h,0.8,6.31382104,1.00536306,1.00591811,-0.0005550500000000014
h,0.8,6.33495691,1.00665779,1.004945,0.0017127900000000196
h,0.8,6.35600914,1.00897485,1.00729128,0.0016835699999999676
h,0.8,6.37663869,1.00592651,1.00344341,0.0024831000000000714
h,0.8,6.39770954,1.00451333,1.00496864,-0.00045530999999998656
h,0.8,6.41872759,1.00516173,1.00307757,0.0020841599999998905
h,0.8,6.43951457,1.00496539,1.00628355,-0.0013181600000000682
h,0.8,6.46033562,1.00307337,1.00383343,-0.0007600599999999513
h,0.8,6.4814564,1.00542752,1.00318189,0.0022456299999999985
h,0.8,6.50265681,1.00533818,1.00579955,-0.0004613700000000165
h,0.8,6.52350383,1.00611889,1.00645685,-0.0003379599999999705
h,0.8,6.54427866,1.00531663,1.00422569,0.0010909400000000957
h,0.8,6.56515568,1.00375323,1.00321837,0.0005348600000001369
h,0.8,6.58628576,1.00719445,1.00481037,0.0023840800000001217
h,0.8,6.60749316,1.00535771,1.00573873,-0.0003810200000000652
h,0.8,6.62830625,1.00414158,1.00417653,-3.4950000000089076e-05
h,0.8,6.64913567,1.00210028,1.00257044,-0.0004701599999998862
h,0.8,6.67020149,1.00316629,1.00395152,-0.0007852299999999701
h,0.8,6.69106898,1.00383022,1.00578492,-0.001954699999999976
h,0.8,6.71185955,1.00450122,1.00376849,0.0007327300000001813
h,0.8,6.73264651,1.00460902,1.00196274,0.002646280000000001
h,0.8,6.7537045,1.00360942,1.00223926,0.0013701600000000091
h,0.8,6.77487174,1.0021048,1.00053722,0.0015675799999999018
h,0.8,6.79557562,1.00161928,1.0030374,-0.0014181200000000782
h,0.8,6.81648781,1.00427759,1.00206424,0.002213350000000114
h,0.8,6.83753747,1.00302253,1.00408472,-0.001062190000000074
h,0.8,6.85867557,1.00250481,1.00329315,-0.000788339999999943
h,0.8,6.87985316,1.00132899,1.00238637,-0.0010573799999999967
h,0.8,6.90065786,1.00374541,1.00232594,0.0014194700000000893
h,0.8,6.92153112,1.00435665,1.00245732,0.001899330000000088
h,0.8,6.94229803,1.00172714,1.00362683,-0.0018996899999998984
h,0.8,6.9630016,1.00647217,1.00188103,0.004591140000000049
h,0.8,6.98416877,1.00272675,1.00325069,-0.0005239400000001115
h,0.8,7.0052781,1.00389405,1.00187673,0.002017319999999989
h,0.8,7.02617612,0.999017415,1.00184513,-0.0028277150000000084
h,0.8,7.04699526,1.00169102,1.00317414,-0.00148312000000006
h,0.8,7.06761685,1.00049502,1.00162018,-0.0011251599999999584
h,0.8,7.08873369,1.00122778,1.00134215,-0.00011436999999991926
h,0.8,7.10994937,1.00089734,1.00152814,-0.0006307999999999314
h,0.8,7.13102893,0.999314501,1.00144188,-0.0021273790000000403
h,0.8,7.15201412,1.00074604,1.00161297,-0.0008669300000001545
h,0.8,7.17271336,1.00195661,1.00021814,0.0017384699999998254
h,0.8,7.19374266,1.0012614,0.999560918,0.0017004819999999476
h,0.8,7.21473042,0.998967467,0.999991832,-0.001024364999999916
h,0.8,7.23564263,1.0007435,1.00065703,8.647000000006067e-05
h,0.8,7.25666289,1.00079651,1.00022936,0.0005671499999999607
h,0.8,7.27757645,1.00155778,1.00001347,0.0015443099999998822
h,0.8,7.2984411,1.00215738,1.00245246,-0.0002950799999998921
h,0.8,7.31917384,1.00161105,0.999171605,0.002439444999999929
h,0.8,7.34001688,0.998613334,0.997373934,0.0012394000000000016
h,0.8,7.3611683,0.99909245,0.997818199,0.001274251000000004
h,0.8,7.38224284,1.00017588,0.997213692,0.0029621880000000322
h,0.8,7.40324015,1.00054505,0.998285721,0.002259328999999921
h,0.8,7.42408854,0.997942385,0.999814668,-0.0018722829999999746
h,0.8,7.44500634,0.999731621,0.999783462,-5.184099999999692e-05
h,0.8,7.46595959,0.998785438,0.99688209,0.0019033479999999159
h,0.8,7.48696308,0.997683314,0.999771663,-0.0020883489999999894
h,0.8,7.5079936,0.998662718,0.997848669,0.0008140489999999279
h,0.8,7.52871967,0.999051974,0.997060032,0.001991941999999969
h,0.8,7.54966921,0.999633288,0.999490257,0.00014303099999990465
h,0.8,7.57064902,0.998167576,0.998865509,-0.000697933000000095
h,0.8,7.59151428,0.997394453,0.99803471,-0.0006402570000000329
h,0.8,7.6123809,0.99660868,0.999077909,-0.002469229000000017
h,0.8,7.63338324,0.999778294,0.997877673,0.0019006209999999912
h,0.8,7.65450532,0.999887458,0.999780122,0.00010733600000001342
h,0.8,7.67556944,0.998191679,0.99965017,-0.0014584909999999507
h,0.8,7.69637751,0.998113438,0.994342689,0.003770748999999962
h,0.8,7.71727216,0.998650952,0.997874938,0.000776013999999936
h,0.8,7.73835725,0.999982815,0.99965435,0.0003284649999999445
h,0.8,7.75934923,0.997199972,0.997446085,-0.00024611299999999225
h,0.8,7.78023116,0.998411131,0.995207784,0.003203347000000023
h,0.8,7.80098697,0.996814504,0.996058805,0.0007556990000000541
h,0.8,7.82190677,0.996995934,0.997399668,-0.00040373400000004445
h,0.8,7.84304931,0.99700769,0.996282296,0.0007253940000000458
h,0.8,7.86405132,0.99944444,0.999287149,0.00015729099999994833
h,0.8,7.88484553,0.996897514,1.00052902,-0.003631506000000062
h,0.8,7.90574885,0.996802887,0.998711926,-0.0019090390000000568
h,0.8,7.9267531,0.998767848,0.996226164,0.0025416839999999885
h,0.8,7.94765228,0.998037499,0.998615594,-0.0005780949999999452
h,0.8,7.96842304,0.999357631,0.997651405,0.0017062259999999219
h,0.8,7.98938616,0.997258952,0.998033156,-0.000774203999999945
h,0.8,8.01050815,0.998392746,0.997298625,0.001094121000000059
h,0.8,8.03153334,0.997531839,0.997912855,-0.0003810160000000673
h,0.8,8.05240251,0.994871663,0.994739839,0.0001318240000000026
h,0.8,8.07332696,0.99975499,0.997432447,0.0023225430000000102
h,0.8,8.09438514,0.997613595,0.996426222,0.001187373000000047
h,0.8,8.11529588,0.999158332,0.99711483,0.0020435020000000303
h,0.8,8.13618411,0.99634333,0.997160922,-0.0008175919999999781
h,0.8,8.15717855,0.996288771,0.998281022,-0.0019922510000000004
h,0.8,8.17807847,0.99669263,0.995078551,0.0016140789999999905
h,0.8,8.19905269,0.998366294,0.995814734,0.0025515600000000083
h,0.8,8.21991085,0.996397283,1.00014775,-0.003750467000000035
h,0.8,8.24078529,0.996701114,0.998453197,-0.0017520829999999599
h,0.8,8.26195652,0.99630677,0.995683946,0.0006228240000000218
h,0.8,8.28293039,0.998382122,0.996130727,0.002251394999999934
h,0.8,8.30373423,0.996134497,0.997087905,-0.0009534079999999889
h,0.8,8.32452583,0.996828563,0.99681761,1.0952999999980229e-05
h,0.8,8.34556221,0.997511849,0.995704705,0.0018071440000000383
h,0.8,8.36671927,0.99831602,0.997624389,0.0006916310000000259
h,0.8,8.38757523,0.993770369,0.996361873,-0.0025915039999999667
h,0.8,8.40855808,0.99599524,0.997826723,-0.0018314830000000226
h,0.8,8.42953585,0.996190896,0.994216836,0.0019740599999999997
h,0.8,8.45042977,0.99693464,0.994880921,0.002053718999999954
h,0.8,8.47138662,0.998803989,0.997933509,0.0008704800000000068
h,0.8,8.49217243,0.994636833,0.995870219,-0.001233385999999892
h,0.8,8.51321806,0.994837687,0.9949016,-6.391300000008204e-05
h,0.8,8.53421183,0.997193145,0.997516649,-0.00032350400000003
h,0.8,8.55508292,0.996207019,0.995580394,0.0006266249999999918
h,0.8,8.57598662,0.993571941,0.997001245,-0.0034293039999999664
h,0.8,8.59679232,0.996568159,0.99616542,0.0004027389999999853
h,0.8,8.61783107,0.996278364,0.997894816,-0.001616451999999935
h,0.8,8.63891768,0.995937503,0.995847857,8.964599999994327e-05
h,0.8,8.65972861,0.995755886,0.996591262,-0.0008353760000000543
h,0.8,8.68059853,0.996296624,0.996530561,-0.0002339370000000729
h,0.8,8.70174168,0.996052108,0.996188244,-0.0001361359999999534
h,0.8,8.72279566,0.993981676,0.994553502,-0.000571826000000053
h,0.8,8.74359241,0.99469267,0.996601709,-0.0019090390000000568
h,0.8,8.76424415,0.996671289,0.996056359,0.0006149300000000135
h,0.8,8.78526729,0.995618613,0.994104364,0.0015142489999999675
h,0.8,8.80637189,0.99632529,0.995409257,0.0009160329999999828
h,0.8,8.82736896,0.996032222,0.993240883,0.0027913389999999483
h,0.8,8.84843212,0.996440036,0.998589328,-0.002149292000000025
h,0.8,8.86933197,0.997162212,0.995564845,0.0015973670000000162
h,0.8,8.89026857,0.996542121,0.995198775,0.0013433459999999675
h,0.8,8.91123702,0.997612045,0.995589575,0.0020224699999999984
h,0.8,8.93214776,0.996933889,0.996342113,0.0005917760000000438
h,0.8,8.95312097,0.996551921,0.995909455,0.0006424659999999527
h,0.8,8.9741304,0.997557349,0.996070972,0.0014863769999999832
h,0.8,8.99505705,0.997095638,0.997233603,-0.00013796499999996215
h,0.8,9.01571368,0.997271547,0.994149719,0.0031218279999999377
h,0.8,9.03640927,0.997289067,0.996879621,0.0004094459999999245
h,0.8,9.05755121,0.99589245,0.993899831,0.001992619000000029
h,0.8,9.07868023,0.99565992,0.99611431,-0.0004543899999999157
h,0.8,9.09969513,0.997113817,0.996238948,0.0008748690000000003
h,0.8,9.1205658,0.99626486,0.998046293,-0.001781432999999999
h,0.8,9.14137844,0.997460332,0.995791305,0.001669026999999934
h,0.8,9.16237082,0.997308583,0.997835973,-0.0005273900000000165
h,0.8,9.18339441,0.995557036,0.996097097,-0.0005400610000000361
h,0.8,9.20447395,0.998256362,0.995706918,0.002549444000000012
h,0.8,9.22549281,0.997134558,0.99629608,0.0008384779999999203
h,0.8,9.2463962,0.996564487,0.997307852,-0.0007433650000000513
h,0.8,9.26722673,0.99833968,0.997977074,0.00036260599999993204
h,0.8,9.28791689,0.996163818,0.995803749,0.0003600689999999629
h,0.8,9.30892724,0.995194989,0.994899772,0.0002952170000000143
h,0.8,9.33003065,0.997182239,0.997181385,8.540000000500925e-07
h,0.8,9.35102864,0.996582731,0.997096653,-0.000513922
h,0.8,9.37196601,0.996799351,0.995818772,0.000980578999999926
h,0.8,9.39258783,0.99722796,0.994640338,0.002587622000000067
h,0.8,9.41349621,0.997889219,0.996801044,0.0010881750000000245
h,0.8,9.4347927,0.997039738,0.99588529,0.0011544479999999746
h,0.8,9.45587737,1.00011901,0.998045334,0.0020736759999999688
h,0.8,9.47676866,0.998351602,0.996800742,0.0015508599999999317
h,0.8,9.49762777,0.996549039,0.996032142,0.0005168970000000161
h,0.8,9.51852362,0.997138627,0.996131693,0.0010069339999999594
h,0.8,9.53939795,0.997524499,0.996500515,0.0010239839999999223
h,0.8,9.56035551,0.997435435,0.996795254,0.0006401809999999619
h,0.8,9.58149741,0.998630021,0.996429002,0.0022010190000000263
h,0.8,9.60249587,0.996075302,0.997707856,-0.0016325539999999528
h,0.8,9.62336478,0.999425691,1.00028331,-0.0008576189999999206
h,0.8,9.64415055,0.997410845,0.997449113,-3.8268000000063473e-05
h,0.8,9.66502224,0.998604577,0.99886941,-0.00026483299999990884
h,0.8,9.68597433,0.998667675,0.998413911,0.00025376399999998966
h,0.8,9.7069728,0.996798596,0.997268962,-0.00047036600000005535
h,0.8,9.72797765,0.996852172,0.995935531,0.0009166409999999958
h,0.8,9.74896401,0.996387943,0.998924981,-0.002537038000000047
h,0.8,9.76996217,0.998396732,0.998221171,0.00017556100000004626
h,0.8,9.79085678,0.997806885,0.996480388,0.001326496999999982
h,0.8,9.81166698,0.998074541,0.996603586,0.0014709550000000515
h,0.8,9.83262494,0.998710717,0.995293148,0.003417569000000009
h,0.8,9.85372265,0.997203071,0.997444455,-0.00024138399999995563
h,0.8,9.87472665,0.998744135,0.998890421,-0.00014628599999999548
h,0.8,9.89559934,0.996708235,0.997789006,-0.0010807709999999249
h,0.8,9.91635289,0.996562403,0.995702549,0.0008598539999999932
h,0.8,9.93737645,0.997631324,0.998295278,-0.0006639539999999666
h,0.8,9.95856995,0.996158982,0.997538434,-0.0013794520000000032
h,0.8,9.97940815,0.998675402,0.998489018,0.0001863840000000394
h,0.8,10.000082,0.998919777,0.996974605,0.001945171999999995
h,1.0,0.0252815853,0.00542886456,0.0005296485,0.004899216059999999
h,1.0,0.0486976344,0.00670113212,0.00202846552,0.0046726666
h,1.0,0.0692644017,0.00905030813,0.00402958427,0.00502072386
h,1.0,0.08877835,0.0118532197,0.0065389667,0.0053142530000000006
h,1.0,0.111604297,0.0154035488,0.0103843786,0.005019170199999999
h,1.0,0.132731806,0.0196170347,0.014921314,0.004695720700000001
h,1.0,0.153672181,0.0250057246,0.0194036234,0.005602101200000001
h,1.0,0.175641863,0.0303657733,0.0254828463,0.004882926999999999
h,1.0,0.196615509,0.0375283571,0.0314882479,0.006040109199999998
h,1.0,0.217326708,0.0437436838,0.0383529598,0.0053907239999999995
h,1.0,0.237538457,0.0515594462,0.0459423072,0.005617139
h,1.0,0.258148683,0.0597157274,0.0544368764,0.005278851000000001
h,1.0,0.28040349,0.0695566255,0.0635472762,0.006009349299999994
h,1.0,0.301929084,0.0791283916,0.0723367336,0.006791658000000006
h,1.0,0.322287413,0.0898399721,0.0829809724,0.006858999699999993
h,1.0,0.342663331,0.0999343241,0.0941899695,0.005744354600000001
h,1.0,0.363641289,0.1114543,0.106021932,0.005432368000000007
h,1.0,0.385602948,0.12397007,0.117278241,0.006691828999999996
h,1.0,0.406737165,0.136867511,0.131483427,0.0053840839999999834
h,1.0,0.427001871,0.150019072,0.142672773,0.007346299000000001
h,1.0,0.448754416,0.164030251,0.158300225,0.005730025999999999
h,1.0,0.469601745,0.176662157,0.172040278,0.004621878999999995
h,1.0,0.489805379,0.192871192,0.187419918,0.005451274000000006
h,1.0,0.510302494,0.207810509,0.2006271,0.007183409000000002
h,1.0,0.53178319,0.221964192,0.216457362,0.005506830000000018
h,1.0,0.553922362,0.23862442,0.232047709,0.006576711000000013
h,1.0,0.574670041,0.256067229,0.251210747,0.004856481999999995
h,1.0,0.594645701,0.272561354,0.265355673,0.007205680999999964
h,1.0,0.615540037,0.289060821,0.284801103,0.004259718000000023
h,1.0,0.636554081,0.306980114,0.302452871,0.004527243000000014
h,1.0,0.658102417,0.326038127,0.320108264,0.005929863000000035
h,1.0,0.679189641,0.347362813,0.338444245,0.008918568000000016
h,1.0,0.700054044,0.363623995,0.359353412,0.0042705829999999945
h,1.0,0.721329826,0.383721228,0.380455977,0.0032652510000000246
h,1.0,0.742033923,0.405705203,0.399618511,0.006086692000000005
h,1.0,0.762614581,0.424389656,0.419798901,0.004590755000000002
h,1.0,0.783270495,0.442765419,0.437610291,0.005155128000000009
h,1.0,0.804783918,0.463774004,0.459703853,0.004070151000000022
h,1.0,0.826095906,0.483257886,0.482354341,0.0009035450000000056
h,1.0,0.846303977,0.5029723,0.499617637,0.0033546630000000355
h,1.0,0.867174819,0.523781664,0.518490406,0.005291258000000076
h,1.0,0.888413258,0.540990967,0.541022903,-3.193599999995467e-05
h,1.0,0.909910564,0.562677337,0.561491592,0.0011857450000000158
h,1.0,0.931134698,0.58726699,0.586218541,0.0010484490000000068
h,1.0,0.951563161,0.608640516,0.606590782,0.0020497339999999697
h,1.0,0.972160451,0.628527507,0.625735422,0.0027920850000000552
h,1.0,0.993008165,0.64505733,0.644892025,0.00016530500000000448
h,1.0,1.0140906,0.665223488,0.66615613,-0.0009326419999999835
h,1.0,1.03500338,0.685223796,0.689241667,-0.004017870999999951
h,1.0,1.05657413,0.706818384,0.706704115,0.00011426900000000018
h,1.0,1.07789814,0.720627395,0.721436711,-0.0008093160000000044
h,1.0,1.09835045,0.743144075,0.745261491,-0.0021174160000000386
h,1.0,1.11903902,0.758668356,0.761872003,-0.003203646999999976
h,1.0,1.1396405,0.783524043,0.776979785,0.006544258000000025
h,1.0,1.16109193,0.795841058,0.795685854,0.00015520400000001988
h,1.0,1.18227503,0.818303624,0.817980839,0.0003227850000000476
h,1.0,1.2030555,0.835036928,0.828407308,0.006629620000000003
h,1.0,1.22375183,0.840364254,0.840832659,-0.00046840500000000507
h,1.0,1.24453484,0.857227495,0.859099252,-0.001871757000000085
h,1.0,1.26570671,0.876331016,0.8748603,0.0014707159999999275
h,1.0,1.28693994,0.885653858,0.884730141,0.0009237169999999351
h,1.0,1.30807124,0.901600241,0.89685115,0.004749090999999983
h,1.0,1.32889646,0.910177244,0.909901331,0.000275912999999961
h,1.0,1.34945121,0.919632143,0.923210617,-0.003578473999999998
h,1.0,1.37055188,0.929168888,0.930227713,-0.0010588249999999855
h,1.0,1.39148285,0.936020649,0.941607373,-0.005586723999999932
h,1.0,1.41220445,0.955087054,0.951544008,0.003543045999999994
h,1.0,1.43352474,0.955780562,0.954327185,0.0014533769999999224
h,1.0,1.45454751,0.968409773,0.966984155,0.0014256179999999619
h,1.0,1.47511055,0.970400162,0.972907667,-0.0025075049999999655
h,1.0,1.49566583,0.976800984,0.97622174,0.0005792440000000898
h,1.0,1.51690776,0.984188319,0.983974829,0.00021349000000003837
h,1.0,1.53826425,0.987590484,0.990194725,-0.002604241000000007
h,1.0,1.55931449,0.994209772,0.997875182,-0.00366540999999998
h,1.0,1.58012172,0.998150737,1.00158286,-0.0034321230000000646
h,1.0,1.60114355,1.0001827,1.00354156,-0.0033588599999998525
h,1.0,1.62229155,1.00300219,1.0082549,-0.00525271000000016
h,1.0,1.64295947,1.00588981,1.00741853,-0.001528720000000039
h,1.0,1.66366432,1.00207532,1.00988325,-0.007807929999999796
h,1.0,1.68478217,1.00541056,1.01781041,-0.01239984999999999
h,1.0,1.7057485,1.01170493,1.01736677,-0.005661839999999918
h,1.0,1.72683745,1.00946994,1.01450635,-0.005036409999999991
h,1.0,1.74765849,1.01695935,1.01112157,0.005837780000000015
h,1.0,1.76847487,1.01883142,1.0120598,0.006771619999999867
h,1.0,1.78961871,1.01928343,1.01283158,0.006451849999999926
h,1.0,1.81086098,1.01619277,1.0172675,-0.0010747300000000237
h,1.0,1.83179094,1.01910616,1.0123527,0.006753459999999878
h,1.0,1.8521746,1.0151529,1.01516945,-1.655000000000406e-05
h,1.0,1.8733654,1.01006159,1.01225587,-0.002194279999999882
h,1.0,1.89455538,1.01175567,1.01210881,-0.000353139999999863
h,1.0,1.91534795,1.01082012,1.01369789,-0.0028777700000000017
h,1.0,1.93623233,1.00832518,1.0119532,-0.003628020000000065
h,1.0,1.9571481,1.00962586,1.00762544,0.0020004200000001138
h,1.0,1.97825109,1.00208995,1.01233899,-0.010249039999999932
h,1.0,1.99905898,1.00544906,1.00281053,0.0026385299999998058
h,1.0,2.01966715,1.00392959,1.00696446,-0.003034870000000023
h,1.0,2.04082415,1.00347964,1.00355987,-8.023000000001446e-05
h,1.0,2.06193171,1.00563805,0.999204527,0.0064335229999999966
h,1.0,2.08296048,1.00488096,1.01010017,-0.005219210000000141
h,1.0,2.10383017,0.997492006,1.00418909,-0.006697083999999909
h,1.0,2.12494312,1.00143767,0.999086668,0.0023510020000000464
h,1.0,2.14618475,1.00233894,0.997712769,0.004626170999999957
h,1.0,2.16679298,0.997856413,0.999287038,-0.0014306249999999077
h,1.0,2.18753482,0.996777843,0.99255284,0.0042250030000000605
h,1.0,2.20847027,0.993034137,0.990290145,0.002743991999999973
h,1.0,2.22955181,0.999121702,0.994186994,0.004934707999999954
h,1.0,2.25078374,0.9929117,0.988688488,0.004223211999999976
h,1.0,2.27150159,0.994604403,0.984578647,0.010025755999999997
h,1.0,2.29205574,0.986423607,0.992312843,-0.00588923600000002
h,1.0,2.31294326,0.986634357,0.986307548,0.000326809000000039
h,1.0,2.3340363,0.985737175,0.984737173,0.0010000020000000553
h,1.0,2.35514399,0.983400919,0.98549115,-0.0020902309999999424
h,1.0,2.37607726,0.982193264,0.98388193,-0.0016886660000000608
h,1.0,2.39730341,0.98395059,0.981951299,0.0019992909999999586
h,1.0,2.41857203,0.981606091,0.980072364,0.0015337269999999847
h,1.0,2.43911056,0.982610452,0.980716891,0.0018935609999999325
h,1.0,2.45988005,0.982731748,0.978054412,0.004677335999999976
h,1.0,2.48094151,0.98371865,0.975787519,0.00793113099999998
h,1.0,2.50196601,0.980574382,0.981231664,-0.0006572819999999258
h,1.0,2.52300496,0.97928448,0.977045322,0.0022391579999999633
h,1.0,2.54340089,0.974396248,0.974418753,-2.2505000000005992e-05
h,1.0,2.56415297,0.975320705,0.978225986,-0.002905280999999982
h,1.0,2.58575836,0.975399638,0.97906207,-0.0036624320000000488
h,1.0,2.60684428,0.974907259,0.973779784,0.001127474999999989
h,1.0,2.62775949,0.976413235,0.974294365,0.002118869999999995
h,1.0,2.64834355,0.972577576,0.974269699,-0.0016921229999999898
h,1.0,2.66912062,0.977109644,0.973114658,0.003994986000000034
h,1.0,2.69039946,0.972094478,0.975168139,-0.00307366099999995
h,1.0,2.71121518,0.973645139,0.974263123,-0.0006179839999999048
h,1.0,2.7321837,0.973951843,0.974638599,-0.0006867560000000106
h,1.0,2.75306239,0.972331314,0.973366732,-0.0010354180000000657
h,1.0,2.77427049,0.971562579,0.97356983,-0.0020072509999999877
h,1.0,2.79557932,0.974638984,0.973013195,0.0016257889999999886
h,1.0,2.8160646,0.973612153,0.974862805,-0.0012506519999999632
h,1.0,2.83689478,0.974480911,0.970465342,0.004015568999999997
h,1.0,2.85801727,0.971427874,0.97286051,-0.0014326359999999871
h,1.0,2.87906973,0.974131752,0.973862768,0.00026898399999997213
h,1.0,2.89996898,0.976772719,0.973316101,0.003456617999999967
h,1.0,2.92062944,0.97591302,0.973790865,0.0021221550000000144
h,1.0,2.941605,0.97585179,0.972257478,0.003594312000000044
h,1.0,2.96267076,0.977191366,0.976709301,0.0004820650000000315
h,1.0,2.98347442,0.974956904,0.971666117,0.0032907869999999617
h,1.0,3.00437656,0.975183084,0.976838406,-0.0016553220000000701
h,1.0,3.02542142,0.975257664,0.980632482,-0.005374817999999948
h,1.0,3.04658726,0.974293454,0.975972465,-0.001679011000000008
h,1.0,3.06768101,0.975011726,0.975785718,-0.0007739920000000566
h,1.0,3.088328,0.977339992,0.97562529,0.0017147020000000124
h,1.0,3.10931167,0.975789741,0.97554743,0.00024231100000005057
h,1.0,3.1305457,0.978423548,0.97900272,-0.0005791720000000167
h,1.0,3.15150209,0.979296311,0.978290042,0.001006269000000004
h,1.0,3.17219014,0.974882335,0.978166102,-0.003283766999999993
h,1.0,3.19299024,0.975874406,0.979415708,-0.003541302000000024
h,1.0,3.21390436,0.981303613,0.977596205,0.003707408000000023
h,1.0,3.23506564,0.978209867,0.978654448,-0.00044458099999999945
h,1.0,3.25605387,0.977940144,0.978287445,-0.00034730100000002206
h,1.0,3.27685776,0.977058556,0.976392962,0.0006655939999999916
h,1.0,3.29794723,0.980335543,0.98185299,-0.001517447000000005
h,1.0,3.31884778,0.977365677,0.978651673,-0.0012859960000000115
h,1.0,3.33944269,0.980551995,0.98050694,4.505499999996054e-05
h,1.0,3.36030612,0.975835573,0.97964902,-0.00381344699999997
h,1.0,3.38171654,0.976367283,0.980131185,-0.0037639019999999856
h,1.0,3.40297495,0.981372301,0.981433113,-6.0812000000076694e-05
h,1.0,3.42370792,0.981008727,0.979865578,0.00114314900000001
h,1.0,3.44440875,0.982252097,0.976000852,0.006251245000000072
h,1.0,3.465315,0.980179369,0.981816204,-0.0016368350000000031
h,1.0,3.4865867,0.980037947,0.980701098,-0.0006631510000000285
h,1.0,3.50751221,0.978303152,0.984408661,-0.0061055090000000645
h,1.0,3.52796741,0.979923435,0.982189045,-0.002265610000000029
h,1.0,3.5488788,0.983166494,0.983871436,-0.0007049420000000417
h,1.0,3.57014151,0.984934509,0.982896261,0.0020382479999999648
h,1.0,3.59120365,0.983393476,0.984404506,-0.0010110299999999128
h,1.0,3.61190928,0.98197035,0.982701561,-0.0007312109999999539
h,1.0,3.63300558,0.98189267,0.979662423,0.002230247000000074
h,1.0,3.6541422,0.982053332,0.98420169,-0.002148358000000017
h,1.0,3.67500902,0.979484289,0.983999728,-0.0045154390000000655
h,1.0,3.69581564,0.985894944,0.983055248,0.0028396960000000027
h,1.0,3.71644729,0.984392219,0.986061425,-0.0016692060000000897
h,1.0,3.73749774,0.986528005,0.982354511,0.004173494
h,1.0,3.75868086,0.983705733,0.988007503,-0.0043017699999999826
h,1.0,3.77950549,0.986456367,0.986491237,-3.487000000002016e-05
h,1.0,3.80027286,0.987453729,0.984707574,0.0027461549999999724
h,1.0,3.82143123,0.988113616,0.986972295,0.001141320999999973
h,1.0,3.84280481,0.987306634,0.985156322,0.002150311999999932
h,1.0,3.86349282,0.988810486,0.989789888,-0.000979402000000018
h,1.0,3.88417456,0.984116989,0.984303618,-0.00018662899999999372
h,1.0,3.90535419,0.984065788,0.989633013,-0.0055672249999999535
h,1.0,3.9264697,0.988195466,0.986500967,0.0016944989999999605
h,1.0,3.94738681,0.988234507,0.988613957,-0.0003794499999999479
h,1.0,3.96810309,0.989171517,0.993137875,-0.003966358000000003
h,1.0,3.98888694,0.990256675,0.991632156,-0.0013754809999999562
h,1.0,4.00993371,0.991023106,0.991165241,-0.0001421350000000432
h,1.0,4.03080983,0.989358331,0.987269313,0.0020890180000000536
h,1.0,4.05178039,0.990284903,0.992605215,-0.0023203119999999355
h,1.0,4.07276799,0.990548997,0.990794626,-0.00024562900000002497
h,1.0,4.09368684,0.991981947,0.990791888,0.001190059000000021
h,1.0,4.11485609,0.99272668,0.995609413,-0.0028827330000000817
h,1.0,4.13583188,0.992754647,0.991740813,0.0010138339999999912
h,1.0,4.15670688,0.991762281,0.993034938,-0.0012726570000000104
h,1.0,4.17758774,0.996461556,0.994693743,0.0017678129999999515
h,1.0,4.19867141,0.994242071,0.992343274,0.001898796999999952
h,1.0,4.21961517,0.997040063,0.991063237,0.005976826000000046
h,1.0,4.24013393,0.996400976,0.993326137,0.0030748389999999404
h,1.0,4.26119077,0.997516387,0.995257134,0.002259252999999961
h,1.0,4.28239268,0.992177801,0.992661184,-0.0004833830000000594
h,1.0,4.30342826,0.995124145,0.997416699,-0.0022925539999999467
h,1.0,4.32431592,0.995340922,0.996605923,-0.0012650009999999323
h,1.0,4.34508479,0.996521757,0.994944196,0.0015775610000000606
h,1.0,4.36604259,0.996231633,0.99732057,-0.001088937000000012
h,1.0,4.38708086,0.996733846,0.997045043,-0.0003111969999999298
h,1.0,4.40778797,0.994990757,1.00326104,-0.00827028299999999
h,1.0,4.4288526,1.00030351,1.00016814,0.00013536999999996802
h,1.0,4.44994967,0.99653183,0.999780008,-0.0032481779999999905
h,1.0,4.47085438,0.997873487,0.998746897,-0.0008734099999999634
h,1.0,4.49188801,1.00103421,0.997379834,0.0036543760000000702
h,1.0,4.51250216,1.0010895,0.99662362,0.004465879999999922
h,1.0,4.5334461,0.993936596,0.998584626,-0.004648030000000025
h,1.0,4.55463591,0.997895202,1.00279256,-0.004897358000000018
h,1.0,4.57547609,1.00005061,1.00185048,-0.0017998700000001477
h,1.0,4.59643311,0.999447598,1.00268541,-0.003237811999999951
h,1.0,4.61732903,1.00273707,1.00179918,0.0009378900000001078
h,1.0,4.63833098,1.00153829,1.00175868,-0.00022038999999995923
h,1.0,4.65949324,0.999138442,1.00100486,-0.0018664180000000918
h,1.0,4.68039693,1.00088921,1.00112011,-0.00023090000000003386
h,1.0,4.70136745,1.00275347,1.00483472,-0.0020812500000000345
h,1.0,4.72221533,1.00335905,1.00438094,-0.0010218900000000808
h,1.0,4.74309374,1.00255871,1.00229171,0.0002670000000000172
h,1.0,4.76390784,1.00477508,1.00599851,-0.0012234300000000253
h,1.0,4.78491795,1.00361682,1.00247423,0.0011425899999999434
h,1.0,4.80636204,1.00430474,1.00176865,0.002536089999999991
h,1.0,4.82728449,1.00245117,1.00225034,0.0002008300000000407
h,1.0,4.84785524,1.00354151,1.00694195,-0.00340044000000006
h,1.0,4.86859731,1.00604752,1.00493597,0.0011115500000000722
h,1.0,4.88954319,1.00209782,1.00694086,-0.004843040000000132
h,1.0,4.91078695,1.00445528,1.00250474,0.001950539999999945
h,1.0,4.93172016,1.00441921,1.00147242,0.002946789999999977
h,1.0,4.95244063,1.00552964,1.00497183,0.0005578100000001029
h,1.0,4.97348932,1.00392863,1.0020091,0.0019195300000001136
h,1.0,4.994309,1.00510668,1.0042649,0.0008417800000000142
h,1.0,5.01515697,1.00610815,1.0055846,0.0005235500000000393
h,1.0,5.03598003,1.00255107,1.00881867,-0.006267599999999929
h,1.0,5.05703237,1.00637203,1.00687978,-0.000507749999999918
h,1.0,5.07840332,1.00488723,1.00742387,-0.002536639999999979
h,1.0,5.09943841,1.00616756,1.00340316,0.0027644
h,1.0,5.12032938,1.00564435,1.00404976,0.0015945900000000623
h,1.0,5.14107614,1.00645645,1.00668951,-0.00023306000000000715
h,1.0,5.16214077,1.00442231,1.00389702,0.0005252900000001226
h,1.0,5.18341099,1.00490575,1.00686111,-0.0019553599999999616
h,1.0,5.2041075,1.00842822,1.00580202,0.002626200000000134
h,1.0,5.22477891,1.00666717,1.00457447,0.0020926999999999474
h,1.0,5.24557967,1.00627948,1.00577657,0.000502909999999801
h,1.0,5.26649236,1.0079269,1.00411653,0.003810370000000063
h,1.0,5.28753131,1.00859855,1.00429991,0.00429864000000002
h,1.0,5.30847064,1.00843103,1.00777009,0.0006609399999999432
h,1.0,5.32946745,1.00718501,1.0098794,-0.0026943900000000465
h,1.0,5.3506922,1.00799636,1.00456997,0.0034263900000000014
h,1.0,5.37158853,1.00886942,1.00590341,0.0029660099999999634
h,1.0,5.39231925,1.00782191,1.00874519,-0.0009232799999998598
h,1.0,5.41333352,1.00767215,1.00658847,0.0010836800000000313
h,1.0,5.43434316,1.00494657,1.00841883,-0.003472260000000116
h,1.0,5.45530659,1.00964495,1.00697459,0.0026703599999999827
h,1.0,5.47618498,1.0095707,1.00945279,0.00011790999999994334
h,1.0,5.49715755,1.00672471,1.0080608,-0.001336089999999901
h,1.0,5.51801586,1.00532091,1.00761053,-0.0022896199999999922
h,1.0,5.53881995,1.00725025,1.00743403,-0.00018377999999996675
h,1.0,5.55992514,1.00632251,1.00833935,-0.0020168400000000197
h,1.0,5.58098545,1.00646158,1.00872637,-0.0022647899999999055
h,1.0,5.60183772,1.00772294,1.00899011,-0.0012671699999999841
h,1.0,5.62277584,1.00838762,1.00781495,0.0005726699999999418
h,1.0,5.64379172,1.007945,1.00964313,-0.0016981299999998534
h,1.0,5.66460817,1.00600493,1.00685525,-0.000850320000000071
h,1.0,5.68556022,1.00841641,1.0106063,-0.0021898900000001387
h,1.0,5.7067909,1.00417028,1.00624862,-0.0020783399999999563
h,1.0,5.72769317,1.00902341,1.00629517,0.0027282399999999374
h,1.0,5.74840017,1.00505929,1.0101575,-0.005098210000000103
h,1.0,5.76938192,1.00902456,1.0073392,0.001685359999999969
h,1.0,5.79039764,1.00731032,1.0050393,0.0022710200000000125
h,1.0,5.81144039,1.01032579,1.00825671,0.0020690800000000564
h,1.0,5.83232115,1.00760467,1.01007974,-0.0024750699999998016
h,1.0,5.85320209,1.01020518,1.0092275,0.0009776800000000918
h,1.0,5.87418919,1.00878179,1.00673982,0.0020419700000000596
h,1.0,5.89509625,1.00584603,1.00727291,-0.0014268799999999082
h,1.0,5.9159726,1.01053021,1.00938935,0.0011408600000000213
h,1.0,5.93682663,1.00818893,1.00840881,-0.00021987999999995012
h,1.0,5.95791772,1.01094196,1.00903986,0.0019021000000001287
h,1.0,5.97900675,1.00689189,1.00720054,-0.0003086500000000214
h,1.0,5.99978945,1.00760461,1.00805013,-0.00044551999999997705
h,1.0,6.02063577,1.00728433,1.00657723,0.0007071000000000716
h,1.0,6.04156421,1.00816148,1.00737624,0.0007852400000001314
h,1.0,6.06259364,1.00793386,1.00870808,-0.0007742199999998256
h,1.0,6.08377541,1.0085791,1.00738433,0.0011947699999999006
h,1.0,6.10447051,1.00555455,1.01148122,-0.005926670000000023
h,1.0,6.12538157,1.00824009,1.00594302,0.002297070000000012
h,1.0,6.14660689,1.00562697,1.0051589,0.0004680699999999316
h,1.0,6.16752321,1.0084632,1.00653712,0.0019260800000000522
h,1.0,6.18833806,1.00713707,1.00743842,-0.000301349999999978
h,1.0,6.20938667,1.00563488,1.00840858,-0.002773700000000101
h,1.0,6.23052184,1.01006172,1.00481904,0.005242679999999833
h,1.0,6.25137137,1.00802878,1.00492819,0.0031005900000000697
h,1.0,6.27204484,1.00477704,1.00726062,-0.0024835800000000408
h,1.0,6.29290789,1.01035581,1.00785308,0.0025027300000000086
h,1.0,6.31382104,1.00771976,1.00591811,0.001801649999999988
h,1.0,6.33495691,1.00468968,1.004945,-0.0002553199999999478
h,1.0,6.35600914,1.00751966,1.00729128,0.000228380000000028
h,1.0,6.37663869,1.00392696,1.00344341,0.00048354999999999926
h,1.0,6.39770954,1.0046389,1.00496864,-0.0003297399999999673
h,1.0,6.41872759,1.00681081,1.00307757,0.00373323999999986
h,1.0,6.43951457,1.00660091,1.00628355,0.00031735999999993325
h,1.0,6.46033562,1.00371316,1.00383343,-0.0001202700000000334
h,1.0,6.4814564,1.00512946,1.00318189,0.0019475700000000096
h,1.0,6.50265681,1.0043492,1.00579955,-0.0014503500000000447
h,1.0,6.52350383,1.00419775,1.00645685,-0.0022591000000000694
h,1.0,6.54427866,1.00541809,1.00422569,0.0011924000000000934
h,1.0,6.56515568,1.00529272,1.00321837,0.0020743500000000026
h,1.0,6.58628576,1.00243443,1.00481037,-0.0023759399999998543
h,1.0,6.60749316,1.00472625,1.00573873,-0.0010124799999999823
h,1.0,6.62830625,1.00320677,1.00417653,-0.0009697600000000417
h,1.0,6.64913567,1.00608167,1.00257044,0.0035112299999999763
h,1.0,6.67020149,1.00127588,1.00395152,-0.00267564000000009
h,1.0,6.69106898,1.0048742,1.00578492,-0.0009107200000000315
h,1.0,6.71185955,1.0037163,1.00376849,-5.2189999999896486e-05
h,1.0,6.73264651,1.0046047,1.00196274,0.0026419600000000543
h,1.0,6.7537045,1.00351084,1.00223926,0.0012715799999998278
h,1.0,6.77487174,1.00515018,1.00053722,0.004612959999999999
h,1.0,6.79557562,1.00428812,1.0030374,0.0012507200000000385
h,1.0,6.81648781,1.00210163,1.00206424,3.7390000000137036e-05
h,1.0,6.83753747,1.00304706,1.00408472,-0.0010376599999999403
h,1.0,6.85867557,1.0007017,1.00329315,-0.0025914499999999396
h,1.0,6.87985316,1.0040272,1.00238637,0.0016408299999999265
h,1.0,6.90065786,1.00212292,1.00232594,-0.0002030200000000537
h,1.0,6.92153112,1.00188403,1.00245732,-0.0005732899999999486
h,1.0,6.94229803,1.00185194,1.00362683,-0.0017748899999998624
h,1.0,6.9630016,1.00107588,1.00188103,-0.0008051500000001433
h,1.0,6.98416877,1.00054534,1.00325069,-0.0027053500000000508
h,1.0,7.0052781,1.00052093,1.00187673,-0.001355800000000018
h,1.0,7.02617612,1.00168685,1.00184513,-0.00015827999999995512
h,1.0,7.04699526,1.00285429,1.00317414,-0.0003198500000001214
h,1.0,7.06761685,1.00104011,1.00162018,-0.0005800700000000436
h,1.0,7.08873369,1.00138297,1.00134215,4.08200000001635e-05
h,1.0,7.10994937,1.00135996,1.00152814,-0.00016817999999996225
h,1.0,7.13102893,1.00144515,1.00144188,3.2699999998886398e-06
h,1.0,7.15201412,1.00260257,1.00161297,0.000989600000000035
h,1.0,7.17271336,1.00171913,1.00021814,0.0015009899999998133
h,1.0,7.19374266,1.00027703,0.999560918,0.00071611199999988
h,1.0,7.21473042,1.00147367,0.999991832,0.001481838000000013
h,1.0,7.23564263,1.00088573,1.00065703,0.00022870000000008162
h,1.0,7.25666289,0.999378664,1.00022936,-0.0008506960000000952
h,1.0,7.27757645,1.00168603,1.00001347,0.001672559999999823
h,1.0,7.2984411,0.999900985,1.00245246,-0.0025514749999999697
h,1.0,7.31917384,1.0005176,0.999171605,0.0013459949999999887
h,1.0,7.34001688,0.997874143,0.997373934,0.0005002090000000292
h,1.0,7.3611683,0.998653247,0.997818199,0.0008350480000000049
h,1.0,7.38224284,1.00041412,0.997213692,0.0032004280000000884
h,1.0,7.40324015,1.00091277,0.998285721,0.0026270489999999924
h,1.0,7.42408854,1.00054522,0.999814668,0.0007305520000000509
h,1.0,7.44500634,0.998503785,0.999783462,-0.001279676999999979
h,1.0,7.46595959,0.999148171,0.99688209,0.00226608099999992
h,1.0,7.48696308,0.998664648,0.999771663,-0.001107014999999989
h,1.0,7.5079936,0.999764535,0.997848669,0.0019158659999999328
h,1.0,7.52871967,0.99893293,0.997060032,0.0018728980000000117
h,1.0,7.54966921,1.00017912,0.999490257,0.0006888630000000395
h,1.0,7.57064902,0.999142166,0.998865509,0.0002766570000000135
h,1.0,7.59151428,0.996834071,0.99803471,-0.0012006390000000033
h,1.0,7.6123809,0.997840349,0.999077909,-0.001237560000000082
h,1.0,7.63338324,0.999796888,0.997877673,0.0019192150000000296
h,1.0,7.65450532,0.999260702,0.999780122,-0.0005194200000000482
h,1.0,7.67556944,0.998697724,0.99965017,-0.0009524459999999957
h,1.0,7.69637751,0.997889184,0.994342689,0.0035464950000000384
h,1.0,7.71727216,0.998241612,0.997874938,0.00036667399999990025
h,1.0,7.73835725,0.996839699,0.99965435,-0.0028146510000000013
h,1.0,7.75934923,0.997658431,0.997446085,0.0002123459999999744
h,1.0,7.78023116,0.997106166,0.995207784,0.0018983820000000318
h,1.0,7.80098697,0.997885928,0.996058805,0.001827122999999986
h,1.0,7.82190677,0.999271014,0.997399668,0.0018713459999999404
h,1.0,7.84304931,0.999279344,0.996282296,0.002997048000000002
h,1.0,7.86405132,1.00013868,0.999287149,0.0008515310000000165
h,1.0,7.88484553,0.998213206,1.00052902,-0.002315814000000138
h,1.0,7.90574885,0.997530895,0.998711926,-0.001181030999999999
h,1.0,7.9267531,0.998579196,0.996226164,0.0023530320000000327
h,1.0,7.94765228,0.996313431,0.998615594,-0.002302162999999968
h,1.0,7.96842304,0.997779593,0.997651405,0.00012818799999991803
h,1.0,7.98938616,0.995811534,0.998033156,-0.0022216219999999787
h,1.0,8.01050815,0.99665667,0.997298625,-0.0006419549999999719
h,1.0,8.03153334,0.996646665,0.997912855,-0.0012661900000000559
h,1.0,8.05240251,0.99800085,0.994739839,0.0032610110000000914
h,1.0,8.07332696,0.999238335,0.997432447,0.0018058880000000332
h,1.0,8.09438514,0.99720046,0.996426222,0.0007742379999999827
h,1.0,8.11529588,0.994858711,0.99711483,-0.002256119000000001
h,1.0,8.13618411,0.997295806,0.997160922,0.0001348840000000573
h,1.0,8.15717855,0.998236772,0.998281022,-4.4249999999967926e-05
h,1.0,8.17807847,0.996732981,0.995078551,0.0016544299999999845
h,1.0,8.19905269,0.999674622,0.995814734,0.0038598880000000335
h,1.0,8.21991085,0.996223311,1.00014775,-0.003924439000000057
h,1.0,8.24078529,0.996997595,0.998453197,-0.0014556020000000558
h,1.0,8.26195652,0.995814723,0.995683946,0.00013077699999997083
h,1.0,8.28293039,0.99747847,0.996130727,0.0013477429999999568
h,1.0,8.30373423,0.996299613,0.997087905,-0.0007882919999999682
h,1.0,8.32452583,0.995745363,0.99681761,-0.0010722469999999706
h,1.0,8.34556221,0.99475344,0.995704705,-0.0009512649999999789
h,1.0,8.36671927,0.996695969,0.997624389,-0.0009284199999999299
h,1.0,8.38757523,0.995773633,0.996361873,-0.0005882400000000176
h,1.0,8.40855808,0.996418143,0.997826723,-0.0014085799999999926
h,1.0,8.42953585,0.997246608,0.994216836,0.003029771999999986
h,1.0,8.45042977,0.997413365,0.994880921,0.002532443999999967
h,1.0,8.47138662,0.995617755,0.997933509,-0.0023157539999999477
h,1.0,8.49217243,0.99535686,0.995870219,-0.0005133589999999355
h,1.0,8.51321806,0.996173082,0.9949016,0.001271481999999935
h,1.0,8.53421183,0.996270138,0.997516649,-0.0012465110000000612
h,1.0,8.55508292,0.994478255,0.995580394,-0.001102139000000002
h,1.0,8.57598662,0.996197694,0.997001245,-0.0008035509999999579
h,1.0,8.59679232,0.99574606,0.99616542,-0.00041935999999997975
h,1.0,8.61783107,0.995443386,0.997894816,-0.002451429999999921
h,1.0,8.63891768,0.998635188,0.995847857,0.0027873309999999485
h,1.0,8.65972861,0.995517906,0.996591262,-0.0010733560000000253
h,1.0,8.68059853,0.995280145,0.996530561,-0.0012504160000000875
h,1.0,8.70174168,0.994412828,0.996188244,-0.0017754159999999741
h,1.0,8.72279566,0.996182853,0.994553502,0.0016293509999999456
h,1.0,8.74359241,0.997328753,0.996601709,0.00072704400000001
h,1.0,8.76424415,0.99732314,0.996056359,0.0012667809999999946
h,1.0,8.78526729,0.996474705,0.994104364,0.002370340999999998
h,1.0,8.80637189,0.99804405,0.995409257,0.002634792999999913
h,1.0,8.82736896,0.996771621,0.993240883,0.0035307380000000332
h,1.0,8.84843212,0.996323903,0.998589328,-0.002265425000000043
h,1.0,8.86933197,0.993993875,0.995564845,-0.0015709699999999494
h,1.0,8.89026857,0.996229375,0.995198775,0.0010305999999999926
h,1.0,8.91123702,0.99724634,0.995589575,0.0016567650000000045
h,1.0,8.93214776,0.997170386,0.996342113,0.0008282729999999905
h,1.0,8.95312097,0.998594517,0.995909455,0.0026850619999999603
h,1.0,8.9741304,0.996361173,0.996070972,0.00029020099999998994
h,1.0,8.99505705,0.997031173,0.997233603,-0.00020242999999997568
h,1.0,9.01571368,0.997068688,0.994149719,0.0029189689999999935
h,1.0,9.03640927,0.996327238,0.996879621,-0.0005523830000000451
h,1.0,9.05755121,0.997054487,0.993899831,0.003154655999999978
h,1.0,9.07868023,0.996008594,0.99611431,-0.00010571599999997794
h,1.0,9.09969513,0.995017756,0.996238948,-0.0012211920000000376
h,1.0,9.1205658,0.995006071,0.998046293,-0.0030402219999999813
h,1.0,9.14137844,0.998044018,0.995791305,0.0022527129999999618
h,1.0,9.16237082,0.997650407,0.997835973,-0.0001855660000000814
h,1.0,9.18339441,0.995854524,0.996097097,-0.0002425730000000792
h,1.0,9.20447395,0.998421413,0.995706918,0.0027144949999999834
h,1.0,9.22549281,0.997270298,0.99629608,0.0009742179999999712
h,1.0,9.2463962,0.997836875,0.997307852,0.0005290229999999063
h,1.0,9.26722673,0.99576048,0.997977074,-0.0022165940000000717
h,1.0,9.28791689,0.994465511,0.995803749,-0.0013382379999999916
h,1.0,9.30892724,0.996547608,0.994899772,0.0016478359999999581
h,1.0,9.33003065,0.995653244,0.997181385,-0.0015281409999999829
h,1.0,9.35102864,0.997041768,0.997096653,-5.4885000000060025e-05
h,1.0,9.37196601,0.996056803,0.995818772,0.0002380309999999719
h,1.0,9.39258783,0.998116322,0.994640338,0.003475984000000043
h,1.0,9.41349621,0.997123608,0.996801044,0.00032256399999996965
h,1.0,9.4347927,0.996491512,0.99588529,0.0006062219999999341
h,1.0,9.45587737,0.996625671,0.998045334,-0.00141966299999996
h,1.0,9.47676866,0.998993262,0.996800742,0.002192520000000031
h,1.0,9.49762777,0.997918941,0.996032142,0.0018867989999999946
h,1.0,9.51852362,0.997814943,0.996131693,0.001683249999999914
h,1.0,9.53939795,0.997752154,0.996500515,0.0012516389999999156
h,1.0,9.56035551,0.997151078,0.996795254,0.0003558240000000046
h,1.0,9.58149741,0.997954477,0.996429002,0.0015254749999999984
h,1.0,9.60249587,0.998000044,0.997707856,0.000292187999999971
h,1.0,9.62336478,0.998299064,1.00028331,-0.001984245999999912
h,1.0,9.64415055,0.997138758,0.997449113,-0.0003103550000000954
h,1.0,9.66502224,0.99726121,0.99886941,-0.0016081999999999486
h,1.0,9.68597433,0.998546802,0.998413911,0.00013289100000002385
h,1.0,9.7069728,1.00002903,0.997268962,0.00276006800000006
h,1.0,9.72797765,0.99662134,0.995935531,0.0006858090000000372
h,1.0,9.74896401,0.996649031,0.998924981,-0.0022759500000000266
h,1.0,9.76996217,0.998578783,0.998221171,0.00035761200000006266
h,1.0,9.79085678,0.997382168,0.996480388,0.0009017799999999632
h,1.0,9.81166698,0.998372117,0.996603586,0.001768530999999962
h,1.0,9.83262494,0.99750121,0.995293148,0.0022080620000000106
h,1.0,9.85372265,0.998637469,0.997444455,0.0011930140000000478
h,1.0,9.87472665,0.999142362,0.998890421,0.00025194099999992225
h,1.0,9.89559934,1.00101526,0.997789006,0.003226253999999984
h,1.0,9.91635289,0.997593323,0.995702549,0.0018907740000000395
h,1.0,9.93737645,0.998989407,0.998295278,0.0006941290000000988
h,1.0,9.95856995,0.997545927,0.997538434,7.493000000025063e-06
h,1.0,9.97940815,0.997982652,0.998489018,-0.0005063659999999803
h,1.0,10.000082,0.997611398,0.996974605,0.0006367929999999689
h,1.2,0.0252815853,0.00836236167,0.0005296485,0.00783271317
h,1.2,0.0486976344,0.00954614277,0.00202846552,0.00751767725
h,1.2,0.0692644017,0.0113142995,0.00402958427,0.00728471523
h,1.2,0.08877835,0.013655837,0.0065389667,0.0071168703000000005
h,1.2,0.111604297,0.0173460713,0.0103843786,0.006961692700000001
h,1.2,0.132731806,0.0214779287,0.014921314,0.0065566146999999995
h,1.2,0.153672181,0.027060864,0.0194036234,0.0076572406
h,1.2,0.175641863,0.0329621644,0.0254828463,0.0074793181
h,1.2,0.196615509,0.0391227309,0.0314882479,0.0076344829999999975
h,1.2,0.217326708,0.0458592621,0.0383529598,0.0075063022999999965
h,1.2,0.237538457,0.0532862431,0.0459423072,0.007343935900000001
h,1.2,0.258148683,0.0618673969,0.0544368764,0.007430520500000003
h,1.2,0.28040349,0.0717467239,0.0635472762,0.008199447700000001
h,1.2,0.301929084,0.0813473777,0.0723367336,0.009010644100000006
h,1.2,0.322287413,0.0916369323,0.0829809724,0.008655959899999996
h,1.2,0.342663331,0.103002667,0.0941899695,0.008812697500000008
h,1.2,0.363641289,0.113577951,0.106021932,0.007556018999999997
h,1.2,0.385602948,0.124782758,0.117278241,0.007504516999999988
h,1.2,0.406737165,0.138662895,0.131483427,0.007179467999999994
h,1.2,0.427001871,0.150518386,0.142672773,0.007845613000000001
h,1.2,0.448754416,0.165180086,0.158300225,0.006879861000000015
h,1.2,0.469601745,0.180074213,0.172040278,0.00803393500000002
h,1.2,0.489805379,0.193664887,0.187419918,0.006244969000000017
h,1.2,0.510302494,0.209032473,0.2006271,0.008405372999999994
h,1.2,0.53178319,0.223969273,0.216457362,0.00751191100000001
h,1.2,0.553922362,0.241329044,0.232047709,0.009281335000000002
h,1.2,0.574670041,0.260030323,0.251210747,0.008819575999999996
h,1.2,0.594645701,0.272121128,0.265355673,0.006765454999999976
h,1.2,0.615540037,0.290832814,0.284801103,0.006031710999999995
h,1.2,0.636554081,0.307334443,0.302452871,0.004881572000000001
h,1.2,0.658102417,0.328464541,0.320108264,0.008356277000000023
h,1.2,0.679189641,0.349689188,0.338444245,0.011244943000000007
h,1.2,0.700054044,0.367861758,0.359353412,0.008508346
h,1.2,0.721329826,0.384452731,0.380455977,0.003996753999999991
h,1.2,0.742033923,0.407366651,0.399618511,0.0077481400000000145
h,1.2,0.762614581,0.422532677,0.419798901,0.002733776000000021
h,1.2,0.783270495,0.444138134,0.437610291,0.006527843000000033
h,1.2,0.804783918,0.466192953,0.459703853,0.006489100000000025
h,1.2,0.826095906,0.485075861,0.482354341,0.0027215199999999773
h,1.2,0.846303977,0.505275505,0.499617637,0.005657867999999955
h,1.2,0.867174819,0.5276418,0.518490406,0.00915139400000009
h,1.2,0.888413258,0.545265593,0.541022903,0.004242689999999993
h,1.2,0.909910564,0.567011289,0.561491592,0.00551969699999999
h,1.2,0.931134698,0.588256042,0.586218541,0.002037500999999997
h,1.2,0.951563161,0.613365275,0.606590782,0.0067744929999999925
h,1.2,0.972160451,0.626244928,0.625735422,0.0005095059999999929
h,1.2,0.993008165,0.64817767,0.644892025,0.003285645000000059
h,1.2,1.0140906,0.671608219,0.66615613,0.005452089000000049
h,1.2,1.03500338,0.683198917,0.689241667,-0.006042749999999986
h,1.2,1.05657413,0.705666533,0.706704115,-0.0010375819999999258
h,1.2,1.07789814,0.731102899,0.721436711,0.009666188000000075
h,1.2,1.09835045,0.749020561,0.745261491,0.0037590699999999755
h,1.2,1.11903902,0.764650647,0.761872003,0.0027786439999999413
h,1.2,1.1396405,0.779809615,0.776979785,0.002829830000000033
h,1.2,1.16109193,0.7956883,0.795685854,2.44599999998929e-06
h,1.2,1.18227503,0.821170925,0.817980839,0.0031900860000000364
h,1.2,1.2030555,0.825564856,0.828407308,-0.0028424519999999953
h,1.2,1.22375183,0.846246442,0.840832659,0.00541378299999995
h,1.2,1.24453484,0.86311212,0.859099252,0.004012868000000003
h,1.2,1.26570671,0.87102876,0.8748603,-0.0038315400000000777
h,1.2,1.28693994,0.887458879,0.884730141,0.002728737999999953
h,1.2,1.30807124,0.900701589,0.89685115,0.0038504389999999278
h,1.2,1.32889646,0.912001539,0.909901331,0.0021002079999999923
h,1.2,1.34945121,0.922168897,0.923210617,-0.0010417199999999127
h,1.2,1.37055188,0.935097087,0.930227713,0.004869374000000093
h,1.2,1.39148285,0.934293321,0.941607373,-0.007314052000000015
h,1.2,1.41220445,0.945586293,0.951544008,-0.005957715000000086
h,1.2,1.43352474,0.959629597,0.954327185,0.005302411999999923
h,1.2,1.45454751,0.964718176,0.966984155,-0.002265979000000029
h,1.2,1.47511055,0.96855154,0.972907667,-0.004356126999999987
h,1.2,1.49566583,0.98066265,0.97622174,0.00444091000000002
h,1.2,1.51690776,0.981108509,0.983974829,-0.0028663199999999778
h,1.2,1.53826425,0.982906461,0.990194725,-0.007288264000000044
h,1.2,1.55931449,0.991551038,0.997875182,-0.0063241440000000315
h,1.2,1.58012172,0.989124777,1.00158286,-0.012458083000000064
h,1.2,1.60114355,0.996937582,1.00354156,-0.006603977999999899
h,1.2,1.62229155,1.00540278,1.0082549,-0.0028521200000000135
h,1.2,1.64295947,1.00587996,1.00741853,-0.0015385700000001279
h,1.2,1.66366432,1.00670802,1.00988325,-0.0031752299999998623
h,1.2,1.68478217,1.00812256,1.01781041,-0.009687850000000164
h,1.2,1.7057485,1.01190817,1.01736677,-0.005458599999999869
h,1.2,1.72683745,1.01172685,1.01450635,-0.002779499999999935
h,1.2,1.74765849,1.01016558,1.01112157,-0.0009559900000000177
h,1.2,1.76847487,1.01262407,1.0120598,0.0005642699999999223
h,1.2,1.78961871,1.01067655,1.01283158,-0.0021550300000001688
h,1.2,1.81086098,1.01569209,1.0172675,-0.0015754100000000548
h,1.2,1.83179094,1.01466295,1.0123527,0.002310249999999847
h,1.2,1.8521746,1.01303275,1.01516945,-0.0021366999999998804
h,1.2,1.8733654,1.02070091,1.01225587,0.008445040000000015
h,1.2,1.89455538,1.00708384,1.01210881,-0.0050249700000000175
h,1.2,1.91534795,1.00795297,1.01369789,-0.005744919999999931
h,1.2,1.93623233,1.01524778,1.0119532,0.003294579999999936
h,1.2,1.9571481,1.01146282,1.00762544,0.0038373800000000013
h,1.2,1.97825109,1.00927704,1.01233899,-0.00306194999999998
h,1.2,1.99905898,1.00873139,1.00281053,0.005920859999999806
h,1.2,2.01966715,1.00577973,1.00696446,-0.0011847300000000782
h,1.2,2.04082415,1.00707585,1.00355987,0.003515980000000196
h,1.2,2.06193171,1.00536525,0.999204527,0.006160723000000146
h,1.2,2.08296048,1.00373007,1.01010017,-0.006370100000000045
h,1.2,2.10383017,0.999023797,1.00418909,-0.005165292999999904
h,1.2,2.12494312,0.998698068,0.999086668,-0.0003885999999999612
h,1.2,2.14618475,0.995927765,0.997712769,-0.0017850040000000345
h,1.2,2.16679298,0.99741912,0.999287038,-0.0018679179999999684
h,1.2,2.18753482,0.991970354,0.99255284,-0.0005824859999999932
h,1.2,2.20847027,0.989827209,0.990290145,-0.0004629360000000249
h,1.2,2.22955181,0.989444957,0.994186994,-0.004742036999999977
h,1.2,2.25078374,0.992268138,0.988688488,0.0035796500000000453
h,1.2,2.27150159,0.990640287,0.984578647,0.006061639999999979
h,1.2,2.29205574,0.984588125,0.992312843,-0.007724717999999964
h,1.2,2.31294326,0.987915024,0.986307548,0.0016074759999999966
h,1.2,2.3340363,0.987549925,0.984737173,0.002812752000000085
h,1.2,2.35514399,0.988043055,0.98549115,0.002551905000000021
h,1.2,2.37607726,0.981350584,0.98388193,-0.0025313460000000454
h,1.2,2.39730341,0.979798386,0.981951299,-0.0021529129999999785
h,1.2,2.41857203,0.983927209,0.980072364,0.0038548449999999956
h,1.2,2.43911056,0.982981875,0.980716891,0.00226498399999997
h,1.2,2.45988005,0.982172678,0.978054412,0.0041182659999999816
h,1.2,2.48094151,0.975760545,0.975787519,-2.6974000000068443e-05
h,1.2,2.50196601,0.977346159,0.981231664,-0.003885504999999956
h,1.2,2.52300496,0.980034677,0.977045322,0.0029893549999999713
h,1.2,2.54340089,0.97686285,0.974418753,0.002444096999999923
h,1.2,2.56415297,0.9764316,0.978225986,-0.0017943860000000367
h,1.2,2.58575836,0.977377742,0.97906207,-0.0016843279999999572
h,1.2,2.60684428,0.977860439,0.973779784,0.004080654999999989
h,1.2,2.62775949,0.974326699,0.974294365,3.2334000000022733e-05
h,1.2,2.64834355,0.975089208,0.974269699,0.0008195089999999405
h,1.2,2.66912062,0.975324022,0.973114658,0.002209364000000047
h,1.2,2.69039946,0.9721599,0.975168139,-0.0030082390000000236
h,1.2,2.71121518,0.976222801,0.974263123,0.0019596780000000757
h,1.2,2.7321837,0.975238449,0.974638599,0.0005998499999999574
h,1.2,2.75306239,0.974699889,0.973366732,0.0013331570000000292
h,1.2,2.77427049,0.973562294,0.97356983,-7.535999999919163e-06
h,1.2,2.79557932,0.973601812,0.973013195,0.0005886169999999025
h,1.2,2.8160646,0.972445965,0.974862805,-0.0024168399999999757
h,1.2,2.83689478,0.972496212,0.970465342,0.002030870000000018
h,1.2,2.85801727,0.973558051,0.97286051,0.0006975410000000792
h,1.2,2.87906973,0.97040902,0.973862768,-0.0034537480000000897
h,1.2,2.89996898,0.97435887,0.973316101,0.001042768999999999
h,1.2,2.92062944,0.974557424,0.973790865,0.000766559
h,1.2,2.941605,0.975822371,0.972257478,0.003564893000000069
h,1.2,2.96267076,0.974013929,0.976709301,-0.002695372000000029
h,1.2,2.98347442,0.976989183,0.971666117,0.005323065999999987
h,1.2,3.00437656,0.973931051,0.976838406,-0.002907355000000056
h,1.2,3.02542142,0.975428706,0.980632482,-0.005203775999999993
h,1.2,3.04658726,0.974508115,0.975972465,-0.0014643500000000031
h,1.2,3.06768101,0.975487208,0.975785718,-0.0002985100000000296
h,1.2,3.088328,0.979321671,0.97562529,0.0036963810000000263
h,1.2,3.10931167,0.974978582,0.97554743,-0.0005688480000000107
h,1.2,3.1305457,0.978415276,0.97900272,-0.0005874439999999925
h,1.2,3.15150209,0.97584601,0.978290042,-0.002444031999999985
h,1.2,3.17219014,0.978102518,0.978166102,-6.35839999999499e-05
h,1.2,3.19299024,0.978216099,0.979415708,-0.0011996090000000459
h,1.2,3.21390436,0.975747852,0.977596205,-0.0018483529999999693
h,1.2,3.23506564,0.975799549,0.978654448,-0.002854899000000022
h,1.2,3.25605387,0.978972584,0.978287445,0.0006851390000000013
h,1.2,3.27685776,0.978613712,0.976392962,0.0022207499999999936
h,1.2,3.29794723,0.978035936,0.98185299,-0.0038170539999999864
h,1.2,3.31884778,0.979016487,0.978651673,0.0003648139999999911
h,1.2,3.33944269,0.982922697,0.98050694,0.002415756999999963
h,1.2,3.36030612,0.979892283,0.97964902,0.00024326299999999357
h,1.2,3.38171654,0.979150347,0.980131185,-0.0009808379999999284
h,1.2,3.40297495,0.983586032,0.981433113,0.002152919000000031
h,1.2,3.42370792,0.983875731,0.979865578,0.004010153000000072
h,1.2,3.44440875,0.980689019,0.976000852,0.004688167000000076
h,1.2,3.465315,0.978100331,0.981816204,-0.0037158729999999807
h,1.2,3.4865867,0.98246835,0.980701098,0.0017672519999999414
h,1.2,3.50751221,0.982304174,0.984408661,-0.0021044869999999882
h,1.2,3.52796741,0.983104395,0.982189045,0.0009153499999999815
h,1.2,3.5488788,0.98121991,0.983871436,-0.0026515260000000707
h,1.2,3.57014151,0.979093476,0.982896261,-0.0038027850000000862
h,1.2,3.59120365,0.981686071,0.984404506,-0.002718434999999908
h,1.2,3.61190928,0.980080884,0.982701561,-0.0026206769999999047
h,1.2,3.63300558,0.981710314,0.979662423,0.002047891000000024
h,1.2,3.6541422,0.985708193,0.98420169,0.0015065029999999924
h,1.2,3.67500902,0.982634003,0.983999728,-0.0013657249999999843
h,1.2,3.69581564,0.985261902,0.983055248,0.0022066539999999746
h,1.2,3.71644729,0.987024654,0.986061425,0.0009632289999998989
h,1.2,3.73749774,0.98588925,0.982354511,0.003534739000000009
h,1.2,3.75868086,0.987478723,0.988007503,-0.0005287800000000065
h,1.2,3.77950549,0.985852998,0.986491237,-0.0006382389999999294
h,1.2,3.80027286,0.984921444,0.984707574,0.0002138700000000604
h,1.2,3.82143123,0.984720983,0.986972295,-0.002251312000000061
h,1.2,3.84280481,0.990151063,0.985156322,0.004994740999999969
h,1.2,3.86349282,0.985391902,0.989789888,-0.004397985999999965
h,1.2,3.88417456,0.988123508,0.984303618,0.003819890000000048
h,1.2,3.90535419,0.98847565,0.989633013,-0.0011573629999999113
h,1.2,3.9264697,0.986716681,0.986500967,0.00021571399999997798
h,1.2,3.94738681,0.98573026,0.988613957,-0.0028836970000000184
h,1.2,3.96810309,0.987199178,0.993137875,-0.005938696999999937
h,1.2,3.98888694,0.988843742,0.991632156,-0.0027884139999999613
h,1.2,4.00993371,0.990859402,0.991165241,-0.00030583900000002995
h,1.2,4.03080983,0.991076044,0.987269313,0.003806731000000063
h,1.2,4.05178039,0.990060672,0.992605215,-0.0025445429999999547
h,1.2,4.07276799,0.994066465,0.990794626,0.003271838999999943
h,1.2,4.09368684,0.992130401,0.990791888,0.0013385130000000967
h,1.2,4.11485609,0.991485298,0.995609413,-0.004124115000000095
h,1.2,4.13583188,0.993465866,0.991740813,0.001725052999999921
h,1.2,4.15670688,0.993175837,0.993034938,0.00014089900000002764
h,1.2,4.17758774,0.989401229,0.994693743,-0.00529251399999997
h,1.2,4.19867141,0.9928902,0.992343274,0.0005469259999999476
h,1.2,4.21961517,0.989726852,0.991063237,-0.0013363849999999955
h,1.2,4.24013393,0.996491668,0.993326137,0.0031655309999999437
h,1.2,4.26119077,0.996358391,0.995257134,0.0011012569999999666
h,1.2,4.28239268,0.99593494,0.992661184,0.0032737560000000165
h,1.2,4.30342826,0.99603991,0.997416699,-0.0013767889999999339
h,1.2,4.32431592,0.993352442,0.996605923,-0.0032534810000000025
h,1.2,4.34508479,0.993906109,0.994944196,-0.0010380869999999653
h,1.2,4.36604259,0.995622447,0.99732057,-0.0016981229999999403
h,1.2,4.38708086,0.996318442,0.997045043,-0.0007266009999999934
h,1.2,4.40778797,0.998236487,1.00326104,-0.005024552999999932
h,1.2,4.4288526,0.995495957,1.00016814,-0.004672182999999941
h,1.2,4.44994967,1.00052662,0.999780008,0.0007466120000000354
h,1.2,4.47085438,0.999888172,0.998746897,0.0011412750000000527
h,1.2,4.49188801,1.00059012,0.997379834,0.003210286000000062
h,1.2,4.51250216,0.998591582,0.99662362,0.0019679619999999343
h,1.2,4.5334461,0.999162085,0.998584626,0.0005774590000000579
h,1.2,4.55463591,0.99953918,1.00279256,-0.0032533800000000834
h,1.2,4.57547609,0.998597951,1.00185048,-0.0032525290000000595
h,1.2,4.59643311,1.00169465,1.00268541,-0.0009907600000000905
h,1.2,4.61732903,1.00190612,1.00179918,0.00010693999999999981
h,1.2,4.63833098,1.0002352,1.00175868,-0.0015234799999999105
h,1.2,4.65949324,1.00045121,1.00100486,-0.0005536500000000721
h,1.2,4.68039693,1.00124381,1.00112011,0.00012370000000005987
h,1.2,4.70136745,1.00193738,1.00483472,-0.0028973400000000815
h,1.2,4.72221533,1.00375303,1.00438094,-0.0006279100000001758
h,1.2,4.74309374,1.00474738,1.00229171,0.002455670000000021
h,1.2,4.76390784,1.0034157,1.00599851,-0.0025828100000000465
h,1.2,4.78491795,1.00418063,1.00247423,0.0017063999999999968
h,1.2,4.80636204,1.00442247,1.00176865,0.002653819999999918
h,1.2,4.82728449,1.00235306,1.00225034,0.00010271999999988957
h,1.2,4.84785524,1.00355982,1.00694195,-0.0033821300000000942
h,1.2,4.86859731,1.00393547,1.00493597,-0.0010004999999999598
h,1.2,4.88954319,1.0048211,1.00694086,-0.002119760000000026
h,1.2,4.91078695,1.00325328,1.00250474,0.0007485400000000197
h,1.2,4.93172016,1.00756554,1.00147242,0.006093120000000063
h,1.2,4.95244063,1.00571157,1.00497183,0.0007397400000002108
h,1.2,4.97348932,1.00572833,1.0020091,0.0037192299999999623
h,1.2,4.994309,1.00655859,1.0042649,0.002293690000000126
h,1.2,5.01515697,1.00619722,1.0055846,0.0006126200000000637
h,1.2,5.03598003,1.00563025,1.00881867,-0.0031884199999998586
h,1.2,5.05703237,1.00733917,1.00687978,0.0004593900000000595
h,1.2,5.07840332,1.00754037,1.00742387,0.00011650000000007488
h,1.2,5.09943841,1.00418946,1.00340316,0.0007863000000001286
h,1.2,5.12032938,1.00691227,1.00404976,0.0028625099999999293
h,1.2,5.14107614,1.00459801,1.00668951,-0.002091499999999913
h,1.2,5.16214077,1.00785404,1.00389702,0.003957020000000089
h,1.2,5.18341099,1.00676644,1.00686111,-9.46699999999634e-05
h,1.2,5.2041075,1.00456279,1.00580202,-0.0012392299999999246
h,1.2,5.22477891,1.00566419,1.00457447,0.0010897199999999607
h,1.2,5.24557967,1.00558082,1.00577657,-0.00019575000000005005
h,1.2,5.26649236,1.00961801,1.00411653,0.00550148000000017
h,1.2,5.28753131,1.0094437,1.00429991,0.005143789999999981
h,1.2,5.30847064,1.00968932,1.00777009,0.0019192299999999385
h,1.2,5.32946745,1.00606701,1.0098794,-0.003812389999999999
h,1.2,5.3506922,1.00910739,1.00456997,0.004537420000000125
h,1.2,5.37158853,1.00628582,1.00590341,0.0003824100000000552
h,1.2,5.39231925,1.00966994,1.00874519,0.0009247500000000297
h,1.2,5.41333352,1.00498445,1.00658847,-0.0016040200000000393
h,1.2,5.43434316,1.00751725,1.00841883,-0.0009015800000000684
h,1.2,5.45530659,1.00727844,1.00697459,0.0003038500000001054
h,1.2,5.47618498,1.00695924,1.00945279,-0.0024935500000000665
h,1.2,5.49715755,1.00920499,1.0080608,0.0011441899999999894
h,1.2,5.51801586,1.00794448,1.00761053,0.00033394999999991626
h,1.2,5.53881995,1.00904332,1.00743403,0.0016092899999999855
h,1.2,5.55992514,1.0100323,1.00833935,0.0016929500000000264
h,1.2,5.58098545,1.00829025,1.00872637,-0.0004361200000000398
h,1.2,5.60183772,1.00715177,1.00899011,-0.0018383400000001604
h,1.2,5.62277584,1.00675709,1.00781495,-0.001057859999999966
h,1.2,5.64379172,1.00861409,1.00964313,-0.0010290399999999256
h,1.2,5.66460817,1.00963104,1.00685525,0.0027757899999998337
h,1.2,5.68556022,1.008324,1.0106063,-0.0022823000000000704
h,1.2,5.7067909,1.00942408,1.00624862,0.003175460000000019
h,1.2,5.72769317,1.00661823,1.00629517,0.0003230599999999306
h,1.2,5.74840017,1.01202165,1.0101575,0.0018641500000000644
h,1.2,5.76938192,1.00941848,1.0073392,0.0020792799999997946
h,1.2,5.79039764,1.00600358,1.0050393,0.0009642800000000395
h,1.2,5.81144039,1.00730066,1.00825671,-0.0009560499999998751
h,1.2,5.83232115,1.00804476,1.01007974,-0.0020349799999999085
h,1.2,5.85320209,1.0075018,1.0092275,-0.0017256999999999412
h,1.2,5.87418919,1.00646594,1.00673982,-0.0002738799999999486
h,1.2,5.89509625,1.00761166,1.00727291,0.0003387500000000543
h,1.2,5.9159726,1.00526593,1.00938935,-0.004123419999999989
h,1.2,5.93682663,1.00573667,1.00840881,-0.002672139999999823
h,1.2,5.95791772,1.00677175,1.00903986,-0.0022681099999999343
h,1.2,5.97900675,1.0058957,1.00720054,-0.0013048399999999738
h,1.2,5.99978945,1.00682312,1.00805013,-0.0012270100000000284
h,1.2,6.02063577,1.00729601,1.00657723,0.0007187799999999189
h,1.2,6.04156421,1.00698909,1.00737624,-0.00038714999999989175
h,1.2,6.06259364,1.00824034,1.00870808,-0.00046773999999993876
h,1.2,6.08377541,1.00875643,1.00738433,0.0013720999999999872
h,1.2,6.10447051,1.00679052,1.01148122,-0.004690700000000048
h,1.2,6.12538157,1.0059115,1.00594302,-3.1519999999840564e-05
h,1.2,6.14660689,1.00590371,1.0051589,0.0007448099999998181
h,1.2,6.16752321,1.0064899,1.00653712,-4.721999999990345e-05
h,1.2,6.18833806,1.00713514,1.00743842,-0.00030328000000001687
h,1.2,6.20938667,1.00617032,1.00840858,-0.0022382599999999364
h,1.2,6.23052184,1.00460833,1.00481904,-0.00021071000000016937
h,1.2,6.25137137,1.00800995,1.00492819,0.0030817599999999334
h,1.2,6.27204484,1.00691962,1.00726062,-0.00034100000000014674
h,1.2,6.29290789,1.00899236,1.00785308,0.0011392799999998537
h,1.2,6.31382104,1.00598049,1.00591811,6.23799999999175e-05
h,1.2,6.33495691,1.00553682,1.004945,0.0005918200000001317
h,1.2,6.35600914,1.00463193,1.00729128,-0.0026593500000000603
h,1.2,6.37663869,1.00916404,1.00344341,0.005720629999999893
h,1.2,6.39770954,1.00616396,1.00496864,0.0011953200000001107
h,1.2,6.41872759,1.00518668,1.00307757,0.002109109999999914
h,1.2,6.43951457,1.00634121,1.00628355,5.765999999995941e-05
h,1.2,6.46033562,1.00684084,1.00383343,0.0030074099999999326
h,1.2,6.4814564,1.00271962,1.00318189,-0.0004622700000000979
h,1.2,6.50265681,1.00445387,1.00579955,-0.0013456800000000158
h,1.2,6.52350383,1.00204308,1.00645685,-0.0044137699999999835
h,1.2,6.54427866,1.00380296,1.00422569,-0.0004227299999999268
h,1.2,6.56515568,1.00642542,1.00321837,0.0032070500000001
h,1.2,6.58628576,1.0066884,1.00481037,0.001878030000000086
h,1.2,6.60749316,1.00422464,1.00573873,-0.0015140900000001345
h,1.2,6.62830625,1.00463483,1.00417653,0.0004583000000000226
h,1.2,6.64913567,1.00436497,1.00257044,0.0017945299999999609
h,1.2,6.67020149,1.00716726,1.00395152,0.0032157399999999114
h,1.2,6.69106898,1.00283567,1.00578492,-0.0029492499999999033
h,1.2,6.71185955,1.00388819,1.00376849,0.0001197000000001669
h,1.2,6.73264651,1.00248364,1.00196274,0.0005208999999999353
h,1.2,6.7537045,1.00146469,1.00223926,-0.000774570000000141
h,1.2,6.77487174,1.00509712,1.00053722,0.004559900000000061
h,1.2,6.79557562,1.00435788,1.0030374,0.0013204799999999572
h,1.2,6.81648781,1.00458087,1.00206424,0.0025166300000001307
h,1.2,6.83753747,1.00037648,1.00408472,-0.0037082400000001403
h,1.2,6.85867557,1.00212255,1.00329315,-0.0011706000000000216
h,1.2,6.87985316,1.0018724,1.00238637,-0.0005139699999998637
h,1.2,6.90065786,1.00486241,1.00232594,0.002536470000000124
h,1.2,6.92153112,1.00070425,1.00245732,-0.0017530699999999122
h,1.2,6.94229803,1.00218052,1.00362683,-0.0014463099999999507
h,1.2,6.9630016,1.0010441,1.00188103,-0.000836929999999958
h,1.2,6.98416877,1.00355014,1.00325069,0.0002994499999999789
h,1.2,7.0052781,1.00076068,1.00187673,-0.001116050000000035
h,1.2,7.02617612,1.00143608,1.00184513,-0.0004090500000000219
h,1.2,7.04699526,1.00388918,1.00317414,0.0007150400000000001
h,1.2,7.06761685,1.00224941,1.00162018,0.0006292299999999251
h,1.2,7.08873369,1.00083971,1.00134215,-0.0005024399999999929
h,1.2,7.10994937,1.00060798,1.00152814,-0.0009201599999999477
h,1.2,7.13102893,1.00048093,1.00144188,-0.0009609500000000715
h,1.2,7.15201412,1.00176614,1.00161297,0.00015316999999992476
h,1.2,7.17271336,1.0009598,1.00021814,0.0007416599999998663
h,1.2,7.19374266,1.00248601,0.999560918,0.002925091999999907
h,1.2,7.21473042,1.00190082,0.999991832,0.0019089879999999448
h,1.2,7.23564263,0.999792321,1.00065703,-0.000864708999999908
h,1.2,7.25666289,1.00379732,1.00022936,0.0035679600000000367
h,1.2,7.27757645,1.00099601,1.00001347,0.0009825399999998652
h,1.2,7.2984411,1.00058855,1.00245246,-0.0018639099999999686
h,1.2,7.31917384,0.999399339,0.999171605,0.00022773399999997945
h,1.2,7.34001688,0.999772678,0.997373934,0.0023987440000000637
h,1.2,7.3611683,1.00205693,0.997818199,0.00423873099999994
h,1.2,7.38224284,0.99922119,0.997213692,0.0020074979999999965
h,1.2,7.40324015,1.00016855,0.998285721,0.0018828289999999193
h,1.2,7.42408854,0.998785564,0.999814668,-0.001029104000000003
h,1.2,7.44500634,0.999242257,0.999783462,-0.0005412049999999891
h,1.2,7.46595959,1.00001379,0.99688209,0.0031316999999998485
h,1.2,7.48696308,0.998655458,0.999771663,-0.0011162049999999812
h,1.2,7.5079936,1.00002487,0.997848669,0.0021762010000000442
h,1.2,7.52871967,1.00006332,0.997060032,0.0030032879999999373
h,1.2,7.54966921,1.0000867,0.999490257,0.0005964429999999465
h,1.2,7.57064902,0.998865508,0.998865509,-1.000000082740371e-09
h,1.2,7.59151428,0.998863829,0.99803471,0.0008291190000000448
h,1.2,7.6123809,0.998746285,0.999077909,-0.00033162400000008585
h,1.2,7.63338324,0.997372543,0.997877673,-0.0005051299999999648
h,1.2,7.65450532,1.00035099,0.999780122,0.0005708680000000577
h,1.2,7.67556944,1.00044847,0.99965017,0.0007983000000000295
h,1.2,7.69637751,0.998839978,0.994342689,0.004497289000000015
h,1.2,7.71727216,0.998034166,0.997874938,0.00015922799999990023
h,1.2,7.73835725,0.998636318,0.99965435,-0.0010180320000000576
h,1.2,7.75934923,0.998896968,0.997446085,0.0014508830000000694
h,1.2,7.78023116,0.998394804,0.995207784,0.0031870200000000404
h,1.2,7.80098697,0.998416669,0.996058805,0.002357864000000043
h,1.2,7.82190677,0.997802768,0.997399668,0.0004030999999999896
h,1.2,7.84304931,0.998190124,0.996282296,0.0019078280000000003
h,1.2,7.86405132,0.997487969,0.999287149,-0.0017991800000000113
h,1.2,7.88484553,0.998869599,1.00052902,-0.0016594210000000498
h,1.2,7.90574885,0.996614607,0.998711926,-0.0020973189999999864
h,1.2,7.9267531,0.997780528,0.996226164,0.0015543640000000858
h,1.2,7.94765228,0.995845702,0.998615594,-0.002769891999999996
h,1.2,7.96842304,0.997209433,0.997651405,-0.0004419720000000682
h,1.2,7.98938616,0.996445103,0.998033156,-0.0015880529999999782
h,1.2,8.01050815,0.997043958,0.997298625,-0.0002546669999999862
h,1.2,8.03153334,0.997333182,0.997912855,-0.0005796730000000583
h,1.2,8.05240251,0.996894785,0.994739839,0.002154945999999991
h,1.2,8.07332696,0.997532511,0.997432447,0.0001000639999999553
h,1.2,8.09438514,0.995886114,0.996426222,-0.0005401079999999281
h,1.2,8.11529588,0.994628613,0.99711483,-0.0024862169999999573
h,1.2,8.13618411,0.996846544,0.997160922,-0.00031437800000000404
h,1.2,8.15717855,0.997200416,0.998281022,-0.0010806060000000395
h,1.2,8.17807847,0.995648572,0.995078551,0.0005700210000000316
h,1.2,8.19905269,0.997986252,0.995814734,0.002171518000000039
h,1.2,8.21991085,0.99653342,1.00014775,-0.003614329999999999
h,1.2,8.24078529,0.996606936,0.998453197,-0.0018462609999999602
h,1.2,8.26195652,0.998528044,0.995683946,0.0028440979999999616
h,1.2,8.28293039,0.994394302,0.996130727,-0.0017364250000000414
h,1.2,8.30373423,0.997302279,0.997087905,0.00021437400000001716
h,1.2,8.32452583,0.996599508,0.99681761,-0.0002181020000000533
h,1.2,8.34556221,0.995384896,0.995704705,-0.0003198089999999487
h,1.2,8.36671927,0.996815231,0.997624389,-0.000809157999999921
h,1.2,8.38757523,0.997248608,0.996361873,0.0008867350000000274
h,1.2,8.40855808,0.997685912,0.997826723,-0.00014081099999996294
h,1.2,8.42953585,0.996622849,0.994216836,0.0024060129999999846
h,1.2,8.45042977,0.99646791,0.994880921,0.001586988999999983
h,1.2,8.47138662,0.995946891,0.997933509,-0.0019866179999999956
h,1.2,8.49217243,0.993637389,0.995870219,-0.0022328299999999635
h,1.2,8.51321806,0.996052077,0.9949016,0.0011504769999999276
h,1.2,8.53421183,0.995614868,0.997516649,-0.0019017810000000468
h,1.2,8.55508292,0.995399386,0.995580394,-0.00018100799999998252
h,1.2,8.57598662,0.995774725,0.997001245,-0.0012265200000000087
h,1.2,8.59679232,0.996671505,0.99616542,0.000506085000000045
h,1.2,8.61783107,0.996780975,0.997894816,-0.0011138410000000043
h,1.2,8.63891768,0.995025219,0.995847857,-0.0008226380000000422
h,1.2,8.65972861,0.997520254,0.996591262,0.0009289919999999618
h,1.2,8.68059853,0.995960504,0.996530561,-0.0005700570000000127
h,1.2,8.70174168,0.995857209,0.996188244,-0.00033103499999997954
h,1.2,8.72279566,0.996178725,0.994553502,0.001625223000000009
h,1.2,8.74359241,0.996990496,0.996601709,0.00038878700000000155
h,1.2,8.76424415,0.995813545,0.996056359,-0.0002428140000000356
h,1.2,8.78526729,0.998442059,0.994104364,0.00433769500000003
h,1.2,8.80637189,0.995286864,0.995409257,-0.00012239300000005393
h,1.2,8.82736896,0.996283368,0.993240883,0.003042484999999928
h,1.2,8.84843212,0.994779392,0.998589328,-0.0038099360000000138
h,1.2,8.86933197,0.993826438,0.995564845,-0.0017384069999999419
h,1.2,8.89026857,0.994818526,0.995198775,-0.00038024899999999917
h,1.2,8.91123702,0.994981583,0.995589575,-0.0006079920000000572
h,1.2,8.93214776,0.99553067,0.996342113,-0.0008114430000000228
h,1.2,8.95312097,0.997208529,0.995909455,0.0012990739999999557
h,1.2,8.9741304,0.996678906,0.996070972,0.0006079339999999211
h,1.2,8.99505705,0.99640932,0.997233603,-0.0008242829999999257
h,1.2,9.01571368,0.995511889,0.994149719,0.0013621699999999404
h,1.2,9.03640927,0.995407633,0.996879621,-0.0014719880000000352
h,1.2,9.05755121,0.997075468,0.993899831,0.003175637000000009
h,1.2,9.07868023,0.995702896,0.99611431,-0.00041141399999999884
h,1.2,9.09969513,0.996832312,0.996238948,0.0005933639999999851
h,1.2,9.1205658,0.995789584,0.998046293,-0.002256709000000079
h,1.2,9.14137844,0.996076115,0.995791305,0.0002848100000000242
h,1.2,9.16237082,0.995853194,0.997835973,-0.00198277899999999
h,1.2,9.18339441,0.996218944,0.996097097,0.00012184699999995274
h,1.2,9.20447395,0.993801528,0.995706918,-0.0019053900000000068
h,1.2,9.22549281,0.994978542,0.99629608,-0.001317538000000007
h,1.2,9.2463962,0.997342903,0.997307852,3.505099999989714e-05
h,1.2,9.26722673,0.996530214,0.997977074,-0.0014468600000000498
h,1.2,9.28791689,0.997279381,0.995803749,0.0014756320000000045
h,1.2,9.30892724,0.998028986,0.994899772,0.0031292139999999913
h,1.2,9.33003065,0.998218739,0.997181385,0.0010373540000000459
h,1.2,9.35102864,0.998819469,0.997096653,0.0017228159999999049
h,1.2,9.37196601,0.996026018,0.995818772,0.00020724599999999427
h,1.2,9.39258783,0.997263764,0.994640338,0.0026234260000000953
h,1.2,9.41349621,0.997969924,0.996801044,0.0011688799999999278
h,1.2,9.4347927,0.997555928,0.99588529,0.001670638000000002
h,1.2,9.45587737,0.997374542,0.998045334,-0.0006707919999999756
h,1.2,9.47676866,0.995832959,0.996800742,-0.0009677829999999998
h,1.2,9.49762777,0.998509877,0.996032142,0.0024777350000000364
h,1.2,9.51852362,0.998676739,0.996131693,0.0025450459999999397
h,1.2,9.53939795,0.998698829,0.996500515,0.0021983139999999235
h,1.2,9.56035551,0.999071397,0.996795254,0.0022761430000000082
h,1.2,9.58149741,0.995177468,0.996429002,-0.0012515339999999986
h,1.2,9.60249587,0.996210881,0.997707856,-0.0014969750000000115
h,1.2,9.62336478,0.99646561,1.00028331,-0.003817699999999924
h,1.2,9.64415055,0.997272699,0.997449113,-0.00017641400000001362
h,1.2,9.66502224,0.997497934,0.99886941,-0.0013714759999999826
h,1.2,9.68597433,0.997593754,0.998413911,-0.0008201569999999325
h,1.2,9.7069728,0.998488788,0.997268962,0.001219825999999924
h,1.2,9.72797765,0.996094874,0.995935531,0.00015934299999997847
h,1.2,9.74896401,0.996728482,0.998924981,-0.002196499000000074
h,1.2,9.76996217,0.999374036,0.998221171,0.001152865000000003
h,1.2,9.79085678,0.996317639,0.996480388,-0.00016274900000001757
h,1.2,9.81166698,0.997838634,0.996603586,0.0012350479999999608
h,1.2,9.83262494,0.997046074,0.995293148,0.001752925999999988
h,1.2,9.85372265,0.998149178,0.997444455,0.0007047230000000182
h,1.2,9.87472665,0.999103374,0.998890421,0.0002129530000000157
h,1.2,9.89559934,0.998140616,0.997789006,0.0003516100000000577
h,1.2,9.91635289,0.998572383,0.995702549,0.00286983399999996
h,1.2,9.93737645,0.997067768,0.998295278,-0.0012275099999999872
h,1.2,9.95856995,0.995941691,0.997538434,-0.0015967430000000116
h,1.2,9.97940815,0.998980497,0.998489018,0.0004914790000000169
h,1.2,10.000082,0.997980588,0.996974605,0.001005982999999988
h,1.4,0.0252815853,0.00996998045,0.0005296485,0.00944033195
h,1.4,0.0486976344,0.0112144743,0.00202846552,0.009186008780000001
h,1.4,0.0692644017,0.0135501606,0.00402958427,0.009520576329999999
h,1.4,0.08877835,0.0161369098,0.0065389667,0.009597943100000002
h,1.4,0.111604297,0.0198411403,0.0103843786,0.0094567617
h,1.4,0.132731806,0.0244096625,0.014921314,0.009488348499999999
h,1.4,0.153672181,0.0293773267,0.0194036234,0.009973703300000001
h,1.4,0.175641863,0.035561751,0.0254828463,0.010078904700000002
h,1.4,0.196615509,0.0423905928,0.0314882479,0.0109023449
h,1.4,0.217326708,0.0496248578,0.0383529598,0.011271897999999995
h,1.4,0.237538457,0.0559863082,0.0459423072,0.010044001000000004
h,1.4,0.258148683,0.064422656,0.0544368764,0.009985779599999994
h,1.4,0.28040349,0.0737104444,0.0635472762,0.010163168200000003
h,1.4,0.301929084,0.0844338293,0.0723367336,0.012097095700000005
h,1.4,0.322287413,0.0941998065,0.0829809724,0.011218834099999991
h,1.4,0.342663331,0.105242648,0.0941899695,0.011052678499999996
h,1.4,0.363641289,0.116220563,0.106021932,0.010198631
h,1.4,0.385602948,0.128513466,0.117278241,0.011235224999999988
h,1.4,0.406737165,0.14066339,0.131483427,0.009179962999999985
h,1.4,0.427001871,0.153041217,0.142672773,0.010368444000000004
h,1.4,0.448754416,0.169221186,0.158300225,0.010920961000000007
h,1.4,0.469601745,0.183114728,0.172040278,0.011074450000000013
h,1.4,0.489805379,0.197738292,0.187419918,0.010318374000000019
h,1.4,0.510302494,0.213916739,0.2006271,0.013289638999999992
h,1.4,0.53178319,0.230059106,0.216457362,0.013601744000000027
h,1.4,0.553922362,0.245540551,0.232047709,0.013492842000000005
h,1.4,0.574670041,0.263147206,0.251210747,0.01193645900000001
h,1.4,0.594645701,0.277953117,0.265355673,0.012597444000000013
h,1.4,0.615540037,0.29312999,0.284801103,0.008328887000000007
h,1.4,0.636554081,0.311456269,0.302452871,0.009003397999999996
h,1.4,0.658102417,0.33397739,0.320108264,0.01386912600000001
h,1.4,0.679189641,0.348521786,0.338444245,0.010077541000000023
h,1.4,0.700054044,0.368217276,0.359353412,0.008863863999999999
h,1.4,0.721329826,0.385770021,0.380455977,0.005314044000000018
h,1.4,0.742033923,0.408682461,0.399618511,0.009063949999999987
h,1.4,0.762614581,0.425168475,0.419798901,0.005369573999999988
h,1.4,0.783270495,0.444620639,0.437610291,0.007010348
h,1.4,0.804783918,0.468239559,0.459703853,0.008535706000000032
h,1.4,0.826095906,0.490080703,0.482354341,0.007726361999999987
h,1.4,0.846303977,0.506686565,0.499617637,0.007068927999999974
h,1.4,0.867174819,0.526341828,0.518490406,0.007851421999999997
h,1.4,0.888413258,0.550576086,0.541022903,0.009553182999999965
h,1.4,0.909910564,0.570463691,0.561491592,0.008972099000000067
h,1.4,0.931134698,0.587785226,0.586218541,0.001566685000000012
h,1.4,0.951563161,0.611026293,0.606590782,0.004435510999999948
h,1.4,0.972160451,0.629997897,0.625735422,0.004262474999999988
h,1.4,0.993008165,0.646240613,0.644892025,0.0013485880000000394
h,1.4,1.0140906,0.669871477,0.66615613,0.003715347000000091
h,1.4,1.03500338,0.683012326,0.689241667,-0.006229341000000055
h,1.4,1.05657413,0.706963809,0.706704115,0.0002596940000000325
h,1.4,1.07789814,0.722738209,0.721436711,0.001301498000000012
h,1.4,1.09835045,0.741671634,0.745261491,-0.0035898570000000296
h,1.4,1.11903902,0.762729,0.761872003,0.0008569969999999705
h,1.4,1.1396405,0.778186539,0.776979785,0.001206754000000032
h,1.4,1.16109193,0.793714005,0.795685854,-0.0019718490000000255
h,1.4,1.18227503,0.807941573,0.817980839,-0.010039265999999936
h,1.4,1.2030555,0.830251929,0.828407308,0.0018446210000000463
h,1.4,1.22375183,0.838750727,0.840832659,-0.002081932000000064
h,1.4,1.24453484,0.854953186,0.859099252,-0.004146066000000004
h,1.4,1.26570671,0.869243595,0.8748603,-0.005616705
h,1.4,1.28693994,0.884702411,0.884730141,-2.7730000000003585e-05
h,1.4,1.30807124,0.897510742,0.89685115,0.0006595919999999866
h,1.4,1.32889646,0.9078728,0.909901331,-0.002028531
h,1.4,1.34945121,0.921696049,0.923210617,-0.0015145679999999384
h,1.4,1.37055188,0.929771077,0.930227713,-0.00045663600000001026
h,1.4,1.39148285,0.938159769,0.941607373,-0.003447603999999993
h,1.4,1.41220445,0.94284257,0.951544008,-0.008701438000000006
h,1.4,1.43352474,0.958109889,0.954327185,0.0037827040000000256
h,1.4,1.45454751,0.963629298,0.966984155,-0.0033548570000000444
h,1.4,1.47511055,0.972317916,0.972907667,-0.0005897510000000272
h,1.4,1.49566583,0.974114935,0.97622174,-0.002106804999999934
h,1.4,1.51690776,0.980196323,0.983974829,-0.0037785059999999593
h,1.4,1.53826425,0.987289371,0.990194725,-0.0029053540000000266
h,1.4,1.55931449,0.987481084,0.997875182,-0.010394098000000018
h,1.4,1.58012172,0.99933827,1.00158286,-0.0022445900000001018
h,1.4,1.60114355,0.996942408,1.00354156,-0.0065991519999999415
h,1.4,1.62229155,0.998904198,1.0082549,-0.0093507020000001
h,1.4,1.64295947,0.999544187,1.00741853,-0.007874343000000006
h,1.4,1.66366432,1.00721416,1.00988325,-0.0026690899999999296
h,1.4,1.68478217,1.00956771,1.01781041,-0.008242700000000047
h,1.4,1.7057485,1.0116294,1.01736677,-0.005737370000000075
h,1.4,1.72683745,1.01501837,1.01450635,0.0005120199999999464
h,1.4,1.74765849,1.00996509,1.01112157,-0.0011564800000001263
h,1.4,1.76847487,1.01080902,1.0120598,-0.001250780000000118
h,1.4,1.78961871,1.00771519,1.01283158,-0.005116389999999971
h,1.4,1.81086098,1.01345745,1.0172675,-0.0038100500000000093
h,1.4,1.83179094,1.01027212,1.0123527,-0.0020805800000001096
h,1.4,1.8521746,1.01070474,1.01516945,-0.004464709999999927
h,1.4,1.8733654,1.01365926,1.01225587,0.0014033900000001154
h,1.4,1.89455538,1.00724781,1.01210881,-0.004861000000000004
h,1.4,1.91534795,1.01555432,1.01369789,0.001856429999999909
h,1.4,1.93623233,1.00855432,1.0119532,-0.003398879999999993
h,1.4,1.9571481,1.01066807,1.00762544,0.003042629999999935
h,1.4,1.97825109,1.01374219,1.01233899,0.0014032000000001599
h,1.4,1.99905898,1.00493213,1.00281053,0.0021215999999999458
h,1.4,2.01966715,1.00402494,1.00696446,-0.0029395199999999733
h,1.4,2.04082415,1.00712689,1.00355987,0.0035670200000001984
h,1.4,2.06193171,1.00181054,0.999204527,0.0026060129999999626
h,1.4,2.08296048,0.999753484,1.01010017,-0.010346686000000105
h,1.4,2.10383017,0.998972771,1.00418909,-0.005216318999999858
h,1.4,2.12494312,1.00390862,0.999086668,0.004821952000000018
h,1.4,2.14618475,0.998091565,0.997712769,0.00037879599999990354
h,1.4,2.16679298,0.999033161,0.999287038,-0.00025387700000001345
h,1.4,2.18753482,0.996773146,0.99255284,0.004220306000000007
h,1.4,2.20847027,0.996836533,0.990290145,0.006546387999999959
h,1.4,2.22955181,0.987196453,0.994186994,-0.006990540999999961
h,1.4,2.25078374,0.990807465,0.988688488,0.0021189770000000774
h,1.4,2.27150159,0.984701213,0.984578647,0.00012256600000004614
h,1.4,2.29205574,0.983241689,0.992312843,-0.009071154000000026
h,1.4,2.31294326,0.992536516,0.986307548,0.006228968000000057
h,1.4,2.3340363,0.981079144,0.984737173,-0.003658029000000007
h,1.4,2.35514399,0.984495669,0.98549115,-0.0009954810000000203
h,1.4,2.37607726,0.980366859,0.98388193,-0.0035150710000000362
h,1.4,2.39730341,0.982570708,0.981951299,0.0006194090000000152
h,1.4,2.41857203,0.986015205,0.980072364,0.0059428409999999765
h,1.4,2.43911056,0.983324941,0.980716891,0.002608049999999973
h,1.4,2.45988005,0.981973916,0.978054412,0.003919503999999963
h,1.4,2.48094151,0.982309753,0.975787519,0.00652223399999996
h,1.4,2.50196601,0.982015929,0.981231664,0.0007842650000000617
h,1.4,2.52300496,0.976694694,0.977045322,-0.000350628000000075
h,1.4,2.54340089,0.977833277,0.974418753,0.0034145239999999744
h,1.4,2.56415297,0.973657389,0.978225986,-0.004568597000000008
h,1.4,2.58575836,0.977114943,0.97906207,-0.001947126999999993
h,1.4,2.60684428,0.975761816,0.973779784,0.0019820320000000224
h,1.4,2.62775949,0.972766764,0.974294365,-0.001527601000000045
h,1.4,2.64834355,0.972929241,0.974269699,-0.0013404580000000443
h,1.4,2.66912062,0.975270819,0.973114658,0.0021561610000000453
h,1.4,2.69039946,0.970384556,0.975168139,-0.004783583000000036
h,1.4,2.71121518,0.975434842,0.974263123,0.0011717190000000155
h,1.4,2.7321837,0.976894293,0.974638599,0.0022556939999999193
h,1.4,2.75306239,0.974211392,0.973366732,0.0008446599999999416
h,1.4,2.77427049,0.975142535,0.97356983,0.001572705000000063
h,1.4,2.79557932,0.971980306,0.973013195,-0.0010328890000000923
h,1.4,2.8160646,0.975257672,0.974862805,0.00039486700000002095
h,1.4,2.83689478,0.978129041,0.970465342,0.007663698999999968
h,1.4,2.85801727,0.975396868,0.97286051,0.002536358000000072
h,1.4,2.87906973,0.974495368,0.973862768,0.0006325999999999832
h,1.4,2.89996898,0.973217495,0.973316101,-9.860600000000108e-05
h,1.4,2.92062944,0.972450437,0.973790865,-0.0013404280000000046
h,1.4,2.941605,0.978283396,0.972257478,0.0060259180000000745
h,1.4,2.96267076,0.973707177,0.976709301,-0.003002123999999995
h,1.4,2.98347442,0.972284423,0.971666117,0.0006183059999999019
h,1.4,3.00437656,0.973643733,0.976838406,-0.0031946730000000922
h,1.4,3.02542142,0.979135793,0.980632482,-0.0014966889999999955
h,1.4,3.04658726,0.976381676,0.975972465,0.0004092110000000204
h,1.4,3.06768101,0.976649381,0.975785718,0.000863662999999959
h,1.4,3.088328,0.972562643,0.97562529,-0.0030626470000000294
h,1.4,3.10931167,0.97644104,0.97554743,0.0008936099999999891
h,1.4,3.1305457,0.975148693,0.97900272,-0.0038540270000000376
h,1.4,3.15150209,0.976432755,0.978290042,-0.0018572869999999853
h,1.4,3.17219014,0.975844239,0.978166102,-0.002321863000000035
h,1.4,3.19299024,0.975145863,0.979415708,-0.00426984500000005
h,1.4,3.21390436,0.977515778,0.977596205,-8.042699999999403e-05
h,1.4,3.23506564,0.978315854,0.978654448,-0.0003385940000000254
h,1.4,3.25605387,0.976380464,0.978287445,-0.0019069809999999743
h,1.4,3.27685776,0.980243616,0.976392962,0.0038506539999999534
h,1.4,3.29794723,0.976877583,0.98185299,-0.004975406999999987
h,1.4,3.31884778,0.980604432,0.978651673,0.0019527590000000261
h,1.4,3.33944269,0.982622911,0.98050694,0.0021159709999999388
h,1.4,3.36030612,0.982058626,0.97964902,0.002409606000000064
h,1.4,3.38171654,0.977139647,0.980131185,-0.0029915379999999603
h,1.4,3.40297495,0.976202176,0.981433113,-0.005230936999999991
h,1.4,3.42370792,0.983286909,0.979865578,0.003421331000000083
h,1.4,3.44440875,0.981231537,0.976000852,0.005230685000000013
h,1.4,3.465315,0.979638231,0.981816204,-0.0021779729999999997
h,1.4,3.4865867,0.979064629,0.980701098,-0.0016364690000000293
h,1.4,3.50751221,0.980562768,0.984408661,-0.0038458930000000446
h,1.4,3.52796741,0.979866198,0.982189045,-0.0023228470000000723
h,1.4,3.5488788,0.979357278,0.983871436,-0.00451415799999999
h,1.4,3.57014151,0.981737513,0.982896261,-0.0011587480000000427
h,1.4,3.59120365,0.978684007,0.984404506,-0.0057204989999999345
h,1.4,3.61190928,0.984099121,0.982701561,0.00139756000000002
h,1.4,3.63300558,0.98342411,0.979662423,0.0037616870000000135
h,1.4,3.6541422,0.980346375,0.98420169,-0.003855315000000026
h,1.4,3.67500902,0.98305551,0.983999728,-0.0009442179999999967
h,1.4,3.69581564,0.985736986,0.983055248,0.0026817380000000446
h,1.4,3.71644729,0.985619279,0.986061425,-0.0004421460000000321
h,1.4,3.73749774,0.985417456,0.982354511,0.003062944999999928
h,1.4,3.75868086,0.98685746,0.988007503,-0.0011500429999999895
h,1.4,3.77950549,0.987514771,0.986491237,0.0010235339999999926
h,1.4,3.80027286,0.98630012,0.984707574,0.001592546000000028
h,1.4,3.82143123,0.988047076,0.986972295,0.0010747809999999136
h,1.4,3.84280481,0.987383239,0.985156322,0.002226916999999995
h,1.4,3.86349282,0.987792389,0.989789888,-0.0019974990000000137
h,1.4,3.88417456,0.986978486,0.984303618,0.0026748680000000524
h,1.4,3.90535419,0.986194866,0.989633013,-0.0034381470000000025
h,1.4,3.9264697,0.986283872,0.986500967,-0.00021709500000000048
h,1.4,3.94738681,0.98973195,0.988613957,0.0011179930000000393
h,1.4,3.96810309,0.985036814,0.993137875,-0.008101060999999965
h,1.4,3.98888694,0.988588725,0.991632156,-0.003043431000000041
h,1.4,4.00993371,0.991112025,0.991165241,-5.321600000007809e-05
h,1.4,4.03080983,0.990881454,0.987269313,0.0036121410000000687
h,1.4,4.05178039,0.991779415,0.992605215,-0.0008257999999999877
h,1.4,4.07276799,0.989364079,0.990794626,-0.0014305470000000042
h,1.4,4.09368684,0.99121399,0.990791888,0.0004221020000000353
h,1.4,4.11485609,0.989431027,0.995609413,-0.006178386000000091
h,1.4,4.13583188,0.993605767,0.991740813,0.0018649539999999742
h,1.4,4.15670688,0.995188104,0.993034938,0.0021531660000000397
h,1.4,4.17758774,0.996437406,0.994693743,0.0017436629999999509
h,1.4,4.19867141,0.992386833,0.992343274,4.3558999999970816e-05
h,1.4,4.21961517,0.996427708,0.991063237,0.005364471000000037
h,1.4,4.24013393,0.995174034,0.993326137,0.0018478969999999872
h,1.4,4.26119077,0.995320954,0.995257134,6.38199999999367e-05
h,1.4,4.28239268,0.998249301,0.992661184,0.005588116999999948
h,1.4,4.30342826,0.996281503,0.997416699,-0.001135196000000005
h,1.4,4.32431592,0.997898991,0.996605923,0.0012930680000000638
h,1.4,4.34508479,0.999224361,0.994944196,0.004280165000000058
h,1.4,4.36604259,0.999371644,0.99732057,0.0020510740000000416
h,1.4,4.38708086,0.998731791,0.997045043,0.0016867480000000157
h,1.4,4.40778797,0.999401967,1.00326104,-0.0038590729999999906
h,1.4,4.4288526,0.997222919,1.00016814,-0.0029452209999999424
h,1.4,4.44994967,0.997944699,0.999780008,-0.0018353089999999517
h,1.4,4.47085438,0.99944113,0.998746897,0.0006942330000000441
h,1.4,4.49188801,0.999827101,0.997379834,0.0024472670000000862
h,1.4,4.51250216,0.997907856,0.99662362,0.0012842359999999386
h,1.4,4.5334461,0.998526597,0.998584626,-5.8028999999959474e-05
h,1.4,4.55463591,1.00151908,1.00279256,-0.001273480000000049
h,1.4,4.57547609,1.00068876,1.00185048,-0.0011617200000000327
h,1.4,4.59643311,0.999718673,1.00268541,-0.0029667370000000526
h,1.4,4.61732903,1.00373213,1.00179918,0.0019329500000000444
h,1.4,4.63833098,1.00328171,1.00175868,0.0015230299999999808
h,1.4,4.65949324,1.00026976,1.00100486,-0.0007351000000002106
h,1.4,4.68039693,1.00277425,1.00112011,0.0016541400000000817
h,1.4,4.70136745,1.00400194,1.00483472,-0.0008327800000000884
h,1.4,4.72221533,1.0047621,1.00438094,0.0003811599999998805
h,1.4,4.74309374,1.00590097,1.00229171,0.0036092599999999475
h,1.4,4.76390784,1.00149152,1.00599851,-0.0045069899999998775
h,1.4,4.78491795,1.00309457,1.00247423,0.000620339999999997
h,1.4,4.80636204,1.00372129,1.00176865,0.001952640000000061
h,1.4,4.82728449,1.00324793,1.00225034,0.0009975899999998816
h,1.4,4.84785524,1.00239381,1.00694195,-0.004548140000000034
h,1.4,4.86859731,1.00450008,1.00493597,-0.00043589000000010536
h,1.4,4.88954319,1.00524616,1.00694086,-0.001694700000000049
h,1.4,4.91078695,1.00490489,1.00250474,0.0024001499999999343
h,1.4,4.93172016,1.00795699,1.00147242,0.006484570000000023
h,1.4,4.95244063,1.00572015,1.00497183,0.0007483200000000245
h,1.4,4.97348932,1.00811846,1.0020091,0.006109359999999953
h,1.4,4.994309,1.00624918,1.0042649,0.0019842800000000604
h,1.4,5.01515697,1.0080648,1.0055846,0.0024802000000001545
h,1.4,5.03598003,1.00928925,1.00881867,0.0004705799999999982
h,1.4,5.05703237,1.00635579,1.00687978,-0.0005239900000000297
h,1.4,5.07840332,1.00622275,1.00742387,-0.0012011199999999445
h,1.4,5.09943841,1.0078488,1.00340316,0.0044456400000001395
h,1.4,5.12032938,1.00384348,1.00404976,-0.00020628000000000313
h,1.4,5.14107614,1.00392679,1.00668951,-0.0027627199999999963
h,1.4,5.16214077,1.00796701,1.00389702,0.004069990000000079
h,1.4,5.18341099,1.0081945,1.00686111,0.0013333900000001009
h,1.4,5.2041075,1.00556647,1.00580202,-0.00023554999999997328
h,1.4,5.22477891,1.00783841,1.00457447,0.003263939999999854
h,1.4,5.24557967,1.00659915,1.00577657,0.0008225799999999062
h,1.4,5.26649236,1.00347344,1.00411653,-0.0006430899999998463
h,1.4,5.28753131,1.00956119,1.00429991,0.005261280000000035
h,1.4,5.30847064,1.0069372,1.00777009,-0.000832889999999864
h,1.4,5.32946745,1.00715291,1.0098794,-0.002726489999999915
h,1.4,5.3506922,1.01022296,1.00456997,0.005652989999999969
h,1.4,5.37158853,1.00864618,1.00590341,0.0027427700000000055
h,1.4,5.39231925,1.00916971,1.00874519,0.00042452000000015033
h,1.4,5.41333352,1.00623861,1.00658847,-0.00034986000000003514
h,1.4,5.43434316,1.00914724,1.00841883,0.0007284099999997906
h,1.4,5.45530659,1.00520404,1.00697459,-0.0017705500000000374
h,1.4,5.47618498,1.00661406,1.00945279,-0.0028387300000001225
h,1.4,5.49715755,1.00947855,1.0080608,0.0014177500000001064
h,1.4,5.51801586,1.00911724,1.00761053,0.0015067099999999112
h,1.4,5.53881995,1.00918993,1.00743403,0.0017559000000000324
h,1.4,5.55992514,1.00616604,1.00833935,-0.002173309999999873
h,1.4,5.58098545,1.00756854,1.00872637,-0.0011578299999999153
h,1.4,5.60183772,1.00919811,1.00899011,0.00020799999999998597
h,1.4,5.62277584,1.00870708,1.00781495,0.000892129999999991
h,1.4,5.64379172,1.00685908,1.00964313,-0.002784050000000038
h,1.4,5.66460817,1.0073323,1.00685525,0.0004770499999999789
h,1.4,5.68556022,1.00893812,1.0106063,-0.001668180000000019
h,1.4,5.7067909,1.00841219,1.00624862,0.0021635700000000035
h,1.4,5.72769317,1.00990144,1.00629517,0.0036062699999999115
h,1.4,5.74840017,1.00596801,1.0101575,-0.004189490000000129
h,1.4,5.76938192,1.00771894,1.0073392,0.00037973999999985075
h,1.4,5.79039764,1.00804818,1.0050393,0.0030088800000001026
h,1.4,5.81144039,1.00888111,1.00825671,0.0006243999999999694
h,1.4,5.83232115,1.00766273,1.01007974,-0.0024170099999998307
h,1.4,5.85320209,1.00526951,1.0092275,-0.003957989999999967
h,1.4,5.87418919,1.00492353,1.00673982,-0.0018162900000000537
h,1.4,5.89509625,1.00868816,1.00727291,0.001415249999999979
h,1.4,5.9159726,1.00526317,1.00938935,-0.004126179999999868
h,1.4,5.93682663,1.0053924,1.00840881,-0.0030164099999998584
h,1.4,5.95791772,1.00757221,1.00903986,-0.0014676499999999315
h,1.4,5.97900675,1.00898085,1.00720054,0.0017803100000000072
h,1.4,5.99978945,1.00955342,1.00805013,0.001503290000000046
h,1.4,6.02063577,1.00953032,1.00657723,0.0029530900000001026
h,1.4,6.04156421,1.00750958,1.00737624,0.00013334000000009283
h,1.4,6.06259364,1.00845796,1.00870808,-0.0002501199999997983
h,1.4,6.08377541,1.00975884,1.00738433,0.0023745099999998853
h,1.4,6.10447051,1.00577599,1.01148122,-0.005705230000000006
h,1.4,6.12538157,1.00831868,1.00594302,0.0023756600000000017
h,1.4,6.14660689,1.00875975,1.0051589,0.0036008499999999888
h,1.4,6.16752321,1.00632116,1.00653712,-0.00021596000000001503
h,1.4,6.18833806,1.00650323,1.00743842,-0.0009351899999998636
h,1.4,6.20938667,1.00669813,1.00840858,-0.00171045000000003
h,1.4,6.23052184,1.00793742,1.00481904,0.003118379999999865
h,1.4,6.25137137,1.00639286,1.00492819,0.0014646700000000568
h,1.4,6.27204484,1.00851449,1.00726062,0.0012538699999999903
h,1.4,6.29290789,1.00281959,1.00785308,-0.005033489999999974
h,1.4,6.31382104,1.00731834,1.00591811,0.0014002300000000023
h,1.4,6.33495691,1.00662486,1.004945,0.0016798600000000885
h,1.4,6.35600914,1.00470135,1.00729128,-0.0025899300000000736
h,1.4,6.37663869,1.00749537,1.00344341,0.004051959999999966
h,1.4,6.39770954,1.00524869,1.00496864,0.00028004999999997615
h,1.4,6.41872759,1.00695978,1.00307757,0.003882209999999997
h,1.4,6.43951457,1.00405706,1.00628355,-0.00222648999999997
h,1.4,6.46033562,1.00604524,1.00383343,0.0022118099999999252
h,1.4,6.4814564,1.00393237,1.00318189,0.0007504799999999978
h,1.4,6.50265681,1.00432972,1.00579955,-0.0014698300000000053
h,1.4,6.52350383,1.00238977,1.00645685,-0.004067080000000001
h,1.4,6.54427866,1.00783485,1.00422569,0.003609160000000111
h,1.4,6.56515568,1.0035714,1.00321837,0.00035303000000008744
h,1.4,6.58628576,1.00403948,1.00481037,-0.0007708899999998575
h,1.4,6.60749316,1.00332162,1.00573873,-0.002417110000000111
h,1.4,6.62830625,1.00452151,1.00417653,0.0003449799999999392
h,1.4,6.64913567,1.00610664,1.00257044,0.0035362000000001004
h,1.4,6.67020149,1.00456183,1.00395152,0.0006103100000001138
h,1.4,6.69106898,1.00470521,1.00578492,-0.001079709999999956
h,1.4,6.71185955,1.00491051,1.00376849,0.0011420200000000769
h,1.4,6.73264651,0.999942022,1.00196274,-0.0020207179999999214
h,1.4,6.7537045,0.999921111,1.00223926,-0.002318149000000047
h,1.4,6.77487174,1.00112802,1.00053722,0.0005907999999998914
h,1.4,6.79557562,1.00108262,1.0030374,-0.001954779999999934
h,1.4,6.81648781,1.00343536,1.00206424,0.00137112000000017
h,1.4,6.83753747,1.00358063,1.00408472,-0.0005040899999999571
h,1.4,6.85867557,1.0022623,1.00329315,-0.0010308500000000276
h,1.4,6.87985316,0.999804801,1.00238637,-0.0025815689999999503
h,1.4,6.90065786,1.00375122,1.00232594,0.0014252800000000843
h,1.4,6.92153112,1.00161234,1.00245732,-0.0008449799999998842
h,1.4,6.94229803,1.00262361,1.00362683,-0.0010032199999998603
h,1.4,6.9630016,1.00191228,1.00188103,3.124999999992717e-05
h,1.4,6.98416877,1.00022028,1.00325069,-0.003030410000000039
h,1.4,7.0052781,1.00157975,1.00187673,-0.0002969799999998912
h,1.4,7.02617612,1.00162889,1.00184513,-0.00021623999999986765
h,1.4,7.04699526,1.00078687,1.00317414,-0.0023872700000000524
h,1.4,7.06761685,1.00083402,1.00162018,-0.0007861599999998692
h,1.4,7.08873369,1.00064735,1.00134215,-0.0006947999999999954
h,1.4,7.10994937,1.00174735,1.00152814,0.00021921000000002522
h,1.4,7.13102893,0.999120917,1.00144188,-0.0023209629999999537
h,1.4,7.15201412,1.00100167,1.00161297,-0.0006113000000000923
h,1.4,7.17271336,1.0013797,1.00021814,0.001161559999999895
h,1.4,7.19374266,1.00196009,0.999560918,0.0023991720000000605
h,1.4,7.21473042,0.999747398,0.999991832,-0.00024443399999996007
h,1.4,7.23564263,1.00232163,1.00065703,0.001664600000000016
h,1.4,7.25666289,0.999786865,1.00022936,-0.0004424950000000427
h,1.4,7.27757645,0.999955014,1.00001347,-5.845600000009554e-05
h,1.4,7.2984411,0.99926952,1.00245246,-0.0031829399999999675
h,1.4,7.31917384,0.99884863,0.999171605,-0.0003229750000000031
h,1.4,7.34001688,1.0015727,0.997373934,0.0041987660000001314
h,1.4,7.3611683,0.99924504,0.997818199,0.001426841000000012
h,1.4,7.38224284,0.998693795,0.997213692,0.0014801030000000104
h,1.4,7.40324015,1.00173083,0.998285721,0.0034451090000000573
h,1.4,7.42408854,1.00099624,0.999814668,0.0011815720000001306
h,1.4,7.44500634,0.997846869,0.999783462,-0.001936593000000042
h,1.4,7.46595959,0.999448436,0.99688209,0.0025663459999999416
h,1.4,7.48696308,1.0008372,0.999771663,0.0010655370000001163
h,1.4,7.5079936,0.998441622,0.997848669,0.0005929529999999517
h,1.4,7.52871967,1.00130302,0.997060032,0.004242987999999892
h,1.4,7.54966921,0.998944451,0.999490257,-0.000545806000000093
h,1.4,7.57064902,0.998289043,0.998865509,-0.0005764660000000532
h,1.4,7.59151428,0.997473367,0.99803471,-0.0005613429999999919
h,1.4,7.6123809,0.997899495,0.999077909,-0.001178414000000072
h,1.4,7.63338324,0.998438607,0.997877673,0.0005609340000000129
h,1.4,7.65450532,0.998409606,0.999780122,-0.0013705160000000438
h,1.4,7.67556944,0.998800886,0.99965017,-0.0008492839999999502
h,1.4,7.69637751,0.997223982,0.994342689,0.0028812929999999515
h,1.4,7.71727216,0.99758732,0.997874938,-0.0002876179999999895
h,1.4,7.73835725,0.998877415,0.99965435,-0.0007769349999999786
h,1.4,7.75934923,0.997758675,0.997446085,0.000312590000000057
h,1.4,7.78023116,0.999820916,0.995207784,0.00461313200000002
h,1.4,7.80098697,0.999489553,0.996058805,0.0034307479999999835
h,1.4,7.82190677,0.997400853,0.997399668,1.1850000000146466e-06
h,1.4,7.84304931,0.998004135,0.996282296,0.0017218390000000028
h,1.4,7.86405132,0.996558839,0.999287149,-0.002728310000000067
h,1.4,7.88484553,0.997593987,1.00052902,-0.002935033000000087
h,1.4,7.90574885,0.997018366,0.998711926,-0.0016935599999999829
h,1.4,7.9267531,0.996872143,0.996226164,0.0006459790000000742
h,1.4,7.94765228,0.995845161,0.998615594,-0.0027704330000000166
h,1.4,7.96842304,0.99708674,0.997651405,-0.0005646650000000752
h,1.4,7.98938616,0.996674903,0.998033156,-0.0013582530000000315
h,1.4,8.01050815,0.997801979,0.997298625,0.0005033540000000114
h,1.4,8.03153334,0.997480733,0.997912855,-0.00043212200000009027
h,1.4,8.05240251,0.998114784,0.994739839,0.003374945000000018
h,1.4,8.07332696,0.995624548,0.997432447,-0.0018078990000000017
h,1.4,8.09438514,0.996676137,0.996426222,0.00024991500000004496
h,1.4,8.11529588,0.998600445,0.99711483,0.0014856149999999957
h,1.4,8.13618411,0.997315562,0.997160922,0.0001546400000000947
h,1.4,8.15717855,0.995752647,0.998281022,-0.002528375000000027
h,1.4,8.17807847,0.999870023,0.995078551,0.004791472000000074
h,1.4,8.19905269,0.997848946,0.995814734,0.0020342119999999797
h,1.4,8.21991085,0.996482488,1.00014775,-0.003665261999999947
h,1.4,8.24078529,0.994426098,0.998453197,-0.0040270989999999784
h,1.4,8.26195652,0.997503496,0.995683946,0.0018195500000000031
h,1.4,8.28293039,0.994237755,0.996130727,-0.0018929720000000483
h,1.4,8.30373423,0.998111148,0.997087905,0.001023243000000007
h,1.4,8.32452583,0.99698582,0.99681761,0.00016821000000000197
h,1.4,8.34556221,0.996372576,0.995704705,0.0006678709999999866
h,1.4,8.36671927,0.998051737,0.997624389,0.0004273480000001051
h,1.4,8.38757523,0.998412043,0.996361873,0.0020501699999999623
h,1.4,8.40855808,0.997686931,0.997826723,-0.00013979199999991643
h,1.4,8.42953585,0.993936974,0.994216836,-0.0002798619999999641
h,1.4,8.45042977,0.99715006,0.994880921,0.00226913899999992
h,1.4,8.47138662,0.993654188,0.997933509,-0.004279320999999947
h,1.4,8.49217243,0.995544978,0.995870219,-0.00032524099999997613
h,1.4,8.51321806,0.995508451,0.9949016,0.0006068509999999083
h,1.4,8.53421183,0.996253435,0.997516649,-0.001263214000000068
h,1.4,8.55508292,0.993518662,0.995580394,-0.0020617319999999273
h,1.4,8.57598662,0.997363139,0.997001245,0.00036189399999997374
h,1.4,8.59679232,0.997356647,0.99616542,0.0011912270000000724
h,1.4,8.61783107,0.994329894,0.997894816,-0.003564921999999915
h,1.4,8.63891768,0.997843028,0.995847857,0.001995171000000018
h,1.4,8.65972861,0.995966363,0.996591262,-0.0006248990000000676
h,1.4,8.68059853,0.996211362,0.996530561,-0.00031919899999999224
h,1.4,8.70174168,0.997487943,0.996188244,0.001299699000000043
h,1.4,8.72279566,0.997325284,0.994553502,0.002771781999999945
h,1.4,8.74359241,0.996903394,0.996601709,0.0003016850000000515
h,1.4,8.76424415,0.99366871,0.996056359,-0.0023876489999999917
h,1.4,8.78526729,0.996101842,0.994104364,0.0019974779999999415
h,1.4,8.80637189,0.996147032,0.995409257,0.0007377749999999406
h,1.4,8.82736896,0.995035397,0.993240883,0.0017945139999999693
h,1.4,8.84843212,0.99626324,0.998589328,-0.002326088000000004
h,1.4,8.86933197,0.996581688,0.995564845,0.001016843000000045
h,1.4,8.89026857,0.995332644,0.995198775,0.00013386900000000868
h,1.4,8.91123702,0.996846693,0.995589575,0.001257117999999946
h,1.4,8.93214776,0.997056644,0.996342113,0.0007145310000000737
h,1.4,8.95312097,0.996220255,0.995909455,0.00031079999999994445
h,1.4,8.9741304,0.997246037,0.996070972,0.0011750649999999752
h,1.4,8.99505705,0.995864425,0.997233603,-0.0013691779999999154
h,1.4,9.01571368,0.996290978,0.994149719,0.002141258999999951
h,1.4,9.03640927,0.995851757,0.996879621,-0.0010278640000001005
h,1.4,9.05755121,0.997755632,0.993899831,0.0038558009999999365
h,1.4,9.07868023,0.998211784,0.99611431,0.0020974740000000436
h,1.4,9.09969513,0.993793977,0.996238948,-0.0024449709999999625
h,1.4,9.1205658,0.99499139,0.998046293,-0.0030549029999999977
h,1.4,9.14137844,0.997247447,0.995791305,0.0014561419999999936
h,1.4,9.16237082,0.996268022,0.997835973,-0.0015679510000000674
h,1.4,9.18339441,0.998279849,0.996097097,0.0021827519999999545
h,1.4,9.20447395,0.99653287,0.995706918,0.0008259520000000187
h,1.4,9.22549281,0.996151492,0.99629608,-0.00014458800000005656
h,1.4,9.2463962,0.996492678,0.997307852,-0.0008151740000000851
h,1.4,9.26722673,0.996150984,0.997977074,-0.0018260900000000024
h,1.4,9.28791689,0.997481118,0.995803749,0.0016773690000000396
h,1.4,9.30892724,0.998691899,0.994899772,0.0037921269999999785
h,1.4,9.33003065,0.994572266,0.997181385,-0.0026091189999999376
h,1.4,9.35102864,0.996627652,0.997096653,-0.0004690010000000244
h,1.4,9.37196601,0.997126792,0.995818772,0.0013080199999999653
h,1.4,9.39258783,0.996853735,0.994640338,0.002213397000000006
h,1.4,9.41349621,0.99662276,0.996801044,-0.00017828399999997302
h,1.4,9.4347927,0.996439761,0.99588529,0.0005544709999999453
h,1.4,9.45587737,0.99698115,0.998045334,-0.001064183999999968
h,1.4,9.47676866,0.998430147,0.996800742,0.0016294049999999727
h,1.4,9.49762777,0.995962688,0.996032142,-6.945400000002433e-05
h,1.4,9.51852362,0.995468138,0.996131693,-0.0006635550000000379
h,1.4,9.53939795,0.996669918,0.996500515,0.0001694030000000124
h,1.4,9.56035551,0.996177968,0.996795254,-0.0006172859999999947
h,1.4,9.58149741,0.997655248,0.996429002,0.0012262460000000974
h,1.4,9.60249587,0.998136664,0.997707856,0.00042880800000000274
h,1.4,9.62336478,0.997709651,1.00028331,-0.0025736589999999504
h,1.4,9.64415055,1.00043396,0.997449113,0.0029848470000000127
h,1.4,9.66502224,0.998237983,0.99886941,-0.0006314269999999622
h,1.4,9.68597433,0.997149198,0.998413911,-0.0012647129999999729
h,1.4,9.7069728,0.998681449,0.997268962,0.0014124869999999623
h,1.4,9.72797765,0.997747196,0.995935531,0.0018116649999999623
h,1.4,9.74896401,0.99771195,0.998924981,-0.001213031000000031
h,1.4,9.76996217,0.997474408,0.998221171,-0.0007467629999999836
h,1.4,9.79085678,0.999622238,0.996480388,0.0031418500000000016
h,1.4,9.81166698,0.998952543,0.996603586,0.0023489570000000404
h,1.4,9.83262494,0.998296401,0.995293148,0.003003253000000039
h,1.4,9.85372265,0.998153084,0.997444455,0.0007086290000000162
h,1.4,9.87472665,0.99806155,0.998890421,-0.0008288710000000643
h,1.4,9.89559934,0.999301745,0.997789006,0.0015127390000000407
h,1.4,9.91635289,0.997528,0.995702549,0.001825450999999978
h,1.4,9.93737645,1.000322,0.998295278,0.002026721999999981
h,1.4,9.95856995,0.997211735,0.997538434,-0.00032669899999993035
h,1.4,9.97940815,0.996477664,0.998489018,-0.0020113539999999652
h,1.4,10.000082,0.998155053,0.996974605,0.001180447999999945
h,1.6,0.0252815853,0.0130858841,0.0005296485,0.0125562356
h,1.6,0.0486976344,0.014567078,0.00202846552,0.012538612480000001
h,1.6,0.0692644017,0.0166162702,0.00402958427,0.01258668593
h,1.6,0.08877835,0.0193532416,0.0065389667,0.012814274900000002
h,1.6,0.111604297,0.023243414,0.0103843786,0.0128590354
h,1.6,0.132731806,0.027543074,0.014921314,0.012621760000000001
h,1.6,0.153672181,0.0321250678,0.0194036234,0.012721444399999997
h,1.6,0.175641863,0.0392369307,0.0254828463,0.013754084399999998
h,1.6,0.196615509,0.044309111,0.0314882479,0.012820863099999996
h,1.6,0.217326708,0.0515317829,0.0383529598,0.0131788231
h,1.6,0.237538457,0.0603064021,0.0459423072,0.014364094900000006
h,1.6,0.258148683,0.0676639531,0.0544368764,0.013227076699999993
h,1.6,0.28040349,0.0786630823,0.0635472762,0.015115806100000004
h,1.6,0.301929084,0.0882359273,0.0723367336,0.01589919370000001
h,1.6,0.322287413,0.0979934304,0.0829809724,0.015012457999999992
h,1.6,0.342663331,0.108970418,0.0941899695,0.014780448500000001
h,1.6,0.363641289,0.119788064,0.106021932,0.013766132
h,1.6,0.385602948,0.131815964,0.117278241,0.014537723000000002
h,1.6,0.406737165,0.145792941,0.131483427,0.014309513999999995
h,1.6,0.427001871,0.157033395,0.142672773,0.01436062199999999
h,1.6,0.448754416,0.172251889,0.158300225,0.013951664000000003
h,1.6,0.469601745,0.187894565,0.172040278,0.015854287000000022
h,1.6,0.489805379,0.200450177,0.187419918,0.013030259000000016
h,1.6,0.510302494,0.215000626,0.2006271,0.014373525999999998
h,1.6,0.53178319,0.233017047,0.216457362,0.01655968500000002
h,1.6,0.553922362,0.246492373,0.232047709,0.014444663999999996
h,1.6,0.574670041,0.263504692,0.251210747,0.012293944999999973
h,1.6,0.594645701,0.278840621,0.265355673,0.013484947999999997
h,1.6,0.615540037,0.297592735,0.284801103,0.012791631999999997
h,1.6,0.636554081,0.31637582,0.302452871,0.013922948999999962
h,1.6,0.658102417,0.332455691,0.320108264,0.012347427000000022
h,1.6,0.679189641,0.352305582,0.338444245,0.013861337000000029
h,1.6,0.700054044,0.370919456,0.359353412,0.011566043999999998
h,1.6,0.721329826,0.389953769,0.380455977,0.009497792000000005
h,1.6,0.742033923,0.410665039,0.399618511,0.011046528
h,1.6,0.762614581,0.426688756,0.419798901,0.006889855
h,1.6,0.783270495,0.448812006,0.437610291,0.011201715000000001
h,1.6,0.804783918,0.46951941,0.459703853,0.00981555700000003
h,1.6,0.826095906,0.488822219,0.482354341,0.0064678779999999825
h,1.6,0.846303977,0.508154221,0.499617637,0.008536583999999958
h,1.6,0.867174819,0.527929084,0.518490406,0.00943867800000009
h,1.6,0.888413258,0.549041134,0.541022903,0.008018230999999987
h,1.6,0.909910564,0.572260369,0.561491592,0.010768777000000007
h,1.6,0.931134698,0.588902377,0.586218541,0.002683835999999995
h,1.6,0.951563161,0.609802709,0.606590782,0.003211926999999948
h,1.6,0.972160451,0.636458928,0.625735422,0.01072350600000005
h,1.6,0.993008165,0.646296233,0.644892025,0.0014042080000000734
h,1.6,1.0140906,0.668741682,0.66615613,0.002585551999999991
h,1.6,1.03500338,0.689935647,0.689241667,0.0006939799999999829
h,1.6,1.05657413,0.70912382,0.706704115,0.0024197049999999942
h,1.6,1.07789814,0.729301428,0.721436711,0.007864717000000021
h,1.6,1.09835045,0.743640235,0.745261491,-0.0016212560000000709
h,1.6,1.11903902,0.76511214,0.761872003,0.003240137000000032
h,1.6,1.1396405,0.779694595,0.776979785,0.0027148100000000674
h,1.6,1.16109193,0.795837046,0.795685854,0.0001511920000000222
h,1.6,1.18227503,0.811489835,0.817980839,-0.006491003999999911
h,1.6,1.2030555,0.827108489,0.828407308,-0.001298818999999951
h,1.6,1.22375183,0.843517826,0.840832659,0.0026851669999999883
h,1.6,1.24453484,0.856870704,0.859099252,-0.0022285480000000524
h,1.6,1.26570671,0.873043577,0.8748603,-0.00181672300000002
h,1.6,1.28693994,0.883612577,0.884730141,-0.0011175640000000708
h,1.6,1.30807124,0.894462742,0.89685115,-0.002388408000000064
h,1.6,1.32889646,0.905794921,0.909901331,-0.004106410000000005
h,1.6,1.34945121,0.918404497,0.923210617,-0.004806119999999914
h,1.6,1.37055188,0.933178106,0.930227713,0.0029503929999999956
h,1.6,1.39148285,0.937501504,0.941607373,-0.004105868999999984
h,1.6,1.41220445,0.951718395,0.951544008,0.00017438699999994256
h,1.6,1.43352474,0.952931664,0.954327185,-0.0013955210000000662
h,1.6,1.45454751,0.961536682,0.966984155,-0.005447473000000036
h,1.6,1.47511055,0.971305895,0.972907667,-0.0016017720000000013
h,1.6,1.49566583,0.97956904,0.97622174,0.003347300000000053
h,1.6,1.51690776,0.979668082,0.983974829,-0.004306747
h,1.6,1.53826425,0.987415193,0.990194725,-0.002779532000000029
h,1.6,1.55931449,0.989927504,0.997875182,-0.007947678000000069
h,1.6,1.58012172,1.00007827,1.00158286,-0.0015045900000001389
h,1.6,1.60114355,1.00030199,1.00354156,-0.0032395699999998584
h,1.6,1.62229155,1.00249679,1.0082549,-0.0057581100000001495
h,1.6,1.64295947,1.00969155,1.00741853,0.00227302000000007
h,1.6,1.66366432,1.01171682,1.00988325,0.001833570000000062
h,1.6,1.68478217,1.01010973,1.01781041,-0.007700680000000126
h,1.6,1.7057485,1.01301772,1.01736677,-0.0043490500000000765
h,1.6,1.72683745,1.01359455,1.01450635,-0.0009117999999999071
h,1.6,1.74765849,1.0111323,1.01112157,1.073000000006985e-05
h,1.6,1.76847487,1.01368899,1.0120598,0.001629189999999836
h,1.6,1.78961871,1.01343135,1.01283158,0.0005997699999999995
h,1.6,1.81086098,1.01081654,1.0172675,-0.006450960000000006
h,1.6,1.83179094,1.00889894,1.0123527,-0.0034537600000001945
h,1.6,1.8521746,1.0117925,1.01516945,-0.003376949999999823
h,1.6,1.8733654,1.01872183,1.01225587,0.006465960000000104
h,1.6,1.89455538,1.01105373,1.01210881,-0.001055079999999986
h,1.6,1.91534795,1.01205951,1.01369789,-0.0016383799999999393
h,1.6,1.93623233,1.01320757,1.0119532,0.0012543700000000602
h,1.6,1.9571481,1.00521578,1.00762544,-0.002409660000000091
h,1.6,1.97825109,1.00907831,1.01233899,-0.0032606799999999048
h,1.6,1.99905898,1.01044779,1.00281053,0.007637259999999868
h,1.6,2.01966715,1.00553267,1.00696446,-0.0014317900000000439
h,1.6,2.04082415,1.00574694,1.00355987,0.0021870700000001797
h,1.6,2.06193171,1.00715011,0.999204527,0.007945583000000034
h,1.6,2.08296048,1.00489538,1.01010017,-0.00520479000000007
h,1.6,2.10383017,1.00084576,1.00418909,-0.0033433299999998667
h,1.6,2.12494312,0.999731583,0.999086668,0.0006449149999999682
h,1.6,2.14618475,0.996788595,0.997712769,-0.0009241739999999998
h,1.6,2.16679298,0.995466041,0.999287038,-0.003820996999999937
h,1.6,2.18753482,0.992444535,0.99255284,-0.00010830500000003074
h,1.6,2.20847027,0.990553064,0.990290145,0.0002629189999999726
h,1.6,2.22955181,0.993847603,0.994186994,-0.0003393910000000222
h,1.6,2.25078374,0.992225949,0.988688488,0.003537461000000075
h,1.6,2.27150159,0.991416794,0.984578647,0.006838147000000072
h,1.6,2.29205574,0.982630464,0.992312843,-0.009682379000000019
h,1.6,2.31294326,0.984233561,0.986307548,-0.002073986999999944
h,1.6,2.3340363,0.983579463,0.984737173,-0.0011577099999999785
h,1.6,2.35514399,0.980503596,0.98549115,-0.00498755399999995
h,1.6,2.37607726,0.985988355,0.98388193,0.002106425000000023
h,1.6,2.39730341,0.980456059,0.981951299,-0.0014952400000000088
h,1.6,2.41857203,0.981010595,0.980072364,0.0009382310000000116
h,1.6,2.43911056,0.982752431,0.980716891,0.002035539999999947
h,1.6,2.45988005,0.978652167,0.978054412,0.0005977550000000331
h,1.6,2.48094151,0.977990474,0.975787519,0.0022029550000000064
h,1.6,2.50196601,0.977686575,0.981231664,-0.0035450889999999458
h,1.6,2.52300496,0.981753924,0.977045322,0.004708601999999895
h,1.6,2.54340089,0.976645323,0.974418753,0.0022265699999999278
h,1.6,2.56415297,0.978373072,0.978225986,0.00014708600000001848
h,1.6,2.58575836,0.975265992,0.97906207,-0.003796078000000036
h,1.6,2.60684428,0.973504665,0.973779784,-0.00027511899999999034
h,1.6,2.62775949,0.978166884,0.974294365,0.003872518999999963
h,1.6,2.64834355,0.977375542,0.974269699,0.0031058429999999415
h,1.6,2.66912062,0.98091988,0.973114658,0.0078052220000000005
h,1.6,2.69039946,0.974024582,0.975168139,-0.0011435570000000173
h,1.6,2.71121518,0.974139241,0.974263123,-0.00012388199999990857
h,1.6,2.7321837,0.97335916,0.974638599,-0.0012794390000000488
h,1.6,2.75306239,0.973299011,0.973366732,-6.772099999996506e-05
h,1.6,2.77427049,0.972919173,0.97356983,-0.0006506569999999989
h,1.6,2.79557932,0.974518921,0.973013195,0.001505725999999985
h,1.6,2.8160646,0.973107278,0.974862805,-0.0017555270000000345
h,1.6,2.83689478,0.97626403,0.970465342,0.005798687999999941
h,1.6,2.85801727,0.974893537,0.97286051,0.002033027000000076
h,1.6,2.87906973,0.976121491,0.973862768,0.0022587229999999625
h,1.6,2.89996898,0.975672553,0.973316101,0.002356452000000009
h,1.6,2.92062944,0.972500767,0.973790865,-0.0012900980000000173
h,1.6,2.941605,0.971044054,0.972257478,-0.0012134239999999075
h,1.6,2.96267076,0.972077703,0.976709301,-0.0046315980000000145
h,1.6,2.98347442,0.971769555,0.971666117,0.00010343799999990022
h,1.6,3.00437656,0.974268904,0.976838406,-0.002569502000000057
h,1.6,3.02542142,0.972276794,0.980632482,-0.008355687999999972
h,1.6,3.04658726,0.975700936,0.975972465,-0.0002715290000000481
h,1.6,3.06768101,0.976942005,0.975785718,0.0011562869999999226
h,1.6,3.088328,0.972748085,0.97562529,-0.002877204999999994
h,1.6,3.10931167,0.982434008,0.97554743,0.006886578000000032
h,1.6,3.1305457,0.979465318,0.97900272,0.00046259800000003626
h,1.6,3.15150209,0.977632684,0.978290042,-0.0006573579999999968
h,1.6,3.17219014,0.977623267,0.978166102,-0.0005428349999999638
h,1.6,3.19299024,0.97780514,0.979415708,-0.0016105680000000344
h,1.6,3.21390436,0.977950512,0.977596205,0.00035430700000005366
h,1.6,3.23506564,0.976955762,0.978654448,-0.0016986860000000048
h,1.6,3.25605387,0.977792798,0.978287445,-0.0004946470000000147
h,1.6,3.27685776,0.975589728,0.976392962,-0.0008032340000000415
h,1.6,3.29794723,0.975421478,0.98185299,-0.006431512000000028
h,1.6,3.31884778,0.979363624,0.978651673,0.0007119509999999885
h,1.6,3.33944269,0.979358971,0.98050694,-0.0011479690000000264
h,1.6,3.36030612,0.977475074,0.97964902,-0.002173945999999982
h,1.6,3.38171654,0.976460574,0.980131185,-0.0036706109999999903
h,1.6,3.40297495,0.979780468,0.981433113,-0.0016526450000000636
h,1.6,3.42370792,0.978184619,0.979865578,-0.0016809589999999819
h,1.6,3.44440875,0.981770994,0.976000852,0.005770142000000034
h,1.6,3.465315,0.980048065,0.981816204,-0.0017681390000000574
h,1.6,3.4865867,0.977306152,0.980701098,-0.00339494600000001
h,1.6,3.50751221,0.982648398,0.984408661,-0.0017602629999999841
h,1.6,3.52796741,0.980569689,0.982189045,-0.0016193560000000717
h,1.6,3.5488788,0.983318357,0.983871436,-0.0005530790000000119
h,1.6,3.57014151,0.981209143,0.982896261,-0.0016871180000000985
h,1.6,3.59120365,0.984439043,0.984404506,3.453700000000115e-05
h,1.6,3.61190928,0.985466668,0.982701561,0.0027651070000001
h,1.6,3.63300558,0.981866963,0.979662423,0.0022045400000000326
h,1.6,3.6541422,0.984941111,0.98420169,0.0007394210000000179
h,1.6,3.67500902,0.98110231,0.983999728,-0.002897417999999985
h,1.6,3.69581564,0.983706848,0.983055248,0.0006515999999999744
h,1.6,3.71644729,0.987090179,0.986061425,0.0010287539999999096
h,1.6,3.73749774,0.98222946,0.982354511,-0.00012505100000004266
h,1.6,3.75868086,0.984546683,0.988007503,-0.00346081999999992
h,1.6,3.77950549,0.986464207,0.986491237,-2.7029999999927945e-05
h,1.6,3.80027286,0.98645014,0.984707574,0.001742566000000001
h,1.6,3.82143123,0.987739158,0.986972295,0.000766862999999951
h,1.6,3.84280481,0.984544816,0.985156322,-0.0006115060000000394
h,1.6,3.86349282,0.987193494,0.989789888,-0.002596394000000002
h,1.6,3.88417456,0.988597349,0.984303618,0.004293730999999967
h,1.6,3.90535419,0.986882366,0.989633013,-0.0027506469999999394
h,1.6,3.9264697,0.991331226,0.986500967,0.004830259000000003
h,1.6,3.94738681,0.987998733,0.988613957,-0.0006152240000000253
h,1.6,3.96810309,0.992943569,0.993137875,-0.00019430599999992193
h,1.6,3.98888694,0.992213727,0.991632156,0.000581571000000003
h,1.6,4.00993371,0.99073511,0.991165241,-0.00043013100000000026
h,1.6,4.03080983,0.990628913,0.987269313,0.003359600000000018
h,1.6,4.05178039,0.991766736,0.992605215,-0.0008384790000000031
h,1.6,4.07276799,0.994815704,0.990794626,0.004021077999999956
h,1.6,4.09368684,0.988565232,0.990791888,-0.002226655999999938
h,1.6,4.11485609,0.99224325,0.995609413,-0.003366163000000033
h,1.6,4.13583188,0.990432039,0.991740813,-0.001308774000000068
h,1.6,4.15670688,0.993069228,0.993034938,3.428999999999238e-05
h,1.6,4.17758774,0.991448734,0.994693743,-0.003245009000000021
h,1.6,4.19867141,0.991780524,0.992343274,-0.0005627499999999452
h,1.6,4.21961517,0.996554491,0.991063237,0.0054912540000000565
h,1.6,4.24013393,0.993642501,0.993326137,0.0003163639999999024
h,1.6,4.26119077,0.994685743,0.995257134,-0.0005713910000000322
h,1.6,4.28239268,0.995652098,0.992661184,0.0029909139999999557
h,1.6,4.30342826,0.998175726,0.997416699,0.0007590270000000787
h,1.6,4.32431592,0.994767178,0.996605923,-0.0018387449999999195
h,1.6,4.34508479,0.995175226,0.994944196,0.00023103000000002094
h,1.6,4.36604259,0.995730496,0.99732057,-0.0015900739999999969
h,1.6,4.38708086,0.999226232,0.997045043,0.0021811890000000833
h,1.6,4.40778797,1.00037275,1.00326104,-0.0028882900000000156
h,1.6,4.4288526,0.996010117,1.00016814,-0.004158023000000011
h,1.6,4.44994967,1.00171893,0.999780008,0.0019389220000000096
h,1.6,4.47085438,0.997548863,0.998746897,-0.001198033999999959
h,1.6,4.49188801,0.999312773,0.997379834,0.0019329390000000224
h,1.6,4.51250216,1.00043519,0.99662362,0.0038115699999998753
h,1.6,4.5334461,1.00024175,0.998584626,0.0016571240000000653
h,1.6,4.55463591,1.00055101,1.00279256,-0.0022415500000001476
h,1.6,4.57547609,1.00045604,1.00185048,-0.0013944400000001078
h,1.6,4.59643311,1.00039395,1.00268541,-0.002291459999999912
h,1.6,4.61732903,1.0047646,1.00179918,0.0029654199999999964
h,1.6,4.63833098,1.00167346,1.00175868,-8.522000000010799e-05
h,1.6,4.65949324,1.00184696,1.00100486,0.0008420999999998457
h,1.6,4.68039693,1.00497678,1.00112011,0.0038566700000000065
h,1.6,4.70136745,1.00181638,1.00483472,-0.0030183400000001193
h,1.6,4.72221533,1.00068072,1.00438094,-0.003700220000000032
h,1.6,4.74309374,1.0052751,1.00229171,0.00298339000000003
h,1.6,4.76390784,1.00347801,1.00599851,-0.0025204999999999256
h,1.6,4.78491795,1.00346056,1.00247423,0.0009863299999999242
h,1.6,4.80636204,1.00508587,1.00176865,0.0033172200000000096
h,1.6,4.82728449,1.00328312,1.00225034,0.0010327800000000664
h,1.6,4.84785524,1.00620717,1.00694195,-0.000734780000000157
h,1.6,4.86859731,1.00539159,1.00493597,0.0004556199999998789
h,1.6,4.88954319,1.00494016,1.00694086,-0.0020006999999999664
h,1.6,4.91078695,1.00419372,1.00250474,0.001688979999999951
h,1.6,4.93172016,1.00326027,1.00147242,0.0017878499999999242
h,1.6,4.95244063,1.00551702,1.00497183,0.0005451900000001952
h,1.6,4.97348932,1.00612321,1.0020091,0.004114109999999949
h,1.6,4.994309,1.00456887,1.0042649,0.00030397000000004226
h,1.6,5.01515697,1.00415988,1.0055846,-0.001424719999999935
h,1.6,5.03598003,1.00218395,1.00881867,-0.006634719999999872
h,1.6,5.05703237,1.00723022,1.00687978,0.0003504400000000629
h,1.6,5.07840332,1.00404792,1.00742387,-0.0033759499999999054
h,1.6,5.09943841,1.0058797,1.00340316,0.0024765399999999715
h,1.6,5.12032938,1.00486721,1.00404976,0.0008174499999999973
h,1.6,5.14107614,1.00328178,1.00668951,-0.003407729999999942
h,1.6,5.16214077,1.00455869,1.00389702,0.0006616700000001696
h,1.6,5.18341099,1.00782212,1.00686111,0.0009610099999999289
h,1.6,5.2041075,1.00690941,1.00580202,0.0011073900000000414
h,1.6,5.22477891,1.00604465,1.00457447,0.0014701799999998766
h,1.6,5.24557967,1.00819934,1.00577657,0.0024227699999999075
h,1.6,5.26649236,1.00647989,1.00411653,0.0023633600000001476
h,1.6,5.28753131,1.00819691,1.00429991,0.0038969999999998173
h,1.6,5.30847064,1.00916412,1.00777009,0.001394030000000157
h,1.6,5.32946745,1.00875426,1.0098794,-0.00112514000000008
h,1.6,5.3506922,1.00642058,1.00456997,0.0018506099999999748
h,1.6,5.37158853,1.00941358,1.00590341,0.003510169999999979
h,1.6,5.39231925,1.00810869,1.00874519,-0.0006364999999999288
h,1.6,5.41333352,1.00759312,1.00658847,0.0010046499999998293
h,1.6,5.43434316,1.00598592,1.00841883,-0.0024329100000000103
h,1.6,5.45530659,1.00425077,1.00697459,-0.0027238199999999324
h,1.6,5.47618498,1.0071984,1.00945279,-0.0022543900000000505
h,1.6,5.49715755,1.00673275,1.0080608,-0.001328049999999914
h,1.6,5.51801586,1.00842389,1.00761053,0.0008133599999999852
h,1.6,5.53881995,1.00592317,1.00743403,-0.0015108600000000028
h,1.6,5.55992514,1.00969657,1.00833935,0.0013572200000000478
h,1.6,5.58098545,1.0049749,1.00872637,-0.00375147000000009
h,1.6,5.60183772,1.00874161,1.00899011,-0.00024850000000009587
h,1.6,5.62277584,1.00860963,1.00781495,0.0007946800000000476
h,1.6,5.64379172,1.00862999,1.00964313,-0.001013139999999968
h,1.6,5.66460817,1.00853958,1.00685525,0.0016843300000000117
h,1.6,5.68556022,1.00886751,1.0106063,-0.001738790000000101
h,1.6,5.7067909,1.00983642,1.00624862,0.00358780000000003
h,1.6,5.72769317,1.01067478,1.00629517,0.004379609999999978
h,1.6,5.74840017,1.00886093,1.0101575,-0.0012965700000000524
h,1.6,5.76938192,1.00883963,1.0073392,0.001500429999999886
h,1.6,5.79039764,1.00762386,1.0050393,0.002584560000000069
h,1.6,5.81144039,1.00557128,1.00825671,-0.0026854299999998776
h,1.6,5.83232115,1.01028594,1.01007974,0.00020620000000004524
h,1.6,5.85320209,1.0083955,1.0092275,-0.0008319999999999439
h,1.6,5.87418919,1.00871512,1.00673982,0.001975300000000013
h,1.6,5.89509625,1.008811,1.00727291,0.0015380899999999365
h,1.6,5.9159726,1.00859776,1.00938935,-0.0007915899999999532
h,1.6,5.93682663,1.00930639,1.00840881,0.0008975800000001755
h,1.6,5.95791772,1.00885712,1.00903986,-0.00018273999999984802
h,1.6,5.97900675,1.0050559,1.00720054,-0.002144640000000031
h,1.6,5.99978945,1.00864676,1.00805013,0.0005966299999999869
h,1.6,6.02063577,1.00705482,1.00657723,0.0004775900000000277
h,1.6,6.04156421,1.00859194,1.00737624,0.0012157000000001528
h,1.6,6.06259364,1.00595899,1.00870808,-0.0027490899999997875
h,1.6,6.08377541,1.00572993,1.00738433,-0.0016544000000000558
h,1.6,6.10447051,1.00695473,1.01148122,-0.004526490000000161
h,1.6,6.12538157,1.00722178,1.00594302,0.0012787600000001564
h,1.6,6.14660689,1.00699309,1.0051589,0.0018341899999998468
h,1.6,6.16752321,1.00515803,1.00653712,-0.0013790899999999162
h,1.6,6.18833806,1.00698101,1.00743842,-0.0004574099999998804
h,1.6,6.20938667,1.00597125,1.00840858,-0.0024373300000000153
h,1.6,6.23052184,1.00789371,1.00481904,0.003074669999999946
h,1.6,6.25137137,1.00712666,1.00492819,0.0021984699999999524
h,1.6,6.27204484,1.00460787,1.00726062,-0.0026527499999999815
h,1.6,6.29290789,1.00598023,1.00785308,-0.001872850000000037
h,1.6,6.31382104,1.00492336,1.00591811,-0.0009947500000000442
h,1.6,6.33495691,1.00830005,1.004945,0.003355049999999915
h,1.6,6.35600914,1.00640657,1.00729128,-0.0008847100000000108
h,1.6,6.37663869,1.00533808,1.00344341,0.0018946699999999872
h,1.6,6.39770954,1.00900107,1.00496864,0.004032430000000087
h,1.6,6.41872759,1.00731349,1.00307757,0.004235919999999949
h,1.6,6.43951457,1.00518341,1.00628355,-0.0011001399999999162
h,1.6,6.46033562,1.00677675,1.00383343,0.0029433199999999715
h,1.6,6.4814564,1.00553835,1.00318189,0.0023564599999998936
h,1.6,6.50265681,1.00391796,1.00579955,-0.0018815899999999885
h,1.6,6.52350383,1.00512005,1.00645685,-0.0013368000000000269
h,1.6,6.54427866,1.00650211,1.00422569,0.0022764200000000567
h,1.6,6.56515568,1.00332962,1.00321837,0.00011125000000000718
h,1.6,6.58628576,1.00523086,1.00481037,0.0004204899999999956
h,1.6,6.60749316,1.00374934,1.00573873,-0.001989390000000091
h,1.6,6.62830625,1.00394657,1.00417653,-0.00022995999999997352
h,1.6,6.64913567,1.00474171,1.00257044,0.0021712700000000584
h,1.6,6.67020149,1.00232521,1.00395152,-0.0016263100000000197
h,1.6,6.69106898,1.00309985,1.00578492,-0.002685070000000067
h,1.6,6.71185955,1.00442309,1.00376849,0.0006546000000000607
h,1.6,6.73264651,1.0029912,1.00196274,0.0010284600000001198
h,1.6,6.7537045,1.00425033,1.00223926,0.0020110700000000037
h,1.6,6.77487174,1.00093056,1.00053722,0.0003933400000000198
h,1.6,6.79557562,1.00583095,1.0030374,0.0027935500000000335
h,1.6,6.81648781,1.00381326,1.00206424,0.001749020000000101
h,1.6,6.83753747,1.00204569,1.00408472,-0.0020390299999999417
h,1.6,6.85867557,1.0007528,1.00329315,-0.002540349999999858
h,1.6,6.87985316,1.00597929,1.00238637,0.0035929199999999994
h,1.6,6.90065786,1.00279578,1.00232594,0.00046984000000005466
h,1.6,6.92153112,1.00338352,1.00245732,0.0009262000000000992
h,1.6,6.94229803,1.00048523,1.00362683,-0.0031415999999999666
h,1.6,6.9630016,1.00213069,1.00188103,0.0002496599999999294
h,1.6,6.98416877,1.0022582,1.00325069,-0.0009924900000000125
h,1.6,7.0052781,1.00194203,1.00187673,6.529999999993485e-05
h,1.6,7.02617612,1.00148911,1.00184513,-0.0003560199999999014
h,1.6,7.04699526,1.00356512,1.00317414,0.0003909799999999297
h,1.6,7.06761685,1.00110685,1.00162018,-0.0005133299999999785
h,1.6,7.08873369,1.00155154,1.00134215,0.00020938999999997598
h,1.6,7.10994937,0.999627447,1.00152814,-0.0019006930000000644
h,1.6,7.13102893,1.00206453,1.00144188,0.0006226499999999469
h,1.6,7.15201412,1.00180155,1.00161297,0.00018857999999988273
h,1.6,7.17271336,1.00011908,1.00021814,-9.90600000001507e-05
h,1.6,7.19374266,0.999588215,0.999560918,2.7296999999926186e-05
h,1.6,7.21473042,1.0020546,0.999991832,0.002062767999999937
h,1.6,7.23564263,1.00071585,1.00065703,5.882000000001497e-05
h,1.6,7.25666289,1.0019638,1.00022936,0.0017344399999998927
h,1.6,7.27757645,1.00150954,1.00001347,0.0014960699999999605
h,1.6,7.2984411,1.00204167,1.00245246,-0.0004107899999998832
h,1.6,7.31917384,0.997001191,0.999171605,-0.002170414000000065
h,1.6,7.34001688,0.998061279,0.997373934,0.0006873450000000059
h,1.6,7.3611683,1.00292159,0.997818199,0.005103390999999902
h,1.6,7.38224284,1.00098576,0.997213692,0.003772068000000073
h,1.6,7.40324015,1.00015364,0.998285721,0.0018679189999999402
h,1.6,7.42408854,0.999357559,0.999814668,-0.0004571089999999556
h,1.6,7.44500634,0.998021462,0.999783462,-0.0017620000000000413
h,1.6,7.46595959,0.999727831,0.99688209,0.0028457409999999017
h,1.6,7.48696308,1.00121231,0.999771663,0.0014406470000001281
h,1.6,7.5079936,0.999640017,0.997848669,0.001791348000000026
h,1.6,7.52871967,0.997985625,0.997060032,0.0009255929999999468
h,1.6,7.54966921,0.997410916,0.999490257,-0.002079341000000068
h,1.6,7.57064902,1.00153908,0.998865509,0.0026735709999998747
h,1.6,7.59151428,0.997924393,0.99803471,-0.00011031699999997091
h,1.6,7.6123809,0.997608291,0.999077909,-0.0014696180000000059
h,1.6,7.63338324,0.996768759,0.997877673,-0.0011089140000000164
h,1.6,7.65450532,1.00018841,0.999780122,0.0004082880000000344
h,1.6,7.67556944,0.995516521,0.99965017,-0.004133649000000017
h,1.6,7.69637751,0.998573859,0.994342689,0.004231169999999951
h,1.6,7.71727216,0.999121884,0.997874938,0.001246945999999971
h,1.6,7.73835725,0.997753058,0.99965435,-0.0019012919999999989
h,1.6,7.75934923,0.999313679,0.997446085,0.001867594000000028
h,1.6,7.78023116,0.997995147,0.995207784,0.0027873630000000427
h,1.6,7.80098697,0.995260788,0.996058805,-0.0007980170000000397
h,1.6,7.82190677,0.995766553,0.997399668,-0.0016331149999999628
h,1.6,7.84304931,0.997108012,0.996282296,0.0008257160000000319
h,1.6,7.86405132,0.996988502,0.999287149,-0.0022986470000000425
h,1.6,7.88484553,0.997045199,1.00052902,-0.003483821000000109
h,1.6,7.90574885,0.998884761,0.998711926,0.0001728349999999823
h,1.6,7.9267531,0.997484518,0.996226164,0.0012583540000000726
h,1.6,7.94765228,0.99666011,0.998615594,-0.0019554840000000073
h,1.6,7.96842304,0.998913155,0.997651405,0.0012617499999999504
h,1.6,7.98938616,0.996092099,0.998033156,-0.0019410570000000238
h,1.6,8.01050815,0.995722817,0.997298625,-0.0015758080000000119
h,1.6,8.03153334,0.995788641,0.997912855,-0.0021242140000000687
h,1.6,8.05240251,0.999230663,0.994739839,0.004490824000000004
h,1.6,8.07332696,0.997973665,0.997432447,0.0005412179999999545
h,1.6,8.09438514,0.997915357,0.996426222,0.0014891350000000303
h,1.6,8.11529588,0.995550142,0.99711483,-0.0015646879999999808
h,1.6,8.13618411,0.996236702,0.997160922,-0.0009242199999999201
h,1.6,8.15717855,0.998065707,0.998281022,-0.00021531500000004922
h,1.6,8.17807847,0.995784668,0.995078551,0.0007061170000000061
h,1.6,8.19905269,0.995970053,0.995814734,0.0001553189999999871
h,1.6,8.21991085,0.99804961,1.00014775,-0.0020981399999999706
h,1.6,8.24078529,0.994540404,0.998453197,-0.0039127930000000255
h,1.6,8.26195652,0.997098295,0.995683946,0.001414349000000037
h,1.6,8.28293039,0.995661923,0.996130727,-0.00046880400000004485
h,1.6,8.30373423,0.997206711,0.997087905,0.00011880600000002683
h,1.6,8.32452583,0.997567224,0.99681761,0.000749613999999954
h,1.6,8.34556221,0.996267011,0.995704705,0.0005623060000000679
h,1.6,8.36671927,0.996995717,0.997624389,-0.0006286719999999413
h,1.6,8.38757523,0.99674671,0.996361873,0.00038483700000002674
h,1.6,8.40855808,0.99557322,0.997826723,-0.0022535029999999345
h,1.6,8.42953585,0.99881322,0.994216836,0.004596383999999953
h,1.6,8.45042977,0.996030816,0.994880921,0.0011498949999999564
h,1.6,8.47138662,0.994663657,0.997933509,-0.003269851999999962
h,1.6,8.49217243,0.996452796,0.995870219,0.0005825770000000841
h,1.6,8.51321806,0.996451037,0.9949016,0.0015494369999999869
h,1.6,8.53421183,0.996283115,0.997516649,-0.001233534000000036
h,1.6,8.55508292,0.994733502,0.995580394,-0.000846891999999988
h,1.6,8.57598662,0.997294221,0.997001245,0.00029297600000000035
h,1.6,8.59679232,0.997211465,0.99616542,0.001046045000000051
h,1.6,8.61783107,0.995658864,0.997894816,-0.00223595199999993
h,1.6,8.63891768,0.995303575,0.995847857,-0.000544282000000007
h,1.6,8.65972861,0.997326356,0.996591262,0.0007350939999999362
h,1.6,8.68059853,0.994666939,0.996530561,-0.0018636220000000092
h,1.6,8.70174168,0.996700995,0.996188244,0.0005127510000000335
h,1.6,8.72279566,0.9961497,0.994553502,0.0015961979999999931
h,1.6,8.74359241,0.994858339,0.996601709,-0.0017433700000000218
h,1.6,8.76424415,0.996684861,0.996056359,0.0006285019999999752
h,1.6,8.78526729,0.996006552,0.994104364,0.0019021879999999713
h,1.6,8.80637189,0.995607531,0.995409257,0.00019827399999994277
h,1.6,8.82736896,0.994143547,0.993240883,0.000902663999999942
h,1.6,8.84843212,0.994346218,0.998589328,-0.004243109999999994
h,1.6,8.86933197,0.998591798,0.995564845,0.003026952999999999
h,1.6,8.89026857,0.995576347,0.995198775,0.0003775719999999927
h,1.6,8.91123702,0.998018205,0.995589575,0.0024286300000000427
h,1.6,8.93214776,0.996334489,0.996342113,-7.623999999983866e-06
h,1.6,8.95312097,0.997087118,0.995909455,0.0011776629999999955
h,1.6,8.9741304,0.995829068,0.996070972,-0.000241904000000015
h,1.6,8.99505705,0.99725552,0.997233603,2.1916999999982423e-05
h,1.6,9.01571368,0.995485874,0.994149719,0.00133615499999995
h,1.6,9.03640927,0.997197342,0.996879621,0.0003177209999999375
h,1.6,9.05755121,0.996055467,0.993899831,0.0021556360000000163
h,1.6,9.07868023,0.993611168,0.99611431,-0.0025031419999999027
h,1.6,9.09969513,0.996891445,0.996238948,0.0006524970000000296
h,1.6,9.1205658,0.995768063,0.998046293,-0.0022782300000000477
h,1.6,9.14137844,0.99613149,0.995791305,0.00034018499999999285
h,1.6,9.16237082,0.997449511,0.997835973,-0.00038646200000003184
h,1.6,9.18339441,0.994867477,0.996097097,-0.0012296200000000423
h,1.6,9.20447395,0.996877233,0.995706918,0.0011703149999999773
h,1.6,9.22549281,0.997438642,0.99629608,0.0011425619999999581
h,1.6,9.2463962,0.994389742,0.997307852,-0.002918110000000085
h,1.6,9.26722673,0.995442018,0.997977074,-0.0025350560000000355
h,1.6,9.28791689,0.995594851,0.995803749,-0.0002088980000000129
h,1.6,9.30892724,0.997793343,0.994899772,0.0028935709999999837
h,1.6,9.33003065,0.994276364,0.997181385,-0.0029050210000000076
h,1.6,9.35102864,0.996543796,0.997096653,-0.0005528570000000732
h,1.6,9.37196601,0.996284082,0.995818772,0.00046530999999994105
h,1.6,9.39258783,0.995334003,0.994640338,0.00069366500000001
h,1.6,9.41349621,0.997397812,0.996801044,0.0005967679999999698
h,1.6,9.4347927,0.996820725,0.99588529,0.000935434999999929
h,1.6,9.45587737,0.99741571,0.998045334,-0.0006296239999999953
h,1.6,9.47676866,0.997468971,0.996800742,0.0006682289999999647
h,1.6,9.49762777,0.996077785,0.996032142,4.564299999998411e-05
h,1.6,9.51852362,0.997220698,0.996131693,0.0010890049999999762
h,1.6,9.53939795,0.998416805,0.996500515,0.0019162899999999317
h,1.6,9.56035551,0.99597337,0.996795254,-0.0008218840000000505
h,1.6,9.58149741,0.99631938,0.996429002,-0.0001096219999999759
h,1.6,9.60249587,0.997674256,0.997707856,-3.359999999996699e-05
h,1.6,9.62336478,0.996591667,1.00028331,-0.003691642999999911
h,1.6,9.64415055,0.996221036,0.997449113,-0.0012280770000000496
h,1.6,9.66502224,0.998425834,0.99886941,-0.0004435760000000011
h,1.6,9.68597433,0.996308487,0.998413911,-0.0021054240000000224
h,1.6,9.7069728,0.996607311,0.997268962,-0.0006616510000000408
h,1.6,9.72797765,0.998116835,0.995935531,0.0021813040000000505
h,1.6,9.74896401,0.99673414,0.998924981,-0.002190840999999999
h,1.6,9.76996217,0.99877783,0.998221171,0.0005566590000000149
h,1.6,9.79085678,0.999468108,0.996480388,0.002987719999999916
h,1.6,9.81166698,0.997969556,0.996603586,0.0013659700000000496
h,1.6,9.83262494,0.999316148,0.995293148,0.004022999999999999
h,1.6,9.85372265,0.999836388,0.997444455,0.0023919329999999572
h,1.6,9.87472665,0.996589143,0.998890421,-0.0023012780000000177
h,1.6,9.89559934,0.997730978,0.997789006,-5.8027999999987756e-05
h,1.6,9.91635289,0.999458469,0.995702549,0.0037559200000000237
h,1.6,9.93737645,0.999376098,0.998295278,0.0010808200000000934
h,1.6,9.95856995,0.99811819,0.997538434,0.0005797560000000423
h,1.6,9.97940815,0.997037355,0.998489018,-0.001451662999999992
h,1.6,10.000082,0.998682939,0.996974605,0.0017083340000000335
