panel,quantity,sweep,value,q_sigma,measured,fit
A,S_BB,c,-1.0,0.0252815853,0.000544365303,
A,S_BB,c,-1.0,0.0486976344,0.00210408603,
A,S_BB,c,-1.0,0.0692644017,0.00417643504,
A,S_BB,c,-1.0,0.08877835,0.00678559385,
A,S_BB,c,-1.0,0.111604297,0.0106654588,
A,S_BB,c,-1.0,0.132731806,0.0151426495,
A,S_BB,c,-1.0,0.153672181,0.0195512357,
A,S_BB,c,-1.0,0.175641863,0.0262980275,
A,S_BB,c,-1.0,0.196615509,0.0321018561,
A,S_BB,c,-1.0,0.217326708,0.0397764462,
A,S_BB,c,-1.0,0.237538457,0.0471684053,
A,S_BB,c,-1.0,0.258148683,0.05614251,
A,S_BB,c,-1.0,0.28040349,0.066266565,
A,S_BB,c,-1.0,0.301929084,0.0759466941,
A,S_BB,c,-1.0,0.322287413,0.0872455901,
A,S_BB,c,-1.0,0.342663331,0.0956582759,
A,S_BB,c,-1.0,0.363641289,0.107559955,
A,S_BB,c,-1.0,0.385602948,0.121608107,
A,S_BB,c,-1.0,0.406737165,0.134900157,
A,S_BB,c,-1.0,0.427001871,0.146544915,
A,S_BB,c,-1.0,0.448754416,0.161229376,
A,S_BB,c,-1.0,0.469601745,0.175589383,
A,S_BB,c,-1.0,0.489805379,0.188654152,
A,S_BB,c,-1.0,0.510302494,0.205602529,
A,S_BB,c,-1.0,0.53178319,0.222328868,
A,S_BB,c,-1.0,0.553922362,0.239333269,
A,S_BB,c,-1.0,0.574670041,0.254820015,
A,S_BB,c,-1.0,0.594645701,0.272041184,
A,S_BB,c,-1.0,0.615540037,0.288304534,
A,S_BB,c,-1.0,0.636554081,0.30754314,
A,S_BB,c,-1.0,0.658102417,0.326313249,
A,S_BB,c,-1.0,0.679189641,0.343376961,
A,S_BB,c,-1.0,0.700054044,0.364749737,
A,S_BB,c,-1.0,0.721329826,0.384907323,
A,S_BB,c,-1.0,0.742033923,0.401801776,
A,S_BB,c,-1.0,0.762614581,0.422999005,
A,S_BB,c,-1.0,0.783270495,0.443410423,
A,S_BB,c,-1.0,0.804783918,0.461939528,
A,S_BB,c,-1.0,0.826095906,0.483962661,
A,S_BB,c,-1.0,0.846303977,0.500558442,
A,S_BB,c,-1.0,0.867174819,0.521871066,
A,S_BB,c,-1.0,0.888413258,0.541754291,
A,S_BB,c,-1.0,0.909910564,0.563324884,
A,S_BB,c,-1.0,0.931134698,0.590033402,
A,S_BB,c,-1.0,0.951563161,0.603260807,
A,S_BB,c,-1.0,0.972160451,0.626832742,
A,S_BB,c,-1.0,0.993008165,0.649205676,
A,S_BB,c,-1.0,1.0140906,0.666375488,
A,S_BB,c,-1.0,1.03500338,0.688057898,
A,S_BB,c,-1.0,1.05657413,0.701813422,
A,S_BB,c,-1.0,1.07789814,0.722287734,
A,S_BB,c,-1.0,1.09835045,0.744851248,
A,S_BB,c,-1.0,1.11903902,0.766075829,
A,S_BB,c,-1.0,1.1396405,0.781770445,
A,S_BB,c,-1.0,1.16109193,0.796524427,
A,S_BB,c,-1.0,1.18227503,0.813607745,
A,S_BB,c,-1.0,1.2030555,0.830846622,
A,S_BB,c,-1.0,1.22375183,0.841682491,
A,S_BB,c,-1.0,1.24453484,0.863908961,
A,S_BB,c,-1.0,1.26570671,0.866889717,
A,S_BB,c,-1.0,1.28693994,0.891595514,
A,S_BB,c,-1.0,1.30807124,0.900429735,
A,S_BB,c,-1.0,1.32889646,0.906769944,
A,S_BB,c,-1.0,1.34945121,0.920721593,
A,S_BB,c,-1.0,1.37055188,0.93170455,
A,S_BB,c,-1.0,1.39148285,0.938587924,
A,S_BB,c,-1.0,1.41220445,0.948982094,
A,S_BB,c,-1.0,1.43352474,0.960288177,
A,S_BB,c,-1.0,1.45454751,0.960012079,
A,S_BB,c,-1.0,1.47511055,0.970011637,
A,S_BB,c,-1.0,1.49566583,0.977453763,
A,S_BB,c,-1.0,1.51690776,0.983630507,
A,S_BB,c,-1.0,1.53826425,0.99070312,
A,S_BB,c,-1.0,1.55931449,0.992988936,
A,S_BB,c,-1.0,1.58012172,0.994518802,
A,S_BB,c,-1.0,1.60114355,0.996433295,
A,S_BB,c,-1.0,1.62229155,1.00588721,
A,S_BB,c,-1.0,1.64295947,1.00726876,
A,S_BB,c,-1.0,1.66366432,1.0079715,
A,S_BB,c,-1.0,1.68478217,1.01026985,
A,S_BB,c,-1.0,1.7057485,1.01429549,
A,S_BB,c,-1.0,1.72683745,1.01834903,
A,S_BB,c,-1.0,1.74765849,1.01014495,
A,S_BB,c,-1.0,1.76847487,1.01281897,
A,S_BB,c,-1.0,1.78961871,1.01613912,
A,S_BB,c,-1.0,1.81086098,1.01983866,
A,S_BB,c,-1.0,1.83179094,1.01415142,
A,S_BB,c,-1.0,1.8521746,1.01614526,
A,S_BB,c,-1.0,1.8733654,1.0122439,
A,S_BB,c,-1.0,1.89455538,1.01752602,
A,S_BB,c,-1.0,1.91534795,1.01676597,
A,S_BB,c,-1.0,1.93623233,1.01144555,
A,S_BB,c,-1.0,1.9571481,1.00855629,
A,S_BB,c,-1.0,1.97825109,1.00831972,
A,S_BB,c,-1.0,1.99905898,1.00739724,
A,S_BB,c,-1.0,2.01966715,1.00453393,
A,S_BB,c,-1.0,2.04082415,1.01002766,
A,S_BB,c,-1.0,2.06193171,1.0054833,
A,S_BB,c,-1.0,2.08296048,1.00150719,
A,S_BB,c,-1.0,2.10383017,1.00333019,
A,S_BB,c,-1.0,2.12494312,0.996604475,
A,S_BB,c,-1.0,2.14618475,0.999062934,
A,S_BB,c,-1.0,2.16679298,0.998961486,
A,S_BB,c,-1.0,2.18753482,0.995313694,
A,S_BB,c,-1.0,2.20847027,0.994345009,
A,S_BB,c,-1.0,2.22955181,0.993928744,
A,S_BB,c,-1.0,2.25078374,0.990602225,
A,S_BB,c,-1.0,2.27150159,0.991409447,
A,S_BB,c,-1.0,2.29205574,0.983583954,
A,S_BB,c,-1.0,2.31294326,0.987421948,
A,S_BB,c,-1.0,2.3340363,0.987346937,
A,S_BB,c,-1.0,2.35514399,0.982855521,
A,S_BB,c,-1.0,2.37607726,0.984074093,
A,S_BB,c,-1.0,2.39730341,0.986914473,
A,S_BB,c,-1.0,2.41857203,0.982979041,
A,S_BB,c,-1.0,2.43911056,0.978990256,
A,S_BB,c,-1.0,2.45988005,0.981381353,
A,S_BB,c,-1.0,2.48094151,0.977463197,
A,S_BB,c,-1.0,2.50196601,0.979203073,
A,S_BB,c,-1.0,2.52300496,0.973297076,
A,S_BB,c,-1.0,2.54340089,0.973830079,
A,S_BB,c,-1.0,2.56415297,0.975418098,
A,S_BB,c,-1.0,2.58575836,0.977104751,
A,S_BB,c,-1.0,2.60684428,0.972842705,
A,S_BB,c,-1.0,2.62775949,0.977824241,
A,S_BB,c,-1.0,2.64834355,0.974232921,
A,S_BB,c,-1.0,2.66912062,0.971662972,
A,S_BB,c,-1.0,2.69039946,0.976875658,
A,S_BB,c,-1.0,2.71121518,0.974093655,
A,S_BB,c,-1.0,2.7321837,0.973331747,
A,S_BB,c,-1.0,2.75306239,0.976806778,
A,S_BB,c,-1.0,2.77427049,0.974512912,
A,S_BB,c,-1.0,2.79557932,0.975450052,
A,S_BB,c,-1.0,2.8160646,0.971752836,
A,S_BB,c,-1.0,2.83689478,0.976483424,
A,S_BB,c,-1.0,2.85801727,0.973649438,
A,S_BB,c,-1.0,2.87906973,0.972359813,
A,S_BB,c,-1.0,2.89996898,0.976700652,
A,S_BB,c,-1.0,2.92062944,0.973172938,
A,S_BB,c,-1.0,2.941605,0.973979701,
A,S_BB,c,-1.0,2.96267076,0.975749506,
A,S_BB,c,-1.0,2.98347442,0.974353059,
A,S_BB,c,-1.0,3.00437656,0.97128746,
A,S_BB,c,-1.0,3.02542142,0.970868793,
A,S_BB,c,-1.0,3.04658726,0.975069336,
A,S_BB,c,-1.0,3.06768101,0.973410904,
A,S_BB,c,-1.0,3.088328,0.973637776,
A,S_BB,c,-1.0,3.10931167,0.978193141,
A,S_BB,c,-1.0,3.1305457,0.977576401,
A,S_BB,c,-1.0,3.15150209,0.976808945,
A,S_BB,c,-1.0,3.17219014,0.979489504,
A,S_BB,c,-1.0,3.19299024,0.977841921,
A,S_BB,c,-1.0,3.21390436,0.980971396,
A,S_BB,c,-1.0,3.23506564,0.977906356,
A,S_BB,c,-1.0,3.25605387,0.976627357,
A,S_BB,c,-1.0,3.27685776,0.982034178,
A,S_BB,c,-1.0,3.29794723,0.980237135,
A,S_BB,c,-1.0,3.31884778,0.97841621,
A,S_BB,c,-1.0,3.33944269,0.97996009,
A,S_BB,c,-1.0,3.36030612,0.981135445,
A,S_BB,c,-1.0,3.38171654,0.979307638,
A,S_BB,c,-1.0,3.40297495,0.9796225,
A,S_BB,c,-1.0,3.42370792,0.979646233,
A,S_BB,c,-1.0,3.44440875,0.979930771,
A,S_BB,c,-1.0,3.465315,0.981596519,
A,S_BB,c,-1.0,3.4865867,0.983508835,
A,S_BB,c,-1.0,3.50751221,0.982031495,
A,S_BB,c,-1.0,3.52796741,0.983847023,
A,S_BB,c,-1.0,3.5488788,0.984206476,
A,S_BB,c,-1.0,3.57014151,0.984970216,
A,S_BB,c,-1.0,3.59120365,0.983669707,
A,S_BB,c,-1.0,3.61190928,0.984682488,
A,S_BB,c,-1.0,3.63300558,0.983729543,
A,S_BB,c,-1.0,3.6541422,0.983502126,
A,S_BB,c,-1.0,3.67500902,0.985346561,
A,S_BB,c,-1.0,3.69581564,0.983321243,
A,S_BB,c,-1.0,3.71644729,0.982323382,
A,S_BB,c,-1.0,3.73749774,0.986886284,
A,S_BB,c,-1.0,3.75868086,0.986193146,
A,S_BB,c,-1.0,3.77950549,0.986437158,
A,S_BB,c,-1.0,3.80027286,0.985457967,
A,S_BB,c,-1.0,3.82143123,0.981365652,
A,S_BB,c,-1.0,3.84280481,0.986584536,
A,S_BB,c,-1.0,3.86349282,0.987524762,
A,S_BB,c,-1.0,3.88417456,0.985602147,
A,S_BB,c,-1.0,3.90535419,0.985196506,
A,S_BB,c,-1.0,3.9264697,0.99055014,
A,S_BB,c,-1.0,3.94738681,0.98881834,
A,S_BB,c,-1.0,3.96810309,0.990419295,
A,S_BB,c,-1.0,3.98888694,0.990743838,
A,S_BB,c,-1.0,4.00993371,0.990967975,
A,S_BB,c,-1.0,4.03080983,0.992276427,
A,S_BB,c,-1.0,4.05178039,0.989484659,
A,S_BB,c,-1.0,4.07276799,0.991111671,
A,S_BB,c,-1.0,4.09368684,0.993801915,
A,S_BB,c,-1.0,4.11485609,0.991710579,
A,S_BB,c,-1.0,4.13583188,0.989701601,
A,S_BB,c,-1.0,4.15670688,0.99187785,
A,S_BB,c,-1.0,4.17758774,0.993509523,
A,S_BB,c,-1.0,4.19867141,0.997196987,
A,S_BB,c,-1.0,4.21961517,0.995960802,
A,S_BB,c,-1.0,4.24013393,0.998173893,
A,S_BB,c,-1.0,4.26119077,0.994545128,
A,S_BB,c,-1.0,4.28239268,0.998042167,
A,S_BB,c,-1.0,4.30342826,0.9946626,
A,S_BB,c,-1.0,4.32431592,0.996569055,
A,S_BB,c,-1.0,4.34508479,0.996952533,
A,S_BB,c,-1.0,4.36604259,0.99738948,
A,S_BB,c,-1.0,4.38708086,0.996367428,
A,S_BB,c,-1.0,4.40778797,0.999649696,
A,S_BB,c,-1.0,4.4288526,0.995582922,
A,S_BB,c,-1.0,4.44994967,0.99911763,
A,S_BB,c,-1.0,4.47085438,0.997144598,
A,S_BB,c,-1.0,4.49188801,0.998933979,
A,S_BB,c,-1.0,4.51250216,1.00025287,
A,S_BB,c,-1.0,4.5334461,1.00242627,
A,S_BB,c,-1.0,4.55463591,1.00052023,
A,S_BB,c,-1.0,4.57547609,1.00197653,
A,S_BB,c,-1.0,4.59643311,0.999513409,
A,S_BB,c,-1.0,4.61732903,0.998383919,
A,S_BB,c,-1.0,4.63833098,1.00190591,
A,S_BB,c,-1.0,4.65949324,1.00175354,
A,S_BB,c,-1.0,4.68039693,1.00345902,
A,S_BB,c,-1.0,4.70136745,0.999114923,
A,S_BB,c,-1.0,4.72221533,0.999346736,
A,S_BB,c,-1.0,4.74309374,1.0068821,
A,S_BB,c,-1.0,4.76390784,1.00176278,
A,S_BB,c,-1.0,4.78491795,1.00456585,
A,S_BB,c,-1.0,4.80636204,1.00380846,
A,S_BB,c,-1.0,4.82728449,1.00302158,
A,S_BB,c,-1.0,4.84785524,1.00529033,
A,S_BB,c,-1.0,4.86859731,1.00461024,
A,S_BB,c,-1.0,4.88954319,1.00315289,
A,S_BB,c,-1.0,4.91078695,1.00259633,
A,S_BB,c,-1.0,4.93172016,1.00614286,
A,S_BB,c,-1.0,4.95244063,1.00386094,
A,S_BB,c,-1.0,4.97348932,1.00492316,
A,S_BB,c,-1.0,4.994309,1.00366045,
A,S_BB,c,-1.0,5.01515697,1.00727602,
A,S_BB,c,-1.0,5.03598003,1.00656884,
A,S_BB,c,-1.0,5.05703237,1.00519242,
A,S_BB,c,-1.0,5.07840332,1.00481186,
A,S_BB,c,-1.0,5.09943841,1.00362044,
A,S_BB,c,-1.0,5.12032938,1.00572462,
A,S_BB,c,-1.0,5.14107614,1.00474213,
A,S_BB,c,-1.0,5.16214077,1.00543733,
A,S_BB,c,-1.0,5.18341099,1.00547474,
A,S_BB,c,-1.0,5.2041075,1.00619841,
A,S_BB,c,-1.0,5.22477891,1.00816844,
A,S_BB,c,-1.0,5.24557967,1.00760412,
A,S_BB,c,-1.0,5.26649236,1.0082135,
A,S_BB,c,-1.0,5.28753131,1.00519114,
A,S_BB,c,-1.0,5.30847064,1.00745722,
A,S_BB,c,-1.0,5.32946745,1.00565788,
A,S_BB,c,-1.0,5.3506922,1.01001871,
A,S_BB,c,-1.0,5.37158853,1.00906248,
A,S_BB,c,-1.0,5.39231925,1.00911014,
A,S_BB,c,-1.0,5.41333352,1.01137936,
A,S_BB,c,-1.0,5.43434316,1.00659409,
A,S_BB,c,-1.0,5.45530659,1.00890202,
A,S_BB,c,-1.0,5.47618498,1.00664786,
A,S_BB,c,-1.0,5.49715755,1.00925012,
A,S_BB,c,-1.0,5.51801586,1.00776967,
A,S_BB,c,-1.0,5.53881995,1.00911479,
A,S_BB,c,-1.0,5.55992514,1.00746228,
A,S_BB,c,-1.0,5.58098545,1.00716122,
A,S_BB,c,-1.0,5.60183772,1.00952347,
A,S_BB,c,-1.0,5.62277584,1.0073858,
A,S_BB,c,-1.0,5.64379172,1.00867321,
A,S_BB,c,-1.0,5.66460817,1.00651901,
A,S_BB,c,-1.0,5.68556022,1.00894449,
A,S_BB,c,-1.0,5.7067909,1.00629079,
A,S_BB,c,-1.0,5.72769317,1.00882301,
A,S_BB,c,-1.0,5.74840017,1.00809604,
A,S_BB,c,-1.0,5.76938192,1.00735987,
A,S_BB,c,-1.0,5.79039764,1.00498798,
A,S_BB,c,-1.0,5.81144039,1.01230419,
A,S_BB,c,-1.0,5.83232115,1.00793498,
A,S_BB,c,-1.0,5.85320209,1.00956165,
A,S_BB,c,-1.0,5.87418919,1.00889636,
A,S_BB,c,-1.0,5.89509625,1.00553915,
A,S_BB,c,-1.0,5.9159726,1.00986451,
A,S_BB,c,-1.0,5.93682663,1.0085163,
A,S_BB,c,-1.0,5.95791772,1.00679949,
A,S_BB,c,-1.0,5.97900675,1.00518971,
A,S_BB,c,-1.0,5.99978945,1.00568452,
A,S_BB,c,-1.0,6.02063577,1.01275651,
A,S_BB,c,-1.0,6.04156421,1.00663792,
A,S_BB,c,-1.0,6.06259364,1.0028035,
A,S_BB,c,-1.0,6.08377541,1.00718675,
A,S_BB,c,-1.0,6.10447051,1.00838014,
A,S_BB,c,-1.0,6.12538157,1.00391067,
A,S_BB,c,-1.0,6.14660689,1.00564915,
A,S_BB,c,-1.0,6.16752321,1.00896562,
A,S_BB,c,-1.0,6.18833806,1.00843782,
A,S_BB,c,-1.0,6.20938667,1.00862085,
A,S_BB,c,-1.0,6.23052184,1.00664555,
A,S_BB,c,-1.0,6.25137137,1.00524146,
A,S_BB,c,-1.0,6.27204484,1.007647,
A,S_BB,c,-1.0,6.29290789,1.00671917,
A,S_BB,c,-1.0,6.31382104,1.00474829,
A,S_BB,c,-1.0,6.33495691,1.00533314,
A,S_BB,c,-1.0,6.35600914,1.00602406,
A,S_BB,c,-1.0,6.37663869,1.00645865,
A,S_BB,c,-1.0,6.39770954,1.0044901,
A,S_BB,c,-1.0,6.41872759,1.00433442,
A,S_BB,c,-1.0,6.43951457,1.00512873,
A,S_BB,c,-1.0,6.46033562,1.00158477,
A,S_BB,c,-1.0,6.4814564,1.00493903,
A,S_BB,c,-1.0,6.50265681,1.00359805,
A,S_BB,c,-1.0,6.52350383,1.00650593,
A,S_BB,c,-1.0,6.54427866,1.00168282,
A,S_BB,c,-1.0,6.56515568,1.00378101,
A,S_BB,c,-1.0,6.58628576,1.00401963,
A,S_BB,c,-1.0,6.60749316,1.00433559,
A,S_BB,c,-1.0,6.62830625,1.00073919,
A,S_BB,c,-1.0,6.64913567,1.00592419,
A,S_BB,c,-1.0,6.67020149,1.00307591,
A,S_BB,c,-1.0,6.69106898,1.00320201,
A,S_BB,c,-1.0,6.71185955,1.00381448,
A,S_BB,c,-1.0,6.73264651,1.00399795,
A,S_BB,c,-1.0,6.7537045,1.00611102,
A,S_BB,c,-1.0,6.77487174,1.00144367,
A,S_BB,c,-1.0,6.79557562,1.00201311,
A,S_BB,c,-1.0,6.81648781,1.00289598,
A,S_BB,c,-1.0,6.83753747,1.00336345,
A,S_BB,c,-1.0,6.85867557,1.00275802,
A,S_BB,c,-1.0,6.87985316,1.00255853,
A,S_BB,c,-1.0,6.90065786,1.00053991,
A,S_BB,c,-1.0,6.92153112,1.00186038,
A,S_BB,c,-1.0,6.94229803,1.00052284,
A,S_BB,c,-1.0,6.9630016,1.00274422,
A,S_BB,c,-1.0,6.98416877,1.00166543,
A,S_BB,c,-1.0,7.0052781,1.00213693,
A,S_BB,c,-1.0,7.02617612,1.00223694,
A,S_BB,c,-1.0,7.04699526,1.00135636,
A,S_BB,c,-1.0,7.06761685,1.00193016,
A,S_BB,c,-1.0,7.08873369,1.00043107,
A,S_BB,c,-1.0,7.10994937,1.00150321,
A,S_BB,c,-1.0,7.13102893,1.00555889,
A,S_BB,c,-1.0,7.15201412,0.999821845,
A,S_BB,c,-1.0,7.17271336,1.00376025,
A,S_BB,c,-1.0,7.19374266,1.0012123,
A,S_BB,c,-1.0,7.21473042,0.998538462,
A,S_BB,c,-1.0,7.23564263,1.00056568,
A,S_BB,c,-1.0,7.25666289,1.00019635,
A,S_BB,c,-1.0,7.27757645,0.999199915,
A,S_BB,c,-1.0,7.2984411,0.998687759,
A,S_BB,c,-1.0,7.31917384,0.998915909,
A,S_BB,c,-1.0,7.34001688,0.999778943,
A,S_BB,c,-1.0,7.3611683,1.00060357,
A,S_BB,c,-1.0,7.38224284,0.998000893,
A,S_BB,c,-1.0,7.40324015,0.999785241,
A,S_BB,c,-1.0,7.42408854,0.998192512,
A,S_BB,c,-1.0,7.44500634,0.999328618,
A,S_BB,c,-1.0,7.46595959,0.999260398,
A,S_BB,c,-1.0,7.48696308,0.998703531,
A,S_BB,c,-1.0,7.5079936,0.999601617,
A,S_BB,c,-1.0,7.52871967,0.998501397,
A,S_BB,c,-1.0,7.54966921,0.997697351,
A,S_BB,c,-1.0,7.57064902,0.998000217,
A,S_BB,c,-1.0,7.59151428,1.00033621,
A,S_BB,c,-1.0,7.6123809,0.998901469,
A,S_BB,c,-1.0,7.63338324,0.996542132,
A,S_BB,c,-1.0,7.65450532,0.998285521,
A,S_BB,c,-1.0,7.67556944,0.998609044,
A,S_BB,c,-1.0,7.69637751,0.998934404,
A,S_BB,c,-1.0,7.71727216,1.00092471,
A,S_BB,c,-1.0,7.73835725,1.00017218,
A,S_BB,c,-1.0,7.75934923,0.997689517,
A,S_BB,c,-1.0,7.78023116,0.999860873,
A,S_BB,c,-1.0,7.80098697,0.997911175,
A,S_BB,c,-1.0,7.82190677,0.997828874,
A,S_BB,c,-1.0,7.84304931,0.997571134,
A,S_BB,c,-1.0,7.86405132,0.999492095,
A,S_BB,c,-1.0,7.88484553,0.996571683,
A,S_BB,c,-1.0,7.90574885,0.999011332,
A,S_BB,c,-1.0,7.9267531,0.99509563,
A,S_BB,c,-1.0,7.94765228,0.996998711,
A,S_BB,c,-1.0,7.96842304,0.996525918,
A,S_BB,c,-1.0,7.98938616,0.997232385,
A,S_BB,c,-1.0,8.01050815,0.997874185,
A,S_BB,c,-1.0,8.03153334,0.996215354,
A,S_BB,c,-1.0,8.05240251,0.99905334,
A,S_BB,c,-1.0,8.07332696,0.999588463,
A,S_BB,c,-1.0,8.09438514,0.99694299,
A,S_BB,c,-1.0,8.11529588,0.997206686,
A,S_BB,c,-1.0,8.13618411,0.996250905,
A,S_BB,c,-1.0,8.15717855,0.996914656,
A,S_BB,c,-1.0,8.17807847,0.996159843,
A,S_BB,c,-1.0,8.19905269,0.995951158,
A,S_BB,c,-1.0,8.21991085,0.995099532,
A,S_BB,c,-1.0,8.24078529,0.995679729,
A,S_BB,c,-1.0,8.26195652,0.996255963,
A,S_BB,c,-1.0,8.28293039,0.996029705,
A,S_BB,c,-1.0,8.30373423,0.993294792,
A,S_BB,c,-1.0,8.32452583,0.99471531,
A,S_BB,c,-1.0,8.34556221,0.995327166,
A,S_BB,c,-1.0,8.36671927,0.997631071,
A,S_BB,c,-1.0,8.38757523,0.997211303,
A,S_BB,c,-1.0,8.40855808,0.992897236,
A,S_BB,c,-1.0,8.42953585,0.99652021,
A,S_BB,c,-1.0,8.45042977,0.999413558,
A,S_BB,c,-1.0,8.47138662,0.996290744,
A,S_BB,c,-1.0,8.49217243,0.997127174,
A,S_BB,c,-1.0,8.51321806,0.996588257,
A,S_BB,c,-1.0,8.53421183,0.996231451,
A,S_BB,c,-1.0,8.55508292,0.994188816,
A,S_BB,c,-1.0,8.57598662,0.996827152,
A,S_BB,c,-1.0,8.59679232,0.99561242,
A,S_BB,c,-1.0,8.61783107,0.996103552,
A,S_BB,c,-1.0,8.63891768,0.997144954,
A,S_BB,c,-1.0,8.65972861,0.995201715,
A,S_BB,c,-1.0,8.68059853,0.995653099,
A,S_BB,c,-1.0,8.70174168,0.993742311,
A,S_BB,c,-1.0,8.72279566,0.996537793,
A,S_BB,c,-1.0,8.74359241,0.996969074,
A,S_BB,c,-1.0,8.76424415,0.995039013,
A,S_BB,c,-1.0,8.78526729,0.996015812,
A,S_BB,c,-1.0,8.80637189,0.997064319,
A,S_BB,c,-1.0,8.82736896,0.997300499,
A,S_BB,c,-1.0,8.84843212,0.996433075,
A,S_BB,c,-1.0,8.86933197,0.995505087,
A,S_BB,c,-1.0,8.89026857,0.996526343,
A,S_BB,c,-1.0,8.91123702,0.99807256,
A,S_BB,c,-1.0,8.93214776,0.996289081,
A,S_BB,c,-1.0,8.95312097,0.997613594,
A,S_BB,c,-1.0,8.9741304,0.994831829,
A,S_BB,c,-1.0,8.99505705,0.994724874,
A,S_BB,c,-1.0,9.01571368,0.993772924,
A,S_BB,c,-1.0,9.03640927,0.995364051,
A,S_BB,c,-1.0,9.05755121,0.994982815,
A,S_BB,c,-1.0,9.07868023,0.996122657,
A,S_BB,c,-1.0,9.09969513,0.996672295,
A,S_BB,c,-1.0,9.1205658,0.996466676,
A,S_BB,c,-1.0,9.14137844,0.997449499,
A,S_BB,c,-1.0,9.16237082,0.996717746,
A,S_BB,c,-1.0,9.18339441,0.996315598,
A,S_BB,c,-1.0,9.20447395,0.997362706,
A,S_BB,c,-1.0,9.22549281,0.997786843,
A,S_BB,c,-1.0,9.2463962,0.996192574,
A,S_BB,c,-1.0,9.26722673,0.995192165,
A,S_BB,c,-1.0,9.28791689,0.995436954,
A,S_BB,c,-1.0,9.30892724,0.9991216,
A,S_BB,c,-1.0,9.33003065,0.997984953,
A,S_BB,c,-1.0,9.35102864,0.996031515,
A,S_BB,c,-1.0,9.37196601,0.994617908,
A,S_BB,c,-1.0,9.39258783,0.997546631,
A,S_BB,c,-1.0,9.41349621,0.997346129,
A,S_BB,c,-1.0,9.4347927,0.99681414,
A,S_BB,c,-1.0,9.45587737,0.995593204,
A,S_BB,c,-1.0,9.47676866,0.99799777,
A,S_BB,c,-1.0,9.49762777,0.999152954,
A,S_BB,c,-1.0,9.51852362,0.995333152,
A,S_BB,c,-1.0,9.53939795,0.998169186,
A,S_BB,c,-1.0,9.56035551,0.997434728,
A,S_BB,c,-1.0,9.58149741,0.996426294,
A,S_BB,c,-1.0,9.60249587,0.995264111,
A,S_BB,c,-1.0,9.62336478,0.997181458,
A,S_BB,c,-1.0,9.64415055,0.997876864,
A,S_BB,c,-1.0,9.66502224,0.996847669,
A,S_BB,c,-1.0,9.68597433,0.996418148,
A,S_BB,c,-1.0,9.7069728,0.998530072,
A,S_BB,c,-1.0,9.72797765,1.0002716,
A,S_BB,c,-1.0,9.74896401,0.995898745,
A,S_BB,c,-1.0,9.76996217,0.998680446,
A,S_BB,c,-1.0,9.79085678,0.995928927,
A,S_BB,c,-1.0,9.81166698,0.999540154,
A,S_BB,c,-1.0,9.83262494,0.997341233,
A,S_BB,c,-1.0,9.85372265,0.997377894,
A,S_BB,c,-1.0,9.87472665,0.996994844,
A,S_BB,c,-1.0,9.89559934,0.99864166,
A,S_BB,c,-1.0,9.91635289,1.00022257,
A,S_BB,c,-1.0,9.93737645,0.997229651,
A,S_BB,c,-1.0,9.95856995,0.995981192,
A,S_BB,c,-1.0,9.97940815,0.999152097,
A,S_BB,c,-1.0,10.000082,0.99647448,
A,S_BB,c,-0.8,0.0252815853,0.00161831219,
A,S_BB,c,-0.8,0.0486976344,0.00307103675,
A,S_BB,c,-0.8,0.0692644017,0.00497733404,
A,S_BB,c,-0.8,0.08877835,0.00763740312,
A,S_BB,c,-0.8,0.111604297,0.01158774,
A,S_BB,c,-0.8,0.132731806,0.0161903152,
A,S_BB,c,-0.8,0.153672181,0.0212547595,
A,S_BB,c,-0.8,0.175641863,0.0271052445,
A,S_BB,c,-0.8,0.196615509,0.0335967833,
A,S_BB,c,-0.8,0.217326708,0.0407213341,
A,S_BB,c,-0.8,0.237538457,0.0483698154,
A,S_BB,c,-0.8,0.258148683,0.0561594238,
A,S_BB,c,-0.8,0.28040349,0.0661532008,
A,S_BB,c,-0.8,0.301929084,0.0760135044,
A,S_BB,c,-0.8,0.322287413,0.0864656188,
A,S_BB,c,-0.8,0.342663331,0.0978847727,
A,S_BB,c,-0.8,0.363641289,0.108166002,
A,S_BB,c,-0.8,0.385602948,0.120710101,
A,S_BB,c,-0.8,0.406737165,0.133844512,
A,S_BB,c,-0.8,0.427001871,0.147335672,
A,S_BB,c,-0.8,0.448754416,0.162709367,
A,S_BB,c,-0.8,0.469601745,0.175063046,
A,S_BB,c,-0.8,0.489805379,0.191613574,
A,S_BB,c,-0.8,0.510302494,0.20480695,
A,S_BB,c,-0.8,0.53178319,0.220971377,
A,S_BB,c,-0.8,0.553922362,0.238946165,
A,S_BB,c,-0.8,0.574670041,0.254480808,
A,S_BB,c,-0.8,0.594645701,0.273872993,
A,S_BB,c,-0.8,0.615540037,0.288146059,
A,S_BB,c,-0.8,0.636554081,0.306597531,
A,S_BB,c,-0.8,0.658102417,0.327924978,
A,S_BB,c,-0.8,0.679189641,0.34317044,
A,S_BB,c,-0.8,0.700054044,0.364123144,
A,S_BB,c,-0.8,0.721329826,0.385003349,
A,S_BB,c,-0.8,0.742033923,0.401115566,
A,S_BB,c,-0.8,0.762614581,0.420472785,
A,S_BB,c,-0.8,0.783270495,0.441141012,
A,S_BB,c,-0.8,0.804783918,0.460970685,
A,S_BB,c,-0.8,0.826095906,0.48107143,
A,S_BB,c,-0.8,0.846303977,0.499496966,
A,S_BB,c,-0.8,0.867174819,0.524631966,
A,S_BB,c,-0.8,0.888413258,0.54747727,
A,S_BB,c,-0.8,0.909910564,0.566235094,
A,S_BB,c,-0.8,0.931134698,0.583269659,
A,S_BB,c,-0.8,0.951563161,0.602502628,
A,S_BB,c,-0.8,0.972160451,0.624889675,
A,S_BB,c,-0.8,0.993008165,0.64711128,
A,S_BB,c,-0.8,1.0140906,0.661312868,
A,S_BB,c,-0.8,1.03500338,0.684853388,
A,S_BB,c,-0.8,1.05657413,0.703259877,
A,S_BB,c,-0.8,1.07789814,0.72590216,
A,S_BB,c,-0.8,1.09835045,0.744434977,
A,S_BB,c,-0.8,1.11903902,0.764621517,
A,S_BB,c,-0.8,1.1396405,0.777003927,
A,S_BB,c,-0.8,1.16109193,0.797774212,
A,S_BB,c,-0.8,1.18227503,0.810709058,
A,S_BB,c,-0.8,1.2030555,0.827394955,
A,S_BB,c,-0.8,1.22375183,0.841868509,
A,S_BB,c,-0.8,1.24453484,0.857542275,
A,S_BB,c,-0.8,1.26570671,0.866896267,
A,S_BB,c,-0.8,1.28693994,0.890542063,
A,S_BB,c,-0.8,1.30807124,0.899314885,
A,S_BB,c,-0.8,1.32889646,0.910969998,
A,S_BB,c,-0.8,1.34945121,0.922410075,
A,S_BB,c,-0.8,1.37055188,0.931805005,
A,S_BB,c,-0.8,1.39148285,0.940842978,
A,S_BB,c,-0.8,1.41220445,0.950981229,
A,S_BB,c,-0.8,1.43352474,0.95849459,
A,S_BB,c,-0.8,1.45454751,0.966764593,
A,S_BB,c,-0.8,1.47511055,0.976157828,
A,S_BB,c,-0.8,1.49566583,0.981393569,
A,S_BB,c,-0.8,1.51690776,0.980176093,
A,S_BB,c,-0.8,1.53826425,0.989902782,
A,S_BB,c,-0.8,1.55931449,0.991519014,
A,S_BB,c,-0.8,1.58012172,1.00016659,
A,S_BB,c,-0.8,1.60114355,0.995479,
A,S_BB,c,-0.8,1.62229155,1.00208724,
A,S_BB,c,-0.8,1.64295947,1.00296031,
A,S_BB,c,-0.8,1.66366432,1.01288903,
A,S_BB,c,-0.8,1.68478217,1.01097675,
A,S_BB,c,-0.8,1.7057485,1.01121231,
A,S_BB,c,-0.8,1.72683745,1.01724364,
A,S_BB,c,-0.8,1.74765849,1.01806395,
A,S_BB,c,-0.8,1.76847487,1.01508238,
A,S_BB,c,-0.8,1.78961871,1.01287685,
A,S_BB,c,-0.8,1.81086098,1.0170214,
A,S_BB,c,-0.8,1.83179094,1.01054152,
A,S_BB,c,-0.8,1.8521746,1.01195287,
A,S_BB,c,-0.8,1.8733654,1.01234619,
A,S_BB,c,-0.8,1.89455538,1.00906883,
A,S_BB,c,-0.8,1.91534795,1.00980194,
A,S_BB,c,-0.8,1.93623233,1.01127484,
A,S_BB,c,-0.8,1.9571481,1.011957,
A,S_BB,c,-0.8,1.97825109,1.00880115,
A,S_BB,c,-0.8,1.99905898,1.00356864,
A,S_BB,c,-0.8,2.01966715,1.01030797,
A,S_BB,c,-0.8,2.04082415,1.00189931,
A,S_BB,c,-0.8,2.06193171,1.00531228,
A,S_BB,c,-0.8,2.08296048,1.00017737,
A,S_BB,c,-0.8,2.10383017,0.996789934,
A,S_BB,c,-0.8,2.12494312,0.996681776,
A,S_BB,c,-0.8,2.14618475,0.998333583,
A,S_BB,c,-0.8,2.16679298,0.996523975,
A,S_BB,c,-0.8,2.18753482,0.996935374,
A,S_BB,c,-0.8,2.20847027,0.989533413,
A,S_BB,c,-0.8,2.22955181,0.992480613,
A,S_BB,c,-0.8,2.25078374,0.991574582,
A,S_BB,c,-0.8,2.27150159,0.986427642,
A,S_BB,c,-0.8,2.29205574,0.993166699,
A,S_BB,c,-0.8,2.31294326,0.984151919,
A,S_BB,c,-0.8,2.3340363,0.985540438,
A,S_BB,c,-0.8,2.35514399,0.98306053,
A,S_BB,c,-0.8,2.37607726,0.984186153,
A,S_BB,c,-0.8,2.39730341,0.984559388,
A,S_BB,c,-0.8,2.41857203,0.984815654,
A,S_BB,c,-0.8,2.43911056,0.976366989,
A,S_BB,c,-0.8,2.45988005,0.980149906,
A,S_BB,c,-0.8,2.48094151,0.981755375,
A,S_BB,c,-0.8,2.50196601,0.979932205,
A,S_BB,c,-0.8,2.52300496,0.982132686,
A,S_BB,c,-0.8,2.54340089,0.974630251,
A,S_BB,c,-0.8,2.56415297,0.973932495,
A,S_BB,c,-0.8,2.58575836,0.975310579,
A,S_BB,c,-0.8,2.60684428,0.972137484,
A,S_BB,c,-0.8,2.62775949,0.975682546,
A,S_BB,c,-0.8,2.64834355,0.977415862,
A,S_BB,c,-0.8,2.66912062,0.975069624,
A,S_BB,c,-0.8,2.69039946,0.975770864,
A,S_BB,c,-0.8,2.71121518,0.976660565,
A,S_BB,c,-0.8,2.7321837,0.976740082,
A,S_BB,c,-0.8,2.75306239,0.973624738,
A,S_BB,c,-0.8,2.77427049,0.972860291,
A,S_BB,c,-0.8,2.79557932,0.974757217,
A,S_BB,c,-0.8,2.8160646,0.970619028,
A,S_BB,c,-0.8,2.83689478,0.976099854,
A,S_BB,c,-0.8,2.85801727,0.97609108,
A,S_BB,c,-0.8,2.87906973,0.976251493,
A,S_BB,c,-0.8,2.89996898,0.976825128,
A,S_BB,c,-0.8,2.92062944,0.975645141,
A,S_BB,c,-0.8,2.941605,0.973156555,
A,S_BB,c,-0.8,2.96267076,0.978778415,
A,S_BB,c,-0.8,2.98347442,0.976082444,
A,S_BB,c,-0.8,3.00437656,0.975085846,
A,S_BB,c,-0.8,3.02542142,0.972102625,
A,S_BB,c,-0.8,3.04658726,0.975737811,
A,S_BB,c,-0.8,3.06768101,0.976089737,
A,S_BB,c,-0.8,3.088328,0.972725971,
A,S_BB,c,-0.8,3.10931167,0.97654054,
A,S_BB,c,-0.8,3.1305457,0.975318747,
A,S_BB,c,-0.8,3.15150209,0.977474435,
A,S_BB,c,-0.8,3.17219014,0.97746642,
A,S_BB,c,-0.8,3.19299024,0.977137825,
A,S_BB,c,-0.8,3.21390436,0.977423444,
A,S_BB,c,-0.8,3.23506564,0.975672256,
A,S_BB,c,-0.8,3.25605387,0.979280731,
A,S_BB,c,-0.8,3.27685776,0.975568383,
A,S_BB,c,-0.8,3.29794723,0.979184755,
A,S_BB,c,-0.8,3.31884778,0.978602756,
A,S_BB,c,-0.8,3.33944269,0.978497049,
A,S_BB,c,-0.8,3.36030612,0.975940353,
A,S_BB,c,-0.8,3.38171654,0.979239564,
A,S_BB,c,-0.8,3.40297495,0.978255548,
A,S_BB,c,-0.8,3.42370792,0.981512161,
A,S_BB,c,-0.8,3.44440875,0.980952511,
A,S_BB,c,-0.8,3.465315,0.985113228,
A,S_BB,c,-0.8,3.4865867,0.982646273,
A,S_BB,c,-0.8,3.50751221,0.980846653,
A,S_BB,c,-0.8,3.52796741,0.983908472,
A,S_BB,c,-0.8,3.5488788,0.980783866,
A,S_BB,c,-0.8,3.57014151,0.98272136,
A,S_BB,c,-0.8,3.59120365,0.983436052,
A,S_BB,c,-0.8,3.61190928,0.984735965,
A,S_BB,c,-0.8,3.63300558,0.98202346,
A,S_BB,c,-0.8,3.6541422,0.982828312,
A,S_BB,c,-0.8,3.67500902,0.983208965,
A,S_BB,c,-0.8,3.69581564,0.98242152,
A,S_BB,c,-0.8,3.71644729,0.983967194,
A,S_BB,c,-0.8,3.73749774,0.98377286,
A,S_BB,c,-0.8,3.75868086,0.987251937,
A,S_BB,c,-0.8,3.77950549,0.983452584,
A,S_BB,c,-0.8,3.80027286,0.983517278,
A,S_BB,c,-0.8,3.82143123,0.9853095,
A,S_BB,c,-0.8,3.84280481,0.986936052,
A,S_BB,c,-0.8,3.86349282,0.98933511,
A,S_BB,c,-0.8,3.88417456,0.98908511,
A,S_BB,c,-0.8,3.90535419,0.990650804,
A,S_BB,c,-0.8,3.9264697,0.98787941,
A,S_BB,c,-0.8,3.94738681,0.98875331,
A,S_BB,c,-0.8,3.96810309,0.989550694,
A,S_BB,c,-0.8,3.98888694,0.99075847,
A,S_BB,c,-0.8,4.00993371,0.989206908,
A,S_BB,c,-0.8,4.03080983,0.991662797,
A,S_BB,c,-0.8,4.05178039,0.987451887,
A,S_BB,c,-0.8,4.07276799,0.988436012,
A,S_BB,c,-0.8,4.09368684,0.991178636,
A,S_BB,c,-0.8,4.11485609,0.993965616,
A,S_BB,c,-0.8,4.13583188,0.993770197,
A,S_BB,c,-0.8,4.15670688,0.99195737,
A,S_BB,c,-0.8,4.17758774,0.991013202,
A,S_BB,c,-0.8,4.19867141,0.991642469,
A,S_BB,c,-0.8,4.21961517,0.992918497,
A,S_BB,c,-0.8,4.24013393,0.996395371,
A,S_BB,c,-0.8,4.26119077,0.993767151,
A,S_BB,c,-0.8,4.28239268,0.995195542,
A,S_BB,c,-0.8,4.30342826,0.994400098,
A,S_BB,c,-0.8,4.32431592,0.99815714,
A,S_BB,c,-0.8,4.34508479,0.995706644,
A,S_BB,c,-0.8,4.36604259,0.995472616,
A,S_BB,c,-0.8,4.38708086,0.995701852,
A,S_BB,c,-0.8,4.40778797,0.998186736,
A,S_BB,c,-0.8,4.4288526,0.998304655,
A,S_BB,c,-0.8,4.44994967,1.00071439,
A,S_BB,c,-0.8,4.47085438,0.998507238,
A,S_BB,c,-0.8,4.49188801,0.996901213,
A,S_BB,c,-0.8,4.51250216,1.00247476,
A,S_BB,c,-0.8,4.5334461,0.998287751,
A,S_BB,c,-0.8,4.55463591,0.998666139,
A,S_BB,c,-0.8,4.57547609,1.00113547,
A,S_BB,c,-0.8,4.59643311,0.997622691,
A,S_BB,c,-0.8,4.61732903,0.99822448,
A,S_BB,c,-0.8,4.63833098,1.00076231,
A,S_BB,c,-0.8,4.65949324,0.999697336,
A,S_BB,c,-0.8,4.68039693,1.00208591,
A,S_BB,c,-0.8,4.70136745,1.00052039,
A,S_BB,c,-0.8,4.72221533,1.00282463,
A,S_BB,c,-0.8,4.74309374,1.00104185,
A,S_BB,c,-0.8,4.76390784,1.00099462,
A,S_BB,c,-0.8,4.78491795,1.00245784,
A,S_BB,c,-0.8,4.80636204,1.00271559,
A,S_BB,c,-0.8,4.82728449,1.00525645,
A,S_BB,c,-0.8,4.84785524,1.00321732,
A,S_BB,c,-0.8,4.86859731,1.00067159,
A,S_BB,c,-0.8,4.88954319,1.00577865,
A,S_BB,c,-0.8,4.91078695,1.0001611,
A,S_BB,c,-0.8,4.93172016,1.00631137,
A,S_BB,c,-0.8,4.95244063,1.00756785,
A,S_BB,c,-0.8,4.97348932,1.00424109,
A,S_BB,c,-0.8,4.994309,1.00794391,
A,S_BB,c,-0.8,5.01515697,1.0044664,
A,S_BB,c,-0.8,5.03598003,1.00251929,
A,S_BB,c,-0.8,5.05703237,1.00913862,
A,S_BB,c,-0.8,5.07840332,1.00679953,
A,S_BB,c,-0.8,5.09943841,1.0073633,
A,S_BB,c,-0.8,5.12032938,1.00601781,
A,S_BB,c,-0.8,5.14107614,1.00674157,
A,S_BB,c,-0.8,5.16214077,1.00870873,
A,S_BB,c,-0.8,5.18341099,1.00790163,
A,S_BB,c,-0.8,5.2041075,1.00786236,
A,S_BB,c,-0.8,5.22477891,1.00798731,
A,S_BB,c,-0.8,5.24557967,1.0059108,
A,S_BB,c,-0.8,5.26649236,1.00852138,
A,S_BB,c,-0.8,5.28753131,1.00775664,
A,S_BB,c,-0.8,5.30847064,1.00655686,
A,S_BB,c,-0.8,5.32946745,1.01005681,
A,S_BB,c,-0.8,5.3506922,1.00866396,
A,S_BB,c,-0.8,5.37158853,1.00703233,
A,S_BB,c,-0.8,5.39231925,1.00607459,
A,S_BB,c,-0.8,5.41333352,1.00876735,
A,S_BB,c,-0.8,5.43434316,1.00764126,
A,S_BB,c,-0.8,5.45530659,1.00716371,
A,S_BB,c,-0.8,5.47618498,1.00908867,
A,S_BB,c,-0.8,5.49715755,1.00738541,
A,S_BB,c,-0.8,5.51801586,1.0067201,
A,S_BB,c,-0.8,5.53881995,1.00797215,
A,S_BB,c,-0.8,5.55992514,1.00663352,
A,S_BB,c,-0.8,5.58098545,1.00709639,
A,S_BB,c,-0.8,5.60183772,1.00682273,
A,S_BB,c,-0.8,5.62277584,1.00561785,
A,S_BB,c,-0.8,5.64379172,1.01011984,
A,S_BB,c,-0.8,5.66460817,1.00596533,
A,S_BB,c,-0.8,5.68556022,1.00744256,
A,S_BB,c,-0.8,5.7067909,1.01025672,
A,S_BB,c,-0.8,5.72769317,1.00900242,
A,S_BB,c,-0.8,5.74840017,1.0096976,
A,S_BB,c,-0.8,5.76938192,1.00924939,
A,S_BB,c,-0.8,5.79039764,1.00649785,
A,S_BB,c,-0.8,5.81144039,1.00803613,
A,S_BB,c,-0.8,5.83232115,1.00842811,
A,S_BB,c,-0.8,5.85320209,1.00709742,
A,S_BB,c,-0.8,5.87418919,1.00976099,
A,S_BB,c,-0.8,5.89509625,1.00600406,
A,S_BB,c,-0.8,5.9159726,1.00667785,
A,S_BB,c,-0.8,5.93682663,1.00764218,
A,S_BB,c,-0.8,5.95791772,1.01070465,
A,S_BB,c,-0.8,5.97900675,1.00873763,
A,S_BB,c,-0.8,5.99978945,1.00680178,
A,S_BB,c,-0.8,6.02063577,1.00724834,
A,S_BB,c,-0.8,6.04156421,1.00581758,
A,S_BB,c,-0.8,6.06259364,1.00851277,
A,S_BB,c,-0.8,6.08377541,1.0085693,
A,S_BB,c,-0.8,6.10447051,1.00756807,
A,S_BB,c,-0.8,6.12538157,1.0052518,
A,S_BB,c,-0.8,6.14660689,1.00686132,
A,S_BB,c,-0.8,6.16752321,1.00699919,
A,S_BB,c,-0.8,6.18833806,1.00621691,
A,S_BB,c,-0.8,6.20938667,1.0070903,
A,S_BB,c,-0.8,6.23052184,1.00421074,
A,S_BB,c,-0.8,6.25137137,1.00751699,
A,S_BB,c,-0.8,6.27204484,1.00466473,
A,S_BB,c,-0.8,6.29290789,1.00695634,
A,S_BB,c,-0.8,6.31382104,1.00670344,
A,S_BB,c,-0.8,6.33495691,1.00591954,
A,S_BB,c,-0.8,6.35600914,1.00751385,
A,S_BB,c,-0.8,6.37663869,1.00555536,
A,S_BB,c,-0.8,6.39770954,1.00648443,
A,S_BB,c,-0.8,6.41872759,1.0051358,
A,S_BB,c,-0.8,6.43951457,1.00561179,
A,S_BB,c,-0.8,6.46033562,1.00619364,
A,S_BB,c,-0.8,6.4814564,1.00683569,
A,S_BB,c,-0.8,6.50265681,1.00487091,
A,S_BB,c,-0.8,6.52350383,1.00500316,
A,S_BB,c,-0.8,6.54427866,1.00455661,
A,S_BB,c,-0.8,6.56515568,1.00398285,
A,S_BB,c,-0.8,6.58628576,1.00368299,
A,S_BB,c,-0.8,6.60749316,1.00254257,
A,S_BB,c,-0.8,6.62830625,1.00448193,
A,S_BB,c,-0.8,6.64913567,1.00439664,
A,S_BB,c,-0.8,6.67020149,1.00133104,
A,S_BB,c,-0.8,6.69106898,1.00355773,
A,S_BB,c,-0.8,6.71185955,1.00277772,
A,S_BB,c,-0.8,6.73264651,1.00007283,
A,S_BB,c,-0.8,6.7537045,1.00466198,
A,S_BB,c,-0.8,6.77487174,1.00631446,
A,S_BB,c,-0.8,6.79557562,1.00052219,
A,S_BB,c,-0.8,6.81648781,1.00007714,
A,S_BB,c,-0.8,6.83753747,1.00083627,
A,S_BB,c,-0.8,6.85867557,1.00294774,
A,S_BB,c,-0.8,6.87985316,1.0012555,
A,S_BB,c,-0.8,6.90065786,1.00394224,
A,S_BB,c,-0.8,6.92153112,1.00252211,
A,S_BB,c,-0.8,6.94229803,1.0017797,
A,S_BB,c,-0.8,6.9630016,1.00115156,
A,S_BB,c,-0.8,6.98416877,1.00085725,
A,S_BB,c,-0.8,7.0052781,1.00354022,
A,S_BB,c,-0.8,7.02617612,1.00208595,
A,S_BB,c,-0.8,7.04699526,1.00133628,
A,S_BB,c,-0.8,7.06761685,1.00251077,
A,S_BB,c,-0.8,7.08873369,0.999884172,
A,S_BB,c,-0.8,7.10994937,1.00367881,
A,S_BB,c,-0.8,7.13102893,1.00248977,
A,S_BB,c,-0.8,7.15201412,1.00114913,
A,S_BB,c,-0.8,7.17271336,1.00048147,
A,S_BB,c,-0.8,7.19374266,1.00167154,
A,S_BB,c,-0.8,7.21473042,0.998270081,
A,S_BB,c,-0.8,7.23564263,1.00126132,
A,S_BB,c,-0.8,7.25666289,0.998732837,
A,S_BB,c,-0.8,7.27757645,1.00030626,
A,S_BB,c,-0.8,7.2984411,1.00078312,
A,S_BB,c,-0.8,7.31917384,1.00051853,
A,S_BB,c,-0.8,7.34001688,0.999888726,
A,S_BB,c,-0.8,7.3611683,0.999322328,
A,S_BB,c,-0.8,7.38224284,1.00022961,
A,S_BB,c,-0.8,7.40324015,0.999773286,
A,S_BB,c,-0.8,7.42408854,0.998727841,
A,S_BB,c,-0.8,7.44500634,0.999670126,
A,S_BB,c,-0.8,7.46595959,0.998713054,
A,S_BB,c,-0.8,7.48696308,1.00179477,
A,S_BB,c,-0.8,7.5079936,0.999235351,
A,S_BB,c,-0.8,7.52871967,0.999590285,
A,S_BB,c,-0.8,7.54966921,0.997520982,
A,S_BB,c,-0.8,7.57064902,1.00059168,
A,S_BB,c,-0.8,7.59151428,0.999835416,
A,S_BB,c,-0.8,7.6123809,1.00009616,
A,S_BB,c,-0.8,7.63338324,0.995588226,
A,S_BB,c,-0.8,7.65450532,0.998384818,
A,S_BB,c,-0.8,7.67556944,0.997862817,
A,S_BB,c,-0.8,7.69637751,0.999770193,
A,S_BB,c,-0.8,7.71727216,0.997402113,
A,S_BB,c,-0.8,7.73835725,1.00041852,
A,S_BB,c,-0.8,7.75934923,0.997146064,
A,S_BB,c,-0.8,7.78023116,0.996625568,
A,S_BB,c,-0.8,7.80098697,0.996091919,
A,S_BB,c,-0.8,7.82190677,0.996531547,
A,S_BB,c,-0.8,7.84304931,0.996965484,
A,S_BB,c,-0.8,7.86405132,0.998507866,
A,S_BB,c,-0.8,7.88484553,0.998587959,
A,S_BB,c,-0.8,7.90574885,0.993863335,
A,S_BB,c,-0.8,7.9267531,0.998447387,
A,S_BB,c,-0.8,7.94765228,0.996937256,
A,S_BB,c,-0.8,7.96842304,0.996919638,
A,S_BB,c,-0.8,7.98938616,0.996887879,
A,S_BB,c,-0.8,8.01050815,0.997557943,
A,S_BB,c,-0.8,8.03153334,0.997520962,
A,S_BB,c,-0.8,8.05240251,0.996580594,
A,S_BB,c,-0.8,8.07332696,0.99888349,
A,S_BB,c,-0.8,8.09438514,0.995050948,
A,S_BB,c,-0.8,8.11529588,0.993989763,
A,S_BB,c,-0.8,8.13618411,0.997724469,
A,S_BB,c,-0.8,8.15717855,0.997612621,
A,S_BB,c,-0.8,8.17807847,0.997756374,
A,S_BB,c,-0.8,8.19905269,0.9948084,
A,S_BB,c,-0.8,8.21991085,0.999462244,
A,S_BB,c,-0.8,8.24078529,0.99827664,
A,S_BB,c,-0.8,8.26195652,0.997216413,
A,S_BB,c,-0.8,8.28293039,0.995626535,
A,S_BB,c,-0.8,8.30373423,0.994850852,
A,S_BB,c,-0.8,8.32452583,0.996827017,
A,S_BB,c,-0.8,8.34556221,0.994299171,
A,S_BB,c,-0.8,8.36671927,0.997191645,
A,S_BB,c,-0.8,8.38757523,0.997839591,
A,S_BB,c,-0.8,8.40855808,0.996105758,
A,S_BB,c,-0.8,8.42953585,0.999919492,
A,S_BB,c,-0.8,8.45042977,0.996147009,
A,S_BB,c,-0.8,8.47138662,0.995156953,
A,S_BB,c,-0.8,8.49217243,0.994607212,
A,S_BB,c,-0.8,8.51321806,0.997621309,
A,S_BB,c,-0.8,8.53421183,0.992553852,
A,S_BB,c,-0.8,8.55508292,0.996725141,
A,S_BB,c,-0.8,8.57598662,0.995164351,
A,S_BB,c,-0.8,8.59679232,0.997345627,
A,S_BB,c,-0.8,8.61783107,0.995023725,
A,S_BB,c,-0.8,8.63891768,0.995900119,
A,S_BB,c,-0.8,8.65972861,0.995589698,
A,S_BB,c,-0.8,8.68059853,0.994957632,
A,S_BB,c,-0.8,8.70174168,0.994897732,
A,S_BB,c,-0.8,8.72279566,0.994796166,
A,S_BB,c,-0.8,8.74359241,0.995678939,
A,S_BB,c,-0.8,8.76424415,0.997620582,
A,S_BB,c,-0.8,8.78526729,0.996065028,
A,S_BB,c,-0.8,8.80637189,0.99619934,
A,S_BB,c,-0.8,8.82736896,0.994123765,
A,S_BB,c,-0.8,8.84843212,0.996412106,
A,S_BB,c,-0.8,8.86933197,0.997143909,
A,S_BB,c,-0.8,8.89026857,0.995793685,
A,S_BB,c,-0.8,8.91123702,0.997306491,
A,S_BB,c,-0.8,8.93214776,0.997315672,
A,S_BB,c,-0.8,8.95312097,0.995010412,
A,S_BB,c,-0.8,8.9741304,0.995149882,
A,S_BB,c,-0.8,8.99505705,0.995904684,
A,S_BB,c,-0.8,9.01571368,0.996349313,
A,S_BB,c,-0.8,9.03640927,0.996376274,
A,S_BB,c,-0.8,9.05755121,0.996458846,
A,S_BB,c,-0.8,9.07868023,0.997393113,
A,S_BB,c,-0.8,9.09969513,0.996122215,
A,S_BB,c,-0.8,9.1205658,0.997059463,
A,S_BB,c,-0.8,9.14137844,0.99734567,
A,S_BB,c,-0.8,9.16237082,0.996611629,
A,S_BB,c,-0.8,9.18339441,0.997981681,
A,S_BB,c,-0.8,9.20447395,0.996365206,
A,S_BB,c,-0.8,9.22549281,0.995188366,
A,S_BB,c,-0.8,9.2463962,0.993650413,
A,S_BB,c,-0.8,9.26722673,0.995494146,
A,S_BB,c,-0.8,9.28791689,0.996235291,
A,S_BB,c,-0.8,9.30892724,0.996503682,
A,S_BB,c,-0.8,9.33003065,0.995007121,
A,S_BB,c,-0.8,9.35102864,0.996504996,
A,S_BB,c,-0.8,9.37196601,0.998233209,
A,S_BB,c,-0.8,9.39258783,0.994509613,
A,S_BB,c,-0.8,9.41349621,0.994217811,
A,S_BB,c,-0.8,9.4347927,0.997903266,
A,S_BB,c,-0.8,9.45587737,0.997586192,
A,S_BB,c,-0.8,9.47676866,0.999225453,
A,S_BB,c,-0.8,9.49762777,0.997221924,
A,S_BB,c,-0.8,9.51852362,0.996588009,
A,S_BB,c,-0.8,9.53939795,0.996713483,
A,S_BB,c,-0.8,9.56035551,0.996773017,
A,S_BB,c,-0.8,9.58149741,0.99812913,
A,S_BB,c,-0.8,9.60249587,0.999820616,
A,S_BB,c,-0.8,9.62336478,0.997056091,
A,S_BB,c,-0.8,9.64415055,0.996766986,
A,S_BB,c,-0.8,9.66502224,0.997058436,
A,S_BB,c,-0.8,9.68597433,0.998909675,
A,S_BB,c,-0.8,9.7069728,0.997719279,
A,S_BB,c,-0.8,9.72797765,0.998413601,
A,S_BB,c,-0.8,9.74896401,0.996717917,
A,S_BB,c,-0.8,9.76996217,0.997973088,
A,S_BB,c,-0.8,9.79085678,0.998432262,
A,S_BB,c,-0.8,9.81166698,0.996626731,
A,S_BB,c,-0.8,9.83262494,0.997375444,
A,S_BB,c,-0.8,9.85372265,0.999097073,
A,S_BB,c,-0.8,9.87472665,0.998825851,
A,S_BB,c,-0.8,9.89559934,1.00069318,
A,S_BB,c,-0.8,9.91635289,0.998942105,
A,S_BB,c,-0.8,9.93737645,0.997307168,
A,S_BB,c,-0.8,9.95856995,0.997293745,
A,S_BB,c,-0.8,9.97940815,0.996952299,
A,S_BB,c,-0.8,10.000082,0.999233687,
A,S_BB,c,-0.6,0.0252815853,0.00255140963,
A,S_BB,c,-0.6,0.0486976344,0.00419169551,
A,S_BB,c,-0.6,0.0692644017,0.00626665293,
A,S_BB,c,-0.6,0.08877835,0.00876943307,
A,S_BB,c,-0.6,0.111604297,0.0125044521,
A,S_BB,c,-0.6,0.132731806,0.0169755378,
A,S_BB,c,-0.6,0.153672181,0.0217780371,
A,S_BB,c,-0.6,0.175641863,0.0282131245,
A,S_BB,c,-0.6,0.196615509,0.0339419888,
A,S_BB,c,-0.6,0.217326708,0.0418601284,
A,S_BB,c,-0.6,0.237538457,0.0483929454,
A,S_BB,c,-0.6,0.258148683,0.0572708904,
A,S_BB,c,-0.6,0.28040349,0.0675843975,
A,S_BB,c,-0.6,0.301929084,0.0765544421,
A,S_BB,c,-0.6,0.322287413,0.0860763906,
A,S_BB,c,-0.6,0.342663331,0.0979534903,
A,S_BB,c,-0.6,0.363641289,0.108480819,
A,S_BB,c,-0.6,0.385602948,0.12153931,
A,S_BB,c,-0.6,0.406737165,0.135284905,
A,S_BB,c,-0.6,0.427001871,0.145726253,
A,S_BB,c,-0.6,0.448754416,0.161962801,
A,S_BB,c,-0.6,0.469601745,0.175631176,
A,S_BB,c,-0.6,0.489805379,0.190427685,
A,S_BB,c,-0.6,0.510302494,0.20608161,
A,S_BB,c,-0.6,0.53178319,0.221356862,
A,S_BB,c,-0.6,0.553922362,0.241025836,
A,S_BB,c,-0.6,0.574670041,0.25665033,
A,S_BB,c,-0.6,0.594645701,0.27370496,
A,S_BB,c,-0.6,0.615540037,0.291019747,
A,S_BB,c,-0.6,0.636554081,0.308772263,
A,S_BB,c,-0.6,0.658102417,0.324601372,
A,S_BB,c,-0.6,0.679189641,0.345124593,
A,S_BB,c,-0.6,0.700054044,0.363050882,
A,S_BB,c,-0.6,0.721329826,0.382953921,
A,S_BB,c,-0.6,0.742033923,0.400697361,
A,S_BB,c,-0.6,0.762614581,0.423573139,
A,S_BB,c,-0.6,0.783270495,0.441656956,
A,S_BB,c,-0.6,0.804783918,0.462175386,
A,S_BB,c,-0.6,0.826095906,0.484221862,
A,S_BB,c,-0.6,0.846303977,0.501180759,
A,S_BB,c,-0.6,0.867174819,0.523022069,
A,S_BB,c,-0.6,0.888413258,0.542354588,
A,S_BB,c,-0.6,0.909910564,0.562987827,
A,S_BB,c,-0.6,0.931134698,0.587029552,
A,S_BB,c,-0.6,0.951563161,0.604428868,
A,S_BB,c,-0.6,0.972160451,0.626180027,
A,S_BB,c,-0.6,0.993008165,0.648170994,
A,S_BB,c,-0.6,1.0140906,0.673496501,
A,S_BB,c,-0.6,1.03500338,0.686674889,
A,S_BB,c,-0.6,1.05657413,0.709477788,
A,S_BB,c,-0.6,1.07789814,0.722950503,
A,S_BB,c,-0.6,1.09835045,0.744510021,
A,S_BB,c,-0.6,1.11903902,0.760063313,
A,S_BB,c,-0.6,1.1396405,0.779471397,
A,S_BB,c,-0.6,1.16109193,0.790330806,
A,S_BB,c,-0.6,1.18227503,0.809747906,
A,S_BB,c,-0.6,1.2030555,0.828569243,
A,S_BB,c,-0.6,1.22375183,0.844180464,
A,S_BB,c,-0.6,1.24453484,0.859665402,
A,S_BB,c,-0.6,1.26570671,0.869680622,
A,S_BB,c,-0.6,1.28693994,0.885004307,
A,S_BB,c,-0.6,1.30807124,0.894645475,
A,S_BB,c,-0.6,1.32889646,0.909158413,
A,S_BB,c,-0.6,1.34945121,0.923390306,
A,S_BB,c,-0.6,1.37055188,0.930678904,
A,S_BB,c,-0.6,1.39148285,0.93891294,
A,S_BB,c,-0.6,1.41220445,0.951877665,
A,S_BB,c,-0.6,1.43352474,0.957467885,
A,S_BB,c,-0.6,1.45454751,0.966511175,
A,S_BB,c,-0.6,1.47511055,0.975446258,
A,S_BB,c,-0.6,1.49566583,0.979020362,
A,S_BB,c,-0.6,1.51690776,0.985658644,
A,S_BB,c,-0.6,1.53826425,0.995206385,
A,S_BB,c,-0.6,1.55931449,0.992410034,
A,S_BB,c,-0.6,1.58012172,0.995566245,
A,S_BB,c,-0.6,1.60114355,0.995185654,
A,S_BB,c,-0.6,1.62229155,1.00184839,
A,S_BB,c,-0.6,1.64295947,1.00989068,
A,S_BB,c,-0.6,1.66366432,1.01063072,
A,S_BB,c,-0.6,1.68478217,1.0095309,
A,S_BB,c,-0.6,1.7057485,1.01171857,
A,S_BB,c,-0.6,1.72683745,1.01679379,
A,S_BB,c,-0.6,1.74765849,1.00897793,
A,S_BB,c,-0.6,1.76847487,1.0139466,
A,S_BB,c,-0.6,1.78961871,1.01210999,
A,S_BB,c,-0.6,1.81086098,1.01840619,
A,S_BB,c,-0.6,1.83179094,1.01451451,
A,S_BB,c,-0.6,1.8521746,1.01402719,
A,S_BB,c,-0.6,1.8733654,1.01296003,
A,S_BB,c,-0.6,1.89455538,1.01396923,
A,S_BB,c,-0.6,1.91534795,1.01402144,
A,S_BB,c,-0.6,1.93623233,1.01277158,
A,S_BB,c,-0.6,1.9571481,1.01342312,
A,S_BB,c,-0.6,1.97825109,1.00881195,
A,S_BB,c,-0.6,1.99905898,1.00540005,
A,S_BB,c,-0.6,2.01966715,1.00666819,
A,S_BB,c,-0.6,2.04082415,1.0061362,
A,S_BB,c,-0.6,2.06193171,1.00535953,
A,S_BB,c,-0.6,2.08296048,1.00391173,
A,S_BB,c,-0.6,2.10383017,0.995599316,
A,S_BB,c,-0.6,2.12494312,1.00075662,
A,S_BB,c,-0.6,2.14618475,0.999385043,
A,S_BB,c,-0.6,2.16679298,0.994792854,
A,S_BB,c,-0.6,2.18753482,0.996450248,
A,S_BB,c,-0.6,2.20847027,0.991730032,
A,S_BB,c,-0.6,2.22955181,0.994436807,
A,S_BB,c,-0.6,2.25078374,0.992616217,
A,S_BB,c,-0.6,2.27150159,0.990472666,
A,S_BB,c,-0.6,2.29205574,0.988889743,
A,S_BB,c,-0.6,2.31294326,0.988132771,
A,S_BB,c,-0.6,2.3340363,0.986048495,
A,S_BB,c,-0.6,2.35514399,0.985201436,
A,S_BB,c,-0.6,2.37607726,0.984342952,
A,S_BB,c,-0.6,2.39730341,0.980555064,
A,S_BB,c,-0.6,2.41857203,0.981857006,
A,S_BB,c,-0.6,2.43911056,0.984376378,
A,S_BB,c,-0.6,2.45988005,0.982576829,
A,S_BB,c,-0.6,2.48094151,0.981492609,
A,S_BB,c,-0.6,2.50196601,0.980686435,
A,S_BB,c,-0.6,2.52300496,0.977405616,
A,S_BB,c,-0.6,2.54340089,0.974944911,
A,S_BB,c,-0.6,2.56415297,0.977043226,
A,S_BB,c,-0.6,2.58575836,0.978287591,
A,S_BB,c,-0.6,2.60684428,0.976411717,
A,S_BB,c,-0.6,2.62775949,0.977683935,
A,S_BB,c,-0.6,2.64834355,0.97627234,
A,S_BB,c,-0.6,2.66912062,0.97325071,
A,S_BB,c,-0.6,2.69039946,0.974498549,
A,S_BB,c,-0.6,2.71121518,0.971376991,
A,S_BB,c,-0.6,2.7321837,0.972304057,
A,S_BB,c,-0.6,2.75306239,0.969753035,
A,S_BB,c,-0.6,2.77427049,0.977248874,
A,S_BB,c,-0.6,2.79557932,0.972713301,
A,S_BB,c,-0.6,2.8160646,0.973716189,
A,S_BB,c,-0.6,2.83689478,0.972800371,
A,S_BB,c,-0.6,2.85801727,0.97361057,
A,S_BB,c,-0.6,2.87906973,0.973245264,
A,S_BB,c,-0.6,2.89996898,0.975714333,
A,S_BB,c,-0.6,2.92062944,0.972907249,
A,S_BB,c,-0.6,2.941605,0.976465186,
A,S_BB,c,-0.6,2.96267076,0.978195767,
A,S_BB,c,-0.6,2.98347442,0.976246982,
A,S_BB,c,-0.6,3.00437656,0.973799426,
A,S_BB,c,-0.6,3.02542142,0.978234769,
A,S_BB,c,-0.6,3.04658726,0.974120718,
A,S_BB,c,-0.6,3.06768101,0.973080666,
A,S_BB,c,-0.6,3.088328,0.977583248,
A,S_BB,c,-0.6,3.10931167,0.974365117,
A,S_BB,c,-0.6,3.1305457,0.974403253,
A,S_BB,c,-0.6,3.15150209,0.97728612,
A,S_BB,c,-0.6,3.17219014,0.977387634,
A,S_BB,c,-0.6,3.19299024,0.977667507,
A,S_BB,c,-0.6,3.21390436,0.982976321,
A,S_BB,c,-0.6,3.23506564,0.979544946,
A,S_BB,c,-0.6,3.25605387,0.97871455,
A,S_BB,c,-0.6,3.27685776,0.983331716,
A,S_BB,c,-0.6,3.29794723,0.976931706,
A,S_BB,c,-0.6,3.31884778,0.978324194,
A,S_BB,c,-0.6,3.33944269,0.978794773,
A,S_BB,c,-0.6,3.36030612,0.978997578,
A,S_BB,c,-0.6,3.38171654,0.982954491,
A,S_BB,c,-0.6,3.40297495,0.980559176,
A,S_BB,c,-0.6,3.42370792,0.978013961,
A,S_BB,c,-0.6,3.44440875,0.983290526,
A,S_BB,c,-0.6,3.465315,0.979573503,
A,S_BB,c,-0.6,3.4865867,0.981729341,
A,S_BB,c,-0.6,3.50751221,0.984461978,
A,S_BB,c,-0.6,3.52796741,0.98071736,
A,S_BB,c,-0.6,3.5488788,0.985455558,
A,S_BB,c,-0.6,3.57014151,0.978709874,
A,S_BB,c,-0.6,3.59120365,0.985267255,
A,S_BB,c,-0.6,3.61190928,0.985999427,
A,S_BB,c,-0.6,3.63300558,0.986058299,
A,S_BB,c,-0.6,3.6541422,0.98157151,
A,S_BB,c,-0.6,3.67500902,0.979085892,
A,S_BB,c,-0.6,3.69581564,0.984999156,
A,S_BB,c,-0.6,3.71644729,0.985290665,
A,S_BB,c,-0.6,3.73749774,0.982867199,
A,S_BB,c,-0.6,3.75868086,0.986368155,
A,S_BB,c,-0.6,3.77950549,0.984006473,
A,S_BB,c,-0.6,3.80027286,0.984481413,
A,S_BB,c,-0.6,3.82143123,0.985224116,
A,S_BB,c,-0.6,3.84280481,0.985656763,
A,S_BB,c,-0.6,3.86349282,0.985727927,
A,S_BB,c,-0.6,3.88417456,0.988722531,
A,S_BB,c,-0.6,3.90535419,0.988953418,
A,S_BB,c,-0.6,3.9264697,0.990550169,
A,S_BB,c,-0.6,3.94738681,0.989832942,
A,S_BB,c,-0.6,3.96810309,0.988546494,
A,S_BB,c,-0.6,3.98888694,0.989147583,
A,S_BB,c,-0.6,4.00993371,0.991205532,
A,S_BB,c,-0.6,4.03080983,0.988284594,
A,S_BB,c,-0.6,4.05178039,0.990115427,
A,S_BB,c,-0.6,4.07276799,0.98981021,
A,S_BB,c,-0.6,4.09368684,0.987088187,
A,S_BB,c,-0.6,4.11485609,0.992044594,
A,S_BB,c,-0.6,4.13583188,0.991573829,
A,S_BB,c,-0.6,4.15670688,0.994041974,
A,S_BB,c,-0.6,4.17758774,0.995201804,
A,S_BB,c,-0.6,4.19867141,0.993911429,
A,S_BB,c,-0.6,4.21961517,0.991991971,
A,S_BB,c,-0.6,4.24013393,0.996296317,
A,S_BB,c,-0.6,4.26119077,0.994695325,
A,S_BB,c,-0.6,4.28239268,0.995028934,
A,S_BB,c,-0.6,4.30342826,0.993315872,
A,S_BB,c,-0.6,4.32431592,0.996315178,
A,S_BB,c,-0.6,4.34508479,0.996098142,
A,S_BB,c,-0.6,4.36604259,0.995440744,
A,S_BB,c,-0.6,4.38708086,0.999760425,
A,S_BB,c,-0.6,4.40778797,0.999169647,
A,S_BB,c,-0.6,4.4288526,0.997790695,
A,S_BB,c,-0.6,4.44994967,0.996203954,
A,S_BB,c,-0.6,4.47085438,0.997736884,
A,S_BB,c,-0.6,4.49188801,0.998041337,
A,S_BB,c,-0.6,4.51250216,1.00064715,
A,S_BB,c,-0.6,4.5334461,1.00343137,
A,S_BB,c,-0.6,4.55463591,1.00012426,
A,S_BB,c,-0.6,4.57547609,1.00032334,
A,S_BB,c,-0.6,4.59643311,1.00005374,
A,S_BB,c,-0.6,4.61732903,1.00317805,
A,S_BB,c,-0.6,4.63833098,1.00071764,
A,S_BB,c,-0.6,4.65949324,1.00292712,
A,S_BB,c,-0.6,4.68039693,1.00199135,
A,S_BB,c,-0.6,4.70136745,1.00258366,
A,S_BB,c,-0.6,4.72221533,1.00314582,
A,S_BB,c,-0.6,4.74309374,1.00209599,
A,S_BB,c,-0.6,4.76390784,1.00318099,
A,S_BB,c,-0.6,4.78491795,1.00355343,
A,S_BB,c,-0.6,4.80636204,1.00565368,
A,S_BB,c,-0.6,4.82728449,1.0084956,
A,S_BB,c,-0.6,4.84785524,1.0048875,
A,S_BB,c,-0.6,4.86859731,1.00141937,
A,S_BB,c,-0.6,4.88954319,1.00610109,
A,S_BB,c,-0.6,4.91078695,1.00506456,
A,S_BB,c,-0.6,4.93172016,1.00573027,
A,S_BB,c,-0.6,4.95244063,1.00237844,
A,S_BB,c,-0.6,4.97348932,1.00483941,
A,S_BB,c,-0.6,4.994309,1.0050378,
A,S_BB,c,-0.6,5.01515697,1.00613454,
A,S_BB,c,-0.6,5.03598003,1.0082291,
A,S_BB,c,-0.6,5.05703237,1.00598705,
A,S_BB,c,-0.6,5.07840332,1.00558881,
A,S_BB,c,-0.6,5.09943841,1.0095704,
A,S_BB,c,-0.6,5.12032938,1.00607736,
A,S_BB,c,-0.6,5.14107614,1.00636215,
A,S_BB,c,-0.6,5.16214077,1.00686053,
A,S_BB,c,-0.6,5.18341099,1.0088303,
A,S_BB,c,-0.6,5.2041075,1.00656461,
A,S_BB,c,-0.6,5.22477891,1.00490779,
A,S_BB,c,-0.6,5.24557967,1.00613012,
A,S_BB,c,-0.6,5.26649236,1.00834895,
A,S_BB,c,-0.6,5.28753131,1.0084811,
A,S_BB,c,-0.6,5.30847064,1.00870405,
A,S_BB,c,-0.6,5.32946745,1.00881256,
A,S_BB,c,-0.6,5.3506922,1.00843839,
A,S_BB,c,-0.6,5.37158853,1.01058679,
A,S_BB,c,-0.6,5.39231925,1.00748669,
A,S_BB,c,-0.6,5.41333352,1.00967488,
A,S_BB,c,-0.6,5.43434316,1.00636391,
A,S_BB,c,-0.6,5.45530659,1.0087209,
A,S_BB,c,-0.6,5.47618498,1.00678203,
A,S_BB,c,-0.6,5.49715755,1.00834056,
A,S_BB,c,-0.6,5.51801586,1.00687539,
A,S_BB,c,-0.6,5.53881995,1.0064437,
A,S_BB,c,-0.6,5.55992514,1.00828159,
A,S_BB,c,-0.6,5.58098545,1.0061226,
A,S_BB,c,-0.6,5.60183772,1.0091631,
A,S_BB,c,-0.6,5.62277584,1.00781998,
A,S_BB,c,-0.6,5.64379172,1.00573474,
A,S_BB,c,-0.6,5.66460817,1.00886042,
A,S_BB,c,-0.6,5.68556022,1.01073888,
A,S_BB,c,-0.6,5.7067909,1.00864088,
A,S_BB,c,-0.6,5.72769317,1.00875286,
A,S_BB,c,-0.6,5.74840017,1.00981954,
A,S_BB,c,-0.6,5.76938192,1.00614268,
A,S_BB,c,-0.6,5.79039764,1.00834502,
A,S_BB,c,-0.6,5.81144039,1.00742573,
A,S_BB,c,-0.6,5.83232115,1.00638606,
A,S_BB,c,-0.6,5.85320209,1.01087884,
A,S_BB,c,-0.6,5.87418919,1.0073358,
A,S_BB,c,-0.6,5.89509625,1.00699988,
A,S_BB,c,-0.6,5.9159726,1.00727846,
A,S_BB,c,-0.6,5.93682663,1.00910282,
A,S_BB,c,-0.6,5.95791772,1.0070001,
A,S_BB,c,-0.6,5.97900675,1.00933949,
A,S_BB,c,-0.6,5.99978945,1.00724065,
A,S_BB,c,-0.6,6.02063577,1.00997739,
A,S_BB,c,-0.6,6.04156421,1.00651685,
A,S_BB,c,-0.6,6.06259364,1.00690186,
A,S_BB,c,-0.6,6.08377541,1.00593145,
A,S_BB,c,-0.6,6.10447051,1.00739022,
A,S_BB,c,-0.6,6.12538157,1.00446063,
A,S_BB,c,-0.6,6.14660689,1.00617048,
A,S_BB,c,-0.6,6.16752321,1.00777709,
A,S_BB,c,-0.6,6.18833806,1.00672018,
A,S_BB,c,-0.6,6.20938667,1.00721181,
A,S_BB,c,-0.6,6.23052184,1.00700184,
A,S_BB,c,-0.6,6.25137137,1.00734488,
A,S_BB,c,-0.6,6.27204484,1.00631442,
A,S_BB,c,-0.6,6.29290789,1.00632342,
A,S_BB,c,-0.6,6.31382104,1.00771434,
A,S_BB,c,-0.6,6.33495691,1.00285944,
A,S_BB,c,-0.6,6.35600914,1.00591171,
A,S_BB,c,-0.6,6.37663869,1.0077523,
A,S_BB,c,-0.6,6.39770954,1.00623121,
A,S_BB,c,-0.6,6.41872759,1.00536826,
A,S_BB,c,-0.6,6.43951457,1.00637986,
A,S_BB,c,-0.6,6.46033562,1.00444192,
A,S_BB,c,-0.6,6.4814564,1.00454404,
A,S_BB,c,-0.6,6.50265681,1.00300139,
A,S_BB,c,-0.6,6.52350383,1.00353994,
A,S_BB,c,-0.6,6.54427866,1.00267597,
A,S_BB,c,-0.6,6.56515568,1.00512064,
A,S_BB,c,-0.6,6.58628576,1.00289417,
A,S_BB,c,-0.6,6.60749316,1.00529717,
A,S_BB,c,-0.6,6.62830625,1.00424298,
A,S_BB,c,-0.6,6.64913567,1.005127,
A,S_BB,c,-0.6,6.67020149,1.0041029,
A,S_BB,c,-0.6,6.69106898,1.00326049,
A,S_BB,c,-0.6,6.71185955,1.00100767,
A,S_BB,c,-0.6,6.73264651,1.00316087,
A,S_BB,c,-0.6,6.7537045,1.00483854,
A,S_BB,c,-0.6,6.77487174,1.00270526,
A,S_BB,c,-0.6,6.79557562,1.00401829,
A,S_BB,c,-0.6,6.81648781,1.00275261,
A,S_BB,c,-0.6,6.83753747,1.00285391,
A,S_BB,c,-0.6,6.85867557,1.00056606,
A,S_BB,c,-0.6,6.87985316,1.00220149,
A,S_BB,c,-0.6,6.90065786,1.0001574,
A,S_BB,c,-0.6,6.92153112,1.00055512,
A,S_BB,c,-0.6,6.94229803,1.00216035,
A,S_BB,c,-0.6,6.9630016,1.00188872,
A,S_BB,c,-0.6,6.98416877,1.00126912,
A,S_BB,c,-0.6,7.0052781,1.00259534,
A,S_BB,c,-0.6,7.02617612,1.00222535,
A,S_BB,c,-0.6,7.04699526,1.00095824,
A,S_BB,c,-0.6,7.06761685,0.999685584,
A,S_BB,c,-0.6,7.08873369,1.00142311,
A,S_BB,c,-0.6,7.10994937,1.00343463,
A,S_BB,c,-0.6,7.13102893,1.00041396,
A,S_BB,c,-0.6,7.15201412,1.00186835,
A,S_BB,c,-0.6,7.17271336,0.999591992,
A,S_BB,c,-0.6,7.19374266,1.00207241,
A,S_BB,c,-0.6,7.21473042,1.00265482,
A,S_BB,c,-0.6,7.23564263,0.998141846,
A,S_BB,c,-0.6,7.25666289,0.996965501,
A,S_BB,c,-0.6,7.27757645,1.00215699,
A,S_BB,c,-0.6,7.2984411,0.999723307,
A,S_BB,c,-0.6,7.31917384,1.00026533,
A,S_BB,c,-0.6,7.34001688,0.999271514,
A,S_BB,c,-0.6,7.3611683,0.997275138,
A,S_BB,c,-0.6,7.38224284,0.999151048,
A,S_BB,c,-0.6,7.40324015,0.99941919,
A,S_BB,c,-0.6,7.42408854,0.99891236,
A,S_BB,c,-0.6,7.44500634,0.997988261,
A,S_BB,c,-0.6,7.46595959,0.998657601,
A,S_BB,c,-0.6,7.48696308,1.00178075,
A,S_BB,c,-0.6,7.5079936,0.999506493,
A,S_BB,c,-0.6,7.52871967,1.00138691,
A,S_BB,c,-0.6,7.54966921,0.995155823,
A,S_BB,c,-0.6,7.57064902,1.00072612,
A,S_BB,c,-0.6,7.59151428,0.999441631,
A,S_BB,c,-0.6,7.6123809,0.996788755,
A,S_BB,c,-0.6,7.63338324,0.99628914,
A,S_BB,c,-0.6,7.65450532,0.999288206,
A,S_BB,c,-0.6,7.67556944,0.999589338,
A,S_BB,c,-0.6,7.69637751,0.996236298,
A,S_BB,c,-0.6,7.71727216,0.999090249,
A,S_BB,c,-0.6,7.73835725,0.998563733,
A,S_BB,c,-0.6,7.75934923,0.995912454,
A,S_BB,c,-0.6,7.78023116,0.996590845,
A,S_BB,c,-0.6,7.80098697,0.997349156,
A,S_BB,c,-0.6,7.82190677,0.998422122,
A,S_BB,c,-0.6,7.84304931,0.999256132,
A,S_BB,c,-0.6,7.86405132,0.997643014,
A,S_BB,c,-0.6,7.88484553,0.997280432,
A,S_BB,c,-0.6,7.90574885,0.997334883,
A,S_BB,c,-0.6,7.9267531,0.996494362,
A,S_BB,c,-0.6,7.94765228,0.996658031,
A,S_BB,c,-0.6,7.96842304,0.997893282,
A,S_BB,c,-0.6,7.98938616,0.997661634,
A,S_BB,c,-0.6,8.01050815,0.996862696,
A,S_BB,c,-0.6,8.03153334,0.995637794,
A,S_BB,c,-0.6,8.05240251,0.995634736,
A,S_BB,c,-0.6,8.07332696,0.996226356,
A,S_BB,c,-0.6,8.09438514,0.996352311,
A,S_BB,c,-0.6,8.11529588,0.995320184,
A,S_BB,c,-0.6,8.13618411,0.994841731,
A,S_BB,c,-0.6,8.15717855,0.997757156,
A,S_BB,c,-0.6,8.17807847,0.99892016,
A,S_BB,c,-0.6,8.19905269,0.995854483,
A,S_BB,c,-0.6,8.21991085,0.996712783,
A,S_BB,c,-0.6,8.24078529,0.996615414,
A,S_BB,c,-0.6,8.26195652,0.994865896,
A,S_BB,c,-0.6,8.28293039,0.996131897,
A,S_BB,c,-0.6,8.30373423,0.997191552,
A,S_BB,c,-0.6,8.32452583,0.997330047,
A,S_BB,c,-0.6,8.34556221,0.99727401,
A,S_BB,c,-0.6,8.36671927,0.994177221,
A,S_BB,c,-0.6,8.38757523,0.99546161,
A,S_BB,c,-0.6,8.40855808,0.996452021,
A,S_BB,c,-0.6,8.42953585,0.997844748,
A,S_BB,c,-0.6,8.45042977,0.995473732,
A,S_BB,c,-0.6,8.47138662,0.996193355,
A,S_BB,c,-0.6,8.49217243,0.995281848,
A,S_BB,c,-0.6,8.51321806,0.99843282,
A,S_BB,c,-0.6,8.53421183,0.994964042,
A,S_BB,c,-0.6,8.55508292,0.996012591,
A,S_BB,c,-0.6,8.57598662,0.996685879,
A,S_BB,c,-0.6,8.59679232,0.996326306,
A,S_BB,c,-0.6,8.61783107,0.994257155,
A,S_BB,c,-0.6,8.63891768,0.998298185,
A,S_BB,c,-0.6,8.65972861,0.995390508,
A,S_BB,c,-0.6,8.68059853,0.997340338,
A,S_BB,c,-0.6,8.70174168,0.998108442,
A,S_BB,c,-0.6,8.72279566,0.993370922,
A,S_BB,c,-0.6,8.74359241,0.995515145,
A,S_BB,c,-0.6,8.76424415,0.994792806,
A,S_BB,c,-0.6,8.78526729,0.996282669,
A,S_BB,c,-0.6,8.80637189,0.997927286,
A,S_BB,c,-0.6,8.82736896,0.993279537,
A,S_BB,c,-0.6,8.84843212,0.994645298,
A,S_BB,c,-0.6,8.86933197,0.996612947,
A,S_BB,c,-0.6,8.89026857,0.994239511,
A,S_BB,c,-0.6,8.91123702,0.996493405,
A,S_BB,c,-0.6,8.93214776,0.997004573,
A,S_BB,c,-0.6,8.95312097,0.995708401,
A,S_BB,c,-0.6,8.9741304,0.995037511,
A,S_BB,c,-0.6,8.99505705,0.996560327,
A,S_BB,c,-0.6,9.01571368,0.99795652,
A,S_BB,c,-0.6,9.03640927,0.995801457,
A,S_BB,c,-0.6,9.05755121,0.995437348,
A,S_BB,c,-0.6,9.07868023,0.997324219,
A,S_BB,c,-0.6,9.09969513,0.997222491,
A,S_BB,c,-0.6,9.1205658,0.997228122,
A,S_BB,c,-0.6,9.14137844,0.995520257,
A,S_BB,c,-0.6,9.16237082,0.996229423,
A,S_BB,c,-0.6,9.18339441,0.999279535,
A,S_BB,c,-0.6,9.20447395,0.99713474,
A,S_BB,c,-0.6,9.22549281,0.99551704,
A,S_BB,c,-0.6,9.2463962,0.998041239,
A,S_BB,c,-0.6,9.26722673,0.99538978,
A,S_BB,c,-0.6,9.28791689,0.996882827,
A,S_BB,c,-0.6,9.30892724,0.995961017,
A,S_BB,c,-0.6,9.33003065,0.999280697,
A,S_BB,c,-0.6,9.35102864,0.997809729,
A,S_BB,c,-0.6,9.37196601,0.995521104,
A,S_BB,c,-0.6,9.39258783,0.999964292,
A,S_BB,c,-0.6,9.41349621,0.996730458,
A,S_BB,c,-0.6,9.4347927,0.996547379,
A,S_BB,c,-0.6,9.45587737,0.996914753,
A,S_BB,c,-0.6,9.47676866,0.99716839,
A,S_BB,c,-0.6,9.49762777,0.995402179,
A,S_BB,c,-0.6,9.51852362,0.998691922,
A,S_BB,c,-0.6,9.53939795,0.996704344,
A,S_BB,c,-0.6,9.56035551,0.998635847,
A,S_BB,c,-0.6,9.58149741,0.997671262,
A,S_BB,c,-0.6,9.60249587,0.998504442,
A,S_BB,c,-0.6,9.62336478,0.997514728,
A,S_BB,c,-0.6,9.64415055,0.997403937,
A,S_BB,c,-0.6,9.66502224,0.996864278,
A,S_BB,c,-0.6,9.68597433,0.997516869,
A,S_BB,c,-0.6,9.7069728,0.997971978,
A,S_BB,c,-0.6,9.72797765,0.998078954,
A,S_BB,c,-0.6,9.74896401,0.996092407,
A,S_BB,c,-0.6,9.76996217,0.998093334,
A,S_BB,c,-0.6,9.79085678,0.997106939,
A,S_BB,c,-0.6,9.81166698,0.99845557,
A,S_BB,c,-0.6,9.83262494,0.998120799,
A,S_BB,c,-0.6,9.85372265,0.999870458,
A,S_BB,c,-0.6,9.87472665,0.99578383,
A,S_BB,c,-0.6,9.89559934,0.997035338,
A,S_BB,c,-0.6,9.91635289,0.99821263,
A,S_BB,c,-0.6,9.93737645,0.997897614,
A,S_BB,c,-0.6,9.95856995,0.998258675,
A,S_BB,c,-0.6,9.97940815,0.997688808,
A,S_BB,c,-0.6,10.000082,0.998758104,
A,S_BB,c,-0.4,0.0252815853,0.00324903103,
A,S_BB,c,-0.4,0.0486976344,0.00506529303,
A,S_BB,c,-0.4,0.0692644017,0.00709680544,
A,S_BB,c,-0.4,0.08877835,0.00941482991,
A,S_BB,c,-0.4,0.111604297,0.0135101237,
A,S_BB,c,-0.4,0.132731806,0.0177473067,
A,S_BB,c,-0.4,0.153672181,0.0228263341,
A,S_BB,c,-0.4,0.175641863,0.0288830383,
A,S_BB,c,-0.4,0.196615509,0.0352466806,
A,S_BB,c,-0.4,0.217326708,0.0418836138,
A,S_BB,c,-0.4,0.237538457,0.0493324309,
A,S_BB,c,-0.4,0.258148683,0.0591792322,
A,S_BB,c,-0.4,0.28040349,0.0681373723,
A,S_BB,c,-0.4,0.301929084,0.0771199659,
A,S_BB,c,-0.4,0.322287413,0.0877688764,
A,S_BB,c,-0.4,0.342663331,0.0985662709,
A,S_BB,c,-0.4,0.363641289,0.109899251,
A,S_BB,c,-0.4,0.385602948,0.122503207,
A,S_BB,c,-0.4,0.406737165,0.135049205,
A,S_BB,c,-0.4,0.427001871,0.148821633,
A,S_BB,c,-0.4,0.448754416,0.162755235,
A,S_BB,c,-0.4,0.469601745,0.176415723,
A,S_BB,c,-0.4,0.489805379,0.190897373,
A,S_BB,c,-0.4,0.510302494,0.20487301,
A,S_BB,c,-0.4,0.53178319,0.221421255,
A,S_BB,c,-0.4,0.553922362,0.239101654,
A,S_BB,c,-0.4,0.574670041,0.257641631,
A,S_BB,c,-0.4,0.594645701,0.272053169,
A,S_BB,c,-0.4,0.615540037,0.287994516,
A,S_BB,c,-0.4,0.636554081,0.307363935,
A,S_BB,c,-0.4,0.658102417,0.327425467,
A,S_BB,c,-0.4,0.679189641,0.346267326,
A,S_BB,c,-0.4,0.700054044,0.362768473,
A,S_BB,c,-0.4,0.721329826,0.381555709,
A,S_BB,c,-0.4,0.742033923,0.405047717,
A,S_BB,c,-0.4,0.762614581,0.422561735,
A,S_BB,c,-0.4,0.783270495,0.442322099,
A,S_BB,c,-0.4,0.804783918,0.464003206,
A,S_BB,c,-0.4,0.826095906,0.487688197,
A,S_BB,c,-0.4,0.846303977,0.504221449,
A,S_BB,c,-0.4,0.867174819,0.522133774,
A,S_BB,c,-0.4,0.888413258,0.545464541,
A,S_BB,c,-0.4,0.909910564,0.565439488,
A,S_BB,c,-0.4,0.931134698,0.585108561,
A,S_BB,c,-0.4,0.951563161,0.60776571,
A,S_BB,c,-0.4,0.972160451,0.624022706,
A,S_BB,c,-0.4,0.993008165,0.648934199,
A,S_BB,c,-0.4,1.0140906,0.666249919,
A,S_BB,c,-0.4,1.03500338,0.68274455,
A,S_BB,c,-0.4,1.05657413,0.704692509,
A,S_BB,c,-0.4,1.07789814,0.723980039,
A,S_BB,c,-0.4,1.09835045,0.744598515,
A,S_BB,c,-0.4,1.11903902,0.75811443,
A,S_BB,c,-0.4,1.1396405,0.776657633,
A,S_BB,c,-0.4,1.16109193,0.796747584,
A,S_BB,c,-0.4,1.18227503,0.809812312,
A,S_BB,c,-0.4,1.2030555,0.824595229,
A,S_BB,c,-0.4,1.22375183,0.844616548,
A,S_BB,c,-0.4,1.24453484,0.856361473,
A,S_BB,c,-0.4,1.26570671,0.871425388,
A,S_BB,c,-0.4,1.28693994,0.885677681,
A,S_BB,c,-0.4,1.30807124,0.900514141,
A,S_BB,c,-0.4,1.32889646,0.913621262,
A,S_BB,c,-0.4,1.34945121,0.92440057,
A,S_BB,c,-0.4,1.37055188,0.932430547,
A,S_BB,c,-0.4,1.39148285,0.943318894,
A,S_BB,c,-0.4,1.41220445,0.948054792,
A,S_BB,c,-0.4,1.43352474,0.95680346,
A,S_BB,c,-0.4,1.45454751,0.965917569,
A,S_BB,c,-0.4,1.47511055,0.971659875,
A,S_BB,c,-0.4,1.49566583,0.977251961,
A,S_BB,c,-0.4,1.51690776,0.98406168,
A,S_BB,c,-0.4,1.53826425,0.991622469,
A,S_BB,c,-0.4,1.55931449,0.99358405,
A,S_BB,c,-0.4,1.58012172,0.995878376,
A,S_BB,c,-0.4,1.60114355,1.00098849,
A,S_BB,c,-0.4,1.62229155,1.00717211,
A,S_BB,c,-0.4,1.64295947,1.01308778,
A,S_BB,c,-0.4,1.66366432,1.00696433,
A,S_BB,c,-0.4,1.68478217,1.00545168,
A,S_BB,c,-0.4,1.7057485,1.01259106,
A,S_BB,c,-0.4,1.72683745,1.01494397,
A,S_BB,c,-0.4,1.74765849,1.01808193,
A,S_BB,c,-0.4,1.76847487,1.01474201,
A,S_BB,c,-0.4,1.78961871,1.01313916,
A,S_BB,c,-0.4,1.81086098,1.01395989,
A,S_BB,c,-0.4,1.83179094,1.00761793,
A,S_BB,c,-0.4,1.8521746,1.01803093,
A,S_BB,c,-0.4,1.8733654,1.01255398,
A,S_BB,c,-0.4,1.89455538,1.01603402,
A,S_BB,c,-0.4,1.91534795,1.01311719,
A,S_BB,c,-0.4,1.93623233,1.01198818,
A,S_BB,c,-0.4,1.9571481,1.00929498,
A,S_BB,c,-0.4,1.97825109,1.01067769,
A,S_BB,c,-0.4,1.99905898,1.00636968,
A,S_BB,c,-0.4,2.01966715,1.00717329,
A,S_BB,c,-0.4,2.04082415,1.00730117,
A,S_BB,c,-0.4,2.06193171,1.00104326,
A,S_BB,c,-0.4,2.08296048,0.997800668,
A,S_BB,c,-0.4,2.10383017,1.00694177,
A,S_BB,c,-0.4,2.12494312,0.997838041,
A,S_BB,c,-0.4,2.14618475,1.00064109,
A,S_BB,c,-0.4,2.16679298,0.995897373,
A,S_BB,c,-0.4,2.18753482,0.993215213,
A,S_BB,c,-0.4,2.20847027,0.992163612,
A,S_BB,c,-0.4,2.22955181,0.99002667,
A,S_BB,c,-0.4,2.25078374,0.99145405,
A,S_BB,c,-0.4,2.27150159,0.990655471,
A,S_BB,c,-0.4,2.29205574,0.98568961,
A,S_BB,c,-0.4,2.31294326,0.984765523,
A,S_BB,c,-0.4,2.3340363,0.988148958,
A,S_BB,c,-0.4,2.35514399,0.986969547,
A,S_BB,c,-0.4,2.37607726,0.980998503,
A,S_BB,c,-0.4,2.39730341,0.982009602,
A,S_BB,c,-0.4,2.41857203,0.979770369,
A,S_BB,c,-0.4,2.43911056,0.979097541,
A,S_BB,c,-0.4,2.45988005,0.977969298,
A,S_BB,c,-0.4,2.48094151,0.981113376,
A,S_BB,c,-0.4,2.50196601,0.981626578,
A,S_BB,c,-0.4,2.52300496,0.973278398,
A,S_BB,c,-0.4,2.54340089,0.976021399,
A,S_BB,c,-0.4,2.56415297,0.977609528,
A,S_BB,c,-0.4,2.58575836,0.975528211,
A,S_BB,c,-0.4,2.60684428,0.974777636,
A,S_BB,c,-0.4,2.62775949,0.977990266,
A,S_BB,c,-0.4,2.64834355,0.974887759,
A,S_BB,c,-0.4,2.66912062,0.971522298,
A,S_BB,c,-0.4,2.69039946,0.974924565,
A,S_BB,c,-0.4,2.71121518,0.976507491,
A,S_BB,c,-0.4,2.7321837,0.97391876,
A,S_BB,c,-0.4,2.75306239,0.971432029,
A,S_BB,c,-0.4,2.77427049,0.973404775,
A,S_BB,c,-0.4,2.79557932,0.976004594,
A,S_BB,c,-0.4,2.8160646,0.975396836,
A,S_BB,c,-0.4,2.83689478,0.97414454,
A,S_BB,c,-0.4,2.85801727,0.974453233,
A,S_BB,c,-0.4,2.87906973,0.972029987,
A,S_BB,c,-0.4,2.89996898,0.973858157,
A,S_BB,c,-0.4,2.92062944,0.973265456,
A,S_BB,c,-0.4,2.941605,0.97129764,
A,S_BB,c,-0.4,2.96267076,0.970988281,
A,S_BB,c,-0.4,2.98347442,0.972937775,
A,S_BB,c,-0.4,3.00437656,0.975697148,
A,S_BB,c,-0.4,3.02542142,0.977555838,
A,S_BB,c,-0.4,3.04658726,0.974415111,
A,S_BB,c,-0.4,3.06768101,0.975813923,
A,S_BB,c,-0.4,3.088328,0.979607741,
A,S_BB,c,-0.4,3.10931167,0.977094664,
A,S_BB,c,-0.4,3.1305457,0.975512986,
A,S_BB,c,-0.4,3.15150209,0.979061815,
A,S_BB,c,-0.4,3.17219014,0.974133407,
A,S_BB,c,-0.4,3.19299024,0.979902699,
A,S_BB,c,-0.4,3.21390436,0.977336217,
A,S_BB,c,-0.4,3.23506564,0.975282919,
A,S_BB,c,-0.4,3.25605387,0.974216549,
A,S_BB,c,-0.4,3.27685776,0.98058654,
A,S_BB,c,-0.4,3.29794723,0.983111132,
A,S_BB,c,-0.4,3.31884778,0.97592562,
A,S_BB,c,-0.4,3.33944269,0.98134971,
A,S_BB,c,-0.4,3.36030612,0.979691287,
A,S_BB,c,-0.4,3.38171654,0.976855075,
A,S_BB,c,-0.4,3.40297495,0.979442408,
A,S_BB,c,-0.4,3.42370792,0.978367149,
A,S_BB,c,-0.4,3.44440875,0.983022864,
A,S_BB,c,-0.4,3.465315,0.983172636,
A,S_BB,c,-0.4,3.4865867,0.982695745,
A,S_BB,c,-0.4,3.50751221,0.980857056,
A,S_BB,c,-0.4,3.52796741,0.979377495,
A,S_BB,c,-0.4,3.5488788,0.983107052,
A,S_BB,c,-0.4,3.57014151,0.983144153,
A,S_BB,c,-0.4,3.59120365,0.984271825,
A,S_BB,c,-0.4,3.61190928,0.984379836,
A,S_BB,c,-0.4,3.63300558,0.984680595,
A,S_BB,c,-0.4,3.6541422,0.986166292,
A,S_BB,c,-0.4,3.67500902,0.986357985,
A,S_BB,c,-0.4,3.69581564,0.984270274,
A,S_BB,c,-0.4,3.71644729,0.984702877,
A,S_BB,c,-0.4,3.73749774,0.984326779,
A,S_BB,c,-0.4,3.75868086,0.983136229,
A,S_BB,c,-0.4,3.77950549,0.985243614,
A,S_BB,c,-0.4,3.80027286,0.98654156,
A,S_BB,c,-0.4,3.82143123,0.983701794,
A,S_BB,c,-0.4,3.84280481,0.985438962,
A,S_BB,c,-0.4,3.86349282,0.98514009,
A,S_BB,c,-0.4,3.88417456,0.988547142,
A,S_BB,c,-0.4,3.90535419,0.986291582,
A,S_BB,c,-0.4,3.9264697,0.987151665,
A,S_BB,c,-0.4,3.94738681,0.989970183,
A,S_BB,c,-0.4,3.96810309,0.989207511,
A,S_BB,c,-0.4,3.98888694,0.987746088,
A,S_BB,c,-0.4,4.00993371,0.987871074,
A,S_BB,c,-0.4,4.03080983,0.990119679,
A,S_BB,c,-0.4,4.05178039,0.989097093,
A,S_BB,c,-0.4,4.07276799,0.988101493,
A,S_BB,c,-0.4,4.09368684,0.988671858,
A,S_BB,c,-0.4,4.11485609,0.991858914,
A,S_BB,c,-0.4,4.13583188,0.991398627,
A,S_BB,c,-0.4,4.15670688,0.993856519,
A,S_BB,c,-0.4,4.17758774,0.992081184,
A,S_BB,c,-0.4,4.19867141,0.99356968,
A,S_BB,c,-0.4,4.21961517,0.991190909,
A,S_BB,c,-0.4,4.24013393,0.993720409,
A,S_BB,c,-0.4,4.26119077,0.992792761,
A,S_BB,c,-0.4,4.28239268,0.995823692,
A,S_BB,c,-0.4,4.30342826,0.994081947,
A,S_BB,c,-0.4,4.32431592,0.998802433,
A,S_BB,c,-0.4,4.34508479,0.997886093,
A,S_BB,c,-0.4,4.36604259,0.997393454,
A,S_BB,c,-0.4,4.38708086,0.99969579,
A,S_BB,c,-0.4,4.40778797,0.997489358,
A,S_BB,c,-0.4,4.4288526,0.996960635,
A,S_BB,c,-0.4,4.44994967,0.99581169,
A,S_BB,c,-0.4,4.47085438,0.997364488,
A,S_BB,c,-0.4,4.49188801,0.997564401,
A,S_BB,c,-0.4,4.51250216,1.00012559,
A,S_BB,c,-0.4,4.5334461,1.00229557,
A,S_BB,c,-0.4,4.55463591,1.00285114,
A,S_BB,c,-0.4,4.57547609,0.999456404,
A,S_BB,c,-0.4,4.59643311,1.00025475,
A,S_BB,c,-0.4,4.61732903,1.00150327,
A,S_BB,c,-0.4,4.63833098,1.00350583,
A,S_BB,c,-0.4,4.65949324,1.00130331,
A,S_BB,c,-0.4,4.68039693,1.00213435,
A,S_BB,c,-0.4,4.70136745,1.00357733,
A,S_BB,c,-0.4,4.72221533,1.00239966,
A,S_BB,c,-0.4,4.74309374,1.00256065,
A,S_BB,c,-0.4,4.76390784,1.00157266,
A,S_BB,c,-0.4,4.78491795,1.00260728,
A,S_BB,c,-0.4,4.80636204,1.00442326,
A,S_BB,c,-0.4,4.82728449,1.0072221,
A,S_BB,c,-0.4,4.84785524,1.00345514,
A,S_BB,c,-0.4,4.86859731,1.00484249,
A,S_BB,c,-0.4,4.88954319,1.00292098,
A,S_BB,c,-0.4,4.91078695,1.00525377,
A,S_BB,c,-0.4,4.93172016,1.00330068,
A,S_BB,c,-0.4,4.95244063,1.00466211,
A,S_BB,c,-0.4,4.97348932,1.00356738,
A,S_BB,c,-0.4,4.994309,1.00281846,
A,S_BB,c,-0.4,5.01515697,1.00518549,
A,S_BB,c,-0.4,5.03598003,1.00617624,
A,S_BB,c,-0.4,5.05703237,1.00337783,
A,S_BB,c,-0.4,5.07840332,1.00583824,
A,S_BB,c,-0.4,5.09943841,1.00562017,
A,S_BB,c,-0.4,5.12032938,1.00727224,
A,S_BB,c,-0.4,5.14107614,1.00759669,
A,S_BB,c,-0.4,5.16214077,1.00670407,
A,S_BB,c,-0.4,5.18341099,1.00550075,
A,S_BB,c,-0.4,5.2041075,1.00693405,
A,S_BB,c,-0.4,5.22477891,1.0054046,
A,S_BB,c,-0.4,5.24557967,1.00637033,
A,S_BB,c,-0.4,5.26649236,1.00644058,
A,S_BB,c,-0.4,5.28753131,1.00779223,
A,S_BB,c,-0.4,5.30847064,1.00632538,
A,S_BB,c,-0.4,5.32946745,1.00946129,
A,S_BB,c,-0.4,5.3506922,1.00654454,
A,S_BB,c,-0.4,5.37158853,1.00529793,
A,S_BB,c,-0.4,5.39231925,1.00684017,
A,S_BB,c,-0.4,5.41333352,1.00777826,
A,S_BB,c,-0.4,5.43434316,1.00761651,
A,S_BB,c,-0.4,5.45530659,1.00907976,
A,S_BB,c,-0.4,5.47618498,1.00653381,
A,S_BB,c,-0.4,5.49715755,1.01068518,
A,S_BB,c,-0.4,5.51801586,1.00898476,
A,S_BB,c,-0.4,5.53881995,1.00987132,
A,S_BB,c,-0.4,5.55992514,1.00679002,
A,S_BB,c,-0.4,5.58098545,1.01084344,
A,S_BB,c,-0.4,5.60183772,1.00833933,
A,S_BB,c,-0.4,5.62277584,1.00844117,
A,S_BB,c,-0.4,5.64379172,1.00476563,
A,S_BB,c,-0.4,5.66460817,1.01139922,
A,S_BB,c,-0.4,5.68556022,1.00902793,
A,S_BB,c,-0.4,5.7067909,1.00694471,
A,S_BB,c,-0.4,5.72769317,1.00673671,
A,S_BB,c,-0.4,5.74840017,1.00956793,
A,S_BB,c,-0.4,5.76938192,1.00636513,
A,S_BB,c,-0.4,5.79039764,1.00719308,
A,S_BB,c,-0.4,5.81144039,1.00846153,
A,S_BB,c,-0.4,5.83232115,1.00712867,
A,S_BB,c,-0.4,5.85320209,1.00677726,
A,S_BB,c,-0.4,5.87418919,1.00558557,
A,S_BB,c,-0.4,5.89509625,1.00790148,
A,S_BB,c,-0.4,5.9159726,1.00686669,
A,S_BB,c,-0.4,5.93682663,1.01065878,
A,S_BB,c,-0.4,5.95791772,1.00848723,
A,S_BB,c,-0.4,5.97900675,1.00947792,
A,S_BB,c,-0.4,5.99978945,1.00786316,
A,S_BB,c,-0.4,6.02063577,1.0049972,
A,S_BB,c,-0.4,6.04156421,1.00609665,
A,S_BB,c,-0.4,6.06259364,1.0048143,
A,S_BB,c,-0.4,6.08377541,1.00748031,
A,S_BB,c,-0.4,6.10447051,1.00679093,
A,S_BB,c,-0.4,6.12538157,1.00755348,
A,S_BB,c,-0.4,6.14660689,1.00433367,
A,S_BB,c,-0.4,6.16752321,1.00770373,
A,S_BB,c,-0.4,6.18833806,1.00502803,
A,S_BB,c,-0.4,6.20938667,1.00875285,
A,S_BB,c,-0.4,6.23052184,1.00832896,
A,S_BB,c,-0.4,6.25137137,1.00360214,
A,S_BB,c,-0.4,6.27204484,1.00728784,
A,S_BB,c,-0.4,6.29290789,1.00600507,
A,S_BB,c,-0.4,6.31382104,1.00616043,
A,S_BB,c,-0.4,6.33495691,1.00551807,
A,S_BB,c,-0.4,6.35600914,1.00535288,
A,S_BB,c,-0.4,6.37663869,1.00619359,
A,S_BB,c,-0.4,6.39770954,1.00469183,
A,S_BB,c,-0.4,6.41872759,1.00630732,
A,S_BB,c,-0.4,6.43951457,1.00687207,
A,S_BB,c,-0.4,6.46033562,1.00430816,
A,S_BB,c,-0.4,6.4814564,1.00583123,
A,S_BB,c,-0.4,6.50265681,1.00688643,
A,S_BB,c,-0.4,6.52350383,1.00454887,
A,S_BB,c,-0.4,6.54427866,1.00306729,
A,S_BB,c,-0.4,6.56515568,1.00268421,
A,S_BB,c,-0.4,6.58628576,1.00328878,
A,S_BB,c,-0.4,6.60749316,1.00310466,
A,S_BB,c,-0.4,6.62830625,1.00349778,
A,S_BB,c,-0.4,6.64913567,1.00294885,
A,S_BB,c,-0.4,6.67020149,1.00157544,
A,S_BB,c,-0.4,6.69106898,1.00229981,
A,S_BB,c,-0.4,6.71185955,1.00198365,
A,S_BB,c,-0.4,6.73264651,1.00426421,
A,S_BB,c,-0.4,6.7537045,1.0048204,
A,S_BB,c,-0.4,6.77487174,1.00373004,
A,S_BB,c,-0.4,6.79557562,1.00370544,
A,S_BB,c,-0.4,6.81648781,1.00321094,
A,S_BB,c,-0.4,6.83753747,1.00327147,
A,S_BB,c,-0.4,6.85867557,1.00542896,
A,S_BB,c,-0.4,6.87985316,1.00097911,
A,S_BB,c,-0.4,6.90065786,1.00442199,
A,S_BB,c,-0.4,6.92153112,1.00413317,
A,S_BB,c,-0.4,6.94229803,1.00259649,
A,S_BB,c,-0.4,6.9630016,1.00067012,
A,S_BB,c,-0.4,6.98416877,1.00226543,
A,S_BB,c,-0.4,7.0052781,1.00033307,
A,S_BB,c,-0.4,7.02617612,1.00176025,
A,S_BB,c,-0.4,7.04699526,1.00056758,
A,S_BB,c,-0.4,7.06761685,1.00184057,
A,S_BB,c,-0.4,7.08873369,1.00028107,
A,S_BB,c,-0.4,7.10994937,1.00117937,
A,S_BB,c,-0.4,7.13102893,1.00009345,
A,S_BB,c,-0.4,7.15201412,1.00136717,
A,S_BB,c,-0.4,7.17271336,1.00013709,
A,S_BB,c,-0.4,7.19374266,0.999579623,
A,S_BB,c,-0.4,7.21473042,1.00198973,
A,S_BB,c,-0.4,7.23564263,1.00087382,
A,S_BB,c,-0.4,7.25666289,1.00197195,
A,S_BB,c,-0.4,7.27757645,0.998810221,
A,S_BB,c,-0.4,7.2984411,1.00077314,
A,S_BB,c,-0.4,7.31917384,0.998997967,
A,S_BB,c,-0.4,7.34001688,0.999871541,
A,S_BB,c,-0.4,7.3611683,1.00199764,
A,S_BB,c,-0.4,7.38224284,1.00158027,
A,S_BB,c,-0.4,7.40324015,1.00072914,
A,S_BB,c,-0.4,7.42408854,0.999491699,
A,S_BB,c,-0.4,7.44500634,1.00122183,
A,S_BB,c,-0.4,7.46595959,1.00283617,
A,S_BB,c,-0.4,7.48696308,0.997904255,
A,S_BB,c,-0.4,7.5079936,0.998408359,
A,S_BB,c,-0.4,7.52871967,0.996750429,
A,S_BB,c,-0.4,7.54966921,0.99846591,
A,S_BB,c,-0.4,7.57064902,1.00092968,
A,S_BB,c,-0.4,7.59151428,0.999019953,
A,S_BB,c,-0.4,7.6123809,1.00053177,
A,S_BB,c,-0.4,7.63338324,0.997928993,
A,S_BB,c,-0.4,7.65450532,0.999546612,
A,S_BB,c,-0.4,7.67556944,1.00020898,
A,S_BB,c,-0.4,7.69637751,0.998197397,
A,S_BB,c,-0.4,7.71727216,0.997201473,
A,S_BB,c,-0.4,7.73835725,0.99757291,
A,S_BB,c,-0.4,7.75934923,0.997220067,
A,S_BB,c,-0.4,7.78023116,0.995556678,
A,S_BB,c,-0.4,7.80098697,0.998665488,
A,S_BB,c,-0.4,7.82190677,0.997308202,
A,S_BB,c,-0.4,7.84304931,0.999505308,
A,S_BB,c,-0.4,7.86405132,0.997722345,
A,S_BB,c,-0.4,7.88484553,0.994683986,
A,S_BB,c,-0.4,7.90574885,0.997588071,
A,S_BB,c,-0.4,7.9267531,0.997231063,
A,S_BB,c,-0.4,7.94765228,0.995625523,
A,S_BB,c,-0.4,7.96842304,0.997941932,
A,S_BB,c,-0.4,7.98938616,0.997380339,
A,S_BB,c,-0.4,8.01050815,0.997630519,
A,S_BB,c,-0.4,8.03153334,0.997901683,
A,S_BB,c,-0.4,8.05240251,0.996250595,
A,S_BB,c,-0.4,8.07332696,0.997882627,
A,S_BB,c,-0.4,8.09438514,0.996498824,
A,S_BB,c,-0.4,8.11529588,0.995260232,
A,S_BB,c,-0.4,8.13618411,0.995895247,
A,S_BB,c,-0.4,8.15717855,0.99697106,
A,S_BB,c,-0.4,8.17807847,0.998205885,
A,S_BB,c,-0.4,8.19905269,0.998521201,
A,S_BB,c,-0.4,8.21991085,0.995669757,
A,S_BB,c,-0.4,8.24078529,0.996793428,
A,S_BB,c,-0.4,8.26195652,0.999974976,
A,S_BB,c,-0.4,8.28293039,0.997395665,
A,S_BB,c,-0.4,8.30373423,0.996172641,
A,S_BB,c,-0.4,8.32452583,0.999503359,
A,S_BB,c,-0.4,8.34556221,0.997085896,
A,S_BB,c,-0.4,8.36671927,0.99478191,
A,S_BB,c,-0.4,8.38757523,0.996447078,
A,S_BB,c,-0.4,8.40855808,0.996837829,
A,S_BB,c,-0.4,8.42953585,0.996795684,
A,S_BB,c,-0.4,8.45042977,0.994275054,
A,S_BB,c,-0.4,8.47138662,0.996503393,
A,S_BB,c,-0.4,8.49217243,0.99832457,
A,S_BB,c,-0.4,8.51321806,0.996517468,
A,S_BB,c,-0.4,8.53421183,0.996029497,
A,S_BB,c,-0.4,8.55508292,0.998108502,
A,S_BB,c,-0.4,8.57598662,0.997431918,
A,S_BB,c,-0.4,8.59679232,0.995807743,
A,S_BB,c,-0.4,8.61783107,0.99511284,
A,S_BB,c,-0.4,8.63891768,0.993835067,
A,S_BB,c,-0.4,8.65972861,0.994821787,
A,S_BB,c,-0.4,8.68059853,0.995429308,
A,S_BB,c,-0.4,8.70174168,0.99544336,
A,S_BB,c,-0.4,8.72279566,0.994808021,
A,S_BB,c,-0.4,8.74359241,0.995994526,
A,S_BB,c,-0.4,8.76424415,0.995274413,
A,S_BB,c,-0.4,8.78526729,0.995506903,
A,S_BB,c,-0.4,8.80637189,0.994893335,
A,S_BB,c,-0.4,8.82736896,0.996845148,
A,S_BB,c,-0.4,8.84843212,0.995984428,
A,S_BB,c,-0.4,8.86933197,0.994740654,
A,S_BB,c,-0.4,8.89026857,0.996766064,
A,S_BB,c,-0.4,8.91123702,0.996794469,
A,S_BB,c,-0.4,8.93214776,0.997908852,
A,S_BB,c,-0.4,8.95312097,0.998731571,
A,S_BB,c,-0.4,8.9741304,0.995118953,
A,S_BB,c,-0.4,8.99505705,0.997757616,
A,S_BB,c,-0.4,9.01571368,0.995983692,
A,S_BB,c,-0.4,9.03640927,0.993432817,
A,S_BB,c,-0.4,9.05755121,0.993805656,
A,S_BB,c,-0.4,9.07868023,0.995820358,
A,S_BB,c,-0.4,9.09969513,0.997429277,
A,S_BB,c,-0.4,9.1205658,0.9955206,
A,S_BB,c,-0.4,9.14137844,0.99706397,
A,S_BB,c,-0.4,9.16237082,0.99632795,
A,S_BB,c,-0.4,9.18339441,0.994458627,
A,S_BB,c,-0.4,9.20447395,0.996450247,
A,S_BB,c,-0.4,9.22549281,0.997210169,
A,S_BB,c,-0.4,9.2463962,0.999677852,
A,S_BB,c,-0.4,9.26722673,0.997658595,
A,S_BB,c,-0.4,9.28791689,0.996125788,
A,S_BB,c,-0.4,9.30892724,0.996690181,
A,S_BB,c,-0.4,9.33003065,0.996150739,
A,S_BB,c,-0.4,9.35102864,0.996332636,
A,S_BB,c,-0.4,9.37196601,0.998216895,
A,S_BB,c,-0.4,9.39258783,0.997577295,
A,S_BB,c,-0.4,9.41349621,0.996371916,
A,S_BB,c,-0.4,9.4347927,0.997030649,
A,S_BB,c,-0.4,9.45587737,0.994242642,
A,S_BB,c,-0.4,9.47676866,0.996574487,
A,S_BB,c,-0.4,9.49762777,0.999080119,
A,S_BB,c,-0.4,9.51852362,0.998204581,
A,S_BB,c,-0.4,9.53939795,0.997398385,
A,S_BB,c,-0.4,9.56035551,0.997728398,
A,S_BB,c,-0.4,9.58149741,0.995182548,
A,S_BB,c,-0.4,9.60249587,0.996548888,
A,S_BB,c,-0.4,9.62336478,0.997260926,
A,S_BB,c,-0.4,9.64415055,0.998780227,
A,S_BB,c,-0.4,9.66502224,0.997503725,
A,S_BB,c,-0.4,9.68597433,0.998298754,
A,S_BB,c,-0.4,9.7069728,0.998781423,
A,S_BB,c,-0.4,9.72797765,0.996025718,
A,S_BB,c,-0.4,9.74896401,0.997558369,
A,S_BB,c,-0.4,9.76996217,0.999417597,
A,S_BB,c,-0.4,9.79085678,0.997638334,
A,S_BB,c,-0.4,9.81166698,0.99754981,
A,S_BB,c,-0.4,9.83262494,0.996707758,
A,S_BB,c,-0.4,9.85372265,0.997601986,
A,S_BB,c,-0.4,9.87472665,0.999401937,
A,S_BB,c,-0.4,9.89559934,0.997292243,
A,S_BB,c,-0.4,9.91635289,0.996269902,
A,S_BB,c,-0.4,9.93737645,0.997931298,
A,S_BB,c,-0.4,9.95856995,0.999629375,
A,S_BB,c,-0.4,9.97940815,0.996296239,
A,S_BB,c,-0.4,10.000082,0.999185172,
A,S_BB,c,-0.2,0.0252815853,0.00413673488,
A,S_BB,c,-0.2,0.0486976344,0.00557167415,
A,S_BB,c,-0.2,0.0692644017,0.00792380477,
A,S_BB,c,-0.2,0.08877835,0.0106129963,
A,S_BB,c,-0.2,0.111604297,0.0146917568,
A,S_BB,c,-0.2,0.132731806,0.0188657503,
A,S_BB,c,-0.2,0.153672181,0.0238170207,
A,S_BB,c,-0.2,0.175641863,0.0299817848,
A,S_BB,c,-0.2,0.196615509,0.0362530923,
A,S_BB,c,-0.2,0.217326708,0.0431935367,
A,S_BB,c,-0.2,0.237538457,0.0505436587,
A,S_BB,c,-0.2,0.258148683,0.0581064357,
A,S_BB,c,-0.2,0.28040349,0.0685113631,
A,S_BB,c,-0.2,0.301929084,0.0778175364,
A,S_BB,c,-0.2,0.322287413,0.0892482447,
A,S_BB,c,-0.2,0.342663331,0.0986057112,
A,S_BB,c,-0.2,0.363641289,0.111452882,
A,S_BB,c,-0.2,0.385602948,0.121573041,
A,S_BB,c,-0.2,0.406737165,0.135530382,
A,S_BB,c,-0.2,0.427001871,0.147030491,
A,S_BB,c,-0.2,0.448754416,0.163721012,
A,S_BB,c,-0.2,0.469601745,0.176404428,
A,S_BB,c,-0.2,0.489805379,0.191196744,
A,S_BB,c,-0.2,0.510302494,0.206582153,
A,S_BB,c,-0.2,0.53178319,0.221374518,
A,S_BB,c,-0.2,0.553922362,0.23952098,
A,S_BB,c,-0.2,0.574670041,0.255662067,
A,S_BB,c,-0.2,0.594645701,0.270787403,
A,S_BB,c,-0.2,0.615540037,0.290918344,
A,S_BB,c,-0.2,0.636554081,0.306729804,
A,S_BB,c,-0.2,0.658102417,0.327227667,
A,S_BB,c,-0.2,0.679189641,0.345540171,
A,S_BB,c,-0.2,0.700054044,0.363847219,
A,S_BB,c,-0.2,0.721329826,0.384195629,
A,S_BB,c,-0.2,0.742033923,0.399723958,
A,S_BB,c,-0.2,0.762614581,0.419785971,
A,S_BB,c,-0.2,0.783270495,0.439888151,
A,S_BB,c,-0.2,0.804783918,0.464667886,
A,S_BB,c,-0.2,0.826095906,0.482584566,
A,S_BB,c,-0.2,0.846303977,0.503819276,
A,S_BB,c,-0.2,0.867174819,0.519538951,
A,S_BB,c,-0.2,0.888413258,0.545192429,
A,S_BB,c,-0.2,0.909910564,0.566567014,
A,S_BB,c,-0.2,0.931134698,0.589327151,
A,S_BB,c,-0.2,0.951563161,0.604023638,
A,S_BB,c,-0.2,0.972160451,0.626083389,
A,S_BB,c,-0.2,0.993008165,0.644506551,
A,S_BB,c,-0.2,1.0140906,0.664332111,
A,S_BB,c,-0.2,1.03500338,0.684399174,
A,S_BB,c,-0.2,1.05657413,0.707010812,
A,S_BB,c,-0.2,1.07789814,0.725570337,
A,S_BB,c,-0.2,1.09835045,0.742438062,
A,S_BB,c,-0.2,1.11903902,0.761018462,
A,S_BB,c,-0.2,1.1396405,0.776918325,
A,S_BB,c,-0.2,1.16109193,0.798345821,
A,S_BB,c,-0.2,1.18227503,0.813457892,
A,S_BB,c,-0.2,1.2030555,0.829946297,
A,S_BB,c,-0.2,1.22375183,0.841923283,
A,S_BB,c,-0.2,1.24453484,0.855438872,
A,S_BB,c,-0.2,1.26570671,0.874160457,
A,S_BB,c,-0.2,1.28693994,0.884251169,
A,S_BB,c,-0.2,1.30807124,0.902136965,
A,S_BB,c,-0.2,1.32889646,0.910228481,
A,S_BB,c,-0.2,1.34945121,0.918982022,
A,S_BB,c,-0.2,1.37055188,0.928757678,
A,S_BB,c,-0.2,1.39148285,0.939002605,
A,S_BB,c,-0.2,1.41220445,0.951240268,
A,S_BB,c,-0.2,1.43352474,0.953302941,
A,S_BB,c,-0.2,1.45454751,0.962319364,
A,S_BB,c,-0.2,1.47511055,0.970269237,
A,S_BB,c,-0.2,1.49566583,0.979699802,
A,S_BB,c,-0.2,1.51690776,0.980673369,
A,S_BB,c,-0.2,1.53826425,0.988188484,
A,S_BB,c,-0.2,1.55931449,0.990050476,
A,S_BB,c,-0.2,1.58012172,0.99621478,
A,S_BB,c,-0.2,1.60114355,0.999689147,
A,S_BB,c,-0.2,1.62229155,1.00565616,
A,S_BB,c,-0.2,1.64295947,1.00675692,
A,S_BB,c,-0.2,1.66366432,1.00726619,
A,S_BB,c,-0.2,1.68478217,1.01410805,
A,S_BB,c,-0.2,1.7057485,1.01173075,
A,S_BB,c,-0.2,1.72683745,1.0087308,
A,S_BB,c,-0.2,1.74765849,1.01371765,
A,S_BB,c,-0.2,1.76847487,1.01879084,
A,S_BB,c,-0.2,1.78961871,1.0132944,
A,S_BB,c,-0.2,1.81086098,1.01294677,
A,S_BB,c,-0.2,1.83179094,1.00860023,
A,S_BB,c,-0.2,1.8521746,1.01455779,
A,S_BB,c,-0.2,1.8733654,1.01172462,
A,S_BB,c,-0.2,1.89455538,1.01627872,
A,S_BB,c,-0.2,1.91534795,1.01478491,
A,S_BB,c,-0.2,1.93623233,1.01336313,
A,S_BB,c,-0.2,1.9571481,1.00942989,
A,S_BB,c,-0.2,1.97825109,1.00736931,
A,S_BB,c,-0.2,1.99905898,1.00233194,
A,S_BB,c,-0.2,2.01966715,1.00751298,
A,S_BB,c,-0.2,2.04082415,1.00932063,
A,S_BB,c,-0.2,2.06193171,1.00498625,
A,S_BB,c,-0.2,2.08296048,1.0037837,
A,S_BB,c,-0.2,2.10383017,1.00340126,
A,S_BB,c,-0.2,2.12494312,0.998456146,
A,S_BB,c,-0.2,2.14618475,0.999286584,
A,S_BB,c,-0.2,2.16679298,0.996755946,
A,S_BB,c,-0.2,2.18753482,0.991846797,
A,S_BB,c,-0.2,2.20847027,0.996199487,
A,S_BB,c,-0.2,2.22955181,0.993238841,
A,S_BB,c,-0.2,2.25078374,0.993527169,
A,S_BB,c,-0.2,2.27150159,0.99146314,
A,S_BB,c,-0.2,2.29205574,0.989586283,
A,S_BB,c,-0.2,2.31294326,0.99034387,
A,S_BB,c,-0.2,2.3340363,0.987010651,
A,S_BB,c,-0.2,2.35514399,0.988404928,
A,S_BB,c,-0.2,2.37607726,0.984805516,
A,S_BB,c,-0.2,2.39730341,0.981829354,
A,S_BB,c,-0.2,2.41857203,0.981776086,
A,S_BB,c,-0.2,2.43911056,0.981211554,
A,S_BB,c,-0.2,2.45988005,0.9825367,
A,S_BB,c,-0.2,2.48094151,0.979312606,
A,S_BB,c,-0.2,2.50196601,0.980975287,
A,S_BB,c,-0.2,2.52300496,0.979635157,
A,S_BB,c,-0.2,2.54340089,0.974249617,
A,S_BB,c,-0.2,2.56415297,0.9773856,
A,S_BB,c,-0.2,2.58575836,0.974056741,
A,S_BB,c,-0.2,2.60684428,0.973583768,
A,S_BB,c,-0.2,2.62775949,0.97416693,
A,S_BB,c,-0.2,2.64834355,0.973879084,
A,S_BB,c,-0.2,2.66912062,0.977047529,
A,S_BB,c,-0.2,2.69039946,0.975716273,
A,S_BB,c,-0.2,2.71121518,0.973716626,
A,S_BB,c,-0.2,2.7321837,0.974759187,
A,S_BB,c,-0.2,2.75306239,0.972094131,
A,S_BB,c,-0.2,2.77427049,0.975984108,
A,S_BB,c,-0.2,2.79557932,0.969695299,
A,S_BB,c,-0.2,2.8160646,0.970455773,
A,S_BB,c,-0.2,2.83689478,0.969527726,
A,S_BB,c,-0.2,2.85801727,0.975615291,
A,S_BB,c,-0.2,2.87906973,0.972257311,
A,S_BB,c,-0.2,2.89996898,0.976129672,
A,S_BB,c,-0.2,2.92062944,0.972955851,
A,S_BB,c,-0.2,2.941605,0.973369398,
A,S_BB,c,-0.2,2.96267076,0.973426466,
A,S_BB,c,-0.2,2.98347442,0.97515729,
A,S_BB,c,-0.2,3.00437656,0.972380574,
A,S_BB,c,-0.2,3.02542142,0.976951587,
A,S_BB,c,-0.2,3.04658726,0.97852442,
A,S_BB,c,-0.2,3.06768101,0.981767997,
A,S_BB,c,-0.2,3.088328,0.975467966,
A,S_BB,c,-0.2,3.10931167,0.976900683,
A,S_BB,c,-0.2,3.1305457,0.975319213,
A,S_BB,c,-0.2,3.15150209,0.979846192,
A,S_BB,c,-0.2,3.17219014,0.976694036,
A,S_BB,c,-0.2,3.19299024,0.978486824,
A,S_BB,c,-0.2,3.21390436,0.975780751,
A,S_BB,c,-0.2,3.23506564,0.976570045,
A,S_BB,c,-0.2,3.25605387,0.980183954,
A,S_BB,c,-0.2,3.27685776,0.97641831,
A,S_BB,c,-0.2,3.29794723,0.977747051,
A,S_BB,c,-0.2,3.31884778,0.979873265,
A,S_BB,c,-0.2,3.33944269,0.982258722,
A,S_BB,c,-0.2,3.36030612,0.980897768,
A,S_BB,c,-0.2,3.38171654,0.979162364,
A,S_BB,c,-0.2,3.40297495,0.983977568,
A,S_BB,c,-0.2,3.42370792,0.980771718,
A,S_BB,c,-0.2,3.44440875,0.980826464,
A,S_BB,c,-0.2,3.465315,0.980119411,
A,S_BB,c,-0.2,3.4865867,0.979473344,
A,S_BB,c,-0.2,3.50751221,0.982053784,
A,S_BB,c,-0.2,3.52796741,0.98180876,
A,S_BB,c,-0.2,3.5488788,0.980894702,
A,S_BB,c,-0.2,3.57014151,0.981271362,
A,S_BB,c,-0.2,3.59120365,0.984782495,
A,S_BB,c,-0.2,3.61190928,0.984292831,
A,S_BB,c,-0.2,3.63300558,0.980836133,
A,S_BB,c,-0.2,3.6541422,0.983252022,
A,S_BB,c,-0.2,3.67500902,0.982297552,
A,S_BB,c,-0.2,3.69581564,0.990031722,
A,S_BB,c,-0.2,3.71644729,0.983981321,
A,S_BB,c,-0.2,3.73749774,0.984328243,
A,S_BB,c,-0.2,3.75868086,0.984775514,
A,S_BB,c,-0.2,3.77950549,0.984251096,
A,S_BB,c,-0.2,3.80027286,0.986939951,
A,S_BB,c,-0.2,3.82143123,0.988154404,
A,S_BB,c,-0.2,3.84280481,0.988821444,
A,S_BB,c,-0.2,3.86349282,0.987886237,
A,S_BB,c,-0.2,3.88417456,0.985498358,
A,S_BB,c,-0.2,3.90535419,0.987169241,
A,S_BB,c,-0.2,3.9264697,0.985112301,
A,S_BB,c,-0.2,3.94738681,0.989387612,
A,S_BB,c,-0.2,3.96810309,0.991889448,
A,S_BB,c,-0.2,3.98888694,0.988792327,
A,S_BB,c,-0.2,4.00993371,0.988168052,
A,S_BB,c,-0.2,4.03080983,0.988123111,
A,S_BB,c,-0.2,4.05178039,0.990940545,
A,S_BB,c,-0.2,4.07276799,0.990732268,
A,S_BB,c,-0.2,4.09368684,0.992488479,
A,S_BB,c,-0.2,4.11485609,0.991228881,
A,S_BB,c,-0.2,4.13583188,0.993170635,
A,S_BB,c,-0.2,4.15670688,0.991978257,
A,S_BB,c,-0.2,4.17758774,0.995330869,
A,S_BB,c,-0.2,4.19867141,0.992680905,
A,S_BB,c,-0.2,4.21961517,0.991601703,
A,S_BB,c,-0.2,4.24013393,0.992850447,
A,S_BB,c,-0.2,4.26119077,0.996777516,
A,S_BB,c,-0.2,4.28239268,0.994087055,
A,S_BB,c,-0.2,4.30342826,0.995283299,
A,S_BB,c,-0.2,4.32431592,0.998228481,
A,S_BB,c,-0.2,4.34508479,0.995272989,
A,S_BB,c,-0.2,4.36604259,0.996740037,
A,S_BB,c,-0.2,4.38708086,0.998658354,
A,S_BB,c,-0.2,4.40778797,0.999321329,
A,S_BB,c,-0.2,4.4288526,1.00137136,
A,S_BB,c,-0.2,4.44994967,0.999078634,
A,S_BB,c,-0.2,4.47085438,0.998489619,
A,S_BB,c,-0.2,4.49188801,1.0023205,
A,S_BB,c,-0.2,4.51250216,1.00022848,
A,S_BB,c,-0.2,4.5334461,1.00182815,
A,S_BB,c,-0.2,4.55463591,1.00213084,
A,S_BB,c,-0.2,4.57547609,1.00240482,
A,S_BB,c,-0.2,4.59643311,1.00566347,
A,S_BB,c,-0.2,4.61732903,1.00058378,
A,S_BB,c,-0.2,4.63833098,1.00079486,
A,S_BB,c,-0.2,4.65949324,1.00242278,
A,S_BB,c,-0.2,4.68039693,1.00149462,
A,S_BB,c,-0.2,4.70136745,1.00194859,
A,S_BB,c,-0.2,4.72221533,1.00204433,
A,S_BB,c,-0.2,4.74309374,1.00014561,
A,S_BB,c,-0.2,4.76390784,1.00396471,
A,S_BB,c,-0.2,4.78491795,1.00231387,
A,S_BB,c,-0.2,4.80636204,1.00431184,
A,S_BB,c,-0.2,4.82728449,1.00474233,
A,S_BB,c,-0.2,4.84785524,1.00291382,
A,S_BB,c,-0.2,4.86859731,1.00369499,
A,S_BB,c,-0.2,4.88954319,1.01014979,
A,S_BB,c,-0.2,4.91078695,1.00404183,
A,S_BB,c,-0.2,4.93172016,1.00682942,
A,S_BB,c,-0.2,4.95244063,1.00768975,
A,S_BB,c,-0.2,4.97348932,1.00575179,
A,S_BB,c,-0.2,4.994309,1.00799713,
A,S_BB,c,-0.2,5.01515697,1.00510371,
A,S_BB,c,-0.2,5.03598003,1.00629962,
A,S_BB,c,-0.2,5.05703237,1.00468558,
A,S_BB,c,-0.2,5.07840332,1.00824683,
A,S_BB,c,-0.2,5.09943841,1.00612736,
A,S_BB,c,-0.2,5.12032938,1.00779542,
A,S_BB,c,-0.2,5.14107614,1.00532644,
A,S_BB,c,-0.2,5.16214077,1.00648361,
A,S_BB,c,-0.2,5.18341099,1.00579037,
A,S_BB,c,-0.2,5.2041075,1.00795877,
A,S_BB,c,-0.2,5.22477891,1.00731784,
A,S_BB,c,-0.2,5.24557967,1.00961968,
A,S_BB,c,-0.2,5.26649236,1.00914707,
A,S_BB,c,-0.2,5.28753131,1.00702228,
A,S_BB,c,-0.2,5.30847064,1.00690094,
A,S_BB,c,-0.2,5.32946745,1.00635076,
A,S_BB,c,-0.2,5.3506922,1.00535412,
A,S_BB,c,-0.2,5.37158853,1.00910121,
A,S_BB,c,-0.2,5.39231925,1.00771967,
A,S_BB,c,-0.2,5.41333352,1.00697796,
A,S_BB,c,-0.2,5.43434316,1.00840066,
A,S_BB,c,-0.2,5.45530659,1.00566182,
A,S_BB,c,-0.2,5.47618498,1.00669855,
A,S_BB,c,-0.2,5.49715755,1.00513774,
A,S_BB,c,-0.2,5.51801586,1.00747716,
A,S_BB,c,-0.2,5.53881995,1.00715905,
A,S_BB,c,-0.2,5.55992514,1.00901161,
A,S_BB,c,-0.2,5.58098545,1.00899605,
A,S_BB,c,-0.2,5.60183772,1.00705899,
A,S_BB,c,-0.2,5.62277584,1.00816922,
A,S_BB,c,-0.2,5.64379172,1.01125801,
A,S_BB,c,-0.2,5.66460817,1.00751443,
A,S_BB,c,-0.2,5.68556022,1.0059692,
A,S_BB,c,-0.2,5.7067909,1.00825813,
A,S_BB,c,-0.2,5.72769317,1.00919938,
A,S_BB,c,-0.2,5.74840017,1.00948312,
A,S_BB,c,-0.2,5.76938192,1.00861258,
A,S_BB,c,-0.2,5.79039764,1.010897,
A,S_BB,c,-0.2,5.81144039,1.01064639,
A,S_BB,c,-0.2,5.83232115,1.00787643,
A,S_BB,c,-0.2,5.85320209,1.01113742,
A,S_BB,c,-0.2,5.87418919,1.01035343,
A,S_BB,c,-0.2,5.89509625,1.00966078,
A,S_BB,c,-0.2,5.9159726,1.01036223,
A,S_BB,c,-0.2,5.93682663,1.00683135,
A,S_BB,c,-0.2,5.95791772,1.00701915,
A,S_BB,c,-0.2,5.97900675,1.0056144,
A,S_BB,c,-0.2,5.99978945,1.00577412,
A,S_BB,c,-0.2,6.02063577,1.01049829,
A,S_BB,c,-0.2,6.04156421,1.00580161,
A,S_BB,c,-0.2,6.06259364,1.00344306,
A,S_BB,c,-0.2,6.08377541,1.00477086,
A,S_BB,c,-0.2,6.10447051,1.00695019,
A,S_BB,c,-0.2,6.12538157,1.0089833,
A,S_BB,c,-0.2,6.14660689,1.0063838,
A,S_BB,c,-0.2,6.16752321,1.00358318,
A,S_BB,c,-0.2,6.18833806,1.00580369,
A,S_BB,c,-0.2,6.20938667,1.00605337,
A,S_BB,c,-0.2,6.23052184,1.00761401,
A,S_BB,c,-0.2,6.25137137,1.00771613,
A,S_BB,c,-0.2,6.27204484,1.00302179,
A,S_BB,c,-0.2,6.29290789,1.00642225,
A,S_BB,c,-0.2,6.31382104,1.00619426,
A,S_BB,c,-0.2,6.33495691,1.00764093,
A,S_BB,c,-0.2,6.35600914,1.00583331,
A,S_BB,c,-0.2,6.37663869,1.00498548,
A,S_BB,c,-0.2,6.39770954,1.00626076,
A,S_BB,c,-0.2,6.41872759,1.00690838,
A,S_BB,c,-0.2,6.43951457,1.0050674,
A,S_BB,c,-0.2,6.46033562,1.00567538,
A,S_BB,c,-0.2,6.4814564,1.00446495,
A,S_BB,c,-0.2,6.50265681,1.00536159,
A,S_BB,c,-0.2,6.52350383,1.00330051,
A,S_BB,c,-0.2,6.54427866,1.00418979,
A,S_BB,c,-0.2,6.56515568,1.00579696,
A,S_BB,c,-0.2,6.58628576,1.00556327,
A,S_BB,c,-0.2,6.60749316,1.00150181,
A,S_BB,c,-0.2,6.62830625,1.00365482,
A,S_BB,c,-0.2,6.64913567,1.00396813,
A,S_BB,c,-0.2,6.67020149,1.00374283,
A,S_BB,c,-0.2,6.69106898,1.00149641,
A,S_BB,c,-0.2,6.71185955,1.0038419,
A,S_BB,c,-0.2,6.73264651,1.00379346,
A,S_BB,c,-0.2,6.7537045,1.00036563,
A,S_BB,c,-0.2,6.77487174,1.00382513,
A,S_BB,c,-0.2,6.79557562,1.00343592,
A,S_BB,c,-0.2,6.81648781,1.00390734,
A,S_BB,c,-0.2,6.83753747,1.00204535,
A,S_BB,c,-0.2,6.85867557,1.00327042,
A,S_BB,c,-0.2,6.87985316,1.00371489,
A,S_BB,c,-0.2,6.90065786,1.00196011,
A,S_BB,c,-0.2,6.92153112,1.00332515,
A,S_BB,c,-0.2,6.94229803,1.00351079,
A,S_BB,c,-0.2,6.9630016,1.00420886,
A,S_BB,c,-0.2,6.98416877,1.00314489,
A,S_BB,c,-0.2,7.0052781,1.00275735,
A,S_BB,c,-0.2,7.02617612,1.0002073,
A,S_BB,c,-0.2,7.04699526,0.999039528,
A,S_BB,c,-0.2,7.06761685,1.00098558,
A,S_BB,c,-0.2,7.08873369,1.00080914,
A,S_BB,c,-0.2,7.10994937,1.00133749,
A,S_BB,c,-0.2,7.13102893,1.00018774,
A,S_BB,c,-0.2,7.15201412,1.00019424,
A,S_BB,c,-0.2,7.17271336,0.999477111,
A,S_BB,c,-0.2,7.19374266,1.00144231,
A,S_BB,c,-0.2,7.21473042,1.00068116,
A,S_BB,c,-0.2,7.23564263,1.00173727,
A,S_BB,c,-0.2,7.25666289,0.999157313,
A,S_BB,c,-0.2,7.27757645,0.998623825,
A,S_BB,c,-0.2,7.2984411,1.00385509,
A,S_BB,c,-0.2,7.31917384,0.999780802,
A,S_BB,c,-0.2,7.34001688,1.00197502,
A,S_BB,c,-0.2,7.3611683,0.998067435,
A,S_BB,c,-0.2,7.38224284,1.00094839,
A,S_BB,c,-0.2,7.40324015,0.998598086,
A,S_BB,c,-0.2,7.42408854,0.998701989,
A,S_BB,c,-0.2,7.44500634,0.998633395,
A,S_BB,c,-0.2,7.46595959,0.997997896,
A,S_BB,c,-0.2,7.48696308,0.999051609,
A,S_BB,c,-0.2,7.5079936,0.998200028,
A,S_BB,c,-0.2,7.52871967,0.998303785,
A,S_BB,c,-0.2,7.54966921,0.999361485,
A,S_BB,c,-0.2,7.57064902,0.999938832,
A,S_BB,c,-0.2,7.59151428,1.00089925,
A,S_BB,c,-0.2,7.6123809,0.999315033,
A,S_BB,c,-0.2,7.63338324,0.998825103,
A,S_BB,c,-0.2,7.65450532,0.995130195,
A,S_BB,c,-0.2,7.67556944,0.999138493,
A,S_BB,c,-0.2,7.69637751,0.998095621,
A,S_BB,c,-0.2,7.71727216,0.997456134,
A,S_BB,c,-0.2,7.73835725,0.999427046,
A,S_BB,c,-0.2,7.75934923,0.996419542,
A,S_BB,c,-0.2,7.78023116,0.998514392,
A,S_BB,c,-0.2,7.80098697,0.997404878,
A,S_BB,c,-0.2,7.82190677,0.996409311,
A,S_BB,c,-0.2,7.84304931,0.997843857,
A,S_BB,c,-0.2,7.86405132,0.997494585,
A,S_BB,c,-0.2,7.88484553,0.99861363,
A,S_BB,c,-0.2,7.90574885,0.997503729,
A,S_BB,c,-0.2,7.9267531,0.998690435,
A,S_BB,c,-0.2,7.94765228,0.997838349,
A,S_BB,c,-0.2,7.96842304,0.998792081,
A,S_BB,c,-0.2,7.98938616,0.997640188,
A,S_BB,c,-0.2,8.01050815,1.00089738,
A,S_BB,c,-0.2,8.03153334,0.995855291,
A,S_BB,c,-0.2,8.05240251,0.996983259,
A,S_BB,c,-0.2,8.07332696,0.997182994,
A,S_BB,c,-0.2,8.09438514,0.994722833,
A,S_BB,c,-0.2,8.11529588,0.997094556,
A,S_BB,c,-0.2,8.13618411,0.996833346,
A,S_BB,c,-0.2,8.15717855,0.996625311,
A,S_BB,c,-0.2,8.17807847,0.995461379,
A,S_BB,c,-0.2,8.19905269,0.996671983,
A,S_BB,c,-0.2,8.21991085,0.99725963,
A,S_BB,c,-0.2,8.24078529,0.998045277,
A,S_BB,c,-0.2,8.26195652,0.995294451,
A,S_BB,c,-0.2,8.28293039,0.996657697,
A,S_BB,c,-0.2,8.30373423,0.996028923,
A,S_BB,c,-0.2,8.32452583,0.995099535,
A,S_BB,c,-0.2,8.34556221,0.997982336,
A,S_BB,c,-0.2,8.36671927,0.994592849,
A,S_BB,c,-0.2,8.38757523,0.993880205,
A,S_BB,c,-0.2,8.40855808,0.997654992,
A,S_BB,c,-0.2,8.42953585,0.995277513,
A,S_BB,c,-0.2,8.45042977,0.998617665,
A,S_BB,c,-0.2,8.47138662,0.997205689,
A,S_BB,c,-0.2,8.49217243,0.996506015,
A,S_BB,c,-0.2,8.51321806,0.994995671,
A,S_BB,c,-0.2,8.53421183,0.995488114,
A,S_BB,c,-0.2,8.55508292,0.996248379,
A,S_BB,c,-0.2,8.57598662,0.997439682,
A,S_BB,c,-0.2,8.59679232,0.99832054,
A,S_BB,c,-0.2,8.61783107,0.996577525,
A,S_BB,c,-0.2,8.63891768,0.994590727,
A,S_BB,c,-0.2,8.65972861,0.998212959,
A,S_BB,c,-0.2,8.68059853,0.997213381,
A,S_BB,c,-0.2,8.70174168,0.996509112,
A,S_BB,c,-0.2,8.72279566,0.995848412,
A,S_BB,c,-0.2,8.74359241,0.997534713,
A,S_BB,c,-0.2,8.76424415,0.99465659,
A,S_BB,c,-0.2,8.78526729,0.994954311,
A,S_BB,c,-0.2,8.80637189,0.996698982,
A,S_BB,c,-0.2,8.82736896,0.997348833,
A,S_BB,c,-0.2,8.84843212,0.997035251,
A,S_BB,c,-0.2,8.86933197,0.996824973,
A,S_BB,c,-0.2,8.89026857,0.996488386,
A,S_BB,c,-0.2,8.91123702,0.996396963,
A,S_BB,c,-0.2,8.93214776,0.996075946,
A,S_BB,c,-0.2,8.95312097,0.994845349,
A,S_BB,c,-0.2,8.9741304,0.997190042,
A,S_BB,c,-0.2,8.99505705,0.99547472,
A,S_BB,c,-0.2,9.01571368,0.997087863,
A,S_BB,c,-0.2,9.03640927,0.996928746,
A,S_BB,c,-0.2,9.05755121,0.996137421,
A,S_BB,c,-0.2,9.07868023,0.99648272,
A,S_BB,c,-0.2,9.09969513,0.995883364,
A,S_BB,c,-0.2,9.1205658,0.995617579,
A,S_BB,c,-0.2,9.14137844,0.998308973,
A,S_BB,c,-0.2,9.16237082,0.996903683,
A,S_BB,c,-0.2,9.18339441,0.997802779,
A,S_BB,c,-0.2,9.20447395,0.996205917,
A,S_BB,c,-0.2,9.22549281,0.996160502,
A,S_BB,c,-0.2,9.2463962,0.996656823,
A,S_BB,c,-0.2,9.26722673,0.995917953,
A,S_BB,c,-0.2,9.28791689,0.998016685,
A,S_BB,c,-0.2,9.30892724,0.997746313,
A,S_BB,c,-0.2,9.33003065,0.995746885,
A,S_BB,c,-0.2,9.35102864,0.997832417,
A,S_BB,c,-0.2,9.37196601,0.997073588,
A,S_BB,c,-0.2,9.39258783,0.995624643,
A,S_BB,c,-0.2,9.41349621,0.996953808,
A,S_BB,c,-0.2,9.4347927,0.99857378,
A,S_BB,c,-0.2,9.45587737,0.998279447,
A,S_BB,c,-0.2,9.47676866,0.996709211,
A,S_BB,c,-0.2,9.49762777,0.998091105,
A,S_BB,c,-0.2,9.51852362,0.995994483,
A,S_BB,c,-0.2,9.53939795,0.996667153,
A,S_BB,c,-0.2,9.56035551,0.998015981,
A,S_BB,c,-0.2,9.58149741,0.999780073,
A,S_BB,c,-0.2,9.60249587,0.998900247,
A,S_BB,c,-0.2,9.62336478,0.998590245,
A,S_BB,c,-0.2,9.64415055,0.996864535,
A,S_BB,c,-0.2,9.66502224,0.99647132,
A,S_BB,c,-0.2,9.68597433,0.996253346,
A,S_BB,c,-0.2,9.7069728,0.997289419,
A,S_BB,c,-0.2,9.72797765,0.995658531,
A,S_BB,c,-0.2,9.74896401,0.996404785,
A,S_BB,c,-0.2,9.76996217,0.998510037,
A,S_BB,c,-0.2,9.79085678,0.99444262,
A,S_BB,c,-0.2,9.81166698,0.996582136,
A,S_BB,c,-0.2,9.83262494,0.997452624,
A,S_BB,c,-0.2,9.85372265,0.99723391,
A,S_BB,c,-0.2,9.87472665,0.996912334,
A,S_BB,c,-0.2,9.89559934,0.997652744,
A,S_BB,c,-0.2,9.91635289,0.998116663,
A,S_BB,c,-0.2,9.93737645,0.997742801,
A,S_BB,c,-0.2,9.95856995,1.0002497,
A,S_BB,c,-0.2,9.97940815,0.999155525,
A,S_BB,c,-0.2,10.000082,0.997196707,
A,S_BB,c,0.0,0.0252815853,0.00542886456,
A,S_BB,c,0.0,0.0486976344,0.00670113212,
A,S_BB,c,0.0,0.0692644017,0.00905030813,
A,S_BB,c,0.0,0.08877835,0.0118532197,
A,S_BB,c,0.0,0.111604297,0.0154035488,
A,S_BB,c,0.0,0.132731806,0.0196170347,
A,S_BB,c,0.0,0.153672181,0.0250057246,
A,S_BB,c,0.0,0.175641863,0.0303657733,
A,S_BB,c,0.0,0.196615509,0.0375283571,
A,S_BB,c,0.0,0.217326708,0.0437436838,
A,S_BB,c,0.0,0.237538457,0.0515594462,
A,S_BB,c,0.0,0.258148683,0.0597157274,
A,S_BB,c,0.0,0.28040349,0.0695566255,
A,S_BB,c,0.0,0.301929084,0.0791283916,
A,S_BB,c,0.0,0.322287413,0.0898399721,
A,S_BB,c,0.0,0.342663331,0.0999343241,
A,S_BB,c,0.0,0.363641289,0.1114543,
A,S_BB,c,0.0,0.385602948,0.12397007,
A,S_BB,c,0.0,0.406737165,0.136867511,
A,S_BB,c,0.0,0.427001871,0.150019072,
A,S_BB,c,0.0,0.448754416,0.164030251,
A,S_BB,c,0.0,0.469601745,0.176662157,
A,S_BB,c,0.0,0.489805379,0.192871192,
A,S_BB,c,0.0,0.510302494,0.207810509,
A,S_BB,c,0.0,0.53178319,0.221964192,
A,S_BB,c,0.0,0.553922362,0.23862442,
A,S_BB,c,0.0,0.574670041,0.256067229,
A,S_BB,c,0.0,0.594645701,0.272561354,
A,S_BB,c,0.0,0.615540037,0.289060821,
A,S_BB,c,0.0,0.636554081,0.306980114,
A,S_BB,c,0.0,0.658102417,0.326038127,
A,S_BB,c,0.0,0.679189641,0.347362813,
A,S_BB,c,0.0,0.700054044,0.363623995,
A,S_BB,c,0.0,0.721329826,0.383721228,
A,S_BB,c,0.0,0.742033923,0.405705203,
A,S_BB,c,0.0,0.762614581,0.424389656,
A,S_BB,c,0.0,0.783270495,0.442765419,
A,S_BB,c,0.0,0.804783918,0.463774004,
A,S_BB,c,0.0,0.826095906,0.483257886,
A,S_BB,c,0.0,0.846303977,0.5029723,
A,S_BB,c,0.0,0.867174819,0.523781664,
A,S_BB,c,0.0,0.888413258,0.540990967,
A,S_BB,c,0.0,0.909910564,0.562677337,
A,S_BB,c,0.0,0.931134698,0.58726699,
A,S_BB,c,0.0,0.951563161,0.608640516,
A,S_BB,c,0.0,0.972160451,0.628527507,
A,S_BB,c,0.0,0.993008165,0.64505733,
A,S_BB,c,0.0,1.0140906,0.665223488,
A,S_BB,c,0.0,1.03500338,0.685223796,
A,S_BB,c,0.0,1.05657413,0.706818384,
A,S_BB,c,0.0,1.07789814,0.720627395,
A,S_BB,c,0.0,1.09835045,0.743144075,
A,S_BB,c,0.0,1.11903902,0.758668356,
A,S_BB,c,0.0,1.1396405,0.783524043,
A,S_BB,c,0.0,1.16109193,0.795841058,
A,S_BB,c,0.0,1.18227503,0.818303624,
A,S_BB,c,0.0,1.2030555,0.835036928,
A,S_BB,c,0.0,1.22375183,0.840364254,
A,S_BB,c,0.0,1.24453484,0.857227495,
A,S_BB,c,0.0,1.26570671,0.876331016,
A,S_BB,c,0.0,1.28693994,0.885653858,
A,S_BB,c,0.0,1.30807124,0.901600241,
A,S_BB,c,0.0,1.32889646,0.910177244,
A,S_BB,c,0.0,1.34945121,0.919632143,
A,S_BB,c,0.0,1.37055188,0.929168888,
A,S_BB,c,0.0,1.39148285,0.936020649,
A,S_BB,c,0.0,1.41220445,0.955087054,
A,S_BB,c,0.0,1.43352474,0.955780562,
A,S_BB,c,0.0,1.45454751,0.968409773,
A,S_BB,c,0.0,1.47511055,0.970400162,
A,S_BB,c,0.0,1.49566583,0.976800984,
A,S_BB,c,0.0,1.51690776,0.984188319,
A,S_BB,c,0.0,1.53826425,0.987590484,
A,S_BB,c,0.0,1.55931449,0.994209772,
A,S_BB,c,0.0,1.58012172,0.998150737,
A,S_BB,c,0.0,1.60114355,1.0001827,
A,S_BB,c,0.0,1.62229155,1.00300219,
A,S_BB,c,0.0,1.64295947,1.00588981,
A,S_BB,c,0.0,1.66366432,1.00207532,
A,S_BB,c,0.0,1.68478217,1.00541056,
A,S_BB,c,0.0,1.7057485,1.01170493,
A,S_BB,c,0.0,1.72683745,1.00946994,
A,S_BB,c,0.0,1.74765849,1.01695935,
A,S_BB,c,0.0,1.76847487,1.01883142,
A,S_BB,c,0.0,1.78961871,1.01928343,
A,S_BB,c,0.0,1.81086098,1.01619277,
A,S_BB,c,0.0,1.83179094,1.01910616,
A,S_BB,c,0.0,1.8521746,1.0151529,
A,S_BB,c,0.0,1.8733654,1.01006159,
A,S_BB,c,0.0,1.89455538,1.01175567,
A,S_BB,c,0.0,1.91534795,1.01082012,
A,S_BB,c,0.0,1.93623233,1.00832518,
A,S_BB,c,0.0,1.9571481,1.00962586,
A,S_BB,c,0.0,1.97825109,1.00208995,
A,S_BB,c,0.0,1.99905898,1.00544906,
A,S_BB,c,0.0,2.01966715,1.00392959,
A,S_BB,c,0.0,2.04082415,1.00347964,
A,S_BB,c,0.0,2.06193171,1.00563805,
A,S_BB,c,0.0,2.08296048,1.00488096,
A,S_BB,c,0.0,2.10383017,0.997492006,
A,S_BB,c,0.0,2.12494312,1.00143767,
A,S_BB,c,0.0,2.14618475,1.00233894,
A,S_BB,c,0.0,2.16679298,0.997856413,
A,S_BB,c,0.0,2.18753482,0.996777843,
A,S_BB,c,0.0,2.20847027,0.993034137,
A,S_BB,c,0.0,2.22955181,0.999121702,
A,S_BB,c,0.0,2.25078374,0.9929117,
A,S_BB,c,0.0,2.27150159,0.994604403,
A,S_BB,c,0.0,2.29205574,0.986423607,
A,S_BB,c,0.0,2.31294326,0.986634357,
A,S_BB,c,0.0,2.3340363,0.985737175,
A,S_BB,c,0.0,2.35514399,0.983400919,
A,S_BB,c,0.0,2.37607726,0.982193264,
A,S_BB,c,0.0,2.39730341,0.98395059,
A,S_BB,c,0.0,2.41857203,0.981606091,
A,S_BB,c,0.0,2.43911056,0.982610452,
A,S_BB,c,0.0,2.45988005,0.982731748,
A,S_BB,c,0.0,2.48094151,0.98371865,
A,S_BB,c,0.0,2.50196601,0.980574382,
A,S_BB,c,0.0,2.52300496,0.97928448,
A,S_BB,c,0.0,2.54340089,0.974396248,
A,S_BB,c,0.0,2.56415297,0.975320705,
A,S_BB,c,0.0,2.58575836,0.975399638,
A,S_BB,c,0.0,2.60684428,0.974907259,
A,S_BB,c,0.0,2.62775949,0.976413235,
A,S_BB,c,0.0,2.64834355,0.972577576,
A,S_BB,c,0.0,2.66912062,0.977109644,
A,S_BB,c,0.0,2.69039946,0.972094478,
A,S_BB,c,0.0,2.71121518,0.973645139,
A,S_BB,c,0.0,2.7321837,0.973951843,
A,S_BB,c,0.0,2.75306239,0.972331314,
A,S_BB,c,0.0,2.77427049,0.971562579,
A,S_BB,c,0.0,2.79557932,0.974638984,
A,S_BB,c,0.0,2.8160646,0.973612153,
A,S_BB,c,0.0,2.83689478,0.974480911,
A,S_BB,c,0.0,2.85801727,0.971427874,
A,S_BB,c,0.0,2.87906973,0.974131752,
A,S_BB,c,0.0,2.89996898,0.976772719,
A,S_BB,c,0.0,2.92062944,0.97591302,
A,S_BB,c,0.0,2.941605,0.97585179,
A,S_BB,c,0.0,2.96267076,0.977191366,
A,S_BB,c,0.0,2.98347442,0.974956904,
A,S_BB,c,0.0,3.00437656,0.975183084,
A,S_BB,c,0.0,3.02542142,0.975257664,
A,S_BB,c,0.0,3.04658726,0.974293454,
A,S_BB,c,0.0,3.06768101,0.975011726,
A,S_BB,c,0.0,3.088328,0.977339992,
A,S_BB,c,0.0,3.10931167,0.975789741,
A,S_BB,c,0.0,3.1305457,0.978423548,
A,S_BB,c,0.0,3.15150209,0.979296311,
A,S_BB,c,0.0,3.17219014,0.974882335,
A,S_BB,c,0.0,3.19299024,0.975874406,
A,S_BB,c,0.0,3.21390436,0.981303613,
A,S_BB,c,0.0,3.23506564,0.978209867,
A,S_BB,c,0.0,3.25605387,0.977940144,
A,S_BB,c,0.0,3.27685776,0.977058556,
A,S_BB,c,0.0,3.29794723,0.980335543,
A,S_BB,c,0.0,3.31884778,0.977365677,
A,S_BB,c,0.0,3.33944269,0.980551995,
A,S_BB,c,0.0,3.36030612,0.975835573,
A,S_BB,c,0.0,3.38171654,0.976367283,
A,S_BB,c,0.0,3.40297495,0.981372301,
A,S_BB,c,0.0,3.42370792,0.981008727,
A,S_BB,c,0.0,3.44440875,0.982252097,
A,S_BB,c,0.0,3.465315,0.980179369,
A,S_BB,c,0.0,3.4865867,0.980037947,
A,S_BB,c,0.0,3.50751221,0.978303152,
A,S_BB,c,0.0,3.52796741,0.979923435,
A,S_BB,c,0.0,3.5488788,0.983166494,
A,S_BB,c,0.0,3.57014151,0.984934509,
A,S_BB,c,0.0,3.59120365,0.983393476,
A,S_BB,c,0.0,3.61190928,0.98197035,
A,S_BB,c,0.0,3.63300558,0.98189267,
A,S_BB,c,0.0,3.6541422,0.982053332,
A,S_BB,c,0.0,3.67500902,0.979484289,
A,S_BB,c,0.0,3.69581564,0.985894944,
A,S_BB,c,0.0,3.71644729,0.984392219,
A,S_BB,c,0.0,3.73749774,0.986528005,
A,S_BB,c,0.0,3.75868086,0.983705733,
A,S_BB,c,0.0,3.77950549,0.986456367,
A,S_BB,c,0.0,3.80027286,0.987453729,
A,S_BB,c,0.0,3.82143123,0.988113616,
A,S_BB,c,0.0,3.84280481,0.987306634,
A,S_BB,c,0.0,3.86349282,0.988810486,
A,S_BB,c,0.0,3.88417456,0.984116989,
A,S_BB,c,0.0,3.90535419,0.984065788,
A,S_BB,c,0.0,3.9264697,0.988195466,
A,S_BB,c,0.0,3.94738681,0.988234507,
A,S_BB,c,0.0,3.96810309,0.989171517,
A,S_BB,c,0.0,3.98888694,0.990256675,
A,S_BB,c,0.0,4.00993371,0.991023106,
A,S_BB,c,0.0,4.03080983,0.989358331,
A,S_BB,c,0.0,4.05178039,0.990284903,
A,S_BB,c,0.0,4.07276799,0.990548997,
A,S_BB,c,0.0,4.09368684,0.991981947,
A,S_BB,c,0.0,4.11485609,0.99272668,
A,S_BB,c,0.0,4.13583188,0.992754647,
A,S_BB,c,0.0,4.15670688,0.991762281,
A,S_BB,c,0.0,4.17758774,0.996461556,
A,S_BB,c,0.0,4.19867141,0.994242071,
A,S_BB,c,0.0,4.21961517,0.997040063,
A,S_BB,c,0.0,4.24013393,0.996400976,
A,S_BB,c,0.0,4.26119077,0.997516387,
A,S_BB,c,0.0,4.28239268,0.992177801,
A,S_BB,c,0.0,4.30342826,0.995124145,
A,S_BB,c,0.0,4.32431592,0.995340922,
A,S_BB,c,0.0,4.34508479,0.996521757,
A,S_BB,c,0.0,4.36604259,0.996231633,
A,S_BB,c,0.0,4.38708086,0.996733846,
A,S_BB,c,0.0,4.40778797,0.994990757,
A,S_BB,c,0.0,4.4288526,1.00030351,
A,S_BB,c,0.0,4.44994967,0.99653183,
A,S_BB,c,0.0,4.47085438,0.997873487,
A,S_BB,c,0.0,4.49188801,1.00103421,
A,S_BB,c,0.0,4.51250216,1.0010895,
A,S_BB,c,0.0,4.5334461,0.993936596,
A,S_BB,c,0.0,4.55463591,0.997895202,
A,S_BB,c,0.0,4.57547609,1.00005061,
A,S_BB,c,0.0,4.59643311,0.999447598,
A,S_BB,c,0.0,4.61732903,1.00273707,
A,S_BB,c,0.0,4.63833098,1.00153829,
A,S_BB,c,0.0,4.65949324,0.999138442,
A,S_BB,c,0.0,4.68039693,1.00088921,
A,S_BB,c,0.0,4.70136745,1.00275347,
A,S_BB,c,0.0,4.72221533,1.00335905,
A,S_BB,c,0.0,4.74309374,1.00255871,
A,S_BB,c,0.0,4.76390784,1.00477508,
A,S_BB,c,0.0,4.78491795,1.00361682,
A,S_BB,c,0.0,4.80636204,1.00430474,
A,S_BB,c,0.0,4.82728449,1.00245117,
A,S_BB,c,0.0,4.84785524,1.00354151,
A,S_BB,c,0.0,4.86859731,1.00604752,
A,S_BB,c,0.0,4.88954319,1.00209782,
A,S_BB,c,0.0,4.91078695,1.00445528,
A,S_BB,c,0.0,4.93172016,1.00441921,
A,S_BB,c,0.0,4.95244063,1.00552964,
A,S_BB,c,0.0,4.97348932,1.00392863,
A,S_BB,c,0.0,4.994309,1.00510668,
A,S_BB,c,0.0,5.01515697,1.00610815,
A,S_BB,c,0.0,5.03598003,1.00255107,
A,S_BB,c,0.0,5.05703237,1.00637203,
A,S_BB,c,0.0,5.07840332,1.00488723,
A,S_BB,c,0.0,5.09943841,1.00616756,
A,S_BB,c,0.0,5.12032938,1.00564435,
A,S_BB,c,0.0,5.14107614,1.00645645,
A,S_BB,c,0.0,5.16214077,1.00442231,
A,S_BB,c,0.0,5.18341099,1.00490575,
A,S_BB,c,0.0,5.2041075,1.00842822,
A,S_BB,c,0.0,5.22477891,1.00666717,
A,S_BB,c,0.0,5.24557967,1.00627948,
A,S_BB,c,0.0,5.26649236,1.0079269,
A,S_BB,c,0.0,5.28753131,1.00859855,
A,S_BB,c,0.0,5.30847064,1.00843103,
A,S_BB,c,0.0,5.32946745,1.00718501,
A,S_BB,c,0.0,5.3506922,1.00799636,
A,S_BB,c,0.0,5.37158853,1.00886942,
A,S_BB,c,0.0,5.39231925,1.00782191,
A,S_BB,c,0.0,5.41333352,1.00767215,
A,S_BB,c,0.0,5.43434316,1.00494657,
A,S_BB,c,0.0,5.45530659,1.00964495,
A,S_BB,c,0.0,5.47618498,1.0095707,
A,S_BB,c,0.0,5.49715755,1.00672471,
A,S_BB,c,0.0,5.51801586,1.00532091,
A,S_BB,c,0.0,5.53881995,1.00725025,
A,S_BB,c,0.0,5.55992514,1.00632251,
A,S_BB,c,0.0,5.58098545,1.00646158,
A,S_BB,c,0.0,5.60183772,1.00772294,
A,S_BB,c,0.0,5.62277584,1.00838762,
A,S_BB,c,0.0,5.64379172,1.007945,
A,S_BB,c,0.0,5.66460817,1.00600493,
A,S_BB,c,0.0,5.68556022,1.00841641,
A,S_BB,c,0.0,5.7067909,1.00417028,
A,S_BB,c,0.0,5.72769317,1.00902341,
A,S_BB,c,0.0,5.74840017,1.00505929,
A,S_BB,c,0.0,5.76938192,1.00902456,
A,S_BB,c,0.0,5.79039764,1.00731032,
A,S_BB,c,0.0,5.81144039,1.01032579,
A,S_BB,c,0.0,5.83232115,1.00760467,
A,S_BB,c,0.0,5.85320209,1.01020518,
A,S_BB,c,0.0,5.87418919,1.00878179,
A,S_BB,c,0.0,5.89509625,1.00584603,
A,S_BB,c,0.0,5.9159726,1.01053021,
A,S_BB,c,0.0,5.93682663,1.00818893,
A,S_BB,c,0.0,5.95791772,1.01094196,
A,S_BB,c,0.0,5.97900675,1.00689189,
A,S_BB,c,0.0,5.99978945,1.00760461,
A,S_BB,c,0.0,6.02063577,1.00728433,
A,S_BB,c,0.0,6.04156421,1.00816148,
A,S_BB,c,0.0,6.06259364,1.00793386,
A,S_BB,c,0.0,6.08377541,1.0085791,
A,S_BB,c,0.0,6.10447051,1.00555455,
A,S_BB,c,0.0,6.12538157,1.00824009,
A,S_BB,c,0.0,6.14660689,1.00562697,
A,S_BB,c,0.0,6.16752321,1.0084632,
A,S_BB,c,0.0,6.18833806,1.00713707,
A,S_BB,c,0.0,6.20938667,1.00563488,
A,S_BB,c,0.0,6.23052184,1.01006172,
A,S_BB,c,0.0,6.25137137,1.00802878,
A,S_BB,c,0.0,6.27204484,1.00477704,
A,S_BB,c,0.0,6.29290789,1.01035581,
A,S_BB,c,0.0,6.31382104,1.00771976,
A,S_BB,c,0.0,6.33495691,1.00468968,
A,S_BB,c,0.0,6.35600914,1.00751966,
A,S_BB,c,0.0,6.37663869,1.00392696,
A,S_BB,c,0.0,6.39770954,1.0046389,
A,S_BB,c,0.0,6.41872759,1.00681081,
A,S_BB,c,0.0,6.43951457,1.00660091,
A,S_BB,c,0.0,6.46033562,1.00371316,
A,S_BB,c,0.0,6.4814564,1.00512946,
A,S_BB,c,0.0,6.50265681,1.0043492,
A,S_BB,c,0.0,6.52350383,1.00419775,
A,S_BB,c,0.0,6.54427866,1.00541809,
A,S_BB,c,0.0,6.56515568,1.00529272,
A,S_BB,c,0.0,6.58628576,1.00243443,
A,S_BB,c,0.0,6.60749316,1.00472625,
A,S_BB,c,0.0,6.62830625,1.00320677,
A,S_BB,c,0.0,6.64913567,1.00608167,
A,S_BB,c,0.0,6.67020149,1.00127588,
A,S_BB,c,0.0,6.69106898,1.0048742,
A,S_BB,c,0.0,6.71185955,1.0037163,
A,S_BB,c,0.0,6.73264651,1.0046047,
A,S_BB,c,0.0,6.7537045,1.00351084,
A,S_BB,c,0.0,6.77487174,1.00515018,
A,S_BB,c,0.0,6.79557562,1.00428812,
A,S_BB,c,0.0,6.81648781,1.00210163,
A,S_BB,c,0.0,6.83753747,1.00304706,
A,S_BB,c,0.0,6.85867557,1.0007017,
A,S_BB,c,0.0,6.87985316,1.0040272,
A,S_BB,c,0.0,6.90065786,1.00212292,
A,S_BB,c,0.0,6.92153112,1.00188403,
A,S_BB,c,0.0,6.94229803,1.00185194,
A,S_BB,c,0.0,6.9630016,1.00107588,
A,S_BB,c,0.0,6.98416877,1.00054534,
A,S_BB,c,0.0,7.0052781,1.00052093,
A,S_BB,c,0.0,7.02617612,1.00168685,
A,S_BB,c,0.0,7.04699526,1.00285429,
A,S_BB,c,0.0,7.06761685,1.00104011,
A,S_BB,c,0.0,7.08873369,1.00138297,
A,S_BB,c,0.0,7.10994937,1.00135996,
A,S_BB,c,0.0,7.13102893,1.00144515,
A,S_BB,c,0.0,7.15201412,1.00260257,
A,S_BB,c,0.0,7.17271336,1.00171913,
A,S_BB,c,0.0,7.19374266,1.00027703,
A,S_BB,c,0.0,7.21473042,1.00147367,
A,S_BB,c,0.0,7.23564263,1.00088573,
A,S_BB,c,0.0,7.25666289,0.999378664,
A,S_BB,c,0.0,7.27757645,1.00168603,
A,S_BB,c,0.0,7.2984411,0.999900985,
A,S_BB,c,0.0,7.31917384,1.0005176,
A,S_BB,c,0.0,7.34001688,0.997874143,
A,S_BB,c,0.0,7.3611683,0.998653247,
A,S_BB,c,0.0,7.38224284,1.00041412,
A,S_BB,c,0.0,7.40324015,1.00091277,
A,S_BB,c,0.0,7.42408854,1.00054522,
A,S_BB,c,0.0,7.44500634,0.998503785,
A,S_BB,c,0.0,7.46595959,0.999148171,
A,S_BB,c,0.0,7.48696308,0.998664648,
A,S_BB,c,0.0,7.5079936,0.999764535,
A,S_BB,c,0.0,7.52871967,0.99893293,
A,S_BB,c,0.0,7.54966921,1.00017912,
A,S_BB,c,0.0,7.57064902,0.999142166,
A,S_BB,c,0.0,7.59151428,0.996834071,
A,S_BB,c,0.0,7.6123809,0.997840349,
A,S_BB,c,0.0,7.63338324,0.999796888,
A,S_BB,c,0.0,7.65450532,0.999260702,
A,S_BB,c,0.0,7.67556944,0.998697724,
A,S_BB,c,0.0,7.69637751,0.997889184,
A,S_BB,c,0.0,7.71727216,0.998241612,
A,S_BB,c,0.0,7.73835725,0.996839699,
A,S_BB,c,0.0,7.75934923,0.997658431,
A,S_BB,c,0.0,7.78023116,0.997106166,
A,S_BB,c,0.0,7.80098697,0.997885928,
A,S_BB,c,0.0,7.82190677,0.999271014,
A,S_BB,c,0.0,7.84304931,0.999279344,
A,S_BB,c,0.0,7.86405132,1.00013868,
A,S_BB,c,0.0,7.88484553,0.998213206,
A,S_BB,c,0.0,7.90574885,0.997530895,
A,S_BB,c,0.0,7.9267531,0.998579196,
A,S_BB,c,0.0,7.94765228,0.996313431,
A,S_BB,c,0.0,7.96842304,0.997779593,
A,S_BB,c,0.0,7.98938616,0.995811534,
A,S_BB,c,0.0,8.01050815,0.99665667,
A,S_BB,c,0.0,8.03153334,0.996646665,
A,S_BB,c,0.0,8.05240251,0.99800085,
A,S_BB,c,0.0,8.07332696,0.999238335,
A,S_BB,c,0.0,8.09438514,0.99720046,
A,S_BB,c,0.0,8.11529588,0.994858711,
A,S_BB,c,0.0,8.13618411,0.997295806,
A,S_BB,c,0.0,8.15717855,0.998236772,
A,S_BB,c,0.0,8.17807847,0.996732981,
A,S_BB,c,0.0,8.19905269,0.999674622,
A,S_BB,c,0.0,8.21991085,0.996223311,
A,S_BB,c,0.0,8.24078529,0.996997595,
A,S_BB,c,0.0,8.26195652,0.995814723,
A,S_BB,c,0.0,8.28293039,0.99747847,
A,S_BB,c,0.0,8.30373423,0.996299613,
A,S_BB,c,0.0,8.32452583,0.995745363,
A,S_BB,c,0.0,8.34556221,0.99475344,
A,S_BB,c,0.0,8.36671927,0.996695969,
A,S_BB,c,0.0,8.38757523,0.995773633,
A,S_BB,c,0.0,8.40855808,0.996418143,
A,S_BB,c,0.0,8.42953585,0.997246608,
A,S_BB,c,0.0,8.45042977,0.997413365,
A,S_BB,c,0.0,8.47138662,0.995617755,
A,S_BB,c,0.0,8.49217243,0.99535686,
A,S_BB,c,0.0,8.51321806,0.996173082,
A,S_BB,c,0.0,8.53421183,0.996270138,
A,S_BB,c,0.0,8.55508292,0.994478255,
A,S_BB,c,0.0,8.57598662,0.996197694,
A,S_BB,c,0.0,8.59679232,0.99574606,
A,S_BB,c,0.0,8.61783107,0.995443386,
A,S_BB,c,0.0,8.63891768,0.998635188,
A,S_BB,c,0.0,8.65972861,0.995517906,
A,S_BB,c,0.0,8.68059853,0.995280145,
A,S_BB,c,0.0,8.70174168,0.994412828,
A,S_BB,c,0.0,8.72279566,0.996182853,
A,S_BB,c,0.0,8.74359241,0.997328753,
A,S_BB,c,0.0,8.76424415,0.99732314,
A,S_BB,c,0.0,8.78526729,0.996474705,
A,S_BB,c,0.0,8.80637189,0.99804405,
A,S_BB,c,0.0,8.82736896,0.996771621,
A,S_BB,c,0.0,8.84843212,0.996323903,
A,S_BB,c,0.0,8.86933197,0.993993875,
A,S_BB,c,0.0,8.89026857,0.996229375,
A,S_BB,c,0.0,8.91123702,0.99724634,
A,S_BB,c,0.0,8.93214776,0.997170386,
A,S_BB,c,0.0,8.95312097,0.998594517,
A,S_BB,c,0.0,8.9741304,0.996361173,
A,S_BB,c,0.0,8.99505705,0.997031173,
A,S_BB,c,0.0,9.01571368,0.997068688,
A,S_BB,c,0.0,9.03640927,0.996327238,
A,S_BB,c,0.0,9.05755121,0.997054487,
A,S_BB,c,0.0,9.07868023,0.996008594,
A,S_BB,c,0.0,9.09969513,0.995017756,
A,S_BB,c,0.0,9.1205658,0.995006071,
A,S_BB,c,0.0,9.14137844,0.998044018,
A,S_BB,c,0.0,9.16237082,0.997650407,
A,S_BB,c,0.0,9.18339441,0.995854524,
A,S_BB,c,0.0,9.20447395,0.998421413,
A,S_BB,c,0.0,9.22549281,0.997270298,
A,S_BB,c,0.0,9.2463962,0.997836875,
A,S_BB,c,0.0,9.26722673,0.99576048,
A,S_BB,c,0.0,9.28791689,0.994465511,
A,S_BB,c,0.0,9.30892724,0.996547608,
A,S_BB,c,0.0,9.33003065,0.995653244,
A,S_BB,c,0.0,9.35102864,0.997041768,
A,S_BB,c,0.0,9.37196601,0.996056803,
A,S_BB,c,0.0,9.39258783,0.998116322,
A,S_BB,c,0.0,9.41349621,0.997123608,
A,S_BB,c,0.0,9.4347927,0.996491512,
A,S_BB,c,0.0,9.45587737,0.996625671,
A,S_BB,c,0.0,9.47676866,0.998993262,
A,S_BB,c,0.0,9.49762777,0.997918941,
A,S_BB,c,0.0,9.51852362,0.997814943,
A,S_BB,c,0.0,9.53939795,0.997752154,
A,S_BB,c,0.0,9.56035551,0.997151078,
A,S_BB,c,0.0,9.58149741,0.997954477,
A,S_BB,c,0.0,9.60249587,0.998000044,
A,S_BB,c,0.0,9.62336478,0.998299064,
A,S_BB,c,0.0,9.64415055,0.997138758,
A,S_BB,c,0.0,9.66502224,0.99726121,
A,S_BB,c,0.0,9.68597433,0.998546802,
A,S_BB,c,0.0,9.7069728,1.00002903,
A,S_BB,c,0.0,9.72797765,0.99662134,
A,S_BB,c,0.0,9.74896401,0.996649031,
A,S_BB,c,0.0,9.76996217,0.998578783,
A,S_BB,c,0.0,9.79085678,0.997382168,
A,S_BB,c,0.0,9.81166698,0.998372117,
A,S_BB,c,0.0,9.83262494,0.99750121,
A,S_BB,c,0.0,9.85372265,0.998637469,
A,S_BB,c,0.0,9.87472665,0.999142362,
A,S_BB,c,0.0,9.89559934,1.00101526,
A,S_BB,c,0.0,9.91635289,0.997593323,
A,S_BB,c,0.0,9.93737645,0.998989407,
A,S_BB,c,0.0,9.95856995,0.997545927,
A,S_BB,c,0.0,9.97940815,0.997982652,
A,S_BB,c,0.0,10.000082,0.997611398,
C,S_BB,h,0.0,0.0252815853,0.0005296485,
C,S_BB,h,0.0,0.0486976344,0.00202846552,
C,S_BB,h,0.0,0.0692644017,0.00402958427,
C,S_BB,h,0.0,0.08877835,0.0065389667,
C,S_BB,h,0.0,0.111604297,0.0103843786,
C,S_BB,h,0.0,0.132731806,0.014921314,
C,S_BB,h,0.0,0.153672181,0.0194036234,
C,S_BB,h,0.0,0.175641863,0.0254828463,
C,S_BB,h,0.0,0.196615509,0.0314882479,
C,S_BB,h,0.0,0.217326708,0.0383529598,
C,S_BB,h,0.0,0.237538457,0.0459423072,
C,S_BB,h,0.0,0.258148683,0.0544368764,
C,S_BB,h,0.0,0.28040349,0.0635472762,
C,S_BB,h,0.0,0.301929084,0.0723367336,
C,S_BB,h,0.0,0.322287413,0.0829809724,
C,S_BB,h,0.0,0.342663331,0.0941899695,
C,S_BB,h,0.0,0.363641289,0.106021932,
C,S_BB,h,0.0,0.385602948,0.117278241,
C,S_BB,h,0.0,0.406737165,0.131483427,
C,S_BB,h,0.0,0.427001871,0.142672773,
C,S_BB,h,0.0,0.448754416,0.158300225,
C,S_BB,h,0.0,0.469601745,0.172040278,
C,S_BB,h,0.0,0.489805379,0.187419918,
C,S_BB,h,0.0,0.510302494,0.2006271,
C,S_BB,h,0.0,0.53178319,0.216457362,
C,S_BB,h,0.0,0.553922362,0.232047709,
C,S_BB,h,0.0,0.574670041,0.251210747,
C,S_BB,h,0.0,0.594645701,0.265355673,
C,S_BB,h,0.0,0.615540037,0.284801103,
C,S_BB,h,0.0,0.636554081,0.302452871,
C,S_BB,h,0.0,0.658102417,0.320108264,
C,S_BB,h,0.0,0.679189641,0.338444245,
C,S_BB,h,0.0,0.700054044,0.359353412,
C,S_BB,h,0.0,0.721329826,0.380455977,
C,S_BB,h,0.0,0.742033923,0.399618511,
C,S_BB,h,0.0,0.762614581,0.419798901,
C,S_BB,h,0.0,0.783270495,0.437610291,
C,S_BB,h,0.0,0.804783918,0.459703853,
C,S_BB,h,0.0,0.826095906,0.482354341,
C,S_BB,h,0.0,0.846303977,0.499617637,
C,S_BB,h,0.0,0.867174819,0.518490406,
C,S_BB,h,0.0,0.888413258,0.541022903,
C,S_BB,h,0.0,0.909910564,0.561491592,
C,S_BB,h,0.0,0.931134698,0.586218541,
C,S_BB,h,0.0,0.951563161,0.606590782,
C,S_BB,h,0.0,0.972160451,0.625735422,
C,S_BB,h,0.0,0.993008165,0.644892025,
C,S_BB,h,0.0,1.0140906,0.66615613,
C,S_BB,h,0.0,1.03500338,0.689241667,
C,S_BB,h,0.0,1.05657413,0.706704115,
C,S_BB,h,0.0,1.07789814,0.721436711,
C,S_BB,h,0.0,1.09835045,0.745261491,
C,S_BB,h,0.0,1.11903902,0.761872003,
C,S_BB,h,0.0,1.1396405,0.776979785,
C,S_BB,h,0.0,1.16109193,0.795685854,
C,S_BB,h,0.0,1.18227503,0.817980839,
C,S_BB,h,0.0,1.2030555,0.828407308,
C,S_BB,h,0.0,1.22375183,0.840832659,
C,S_BB,h,0.0,1.24453484,0.859099252,
C,S_BB,h,0.0,1.26570671,0.8748603,
C,S_BB,h,0.0,1.28693994,0.884730141,
C,S_BB,h,0.0,1.30807124,0.89685115,
C,S_BB,h,0.0,1.32889646,0.909901331,
C,S_BB,h,0.0,1.34945121,0.923210617,
C,S_BB,h,0.0,1.37055188,0.930227713,
C,S_BB,h,0.0,1.39148285,0.941607373,
C,S_BB,h,0.0,1.41220445,0.951544008,
C,S_BB,h,0.0,1.43352474,0.954327185,
C,S_BB,h,0.0,1.45454751,0.966984155,
C,S_BB,h,0.0,1.47511055,0.972907667,
C,S_BB,h,0.0,1.49566583,0.97622174,
C,S_BB,h,0.0,1.51690776,0.983974829,
C,S_BB,h,0.0,1.53826425,0.990194725,
C,S_BB,h,0.0,1.55931449,0.997875182,
C,S_BB,h,0.0,1.58012172,1.00158286,
C,S_BB,h,0.0,1.60114355,1.00354156,
C,S_BB,h,0.0,1.62229155,1.0082549,
C,S_BB,h,0.0,1.64295947,1.00741853,
C,S_BB,h,0.0,1.66366432,1.00988325,
C,S_BB,h,0.0,1.68478217,1.01781041,
C,S_BB,h,0.0,1.7057485,1.01736677,
C,S_BB,h,0.0,1.72683745,1.01450635,
C,S_BB,h,0.0,1.74765849,1.01112157,
C,S_BB,h,0.0,1.76847487,1.0120598,
C,S_BB,h,0.0,1.78961871,1.01283158,
C,S_BB,h,0.0,1.81086098,1.0172675,
C,S_BB,h,0.0,1.83179094,1.0123527,
C,S_BB,h,0.0,1.8521746,1.01516945,
C,S_BB,h,0.0,1.8733654,1.01225587,
C,S_BB,h,0.0,1.89455538,1.01210881,
C,S_BB,h,0.0,1.91534795,1.01369789,
C,S_BB,h,0.0,1.93623233,1.0119532,
C,S_BB,h,0.0,1.9571481,1.00762544,
C,S_BB,h,0.0,1.97825109,1.01233899,
C,S_BB,h,0.0,1.99905898,1.00281053,
C,S_BB,h,0.0,2.01966715,1.00696446,
C,S_BB,h,0.0,2.04082415,1.00355987,
C,S_BB,h,0.0,2.06193171,0.999204527,
C,S_BB,h,0.0,2.08296048,1.01010017,
C,S_BB,h,0.0,2.10383017,1.00418909,
C,S_BB,h,0.0,2.12494312,0.999086668,
C,S_BB,h,0.0,2.14618475,0.997712769,
C,S_BB,h,0.0,2.16679298,0.999287038,
C,S_BB,h,0.0,2.18753482,0.99255284,
C,S_BB,h,0.0,2.20847027,0.990290145,
C,S_BB,h,0.0,2.22955181,0.994186994,
C,S_BB,h,0.0,2.25078374,0.988688488,
C,S_BB,h,0.0,2.27150159,0.984578647,
C,S_BB,h,0.0,2.29205574,0.992312843,
C,S_BB,h,0.0,2.31294326,0.986307548,
C,S_BB,h,0.0,2.3340363,0.984737173,
C,S_BB,h,0.0,2.35514399,0.98549115,
C,S_BB,h,0.0,2.37607726,0.98388193,
C,S_BB,h,0.0,2.39730341,0.981951299,
C,S_BB,h,0.0,2.41857203,0.980072364,
C,S_BB,h,0.0,2.43911056,0.980716891,
C,S_BB,h,0.0,2.45988005,0.978054412,
C,S_BB,h,0.0,2.48094151,0.975787519,
C,S_BB,h,0.0,2.50196601,0.981231664,
C,S_BB,h,0.0,2.52300496,0.977045322,
C,S_BB,h,0.0,2.54340089,0.974418753,
C,S_BB,h,0.0,2.56415297,0.978225986,
C,S_BB,h,0.0,2.58575836,0.97906207,
C,S_BB,h,0.0,2.60684428,0.973779784,
C,S_BB,h,0.0,2.62775949,0.974294365,
C,S_BB,h,0.0,2.64834355,0.974269699,
C,S_BB,h,0.0,2.66912062,0.973114658,
C,S_BB,h,0.0,2.69039946,0.975168139,
C,S_BB,h,0.0,2.71121518,0.974263123,
C,S_BB,h,0.0,2.7321837,0.974638599,
C,S_BB,h,0.0,2.75306239,0.973366732,
C,S_BB,h,0.0,2.77427049,0.97356983,
C,S_BB,h,0.0,2.79557932,0.973013195,
C,S_BB,h,0.0,2.8160646,0.974862805,
C,S_BB,h,0.0,2.83689478,0.970465342,
C,S_BB,h,0.0,2.85801727,0.97286051,
C,S_BB,h,0.0,2.87906973,0.973862768,
C,S_BB,h,0.0,2.89996898,0.973316101,
C,S_BB,h,0.0,2.92062944,0.973790865,
C,S_BB,h,0.0,2.941605,0.972257478,
C,S_BB,h,0.0,2.96267076,0.976709301,
C,S_BB,h,0.0,2.98347442,0.971666117,
C,S_BB,h,0.0,3.00437656,0.976838406,
C,S_BB,h,0.0,3.02542142,0.980632482,
C,S_BB,h,0.0,3.04658726,0.975972465,
C,S_BB,h,0.0,3.06768101,0.975785718,
C,S_BB,h,0.0,3.088328,0.97562529,
C,S_BB,h,0.0,3.10931167,0.97554743,
C,S_BB,h,0.0,3.1305457,0.97900272,
C,S_BB,h,0.0,3.15150209,0.978290042,
C,S_BB,h,0.0,3.17219014,0.978166102,
C,S_BB,h,0.0,3.19299024,0.979415708,
C,S_BB,h,0.0,3.21390436,0.977596205,
C,S_BB,h,0.0,3.23506564,0.978654448,
C,S_BB,h,0.0,3.25605387,0.978287445,
C,S_BB,h,0.0,3.27685776,0.976392962,
C,S_BB,h,0.0,3.29794723,0.98185299,
C,S_BB,h,0.0,3.31884778,0.978651673,
C,S_BB,h,0.0,3.33944269,0.98050694,
C,S_BB,h,0.0,3.36030612,0.97964902,
C,S_BB,h,0.0,3.38171654,0.980131185,
C,S_BB,h,0.0,3.40297495,0.981433113,
C,S_BB,h,0.0,3.42370792,0.979865578,
C,S_BB,h,0.0,3.44440875,0.976000852,
C,S_BB,h,0.0,3.465315,0.981816204,
C,S_BB,h,0.0,3.4865867,0.980701098,
C,S_BB,h,0.0,3.50751221,0.984408661,
C,S_BB,h,0.0,3.52796741,0.982189045,
C,S_BB,h,0.0,3.5488788,0.983871436,
C,S_BB,h,0.0,3.57014151,0.982896261,
C,S_BB,h,0.0,3.59120365,0.984404506,
C,S_BB,h,0.0,3.61190928,0.982701561,
C,S_BB,h,0.0,3.63300558,0.979662423,
C,S_BB,h,0.0,3.6541422,0.98420169,
C,S_BB,h,0.0,3.67500902,0.983999728,
C,S_BB,h,0.0,3.69581564,0.983055248,
C,S_BB,h,0.0,3.71644729,0.986061425,
C,S_BB,h,0.0,3.73749774,0.982354511,
C,S_BB,h,0.0,3.75868086,0.988007503,
C,S_BB,h,0.0,3.77950549,0.986491237,
C,S_BB,h,0.0,3.80027286,0.984707574,
C,S_BB,h,0.0,3.82143123,0.986972295,
C,S_BB,h,0.0,3.84280481,0.985156322,
C,S_BB,h,0.0,3.86349282,0.989789888,
C,S_BB,h,0.0,3.88417456,0.984303618,
C,S_BB,h,0.0,3.90535419,0.989633013,
C,S_BB,h,0.0,3.9264697,0.986500967,
C,S_BB,h,0.0,3.94738681,0.988613957,
C,S_BB,h,0.0,3.96810309,0.993137875,
C,S_BB,h,0.0,3.98888694,0.991632156,
C,S_BB,h,0.0,4.00993371,0.991165241,
C,S_BB,h,0.0,4.03080983,0.987269313,
C,S_BB,h,0.0,4.05178039,0.992605215,
C,S_BB,h,0.0,4.07276799,0.990794626,
C,S_BB,h,0.0,4.09368684,0.990791888,
C,S_BB,h,0.0,4.11485609,0.995609413,
C,S_BB,h,0.0,4.13583188,0.991740813,
C,S_BB,h,0.0,4.15670688,0.993034938,
C,S_BB,h,0.0,4.17758774,0.994693743,
C,S_BB,h,0.0,4.19867141,0.992343274,
C,S_BB,h,0.0,4.21961517,0.991063237,
C,S_BB,h,0.0,4.24013393,0.993326137,
C,S_BB,h,0.0,4.26119077,0.995257134,
C,S_BB,h,0.0,4.28239268,0.992661184,
C,S_BB,h,0.0,4.30342826,0.997416699,
C,S_BB,h,0.0,4.32431592,0.996605923,
C,S_BB,h,0.0,4.34508479,0.994944196,
C,S_BB,h,0.0,4.36604259,0.99732057,
C,S_BB,h,0.0,4.38708086,0.997045043,
C,S_BB,h,0.0,4.40778797,1.00326104,
C,S_BB,h,0.0,4.4288526,1.00016814,
C,S_BB,h,0.0,4.44994967,0.999780008,
C,S_BB,h,0.0,4.47085438,0.998746897,
C,S_BB,h,0.0,4.49188801,0.997379834,
C,S_BB,h,0.0,4.51250216,0.99662362,
C,S_BB,h,0.0,4.5334461,0.998584626,
C,S_BB,h,0.0,4.55463591,1.00279256,
C,S_BB,h,0.0,4.57547609,1.00185048,
C,S_BB,h,0.0,4.59643311,1.00268541,
C,S_BB,h,0.0,4.61732903,1.00179918,
C,S_BB,h,0.0,4.63833098,1.00175868,
C,S_BB,h,0.0,4.65949324,1.00100486,
C,S_BB,h,0.0,4.68039693,1.00112011,
C,S_BB,h,0.0,4.70136745,1.00483472,
C,S_BB,h,0.0,4.72221533,1.00438094,
C,S_BB,h,0.0,4.74309374,1.00229171,
C,S_BB,h,0.0,4.76390784,1.00599851,
C,S_BB,h,0.0,4.78491795,1.00247423,
C,S_BB,h,0.0,4.80636204,1.00176865,
C,S_BB,h,0.0,4.82728449,1.00225034,
C,S_BB,h,0.0,4.84785524,1.00694195,
C,S_BB,h,0.0,4.86859731,1.00493597,
C,S_BB,h,0.0,4.88954319,1.00694086,
C,S_BB,h,0.0,4.91078695,1.00250474,
C,S_BB,h,0.0,4.93172016,1.00147242,
C,S_BB,h,0.0,4.95244063,1.00497183,
C,S_BB,h,0.0,4.97348932,1.0020091,
C,S_BB,h,0.0,4.994309,1.0042649,
C,S_BB,h,0.0,5.01515697,1.0055846,
C,S_BB,h,0.0,5.03598003,1.00881867,
C,S_BB,h,0.0,5.05703237,1.00687978,
C,S_BB,h,0.0,5.07840332,1.00742387,
C,S_BB,h,0.0,5.09943841,1.00340316,
C,S_BB,h,0.0,5.12032938,1.00404976,
C,S_BB,h,0.0,5.14107614,1.00668951,
C,S_BB,h,0.0,5.16214077,1.00389702,
C,S_BB,h,0.0,5.18341099,1.00686111,
C,S_BB,h,0.0,5.2041075,1.00580202,
C,S_BB,h,0.0,5.22477891,1.00457447,
C,S_BB,h,0.0,5.24557967,1.00577657,
C,S_BB,h,0.0,5.26649236,1.00411653,
C,S_BB,h,0.0,5.28753131,1.00429991,
C,S_BB,h,0.0,5.30847064,1.00777009,
C,S_BB,h,0.0,5.32946745,1.0098794,
C,S_BB,h,0.0,5.3506922,1.00456997,
C,S_BB,h,0.0,5.37158853,1.00590341,
C,S_BB,h,0.0,5.39231925,1.00874519,
C,S_BB,h,0.0,5.41333352,1.00658847,
C,S_BB,h,0.0,5.43434316,1.00841883,
C,S_BB,h,0.0,5.45530659,1.00697459,
C,S_BB,h,0.0,5.47618498,1.00945279,
C,S_BB,h,0.0,5.49715755,1.0080608,
C,S_BB,h,0.0,5.51801586,1.00761053,
C,S_BB,h,0.0,5.53881995,1.00743403,
C,S_BB,h,0.0,5.55992514,1.00833935,
C,S_BB,h,0.0,5.58098545,1.00872637,
C,S_BB,h,0.0,5.60183772,1.00899011,
C,S_BB,h,0.0,5.62277584,1.00781495,
C,S_BB,h,0.0,5.64379172,1.00964313,
C,S_BB,h,0.0,5.66460817,1.00685525,
C,S_BB,h,0.0,5.68556022,1.0106063,
C,S_BB,h,0.0,5.7067909,1.00624862,
C,S_BB,h,0.0,5.72769317,1.00629517,
C,S_BB,h,0.0,5.74840017,1.0101575,
C,S_BB,h,0.0,5.76938192,1.0073392,
C,S_BB,h,0.0,5.79039764,1.0050393,
C,S_BB,h,0.0,5.81144039,1.00825671,
C,S_BB,h,0.0,5.83232115,1.01007974,
C,S_BB,h,0.0,5.85320209,1.0092275,
C,S_BB,h,0.0,5.87418919,1.00673982,
C,S_BB,h,0.0,5.89509625,1.00727291,
C,S_BB,h,0.0,5.9159726,1.00938935,
C,S_BB,h,0.0,5.93682663,1.00840881,
C,S_BB,h,0.0,5.95791772,1.00903986,
C,S_BB,h,0.0,5.97900675,1.00720054,
C,S_BB,h,0.0,5.99978945,1.00805013,
C,S_BB,h,0.0,6.02063577,1.00657723,
C,S_BB,h,0.0,6.04156421,1.00737624,
C,S_BB,h,0.0,6.06259364,1.00870808,
C,S_BB,h,0.0,6.08377541,1.00738433,
C,S_BB,h,0.0,6.10447051,1.01148122,
C,S_BB,h,0.0,6.12538157,1.00594302,
C,S_BB,h,0.0,6.14660689,1.0051589,
C,S_BB,h,0.0,6.16752321,1.00653712,
C,S_BB,h,0.0,6.18833806,1.00743842,
C,S_BB,h,0.0,6.20938667,1.00840858,
C,S_BB,h,0.0,6.23052184,1.00481904,
C,S_BB,h,0.0,6.25137137,1.00492819,
C,S_BB,h,0.0,6.27204484,1.00726062,
C,S_BB,h,0.0,6.29290789,1.00785308,
C,S_BB,h,0.0,6.31382104,1.00591811,
C,S_BB,h,0.0,6.33495691,1.004945,
C,S_BB,h,0.0,6.35600914,1.00729128,
C,S_BB,h,0.0,6.37663869,1.00344341,
C,S_BB,h,0.0,6.39770954,1.00496864,
C,S_BB,h,0.0,6.41872759,1.00307757,
C,S_BB,h,0.0,6.43951457,1.00628355,
C,S_BB,h,0.0,6.46033562,1.00383343,
C,S_BB,h,0.0,6.4814564,1.00318189,
C,S_BB,h,0.0,6.50265681,1.00579955,
C,S_BB,h,0.0,6.52350383,1.00645685,
C,S_BB,h,0.0,6.54427866,1.00422569,
C,S_BB,h,0.0,6.56515568,1.00321837,
C,S_BB,h,0.0,6.58628576,1.00481037,
C,S_BB,h,0.0,6.60749316,1.00573873,
C,S_BB,h,0.0,6.62830625,1.00417653,
C,S_BB,h,0.0,6.64913567,1.00257044,
C,S_BB,h,0.0,6.67020149,1.00395152,
C,S_BB,h,0.0,6.69106898,1.00578492,
C,S_BB,h,0.0,6.71185955,1.00376849,
C,S_BB,h,0.0,6.73264651,1.00196274,
C,S_BB,h,0.0,6.7537045,1.00223926,
C,S_BB,h,0.0,6.77487174,1.00053722,
C,S_BB,h,0.0,6.79557562,1.0030374,
C,S_BB,h,0.0,6.81648781,1.00206424,
C,S_BB,h,0.0,6.83753747,1.00408472,
C,S_BB,h,0.0,6.85867557,1.00329315,
C,S_BB,h,0.0,6.87985316,1.00238637,
C,S_BB,h,0.0,6.90065786,1.00232594,
C,S_BB,h,0.0,6.92153112,1.00245732,
C,S_BB,h,0.0,6.94229803,1.00362683,
C,S_BB,h,0.0,6.9630016,1.00188103,
C,S_BB,h,0.0,6.98416877,1.00325069,
C,S_BB,h,0.0,7.0052781,1.00187673,
C,S_BB,h,0.0,7.02617612,1.00184513,
C,S_BB,h,0.0,7.04699526,1.00317414,
C,S_BB,h,0.0,7.06761685,1.00162018,
C,S_BB,h,0.0,7.08873369,1.00134215,
C,S_BB,h,0.0,7.10994937,1.00152814,
C,S_BB,h,0.0,7.13102893,1.00144188,
C,S_BB,h,0.0,7.15201412,1.00161297,
C,S_BB,h,0.0,7.17271336,1.00021814,
C,S_BB,h,0.0,7.19374266,0.999560918,
C,S_BB,h,0.0,7.21473042,0.999991832,
C,S_BB,h,0.0,7.23564263,1.00065703,
C,S_BB,h,0.0,7.25666289,1.00022936,
C,S_BB,h,0.0,7.27757645,1.00001347,
C,S_BB,h,0.0,7.2984411,1.00245246,
C,S_BB,h,0.0,7.31917384,0.999171605,
C,S_BB,h,0.0,7.34001688,0.997373934,
C,S_BB,h,0.0,7.3611683,0.997818199,
C,S_BB,h,0.0,7.38224284,0.997213692,
C,S_BB,h,0.0,7.40324015,0.998285721,
C,S_BB,h,0.0,7.42408854,0.999814668,
C,S_BB,h,0.0,7.44500634,0.999783462,
C,S_BB,h,0.0,7.46595959,0.99688209,
C,S_BB,h,0.0,7.48696308,0.999771663,
C,S_BB,h,0.0,7.5079936,0.997848669,
C,S_BB,h,0.0,7.52871967,0.997060032,
C,S_BB,h,0.0,7.54966921,0.999490257,
C,S_BB,h,0.0,7.57064902,0.998865509,
C,S_BB,h,0.0,7.59151428,0.99803471,
C,S_BB,h,0.0,7.6123809,0.999077909,
C,S_BB,h,0.0,7.63338324,0.997877673,
C,S_BB,h,0.0,7.65450532,0.999780122,
C,S_BB,h,0.0,7.67556944,0.99965017,
C,S_BB,h,0.0,7.69637751,0.994342689,
C,S_BB,h,0.0,7.71727216,0.997874938,
C,S_BB,h,0.0,7.73835725,0.99965435,
C,S_BB,h,0.0,7.75934923,0.997446085,
C,S_BB,h,0.0,7.78023116,0.995207784,
C,S_BB,h,0.0,7.80098697,0.996058805,
C,S_BB,h,0.0,7.82190677,0.997399668,
C,S_BB,h,0.0,7.84304931,0.996282296,
C,S_BB,h,0.0,7.86405132,0.999287149,
C,S_BB,h,0.0,7.88484553,1.00052902,
C,S_BB,h,0.0,7.90574885,0.998711926,
C,S_BB,h,0.0,7.9267531,0.996226164,
C,S_BB,h,0.0,7.94765228,0.998615594,
C,S_BB,h,0.0,7.96842304,0.997651405,
C,S_BB,h,0.0,7.98938616,0.998033156,
C,S_BB,h,0.0,8.01050815,0.997298625,
C,S_BB,h,0.0,8.03153334,0.997912855,
C,S_BB,h,0.0,8.05240251,0.994739839,
C,S_BB,h,0.0,8.07332696,0.997432447,
C,S_BB,h,0.0,8.09438514,0.996426222,
C,S_BB,h,0.0,8.11529588,0.99711483,
C,S_BB,h,0.0,8.13618411,0.997160922,
C,S_BB,h,0.0,8.15717855,0.998281022,
C,S_BB,h,0.0,8.17807847,0.995078551,
C,S_BB,h,0.0,8.19905269,0.995814734,
C,S_BB,h,0.0,8.21991085,1.00014775,
C,S_BB,h,0.0,8.24078529,0.998453197,
C,S_BB,h,0.0,8.26195652,0.995683946,
C,S_BB,h,0.0,8.28293039,0.996130727,
C,S_BB,h,0.0,8.30373423,0.997087905,
C,S_BB,h,0.0,8.32452583,0.99681761,
C,S_BB,h,0.0,8.34556221,0.995704705,
C,S_BB,h,0.0,8.36671927,0.997624389,
C,S_BB,h,0.0,8.38757523,0.996361873,
C,S_BB,h,0.0,8.40855808,0.997826723,
C,S_BB,h,0.0,8.42953585,0.994216836,
C,S_BB,h,0.0,8.45042977,0.994880921,
C,S_BB,h,0.0,8.47138662,0.997933509,
C,S_BB,h,0.0,8.49217243,0.995870219,
C,S_BB,h,0.0,8.51321806,0.9949016,
C,S_BB,h,0.0,8.53421183,0.997516649,
C,S_BB,h,0.0,8.55508292,0.995580394,
C,S_BB,h,0.0,8.57598662,0.997001245,
C,S_BB,h,0.0,8.59679232,0.99616542,
C,S_BB,h,0.0,8.61783107,0.997894816,
C,S_BB,h,0.0,8.63891768,0.995847857,
C,S_BB,h,0.0,8.65972861,0.996591262,
C,S_BB,h,0.0,8.68059853,0.996530561,
C,S_BB,h,0.0,8.70174168,0.996188244,
C,S_BB,h,0.0,8.72279566,0.994553502,
C,S_BB,h,0.0,8.74359241,0.996601709,
C,S_BB,h,0.0,8.76424415,0.996056359,
C,S_BB,h,0.0,8.78526729,0.994104364,
C,S_BB,h,0.0,8.80637189,0.995409257,
C,S_BB,h,0.0,8.82736896,0.993240883,
C,S_BB,h,0.0,8.84843212,0.998589328,
C,S_BB,h,0.0,8.86933197,0.995564845,
C,S_BB,h,0.0,8.89026857,0.995198775,
C,S_BB,h,0.0,8.91123702,0.995589575,
C,S_BB,h,0.0,8.93214776,0.996342113,
C,S_BB,h,0.0,8.95312097,0.995909455,
C,S_BB,h,0.0,8.9741304,0.996070972,
C,S_BB,h,0.0,8.99505705,0.997233603,
C,S_BB,h,0.0,9.01571368,0.994149719,
C,S_BB,h,0.0,9.03640927,0.996879621,
C,S_BB,h,0.0,9.05755121,0.993899831,
C,S_BB,h,0.0,9.07868023,0.99611431,
C,S_BB,h,0.0,9.09969513,0.996238948,
C,S_BB,h,0.0,9.1205658,0.998046293,
C,S_BB,h,0.0,9.14137844,0.995791305,
C,S_BB,h,0.0,9.16237082,0.997835973,
C,S_BB,h,0.0,9.18339441,0.996097097,
C,S_BB,h,0.0,9.20447395,0.995706918,
C,S_BB,h,0.0,9.22549281,0.99629608,
C,S_BB,h,0.0,9.2463962,0.997307852,
C,S_BB,h,0.0,9.26722673,0.997977074,
C,S_BB,h,0.0,9.28791689,0.995803749,
C,S_BB,h,0.0,9.30892724,0.994899772,
C,S_BB,h,0.0,9.33003065,0.997181385,
C,S_BB,h,0.0,9.35102864,0.997096653,
C,S_BB,h,0.0,9.37196601,0.995818772,
C,S_BB,h,0.0,9.39258783,0.994640338,
C,S_BB,h,0.0,9.41349621,0.996801044,
C,S_BB,h,0.0,9.4347927,0.99588529,
C,S_BB,h,0.0,9.45587737,0.998045334,
C,S_BB,h,0.0,9.47676866,0.996800742,
C,S_BB,h,0.0,9.49762777,0.996032142,
C,S_BB,h,0.0,9.51852362,0.996131693,
C,S_BB,h,0.0,9.53939795,0.996500515,
C,S_BB,h,0.0,9.56035551,0.996795254,
C,S_BB,h,0.0,9.58149741,0.996429002,
C,S_BB,h,0.0,9.60249587,0.997707856,
C,S_BB,h,0.0,9.62336478,1.00028331,
C,S_BB,h,0.0,9.64415055,0.997449113,
C,S_BB,h,0.0,9.66502224,0.99886941,
C,S_BB,h,0.0,9.68597433,0.998413911,
C,S_BB,h,0.0,9.7069728,0.997268962,
C,S_BB,h,0.0,9.72797765,0.995935531,
C,S_BB,h,0.0,9.74896401,0.998924981,
C,S_BB,h,0.0,9.76996217,0.998221171,
C,S_BB,h,0.0,9.79085678,0.996480388,
C,S_BB,h,0.0,9.81166698,0.996603586,
C,S_BB,h,0.0,9.83262494,0.995293148,
C,S_BB,h,0.0,9.85372265,0.997444455,
C,S_BB,h,0.0,9.87472665,0.998890421,
C,S_BB,h,0.0,9.89559934,0.997789006,
C,S_BB,h,0.0,9.91635289,0.995702549,
C,S_BB,h,0.0,9.93737645,0.998295278,
C,S_BB,h,0.0,9.95856995,0.997538434,
C,S_BB,h,0.0,9.97940815,0.998489018,
C,S_BB,h,0.0,10.000082,0.996974605,
C,S_BB,h,0.6,0.0252815853,0.00214009976,
C,S_BB,h,0.6,0.0486976344,0.00386555106,
C,S_BB,h,0.6,0.0692644017,0.00562068691,
C,S_BB,h,0.6,0.08877835,0.00842450603,
C,S_BB,h,0.6,0.111604297,0.0124389189,
C,S_BB,h,0.6,0.132731806,0.0166355619,
C,S_BB,h,0.6,0.153672181,0.0214113611,
C,S_BB,h,0.6,0.175641863,0.0273714785,
C,S_BB,h,0.6,0.196615509,0.0334836767,
C,S_BB,h,0.6,0.217326708,0.0407003856,
C,S_BB,h,0.6,0.237538457,0.0483002138,
C,S_BB,h,0.6,0.258148683,0.0559634295,
C,S_BB,h,0.6,0.28040349,0.0656599678,
C,S_BB,h,0.6,0.301929084,0.0755036127,
C,S_BB,h,0.6,0.322287413,0.0858582941,
C,S_BB,h,0.6,0.342663331,0.0950815222,
C,S_BB,h,0.6,0.363641289,0.107390969,
C,S_BB,h,0.6,0.385602948,0.11985597,
C,S_BB,h,0.6,0.406737165,0.13224859,
C,S_BB,h,0.6,0.427001871,0.145884685,
C,S_BB,h,0.6,0.448754416,0.159769186,
C,S_BB,h,0.6,0.469601745,0.173976979,
C,S_BB,h,0.6,0.489805379,0.188167322,
C,S_BB,h,0.6,0.510302494,0.203398262,
C,S_BB,h,0.6,0.53178319,0.219228794,
C,S_BB,h,0.6,0.553922362,0.235103278,
C,S_BB,h,0.6,0.574670041,0.252069617,
C,S_BB,h,0.6,0.594645701,0.26576329,
C,S_BB,h,0.6,0.615540037,0.285042412,
C,S_BB,h,0.6,0.636554081,0.303752155,
C,S_BB,h,0.6,0.658102417,0.322920912,
C,S_BB,h,0.6,0.679189641,0.343121023,
C,S_BB,h,0.6,0.700054044,0.362704286,
C,S_BB,h,0.6,0.721329826,0.379947476,
C,S_BB,h,0.6,0.742033923,0.39913854,
C,S_BB,h,0.6,0.762614581,0.419436525,
C,S_BB,h,0.6,0.783270495,0.439153699,
C,S_BB,h,0.6,0.804783918,0.460571996,
C,S_BB,h,0.6,0.826095906,0.481789359,
C,S_BB,h,0.6,0.846303977,0.498252309,
C,S_BB,h,0.6,0.867174819,0.521096316,
C,S_BB,h,0.6,0.888413258,0.53800919,
C,S_BB,h,0.6,0.909910564,0.56400896,
C,S_BB,h,0.6,0.931134698,0.584220695,
C,S_BB,h,0.6,0.951563161,0.605373809,
C,S_BB,h,0.6,0.972160451,0.624837524,
C,S_BB,h,0.6,0.993008165,0.642915333,
C,S_BB,h,0.6,1.0140906,0.667070288,
C,S_BB,h,0.6,1.03500338,0.684719048,
C,S_BB,h,0.6,1.05657413,0.705179534,
C,S_BB,h,0.6,1.07789814,0.727798162,
C,S_BB,h,0.6,1.09835045,0.746345888,
C,S_BB,h,0.6,1.11903902,0.763577673,
C,S_BB,h,0.6,1.1396405,0.777404142,
C,S_BB,h,0.6,1.16109193,0.800371163,
C,S_BB,h,0.6,1.18227503,0.810186754,
C,S_BB,h,0.6,1.2030555,0.82405067,
C,S_BB,h,0.6,1.22375183,0.848538905,
C,S_BB,h,0.6,1.24453484,0.859072758,
C,S_BB,h,0.6,1.26570671,0.870168492,
C,S_BB,h,0.6,1.28693994,0.890746851,
C,S_BB,h,0.6,1.30807124,0.895917278,
C,S_BB,h,0.6,1.32889646,0.907398573,
C,S_BB,h,0.6,1.34945121,0.922399986,
C,S_BB,h,0.6,1.37055188,0.930220364,
C,S_BB,h,0.6,1.39148285,0.939266576,
C,S_BB,h,0.6,1.41220445,0.953241021,
C,S_BB,h,0.6,1.43352474,0.951090627,
C,S_BB,h,0.6,1.45454751,0.965600298,
C,S_BB,h,0.6,1.47511055,0.973800851,
C,S_BB,h,0.6,1.49566583,0.974056252,
C,S_BB,h,0.6,1.51690776,0.98697323,
C,S_BB,h,0.6,1.53826425,0.991417911,
C,S_BB,h,0.6,1.55931449,0.99512456,
C,S_BB,h,0.6,1.58012172,0.994139442,
C,S_BB,h,0.6,1.60114355,1.00054764,
C,S_BB,h,0.6,1.62229155,1.00544227,
C,S_BB,h,0.6,1.64295947,1.00222823,
C,S_BB,h,0.6,1.66366432,1.0112238,
C,S_BB,h,0.6,1.68478217,1.01269262,
C,S_BB,h,0.6,1.7057485,1.01240377,
C,S_BB,h,0.6,1.72683745,1.01462935,
C,S_BB,h,0.6,1.74765849,1.01603502,
C,S_BB,h,0.6,1.76847487,1.01615674,
C,S_BB,h,0.6,1.78961871,1.02005754,
C,S_BB,h,0.6,1.81086098,1.00933752,
C,S_BB,h,0.6,1.83179094,1.01647048,
C,S_BB,h,0.6,1.8521746,1.00988382,
C,S_BB,h,0.6,1.8733654,1.01407691,
C,S_BB,h,0.6,1.89455538,1.01233417,
C,S_BB,h,0.6,1.91534795,1.01429799,
C,S_BB,h,0.6,1.93623233,1.00869457,
C,S_BB,h,0.6,1.9571481,1.01030476,
C,S_BB,h,0.6,1.97825109,1.00858055,
C,S_BB,h,0.6,1.99905898,1.00824353,
C,S_BB,h,0.6,2.01966715,1.00639524,
C,S_BB,h,0.6,2.04082415,1.00446438,
C,S_BB,h,0.6,2.06193171,1.00802209,
C,S_BB,h,0.6,2.08296048,1.00349173,
C,S_BB,h,0.6,2.10383017,0.998793713,
C,S_BB,h,0.6,2.12494312,1.00252319,
C,S_BB,h,0.6,2.14618475,0.997328064,
C,S_BB,h,0.6,2.16679298,0.996094758,
C,S_BB,h,0.6,2.18753482,0.994162964,
C,S_BB,h,0.6,2.20847027,0.991698653,
C,S_BB,h,0.6,2.22955181,0.991505285,
C,S_BB,h,0.6,2.25078374,0.988630172,
C,S_BB,h,0.6,2.27150159,0.988819967,
C,S_BB,h,0.6,2.29205574,0.992189792,
C,S_BB,h,0.6,2.31294326,0.987943057,
C,S_BB,h,0.6,2.3340363,0.982044388,
C,S_BB,h,0.6,2.35514399,0.983910692,
C,S_BB,h,0.6,2.37607726,0.983803896,
C,S_BB,h,0.6,2.39730341,0.979099637,
C,S_BB,h,0.6,2.41857203,0.981745091,
C,S_BB,h,0.6,2.43911056,0.980961594,
C,S_BB,h,0.6,2.45988005,0.983066529,
C,S_BB,h,0.6,2.48094151,0.979555014,
C,S_BB,h,0.6,2.50196601,0.978861694,
C,S_BB,h,0.6,2.52300496,0.979507166,
C,S_BB,h,0.6,2.54340089,0.97960022,
C,S_BB,h,0.6,2.56415297,0.979526758,
C,S_BB,h,0.6,2.58575836,0.974326447,
C,S_BB,h,0.6,2.60684428,0.974277481,
C,S_BB,h,0.6,2.62775949,0.973921213,
C,S_BB,h,0.6,2.64834355,0.972885632,
C,S_BB,h,0.6,2.66912062,0.976683626,
C,S_BB,h,0.6,2.69039946,0.971620639,
C,S_BB,h,0.6,2.71121518,0.972673258,
C,S_BB,h,0.6,2.7321837,0.973893091,
C,S_BB,h,0.6,2.75306239,0.975034325,
C,S_BB,h,0.6,2.77427049,0.972785949,
C,S_BB,h,0.6,2.79557932,0.975716507,
C,S_BB,h,0.6,2.8160646,0.97105274,
C,S_BB,h,0.6,2.83689478,0.976299312,
C,S_BB,h,0.6,2.85801727,0.977398829,
C,S_BB,h,0.6,2.87906973,0.977715593,
C,S_BB,h,0.6,2.89996898,0.973790189,
C,S_BB,h,0.6,2.92062944,0.97473529,
C,S_BB,h,0.6,2.941605,0.973793794,
C,S_BB,h,0.6,2.96267076,0.974339391,
C,S_BB,h,0.6,2.98347442,0.977587416,
C,S_BB,h,0.6,3.00437656,0.977168654,
C,S_BB,h,0.6,3.02542142,0.971953121,
C,S_BB,h,0.6,3.04658726,0.973415209,
C,S_BB,h,0.6,3.06768101,0.977048314,
C,S_BB,h,0.6,3.088328,0.977183972,
C,S_BB,h,0.6,3.10931167,0.977015815,
C,S_BB,h,0.6,3.1305457,0.975903449,
C,S_BB,h,0.6,3.15150209,0.978481117,
C,S_BB,h,0.6,3.17219014,0.977863606,
C,S_BB,h,0.6,3.19299024,0.975486056,
C,S_BB,h,0.6,3.21390436,0.97583501,
C,S_BB,h,0.6,3.23506564,0.979307731,
C,S_BB,h,0.6,3.25605387,0.979556525,
C,S_BB,h,0.6,3.27685776,0.978157374,
C,S_BB,h,0.6,3.29794723,0.975752441,
C,S_BB,h,0.6,3.31884778,0.977078562,
C,S_BB,h,0.6,3.33944269,0.981349401,
C,S_BB,h,0.6,3.36030612,0.980825639,
C,S_BB,h,0.6,3.38171654,0.981911187,
C,S_BB,h,0.6,3.40297495,0.980666797,
C,S_BB,h,0.6,3.42370792,0.979940277,
C,S_BB,h,0.6,3.44440875,0.982510824,
C,S_BB,h,0.6,3.465315,0.978810684,
C,S_BB,h,0.6,3.4865867,0.980496143,
C,S_BB,h,0.6,3.50751221,0.982110053,
C,S_BB,h,0.6,3.52796741,0.983250806,
C,S_BB,h,0.6,3.5488788,0.983456073,
C,S_BB,h,0.6,3.57014151,0.983056383,
C,S_BB,h,0.6,3.59120365,0.981528835,
C,S_BB,h,0.6,3.61190928,0.984192513,
C,S_BB,h,0.6,3.63300558,0.986301102,
C,S_BB,h,0.6,3.6541422,0.98416233,
C,S_BB,h,0.6,3.67500902,0.98699449,
C,S_BB,h,0.6,3.69581564,0.984334507,
C,S_BB,h,0.6,3.71644729,0.983200194,
C,S_BB,h,0.6,3.73749774,0.985655058,
C,S_BB,h,0.6,3.75868086,0.986726849,
C,S_BB,h,0.6,3.77950549,0.98478007,
C,S_BB,h,0.6,3.80027286,0.988594519,
C,S_BB,h,0.6,3.82143123,0.986056307,
C,S_BB,h,0.6,3.84280481,0.985071868,
C,S_BB,h,0.6,3.86349282,0.987624798,
C,S_BB,h,0.6,3.88417456,0.985819126,
C,S_BB,h,0.6,3.90535419,0.990815788,
C,S_BB,h,0.6,3.9264697,0.986549026,
C,S_BB,h,0.6,3.94738681,0.99015115,
C,S_BB,h,0.6,3.96810309,0.990270049,
C,S_BB,h,0.6,3.98888694,0.989511775,
C,S_BB,h,0.6,4.00993371,0.990180544,
C,S_BB,h,0.6,4.03080983,0.98893517,
C,S_BB,h,0.6,4.05178039,0.99046897,
C,S_BB,h,0.6,4.07276799,0.990531391,
C,S_BB,h,0.6,4.09368684,0.990934392,
C,S_BB,h,0.6,4.11485609,0.992855997,
C,S_BB,h,0.6,4.13583188,0.989710068,
C,S_BB,h,0.6,4.15670688,0.993102097,
C,S_BB,h,0.6,4.17758774,0.993982511,
C,S_BB,h,0.6,4.19867141,0.991052148,
C,S_BB,h,0.6,4.21961517,0.98992566,
C,S_BB,h,0.6,4.24013393,0.993310012,
C,S_BB,h,0.6,4.26119077,0.992866366,
C,S_BB,h,0.6,4.28239268,0.992901073,
C,S_BB,h,0.6,4.30342826,0.996608375,
C,S_BB,h,0.6,4.32431592,0.998090366,
C,S_BB,h,0.6,4.34508479,0.994919499,
C,S_BB,h,0.6,4.36604259,0.995410292,
C,S_BB,h,0.6,4.38708086,0.99517359,
C,S_BB,h,0.6,4.40778797,0.996061946,
C,S_BB,h,0.6,4.4288526,0.995722464,
C,S_BB,h,0.6,4.44994967,1.00263863,
C,S_BB,h,0.6,4.47085438,0.997059019,
C,S_BB,h,0.6,4.49188801,1.00018141,
C,S_BB,h,0.6,4.51250216,1.00042088,
C,S_BB,h,0.6,4.5334461,0.998671354,
C,S_BB,h,0.6,4.55463591,1.00257387,
C,S_BB,h,0.6,4.57547609,1.00144586,
C,S_BB,h,0.6,4.59643311,0.999706355,
C,S_BB,h,0.6,4.61732903,0.999922937,
C,S_BB,h,0.6,4.63833098,0.99718083,
C,S_BB,h,0.6,4.65949324,1.00055032,
C,S_BB,h,0.6,4.68039693,1.00153108,
C,S_BB,h,0.6,4.70136745,1.00321198,
C,S_BB,h,0.6,4.72221533,1.00284193,
C,S_BB,h,0.6,4.74309374,1.00398956,
C,S_BB,h,0.6,4.76390784,1.00061586,
C,S_BB,h,0.6,4.78491795,1.00577411,
C,S_BB,h,0.6,4.80636204,1.00488595,
C,S_BB,h,0.6,4.82728449,1.00275866,
C,S_BB,h,0.6,4.84785524,1.00284467,
C,S_BB,h,0.6,4.86859731,1.00249442,
C,S_BB,h,0.6,4.88954319,1.00333111,
C,S_BB,h,0.6,4.91078695,1.0070524,
C,S_BB,h,0.6,4.93172016,1.00768351,
C,S_BB,h,0.6,4.95244063,1.00311959,
C,S_BB,h,0.6,4.97348932,1.00628251,
C,S_BB,h,0.6,4.994309,1.00370595,
C,S_BB,h,0.6,5.01515697,1.0047226,
C,S_BB,h,0.6,5.03598003,1.00566416,
C,S_BB,h,0.6,5.05703237,1.00706857,
C,S_BB,h,0.6,5.07840332,1.00490412,
C,S_BB,h,0.6,5.09943841,1.00612144,
C,S_BB,h,0.6,5.12032938,1.0045055,
C,S_BB,h,0.6,5.14107614,1.00346188,
C,S_BB,h,0.6,5.16214077,1.00608618,
C,S_BB,h,0.6,5.18341099,1.00545259,
C,S_BB,h,0.6,5.2041075,1.00730126,
C,S_BB,h,0.6,5.22477891,1.00583615,
C,S_BB,h,0.6,5.24557967,1.00415008,
C,S_BB,h,0.6,5.26649236,1.00795667,
C,S_BB,h,0.6,5.28753131,1.00643774,
C,S_BB,h,0.6,5.30847064,1.00503452,
C,S_BB,h,0.6,5.32946745,1.01004866,
C,S_BB,h,0.6,5.3506922,1.00684473,
C,S_BB,h,0.6,5.37158853,1.00756325,
C,S_BB,h,0.6,5.39231925,1.00868979,
C,S_BB,h,0.6,5.41333352,1.00812163,
C,S_BB,h,0.6,5.43434316,1.00761302,
C,S_BB,h,0.6,5.45530659,1.00865858,
C,S_BB,h,0.6,5.47618498,1.01087837,
C,S_BB,h,0.6,5.49715755,1.00524754,
C,S_BB,h,0.6,5.51801586,1.00637463,
C,S_BB,h,0.6,5.53881995,1.00741109,
C,S_BB,h,0.6,5.55992514,1.00457422,
C,S_BB,h,0.6,5.58098545,1.00689035,
C,S_BB,h,0.6,5.60183772,1.01054123,
C,S_BB,h,0.6,5.62277584,1.00580592,
C,S_BB,h,0.6,5.64379172,1.00479241,
C,S_BB,h,0.6,5.66460817,1.00889575,
C,S_BB,h,0.6,5.68556022,1.00716855,
C,S_BB,h,0.6,5.7067909,1.00829145,
C,S_BB,h,0.6,5.72769317,1.00753141,
C,S_BB,h,0.6,5.74840017,1.00716018,
C,S_BB,h,0.6,5.76938192,1.00788333,
C,S_BB,h,0.6,5.79039764,1.00808706,
C,S_BB,h,0.6,5.81144039,1.00900783,
C,S_BB,h,0.6,5.83232115,1.00562424,
C,S_BB,h,0.6,5.85320209,1.00774934,
C,S_BB,h,0.6,5.87418919,1.00943668,
C,S_BB,h,0.6,5.89509625,1.00898218,
C,S_BB,h,0.6,5.9159726,1.00712522,
C,S_BB,h,0.6,5.93682663,1.00820824,
C,S_BB,h,0.6,5.95791772,1.0067617,
C,S_BB,h,0.6,5.97900675,1.00650981,
C,S_BB,h,0.6,5.99978945,1.00842454,
C,S_BB,h,0.6,6.02063577,1.01014557,
C,S_BB,h,0.6,6.04156421,1.00911822,
C,S_BB,h,0.6,6.06259364,1.00855459,
C,S_BB,h,0.6,6.08377541,1.01167541,
C,S_BB,h,0.6,6.10447051,1.00809244,
C,S_BB,h,0.6,6.12538157,1.00698364,
C,S_BB,h,0.6,6.14660689,1.00956225,
C,S_BB,h,0.6,6.16752321,1.00806345,
C,S_BB,h,0.6,6.18833806,1.00616021,
C,S_BB,h,0.6,6.20938667,1.00796472,
C,S_BB,h,0.6,6.23052184,1.00532453,
C,S_BB,h,0.6,6.25137137,1.00700206,
C,S_BB,h,0.6,6.27204484,1.00534406,
C,S_BB,h,0.6,6.29290789,1.00274503,
C,S_BB,h,0.6,6.31382104,1.00399703,
C,S_BB,h,0.6,6.33495691,1.00604048,
C,S_BB,h,0.6,6.35600914,1.00699013,
C,S_BB,h,0.6,6.37663869,1.00668332,
C,S_BB,h,0.6,6.39770954,1.00543074,
C,S_BB,h,0.6,6.41872759,1.00433728,
C,S_BB,h,0.6,6.43951457,1.00365786,
C,S_BB,h,0.6,6.46033562,1.00601963,
C,S_BB,h,0.6,6.4814564,1.0051676,
C,S_BB,h,0.6,6.50265681,1.00268476,
C,S_BB,h,0.6,6.52350383,1.00822518,
C,S_BB,h,0.6,6.54427866,1.00454473,
C,S_BB,h,0.6,6.56515568,1.00517376,
C,S_BB,h,0.6,6.58628576,1.00178726,
C,S_BB,h,0.6,6.60749316,1.00448129,
C,S_BB,h,0.6,6.62830625,1.00477392,
C,S_BB,h,0.6,6.64913567,1.00207085,
C,S_BB,h,0.6,6.67020149,1.00520354,
C,S_BB,h,0.6,6.69106898,1.00348892,
C,S_BB,h,0.6,6.71185955,1.00478443,
C,S_BB,h,0.6,6.73264651,1.00024465,
C,S_BB,h,0.6,6.7537045,1.00377835,
C,S_BB,h,0.6,6.77487174,1.00449304,
C,S_BB,h,0.6,6.79557562,1.0033405,
C,S_BB,h,0.6,6.81648781,1.00383289,
C,S_BB,h,0.6,6.83753747,1.0023134,
C,S_BB,h,0.6,6.85867557,1.00254157,
C,S_BB,h,0.6,6.87985316,0.999816321,
C,S_BB,h,0.6,6.90065786,1.00085932,
C,S_BB,h,0.6,6.92153112,1.00328966,
C,S_BB,h,0.6,6.94229803,1.00170436,
C,S_BB,h,0.6,6.9630016,1.0023528,
C,S_BB,h,0.6,6.98416877,1.00114274,
C,S_BB,h,0.6,7.0052781,1.00237426,
C,S_BB,h,0.6,7.02617612,1.00122659,
C,S_BB,h,0.6,7.04699526,1.00296464,
C,S_BB,h,0.6,7.06761685,1.0032302,
C,S_BB,h,0.6,7.08873369,1.00113755,
C,S_BB,h,0.6,7.10994937,1.00055753,
C,S_BB,h,0.6,7.13102893,1.00142263,
C,S_BB,h,0.6,7.15201412,0.999074875,
C,S_BB,h,0.6,7.17271336,0.998929392,
C,S_BB,h,0.6,7.19374266,0.999338132,
C,S_BB,h,0.6,7.21473042,0.998381087,
C,S_BB,h,0.6,7.23564263,0.999057875,
C,S_BB,h,0.6,7.25666289,1.00053396,
C,S_BB,h,0.6,7.27757645,1.00025272,
C,S_BB,h,0.6,7.2984411,0.998759311,
C,S_BB,h,0.6,7.31917384,1.0033158,
C,S_BB,h,0.6,7.34001688,0.999743859,
C,S_BB,h,0.6,7.3611683,0.999631869,
C,S_BB,h,0.6,7.38224284,1.00069205,
C,S_BB,h,0.6,7.40324015,0.999256597,
C,S_BB,h,0.6,7.42408854,1.00015052,
C,S_BB,h,0.6,7.44500634,1.00042506,
C,S_BB,h,0.6,7.46595959,0.997235169,
C,S_BB,h,0.6,7.48696308,0.997327479,
C,S_BB,h,0.6,7.5079936,0.999932423,
C,S_BB,h,0.6,7.52871967,0.999653979,
C,S_BB,h,0.6,7.54966921,0.998116903,
C,S_BB,h,0.6,7.57064902,1.00025437,
C,S_BB,h,0.6,7.59151428,1.0001386,
C,S_BB,h,0.6,7.6123809,0.997993937,
C,S_BB,h,0.6,7.63338324,1.00119393,
C,S_BB,h,0.6,7.65450532,1.00222401,
C,S_BB,h,0.6,7.67556944,0.996950706,
C,S_BB,h,0.6,7.69637751,0.999488673,
C,S_BB,h,0.6,7.71727216,0.998201011,
C,S_BB,h,0.6,7.73835725,0.996211308,
C,S_BB,h,0.6,7.75934923,1.00018607,
C,S_BB,h,0.6,7.78023116,0.99746686,
C,S_BB,h,0.6,7.80098697,0.997499218,
C,S_BB,h,0.6,7.82190677,0.997335607,
C,S_BB,h,0.6,7.84304931,0.995892029,
C,S_BB,h,0.6,7.86405132,0.998357415,
C,S_BB,h,0.6,7.88484553,0.995699933,
C,S_BB,h,0.6,7.90574885,0.997306195,
C,S_BB,h,0.6,7.9267531,0.997762132,
C,S_BB,h,0.6,7.94765228,0.997783778,
C,S_BB,h,0.6,7.96842304,0.998084185,
C,S_BB,h,0.6,7.98938616,0.99676462,
C,S_BB,h,0.6,8.01050815,0.997020944,
C,S_BB,h,0.6,8.03153334,0.999348388,
C,S_BB,h,0.6,8.05240251,0.998606892,
C,S_BB,h,0.6,8.07332696,0.99553777,
C,S_BB,h,0.6,8.09438514,0.996057225,
C,S_BB,h,0.6,8.11529588,0.996013826,
C,S_BB,h,0.6,8.13618411,0.996171695,
C,S_BB,h,0.6,8.15717855,0.995894554,
C,S_BB,h,0.6,8.17807847,0.998728554,
C,S_BB,h,0.6,8.19905269,0.995527718,
C,S_BB,h,0.6,8.21991085,0.994247407,
C,S_BB,h,0.6,8.24078529,0.997266555,
C,S_BB,h,0.6,8.26195652,0.996686326,
C,S_BB,h,0.6,8.28293039,0.997895777,
C,S_BB,h,0.6,8.30373423,0.995407275,
C,S_BB,h,0.6,8.32452583,0.997139127,
C,S_BB,h,0.6,8.34556221,0.997621758,
C,S_BB,h,0.6,8.36671927,0.997041254,
C,S_BB,h,0.6,8.38757523,0.995788808,
C,S_BB,h,0.6,8.40855808,0.99381702,
C,S_BB,h,0.6,8.42953585,0.9967084,
C,S_BB,h,0.6,8.45042977,0.993698352,
C,S_BB,h,0.6,8.47138662,0.996152447,
C,S_BB,h,0.6,8.49217243,0.996411411,
C,S_BB,h,0.6,8.51321806,0.997308576,
C,S_BB,h,0.6,8.53421183,0.997351185,
C,S_BB,h,0.6,8.55508292,0.996779624,
C,S_BB,h,0.6,8.57598662,0.997178705,
C,S_BB,h,0.6,8.59679232,0.996490772,
C,S_BB,h,0.6,8.61783107,0.994504303,
C,S_BB,h,0.6,8.63891768,0.996950015,
C,S_BB,h,0.6,8.65972861,0.999977998,
C,S_BB,h,0.6,8.68059853,0.997414801,
C,S_BB,h,0.6,8.70174168,0.996530473,
C,S_BB,h,0.6,8.72279566,0.996370686,
C,S_BB,h,0.6,8.74359241,0.998653811,
C,S_BB,h,0.6,8.76424415,0.998027387,
C,S_BB,h,0.6,8.78526729,0.995967659,
C,S_BB,h,0.6,8.80637189,0.996596352,
C,S_BB,h,0.6,8.82736896,0.995901678,
C,S_BB,h,0.6,8.84843212,0.99782063,
C,S_BB,h,0.6,8.86933197,0.996199195,
C,S_BB,h,0.6,8.89026857,0.996105508,
C,S_BB,h,0.6,8.91123702,0.996129383,
C,S_BB,h,0.6,8.93214776,0.995747734,
C,S_BB,h,0.6,8.95312097,0.998318329,
C,S_BB,h,0.6,8.9741304,0.997314227,
C,S_BB,h,0.6,8.99505705,0.993330444,
C,S_BB,h,0.6,9.01571368,0.997266649,
C,S_BB,h,0.6,9.03640927,0.993620648,
C,S_BB,h,0.6,9.05755121,0.995806928,
C,S_BB,h,0.6,9.07868023,0.994230333,
C,S_BB,h,0.6,9.09969513,0.997006746,
C,S_BB,h,0.6,9.1205658,0.994516663,
C,S_BB,h,0.6,9.14137844,0.997006099,
C,S_BB,h,0.6,9.16237082,0.997577665,
C,S_BB,h,0.6,9.18339441,0.995741608,
C,S_BB,h,0.6,9.20447395,0.996425861,
C,S_BB,h,0.6,9.22549281,0.998164286,
C,S_BB,h,0.6,9.2463962,0.996420506,
C,S_BB,h,0.6,9.26722673,0.997225956,
C,S_BB,h,0.6,9.28791689,0.997455014,
C,S_BB,h,0.6,9.30892724,0.998369445,
C,S_BB,h,0.6,9.33003065,0.995476553,
C,S_BB,h,0.6,9.35102864,0.995442453,
C,S_BB,h,0.6,9.37196601,0.996824843,
C,S_BB,h,0.6,9.39258783,0.994151291,
C,S_BB,h,0.6,9.41349621,0.997221618,
C,S_BB,h,0.6,9.4347927,0.997925665,
C,S_BB,h,0.6,9.45587737,0.995610269,
C,S_BB,h,0.6,9.47676866,0.99611018,
C,S_BB,h,0.6,9.49762777,0.995940669,
C,S_BB,h,0.6,9.51852362,0.999255884,
C,S_BB,h,0.6,9.53939795,0.999799599,
C,S_BB,h,0.6,9.56035551,0.997488353,
C,S_BB,h,0.6,9.58149741,0.997202302,
C,S_BB,h,0.6,9.60249587,0.997583437,
C,S_BB,h,0.6,9.62336478,0.998475873,
C,S_BB,h,0.6,9.64415055,0.998040641,
C,S_BB,h,0.6,9.66502224,0.997609974,
C,S_BB,h,0.6,9.68597433,0.995081978,
C,S_BB,h,0.6,9.7069728,0.996470285,
C,S_BB,h,0.6,9.72797765,0.995459003,
C,S_BB,h,0.6,9.74896401,0.997417498,
C,S_BB,h,0.6,9.76996217,0.999749673,
C,S_BB,h,0.6,9.79085678,0.999643707,
C,S_BB,h,0.6,9.81166698,0.997164193,
C,S_BB,h,0.6,9.83262494,0.99739057,
C,S_BB,h,0.6,9.85372265,0.997292346,
C,S_BB,h,0.6,9.87472665,0.997233587,
C,S_BB,h,0.6,9.89559934,0.998610301,
C,S_BB,h,0.6,9.91635289,0.997029106,
C,S_BB,h,0.6,9.93737645,0.999039215,
C,S_BB,h,0.6,9.95856995,0.99684845,
C,S_BB,h,0.6,9.97940815,0.998793422,
C,S_BB,h,0.6,10.000082,0.997969774,
C,S_BB,h,0.8,0.0252815853,0.00340784932,
C,S_BB,h,0.8,0.0486976344,0.00535166415,
C,S_BB,h,0.8,0.0692644017,0.00717154535,
C,S_BB,h,0.8,0.08877835,0.00976691157,
C,S_BB,h,0.8,0.111604297,0.0136327317,
C,S_BB,h,0.8,0.132731806,0.0179716122,
C,S_BB,h,0.8,0.153672181,0.0226452946,
C,S_BB,h,0.8,0.175641863,0.0287004324,
C,S_BB,h,0.8,0.196615509,0.0349614574,
C,S_BB,h,0.8,0.217326708,0.0415658802,
C,S_BB,h,0.8,0.237538457,0.0496870344,
C,S_BB,h,0.8,0.258148683,0.0570323138,
C,S_BB,h,0.8,0.28040349,0.066933433,
C,S_BB,h,0.8,0.301929084,0.0772351753,
C,S_BB,h,0.8,0.322287413,0.0871533272,
C,S_BB,h,0.8,0.342663331,0.0975482088,
C,S_BB,h,0.8,0.363641289,0.108574781,
C,S_BB,h,0.8,0.385602948,0.120282554,
C,S_BB,h,0.8,0.406737165,0.13454502,
C,S_BB,h,0.8,0.427001871,0.146667553,
C,S_BB,h,0.8,0.448754416,0.161744839,
C,S_BB,h,0.8,0.469601745,0.174615935,
C,S_BB,h,0.8,0.489805379,0.189260644,
C,S_BB,h,0.8,0.510302494,0.204851292,
C,S_BB,h,0.8,0.53178319,0.220540111,
C,S_BB,h,0.8,0.553922362,0.237203327,
C,S_BB,h,0.8,0.574670041,0.254831217,
C,S_BB,h,0.8,0.594645701,0.270918857,
C,S_BB,h,0.8,0.615540037,0.287874971,
C,S_BB,h,0.8,0.636554081,0.306096001,
C,S_BB,h,0.8,0.658102417,0.322615925,
C,S_BB,h,0.8,0.679189641,0.344246308,
C,S_BB,h,0.8,0.700054044,0.363202245,
C,S_BB,h,0.8,0.721329826,0.379965293,
C,S_BB,h,0.8,0.742033923,0.399643074,
C,S_BB,h,0.8,0.762614581,0.422093946,
C,S_BB,h,0.8,0.783270495,0.439551232,
C,S_BB,h,0.8,0.804783918,0.460895125,
C,S_BB,h,0.8,0.826095906,0.482051498,
C,S_BB,h,0.8,0.846303977,0.50147799,
C,S_BB,h,0.8,0.867174819,0.524476393,
C,S_BB,h,0.8,0.888413258,0.543270156,
C,S_BB,h,0.8,0.909910564,0.56528832,
C,S_BB,h,0.8,0.931134698,0.587935204,
C,S_BB,h,0.8,0.951563161,0.604670684,
C,S_BB,h,0.8,0.972160451,0.627083988,
C,S_BB,h,0.8,0.993008165,0.644654518,
C,S_BB,h,0.8,1.0140906,0.672469194,
C,S_BB,h,0.8,1.03500338,0.684640314,
C,S_BB,h,0.8,1.05657413,0.709317182,
C,S_BB,h,0.8,1.07789814,0.727373214,
C,S_BB,h,0.8,1.09835045,0.742277825,
C,S_BB,h,0.8,1.11903902,0.763004918,
C,S_BB,h,0.8,1.1396405,0.779295187,
C,S_BB,h,0.8,1.16109193,0.801943039,
C,S_BB,h,0.8,1.18227503,0.809723413,
C,S_BB,h,0.8,1.2030555,0.828241651,
C,S_BB,h,0.8,1.22375183,0.843496955,
C,S_BB,h,0.8,1.24453484,0.857162567,
C,S_BB,h,0.8,1.26570671,0.873129,
C,S_BB,h,0.8,1.28693994,0.881127912,
C,S_BB,h,0.8,1.30807124,0.897661562,
C,S_BB,h,0.8,1.32889646,0.908064601,
C,S_BB,h,0.8,1.34945121,0.920442594,
C,S_BB,h,0.8,1.37055188,0.928134971,
C,S_BB,h,0.8,1.39148285,0.941243513,
C,S_BB,h,0.8,1.41220445,0.955521085,
C,S_BB,h,0.8,1.43352474,0.960620037,
C,S_BB,h,0.8,1.45454751,0.963742157,
C,S_BB,h,0.8,1.47511055,0.970886727,
C,S_BB,h,0.8,1.49566583,0.977620817,
C,S_BB,h,0.8,1.51690776,0.983041442,
C,S_BB,h,0.8,1.53826425,0.988226215,
C,S_BB,h,0.8,1.55931449,0.988433182,
C,S_BB,h,0.8,1.58012172,1.00032159,
C,S_BB,h,0.8,1.60114355,0.999274462,
C,S_BB,h,0.8,1.62229155,1.00031771,
C,S_BB,h,0.8,1.64295947,1.00333572,
C,S_BB,h,0.8,1.66366432,1.01114584,
C,S_BB,h,0.8,1.68478217,1.01388796,
C,S_BB,h,0.8,1.7057485,1.01298409,
C,S_BB,h,0.8,1.72683745,1.00905417,
C,S_BB,h,0.8,1.74765849,1.01583529,
C,S_BB,h,0.8,1.76847487,1.01512714,
C,S_BB,h,0.8,1.78961871,1.01169933,
C,S_BB,h,0.8,1.81086098,1.01605618,
C,S_BB,h,0.8,1.83179094,1.01690859,
C,S_BB,h,0.8,1.8521746,1.01895226,
C,S_BB,h,0.8,1.8733654,1.0202066,
C,S_BB,h,0.8,1.89455538,1.01627754,
C,S_BB,h,0.8,1.91534795,1.01384548,
C,S_BB,h,0.8,1.93623233,1.01111899,
C,S_BB,h,0.8,1.9571481,1.01181894,
C,S_BB,h,0.8,1.97825109,1.0084535,
C,S_BB,h,0.8,1.99905898,1.01195246,
C,S_BB,h,0.8,2.01966715,1.00883828,
C,S_BB,h,0.8,2.04082415,1.00411922,
C,S_BB,h,0.8,2.06193171,1.00354479,
C,S_BB,h,0.8,2.08296048,0.997898564,
C,S_BB,h,0.8,2.10383017,1.00394052,
C,S_BB,h,0.8,2.12494312,1.00251392,
C,S_BB,h,0.8,2.14618475,0.99888447,
C,S_BB,h,0.8,2.16679298,0.997845898,
C,S_BB,h,0.8,2.18753482,0.995413419,
C,S_BB,h,0.8,2.20847027,1.00101935,
C,S_BB,h,0.8,2.22955181,0.991929577,
C,S_BB,h,0.8,2.25078374,0.990663006,
C,S_BB,h,0.8,2.27150159,0.991193146,
C,S_BB,h,0.8,2.29205574,0.989750117,
C,S_BB,h,0.8,2.31294326,0.985864496,
C,S_BB,h,0.8,2.3340363,0.984260614,
C,S_BB,h,0.8,2.35514399,0.986117283,
C,S_BB,h,0.8,2.37607726,0.979351111,
C,S_BB,h,0.8,2.39730341,0.983619204,
C,S_BB,h,0.8,2.41857203,0.981360007,
C,S_BB,h,0.8,2.43911056,0.980298707,
C,S_BB,h,0.8,2.45988005,0.980730966,
C,S_BB,h,0.8,2.48094151,0.979022665,
C,S_BB,h,0.8,2.50196601,0.975911398,
C,S_BB,h,0.8,2.52300496,0.980101313,
C,S_BB,h,0.8,2.54340089,0.977924712,
C,S_BB,h,0.8,2.56415297,0.975044146,
C,S_BB,h,0.8,2.58575836,0.971407732,
C,S_BB,h,0.8,2.60684428,0.972779366,
C,S_BB,h,0.8,2.62775949,0.973371139,
C,S_BB,h,0.8,2.64834355,0.976852249,
C,S_BB,h,0.8,2.66912062,0.973473515,
C,S_BB,h,0.8,2.69039946,0.974457051,
C,S_BB,h,0.8,2.71121518,0.974994731,
C,S_BB,h,0.8,2.7321837,0.972844097,
C,S_BB,h,0.8,2.75306239,0.973320188,
C,S_BB,h,0.8,2.77427049,0.976691304,
C,S_BB,h,0.8,2.79557932,0.972979451,
C,S_BB,h,0.8,2.8160646,0.974400375,
C,S_BB,h,0.8,2.83689478,0.976135552,
C,S_BB,h,0.8,2.85801727,0.977647674,
C,S_BB,h,0.8,2.87906973,0.975533785,
C,S_BB,h,0.8,2.89996898,0.972988985,
C,S_BB,h,0.8,2.92062944,0.971096001,
C,S_BB,h,0.8,2.941605,0.975494872,
C,S_BB,h,0.8,2.96267076,0.9735665,
C,S_BB,h,0.8,2.98347442,0.972050164,
C,S_BB,h,0.8,3.00437656,0.974296623,
C,S_BB,h,0.8,3.02542142,0.973466752,
C,S_BB,h,0.8,3.04658726,0.975984864,
C,S_BB,h,0.8,3.06768101,0.974353825,
C,S_BB,h,0.8,3.088328,0.979330492,
C,S_BB,h,0.8,3.10931167,0.977390194,
C,S_BB,h,0.8,3.1305457,0.978741773,
C,S_BB,h,0.8,3.15150209,0.977083623,
C,S_BB,h,0.8,3.17219014,0.976184136,
C,S_BB,h,0.8,3.19299024,0.974523354,
C,S_BB,h,0.8,3.21390436,0.978214363,
C,S_BB,h,0.8,3.23506564,0.980372913,
C,S_BB,h,0.8,3.25605387,0.97661838,
C,S_BB,h,0.8,3.27685776,0.977050939,
C,S_BB,h,0.8,3.29794723,0.981816302,
C,S_BB,h,0.8,3.31884778,0.975683959,
C,S_BB,h,0.8,3.33944269,0.978322308,
C,S_BB,h,0.8,3.36030612,0.979432888,
C,S_BB,h,0.8,3.38171654,0.980971033,
C,S_BB,h,0.8,3.40297495,0.980496435,
C,S_BB,h,0.8,3.42370792,0.981752553,
C,S_BB,h,0.8,3.44440875,0.978136255,
C,S_BB,h,0.8,3.465315,0.981590916,
C,S_BB,h,0.8,3.4865867,0.981069486,
C,S_BB,h,0.8,3.50751221,0.981059982,
C,S_BB,h,0.8,3.52796741,0.985588199,
C,S_BB,h,0.8,3.5488788,0.980669693,
C,S_BB,h,0.8,3.57014151,0.985293713,
C,S_BB,h,0.8,3.59120365,0.980186266,
C,S_BB,h,0.8,3.61190928,0.984116887,
C,S_BB,h,0.8,3.63300558,0.983762525,
C,S_BB,h,0.8,3.6541422,0.981513868,
C,S_BB,h,0.8,3.67500902,0.986492737,
C,S_BB,h,0.8,3.69581564,0.988338276,
C,S_BB,h,0.8,3.71644729,0.981894721,
C,S_BB,h,0.8,3.73749774,0.987374877,
C,S_BB,h,0.8,3.75868086,0.986321438,
C,S_BB,h,0.8,3.77950549,0.985083339,
C,S_BB,h,0.8,3.80027286,0.983464478,
C,S_BB,h,0.8,3.82143123,0.987015678,
C,S_BB,h,0.8,3.84280481,0.987933025,
C,S_BB,h,0.8,3.86349282,0.988490564,
C,S_BB,h,0.8,3.88417456,0.989845757,
C,S_BB,h,0.8,3.90535419,0.991771813,
C,S_BB,h,0.8,3.9264697,0.988597061,
C,S_BB,h,0.8,3.94738681,0.989172142,
C,S_BB,h,0.8,3.96810309,0.990512387,
C,S_BB,h,0.8,3.98888694,0.988623638,
C,S_BB,h,0.8,4.00993371,0.986783432,
C,S_BB,h,0.8,4.03080983,0.988499272,
C,S_BB,h,0.8,4.05178039,0.985178675,
C,S_BB,h,0.8,4.07276799,0.989905758,
C,S_BB,h,0.8,4.09368684,0.991099041,
C,S_BB,h,0.8,4.11485609,0.987385186,
C,S_BB,h,0.8,4.13583188,0.996542107,
C,S_BB,h,0.8,4.15670688,0.993980062,
C,S_BB,h,0.8,4.17758774,0.991673503,
C,S_BB,h,0.8,4.19867141,0.994615906,
C,S_BB,h,0.8,4.21961517,0.995830744,
C,S_BB,h,0.8,4.24013393,0.9944889,
C,S_BB,h,0.8,4.26119077,0.997200793,
C,S_BB,h,0.8,4.28239268,0.994541902,
C,S_BB,h,0.8,4.30342826,0.998474524,
C,S_BB,h,0.8,4.32431592,0.994556532,
C,S_BB,h,0.8,4.34508479,0.995107705,
C,S_BB,h,0.8,4.36604259,0.993881481,
C,S_BB,h,0.8,4.38708086,0.996261886,
C,S_BB,h,0.8,4.40778797,0.996853002,
C,S_BB,h,0.8,4.4288526,0.994889654,
C,S_BB,h,0.8,4.44994967,1.00005312,
C,S_BB,h,0.8,4.47085438,1.00021829,
C,S_BB,h,0.8,4.49188801,0.999654884,
C,S_BB,h,0.8,4.51250216,0.999231381,
C,S_BB,h,0.8,4.5334461,0.998935456,
C,S_BB,h,0.8,4.55463591,1.00174389,
C,S_BB,h,0.8,4.57547609,0.999410423,
C,S_BB,h,0.8,4.59643311,1.00245041,
C,S_BB,h,0.8,4.61732903,1.00375162,
C,S_BB,h,0.8,4.63833098,1.00346556,
C,S_BB,h,0.8,4.65949324,1.00239734,
C,S_BB,h,0.8,4.68039693,1.00142347,
C,S_BB,h,0.8,4.70136745,1.00348964,
C,S_BB,h,0.8,4.72221533,1.0036258,
C,S_BB,h,0.8,4.74309374,1.00335042,
C,S_BB,h,0.8,4.76390784,1.0023961,
C,S_BB,h,0.8,4.78491795,1.00268114,
C,S_BB,h,0.8,4.80636204,1.00424847,
C,S_BB,h,0.8,4.82728449,1.00288906,
C,S_BB,h,0.8,4.84785524,1.0062443,
C,S_BB,h,0.8,4.86859731,1.00277937,
C,S_BB,h,0.8,4.88954319,1.00459288,
C,S_BB,h,0.8,4.91078695,1.00388424,
C,S_BB,h,0.8,4.93172016,1.00570924,
C,S_BB,h,0.8,4.95244063,1.00510773,
C,S_BB,h,0.8,4.97348932,1.00474655,
C,S_BB,h,0.8,4.994309,1.00583427,
C,S_BB,h,0.8,5.01515697,1.00372603,
C,S_BB,h,0.8,5.03598003,1.00738511,
C,S_BB,h,0.8,5.05703237,1.00611546,
C,S_BB,h,0.8,5.07840332,1.00687199,
C,S_BB,h,0.8,5.09943841,1.00522627,
C,S_BB,h,0.8,5.12032938,1.00377273,
C,S_BB,h,0.8,5.14107614,1.00774109,
C,S_BB,h,0.8,5.16214077,1.00895868,
C,S_BB,h,0.8,5.18341099,1.00856564,
C,S_BB,h,0.8,5.2041075,1.00629837,
C,S_BB,h,0.8,5.22477891,1.00600631,
C,S_BB,h,0.8,5.24557967,1.00524943,
C,S_BB,h,0.8,5.26649236,1.00636614,
C,S_BB,h,0.8,5.28753131,1.00664527,
C,S_BB,h,0.8,5.30847064,1.00822398,
C,S_BB,h,0.8,5.32946745,1.00957206,
C,S_BB,h,0.8,5.3506922,1.00467526,
C,S_BB,h,0.8,5.37158853,1.00741031,
C,S_BB,h,0.8,5.39231925,1.00944722,
C,S_BB,h,0.8,5.41333352,1.01052265,
C,S_BB,h,0.8,5.43434316,1.00755596,
C,S_BB,h,0.8,5.45530659,1.00676734,
C,S_BB,h,0.8,5.47618498,1.0074963,
C,S_BB,h,0.8,5.49715755,1.0053853,
C,S_BB,h,0.8,5.51801586,1.00866977,
C,S_BB,h,0.8,5.53881995,1.00473296,
C,S_BB,h,0.8,5.55992514,1.00845686,
C,S_BB,h,0.8,5.58098545,1.00642776,
C,S_BB,h,0.8,5.60183772,1.00761911,
C,S_BB,h,0.8,5.62277584,1.01000035,
C,S_BB,h,0.8,5.64379172,1.008376,
C,S_BB,h,0.8,5.66460817,1.00712392,
C,S_BB,h,0.8,5.68556022,1.00699096,
C,S_BB,h,0.8,5.7067909,1.00674872,
C,S_BB,h,0.8,5.72769317,1.00745711,
C,S_BB,h,0.8,5.74840017,1.00953158,
C,S_BB,h,0.8,5.76938192,1.00936651,
C,S_BB,h,0.8,5.79039764,1.00949067,
C,S_BB,h,0.8,5.81144039,1.00742367,
C,S_BB,h,0.8,5.83232115,1.0117516,
C,S_BB,h,0.8,5.85320209,1.00507529,
C,S_BB,h,0.8,5.87418919,1.00980734,
C,S_BB,h,0.8,5.89509625,1.00655153,
C,S_BB,h,0.8,5.9159726,1.00951512,
C,S_BB,h,0.8,5.93682663,1.00851025,
C,S_BB,h,0.8,5.95791772,1.00589434,
C,S_BB,h,0.8,5.97900675,1.00669673,
C,S_BB,h,0.8,5.99978945,1.00681976,
C,S_BB,h,0.8,6.02063577,1.00648585,
C,S_BB,h,0.8,6.04156421,1.00507338,
C,S_BB,h,0.8,6.06259364,1.00669626,
C,S_BB,h,0.8,6.08377541,1.00677057,
C,S_BB,h,0.8,6.10447051,1.00614461,
C,S_BB,h,0.8,6.12538157,1.00735655,
C,S_BB,h,0.8,6.14660689,1.00691994,
C,S_BB,h,0.8,6.16752321,1.00652105,
C,S_BB,h,0.8,6.18833806,1.00777882,
C,S_BB,h,0.8,6.20938667,1.00796427,
C,S_BB,h,0.8,6.23052184,1.00645717,
C,S_BB,h,0.8,6.25137137,1.00689177,
C,S_BB,h,0.8,6.27204484,1.00237874,
C,S_BB,h,0.8,6.29290789,1.00609584,
C,S_BB,h,0.8,6.31382104,1.00536306,
C,S_BB,h,0.8,6.33495691,1.00665779,
C,S_BB,h,0.8,6.35600914,1.00897485,
C,S_BB,h,0.8,6.37663869,1.00592651,
C,S_BB,h,0.8,6.39770954,1.00451333,
C,S_BB,h,0.8,6.41872759,1.00516173,
C,S_BB,h,0.8,6.43951457,1.00496539,
C,S_BB,h,0.8,6.46033562,1.00307337,
C,S_BB,h,0.8,6.4814564,1.00542752,
C,S_BB,h,0.8,6.50265681,1.00533818,
C,S_BB,h,0.8,6.52350383,1.00611889,
C,S_BB,h,0.8,6.54427866,1.00531663,
C,S_BB,h,0.8,6.56515568,1.00375323,
C,S_BB,h,0.8,6.58628576,1.00719445,
C,S_BB,h,0.8,6.60749316,1.00535771,
C,S_BB,h,0.8,6.62830625,1.00414158,
C,S_BB,h,0.8,6.64913567,1.00210028,
C,S_BB,h,0.8,6.67020149,1.00316629,
C,S_BB,h,0.8,6.69106898,1.00383022,
C,S_BB,h,0.8,6.71185955,1.00450122,
C,S_BB,h,0.8,6.73264651,1.00460902,
C,S_BB,h,0.8,6.7537045,1.00360942,
C,S_BB,h,0.8,6.77487174,1.0021048,
C,S_BB,h,0.8,6.79557562,1.00161928,
C,S_BB,h,0.8,6.81648781,1.00427759,
C,S_BB,h,0.8,6.83753747,1.00302253,
C,S_BB,h,0.8,6.85867557,1.00250481,
C,S_BB,h,0.8,6.87985316,1.00132899,
C,S_BB,h,0.8,6.90065786,1.00374541,
C,S_BB,h,0.8,6.92153112,1.00435665,
C,S_BB,h,0.8,6.94229803,1.00172714,
C,S_BB,h,0.8,6.9630016,1.00647217,
C,S_BB,h,0.8,6.98416877,1.00272675,
C,S_BB,h,0.8,7.0052781,1.00389405,
C,S_BB,h,0.8,7.02617612,0.999017415,
C,S_BB,h,0.8,7.04699526,1.00169102,
C,S_BB,h,0.8,7.06761685,1.00049502,
C,S_BB,h,0.8,7.08873369,1.00122778,
C,S_BB,h,0.8,7.10994937,1.00089734,
C,S_BB,h,0.8,7.13102893,0.999314501,
C,S_BB,h,0.8,7.15201412,1.00074604,
C,S_BB,h,0.8,7.17271336,1.00195661,
C,S_BB,h,0.8,7.19374266,1.0012614,
C,S_BB,h,0.8,7.21473042,0.998967467,
C,S_BB,h,0.8,7.23564263,1.0007435,
C,S_BB,h,0.8,7.25666289,1.00079651,
C,S_BB,h,0.8,7.27757645,1.00155778,
C,S_BB,h,0.8,7.2984411,1.00215738,
C,S_BB,h,0.8,7.31917384,1.00161105,
C,S_BB,h,0.8,7.34001688,0.998613334,
C,S_BB,h,0.8,7.3611683,0.99909245,
C,S_BB,h,0.8,7.38224284,1.00017588,
C,S_BB,h,0.8,7.40324015,1.00054505,
C,S_BB,h,0.8,7.42408854,0.997942385,
C,S_BB,h,0.8,7.44500634,0.999731621,
C,S_BB,h,0.8,7.46595959,0.998785438,
C,S_BB,h,0.8,7.48696308,0.997683314,
C,S_BB,h,0.8,7.5079936,0.998662718,
C,S_BB,h,0.8,7.52871967,0.999051974,
C,S_BB,h,0.8,7.54966921,0.999633288,
C,S_BB,h,0.8,7.57064902,0.998167576,
C,S_BB,h,0.8,7.59151428,0.997394453,
C,S_BB,h,0.8,7.6123809,0.99660868,
C,S_BB,h,0.8,7.63338324,0.999778294,
C,S_BB,h,0.8,7.65450532,0.999887458,
C,S_BB,h,0.8,7.67556944,0.998191679,
C,S_BB,h,0.8,7.69637751,0.998113438,
C,S_BB,h,0.8,7.71727216,0.998650952,
C,S_BB,h,0.8,7.73835725,0.999982815,
C,S_BB,h,0.8,7.75934923,0.997199972,
C,S_BB,h,0.8,7.78023116,0.998411131,
C,S_BB,h,0.8,7.80098697,0.996814504,
C,S_BB,h,0.8,7.82190677,0.996995934,
C,S_BB,h,0.8,7.84304931,0.99700769,
C,S_BB,h,0.8,7.86405132,0.99944444,
C,S_BB,h,0.8,7.88484553,0.996897514,
C,S_BB,h,0.8,7.90574885,0.996802887,
C,S_BB,h,0.8,7.9267531,0.998767848,
C,S_BB,h,0.8,7.94765228,0.998037499,
C,S_BB,h,0.8,7.96842304,0.999357631,
C,S_BB,h,0.8,7.98938616,0.997258952,
C,S_BB,h,0.8,8.01050815,0.998392746,
C,S_BB,h,0.8,8.03153334,0.997531839,
C,S_BB,h,0.8,8.05240251,0.994871663,
C,S_BB,h,0.8,8.07332696,0.99975499,
C,S_BB,h,0.8,8.09438514,0.997613595,
C,S_BB,h,0.8,8.11529588,0.999158332,
C,S_BB,h,0.8,8.13618411,0.99634333,
C,S_BB,h,0.8,8.15717855,0.996288771,
C,S_BB,h,0.8,8.17807847,0.99669263,
C,S_BB,h,0.8,8.19905269,0.998366294,
C,S_BB,h,0.8,8.21991085,0.996397283,
C,S_BB,h,0.8,8.24078529,0.996701114,
C,S_BB,h,0.8,8.26195652,0.99630677,
C,S_BB,h,0.8,8.28293039,0.998382122,
C,S_BB,h,0.8,8.30373423,0.996134497,
C,S_BB,h,0.8,8.32452583,0.996828563,
C,S_BB,h,0.8,8.34556221,0.997511849,
C,S_BB,h,0.8,8.36671927,0.99831602,
C,S_BB,h,0.8,8.38757523,0.993770369,
C,S_BB,h,0.8,8.40855808,0.99599524,
C,S_BB,h,0.8,8.42953585,0.996190896,
C,S_BB,h,0.8,8.45042977,0.99693464,
C,S_BB,h,0.8,8.47138662,0.998803989,
C,S_BB,h,0.8,8.49217243,0.994636833,
C,S_BB,h,0.8,8.51321806,0.994837687,
C,S_BB,h,0.8,8.53421183,0.997193145,
C,S_BB,h,0.8,8.55508292,0.996207019,
C,S_BB,h,0.8,8.57598662,0.993571941,
C,S_BB,h,0.8,8.59679232,0.996568159,
C,S_BB,h,0.8,8.61783107,0.996278364,
C,S_BB,h,0.8,8.63891768,0.995937503,
C,S_BB,h,0.8,8.65972861,0.995755886,
C,S_BB,h,0.8,8.68059853,0.996296624,
C,S_BB,h,0.8,8.70174168,0.996052108,
C,S_BB,h,0.8,8.72279566,0.993981676,
C,S_BB,h,0.8,8.74359241,0.99469267,
C,S_BB,h,0.8,8.76424415,0.996671289,
C,S_BB,h,0.8,8.78526729,0.995618613,
C,S_BB,h,0.8,8.80637189,0.99632529,
C,S_BB,h,0.8,8.82736896,0.996032222,
C,S_BB,h,0.8,8.84843212,0.996440036,
C,S_BB,h,0.8,8.86933197,0.997162212,
C,S_BB,h,0.8,8.89026857,0.996542121,
C,S_BB,h,0.8,8.91123702,0.997612045,
C,S_BB,h,0.8,8.93214776,0.996933889,
C,S_BB,h,0.8,8.95312097,0.996551921,
C,S_BB,h,0.8,8.9741304,0.997557349,
C,S_BB,h,0.8,8.99505705,0.997095638,
C,S_BB,h,0.8,9.01571368,0.997271547,
C,S_BB,h,0.8,9.03640927,0.997289067,
C,S_BB,h,0.8,9.05755121,0.99589245,
C,S_BB,h,0.8,9.07868023,0.99565992,
C,S_BB,h,0.8,9.09969513,0.997113817,
C,S_BB,h,0.8,9.1205658,0.99626486,
C,S_BB,h,0.8,9.14137844,0.997460332,
C,S_BB,h,0.8,9.16237082,0.997308583,
C,S_BB,h,0.8,9.18339441,0.995557036,
C,S_BB,h,0.8,9.20447395,0.998256362,
C,S_BB,h,0.8,9.22549281,0.997134558,
C,S_BB,h,0.8,9.2463962,0.996564487,
C,S_BB,h,0.8,9.26722673,0.99833968,
C,S_BB,h,0.8,9.28791689,0.996163818,
C,S_BB,h,0.8,9.30892724,0.995194989,
C,S_BB,h,0.8,9.33003065,0.997182239,
C,S_BB,h,0.8,9.35102864,0.996582731,
C,S_BB,h,0.8,9.37196601,0.996799351,
C,S_BB,h,0.8,9.39258783,0.99722796,
C,S_BB,h,0.8,9.41349621,0.997889219,
C,S_BB,h,0.8,9.4347927,0.997039738,
C,S_BB,h,0.8,9.45587737,1.00011901,
C,S_BB,h,0.8,9.47676866,0.998351602,
C,S_BB,h,0.8,9.49762777,0.996549039,
C,S_BB,h,0.8,9.51852362,0.997138627,
C,S_BB,h,0.8,9.53939795,0.997524499,
C,S_BB,h,0.8,9.56035551,0.997435435,
C,S_BB,h,0.8,9.58149741,0.998630021,
C,S_BB,h,0.8,9.60249587,0.996075302,
C,S_BB,h,0.8,9.62336478,0.999425691,
C,S_BB,h,0.8,9.64415055,0.997410845,
C,S_BB,h,0.8,9.66502224,0.998604577,
C,S_BB,h,0.8,9.68597433,0.998667675,
C,S_BB,h,0.8,9.7069728,0.996798596,
C,S_BB,h,0.8,9.72797765,0.996852172,
C,S_BB,h,0.8,9.74896401,0.996387943,
C,S_BB,h,0.8,9.76996217,0.998396732,
C,S_BB,h,0.8,9.79085678,0.997806885,
C,S_BB,h,0.8,9.81166698,0.998074541,
C,S_BB,h,0.8,9.83262494,0.998710717,
C,S_BB,h,0.8,9.85372265,0.997203071,
C,S_BB,h,0.8,9.87472665,0.998744135,
C,S_BB,h,0.8,9.89559934,0.996708235,
C,S_BB,h,0.8,9.91635289,0.996562403,
C,S_BB,h,0.8,9.93737645,0.997631324,
C,S_BB,h,0.8,9.95856995,0.996158982,
C,S_BB,h,0.8,9.97940815,0.998675402,
C,S_BB,h,0.8,10.000082,0.998919777,
C,S_BB,h,1.0,0.0252815853,0.00542886456,
C,S_BB,h,1.0,0.0486976344,0.00670113212,
C,S_BB,h,1.0,0.0692644017,0.00905030813,
C,S_BB,h,1.0,0.08877835,0.0118532197,
C,S_BB,h,1.0,0.111604297,0.0154035488,
C,S_BB,h,1.0,0.132731806,0.0196170347,
C,S_BB,h,1.0,0.153672181,0.0250057246,
C,S_BB,h,1.0,0.175641863,0.0303657733,
C,S_BB,h,1.0,0.196615509,0.0375283571,
C,S_BB,h,1.0,0.217326708,0.0437436838,
C,S_BB,h,1.0,0.237538457,0.0515594462,
C,S_BB,h,1.0,0.258148683,0.0597157274,
C,S_BB,h,1.0,0.28040349,0.0695566255,
C,S_BB,h,1.0,0.301929084,0.0791283916,
C,S_BB,h,1.0,0.322287413,0.0898399721,
C,S_BB,h,1.0,0.342663331,0.0999343241,
C,S_BB,h,1.0,0.363641289,0.1114543,
C,S_BB,h,1.0,0.385602948,0.12397007,
C,S_BB,h,1.0,0.406737165,0.136867511,
C,S_BB,h,1.0,0.427001871,0.150019072,
C,S_BB,h,1.0,0.448754416,0.164030251,
C,S_BB,h,1.0,0.469601745,0.176662157,
C,S_BB,h,1.0,0.489805379,0.192871192,
C,S_BB,h,1.0,0.510302494,0.207810509,
C,S_BB,h,1.0,0.53178319,0.221964192,
C,S_BB,h,1.0,0.553922362,0.23862442,
C,S_BB,h,1.0,0.574670041,0.256067229,
C,S_BB,h,1.0,0.594645701,0.272561354,
C,S_BB,h,1.0,0.615540037,0.289060821,
C,S_BB,h,1.0,0.636554081,0.306980114,
C,S_BB,h,1.0,0.658102417,0.326038127,
C,S_BB,h,1.0,0.679189641,0.347362813,
C,S_BB,h,1.0,0.700054044,0.363623995,
C,S_BB,h,1.0,0.721329826,0.383721228,
C,S_BB,h,1.0,0.742033923,0.405705203,
C,S_BB,h,1.0,0.762614581,0.424389656,
C,S_BB,h,1.0,0.783270495,0.442765419,
C,S_BB,h,1.0,0.804783918,0.463774004,
C,S_BB,h,1.0,0.826095906,0.483257886,
C,S_BB,h,1.0,0.846303977,0.5029723,
C,S_BB,h,1.0,0.867174819,0.523781664,
C,S_BB,h,1.0,0.888413258,0.540990967,
C,S_BB,h,1.0,0.909910564,0.562677337,
C,S_BB,h,1.0,0.931134698,0.58726699,
C,S_BB,h,1.0,0.951563161,0.608640516,
C,S_BB,h,1.0,0.972160451,0.628527507,
C,S_BB,h,1.0,0.993008165,0.64505733,
C,S_BB,h,1.0,1.0140906,0.665223488,
C,S_BB,h,1.0,1.03500338,0.685223796,
C,S_BB,h,1.0,1.05657413,0.706818384,
C,S_BB,h,1.0,1.07789814,0.720627395,
C,S_BB,h,1.0,1.09835045,0.743144075,
C,S_BB,h,1.0,1.11903902,0.758668356,
C,S_BB,h,1.0,1.1396405,0.783524043,
C,S_BB,h,1.0,1.16109193,0.795841058,
C,S_BB,h,1.0,1.18227503,0.818303624,
C,S_BB,h,1.0,1.2030555,0.835036928,
C,S_BB,h,1.0,1.22375183,0.840364254,
C,S_BB,h,1.0,1.24453484,0.857227495,
C,S_BB,h,1.0,1.26570671,0.876331016,
C,S_BB,h,1.0,1.28693994,0.885653858,
C,S_BB,h,1.0,1.30807124,0.901600241,
C,S_BB,h,1.0,1.32889646,0.910177244,
C,S_BB,h,1.0,1.34945121,0.919632143,
C,S_BB,h,1.0,1.37055188,0.929168888,
C,S_BB,h,1.0,1.39148285,0.936020649,
C,S_BB,h,1.0,1.41220445,0.955087054,
C,S_BB,h,1.0,1.43352474,0.955780562,
C,S_BB,h,1.0,1.45454751,0.968409773,
C,S_BB,h,1.0,1.47511055,0.970400162,
C,S_BB,h,1.0,1.49566583,0.976800984,
C,S_BB,h,1.0,1.51690776,0.984188319,
C,S_BB,h,1.0,1.53826425,0.987590484,
C,S_BB,h,1.0,1.55931449,0.994209772,
C,S_BB,h,1.0,1.58012172,0.998150737,
C,S_BB,h,1.0,1.60114355,1.0001827,
C,S_BB,h,1.0,1.62229155,1.00300219,
C,S_BB,h,1.0,1.64295947,1.00588981,
C,S_BB,h,1.0,1.66366432,1.00207532,
C,S_BB,h,1.0,1.68478217,1.00541056,
C,S_BB,h,1.0,1.7057485,1.01170493,
C,S_BB,h,1.0,1.72683745,1.00946994,
C,S_BB,h,1.0,1.74765849,1.01695935,
C,S_BB,h,1.0,1.76847487,1.01883142,
C,S_BB,h,1.0,1.78961871,1.01928343,
C,S_BB,h,1.0,1.81086098,1.01619277,
C,S_BB,h,1.0,1.83179094,1.01910616,
C,S_BB,h,1.0,1.8521746,1.0151529,
C,S_BB,h,1.0,1.8733654,1.01006159,
C,S_BB,h,1.0,1.89455538,1.01175567,
C,S_BB,h,1.0,1.91534795,1.01082012,
C,S_BB,h,1.0,1.93623233,1.00832518,
C,S_BB,h,1.0,1.9571481,1.00962586,
C,S_BB,h,1.0,1.97825109,1.00208995,
C,S_BB,h,1.0,1.99905898,1.00544906,
C,S_BB,h,1.0,2.01966715,1.00392959,
C,S_BB,h,1.0,2.04082415,1.00347964,
C,S_BB,h,1.0,2.06193171,1.00563805,
C,S_BB,h,1.0,2.08296048,1.00488096,
C,S_BB,h,1.0,2.10383017,0.997492006,
C,S_BB,h,1.0,2.12494312,1.00143767,
C,S_BB,h,1.0,2.14618475,1.00233894,
C,S_BB,h,1.0,2.16679298,0.997856413,
C,S_BB,h,1.0,2.18753482,0.996777843,
C,S_BB,h,1.0,2.20847027,0.993034137,
C,S_BB,h,1.0,2.22955181,0.999121702,
C,S_BB,h,1.0,2.25078374,0.9929117,
C,S_BB,h,1.0,2.27150159,0.994604403,
C,S_BB,h,1.0,2.29205574,0.986423607,
C,S_BB,h,1.0,2.31294326,0.986634357,
C,S_BB,h,1.0,2.3340363,0.985737175,
C,S_BB,h,1.0,2.35514399,0.983400919,
C,S_BB,h,1.0,2.37607726,0.982193264,
C,S_BB,h,1.0,2.39730341,0.98395059,
C,S_BB,h,1.0,2.41857203,0.981606091,
C,S_BB,h,1.0,2.43911056,0.982610452,
C,S_BB,h,1.0,2.45988005,0.982731748,
C,S_BB,h,1.0,2.48094151,0.98371865,
C,S_BB,h,1.0,2.50196601,0.980574382,
C,S_BB,h,1.0,2.52300496,0.97928448,
C,S_BB,h,1.0,2.54340089,0.974396248,
C,S_BB,h,1.0,2.56415297,0.975320705,
C,S_BB,h,1.0,2.58575836,0.975399638,
C,S_BB,h,1.0,2.60684428,0.974907259,
C,S_BB,h,1.0,2.62775949,0.976413235,
C,S_BB,h,1.0,2.64834355,0.972577576,
C,S_BB,h,1.0,2.66912062,0.977109644,
C,S_BB,h,1.0,2.69039946,0.972094478,
C,S_BB,h,1.0,2.71121518,0.973645139,
C,S_BB,h,1.0,2.7321837,0.973951843,
C,S_BB,h,1.0,2.75306239,0.972331314,
C,S_BB,h,1.0,2.77427049,0.971562579,
C,S_BB,h,1.0,2.79557932,0.974638984,
C,S_BB,h,1.0,2.8160646,0.973612153,
C,S_BB,h,1.0,2.83689478,0.974480911,
C,S_BB,h,1.0,2.85801727,0.971427874,
C,S_BB,h,1.0,2.87906973,0.974131752,
C,S_BB,h,1.0,2.89996898,0.976772719,
C,S_BB,h,1.0,2.92062944,0.97591302,
C,S_BB,h,1.0,2.941605,0.97585179,
C,S_BB,h,1.0,2.96267076,0.977191366,
C,S_BB,h,1.0,2.98347442,0.974956904,
C,S_BB,h,1.0,3.00437656,0.975183084,
C,S_BB,h,1.0,3.02542142,0.975257664,
C,S_BB,h,1.0,3.04658726,0.974293454,
C,S_BB,h,1.0,3.06768101,0.975011726,
C,S_BB,h,1.0,3.088328,0.977339992,
C,S_BB,h,1.0,3.10931167,0.975789741,
C,S_BB,h,1.0,3.1305457,0.978423548,
C,S_BB,h,1.0,3.15150209,0.979296311,
C,S_BB,h,1.0,3.17219014,0.974882335,
C,S_BB,h,1.0,3.19299024,0.975874406,
C,S_BB,h,1.0,3.21390436,0.981303613,
C,S_BB,h,1.0,3.23506564,0.978209867,
C,S_BB,h,1.0,3.25605387,0.977940144,
C,S_BB,h,1.0,3.27685776,0.977058556,
C,S_BB,h,1.0,3.29794723,0.980335543,
C,S_BB,h,1.0,3.31884778,0.977365677,
C,S_BB,h,1.0,3.33944269,0.980551995,
C,S_BB,h,1.0,3.36030612,0.975835573,
C,S_BB,h,1.0,3.38171654,0.976367283,
C,S_BB,h,1.0,3.40297495,0.981372301,
C,S_BB,h,1.0,3.42370792,0.981008727,
C,S_BB,h,1.0,3.44440875,0.982252097,
C,S_BB,h,1.0,3.465315,0.980179369,
C,S_BB,h,1.0,3.4865867,0.980037947,
C,S_BB,h,1.0,3.50751221,0.978303152,
C,S_BB,h,1.0,3.52796741,0.979923435,
C,S_BB,h,1.0,3.5488788,0.983166494,
C,S_BB,h,1.0,3.57014151,0.984934509,
C,S_BB,h,1.0,3.59120365,0.983393476,
C,S_BB,h,1.0,3.61190928,0.98197035,
C,S_BB,h,1.0,3.63300558,0.98189267,
C,S_BB,h,1.0,3.6541422,0.982053332,
C,S_BB,h,1.0,3.67500902,0.979484289,
C,S_BB,h,1.0,3.69581564,0.985894944,
C,S_BB,h,1.0,3.71644729,0.984392219,
C,S_BB,h,1.0,3.73749774,0.986528005,
C,S_BB,h,1.0,3.75868086,0.983705733,
C,S_BB,h,1.0,3.77950549,0.986456367,
C,S_BB,h,1.0,3.80027286,0.987453729,
C,S_BB,h,1.0,3.82143123,0.988113616,
C,S_BB,h,1.0,3.84280481,0.987306634,
C,S_BB,h,1.0,3.86349282,0.988810486,
C,S_BB,h,1.0,3.88417456,0.984116989,
C,S_BB,h,1.0,3.90535419,0.984065788,
C,S_BB,h,1.0,3.9264697,0.988195466,
C,S_BB,h,1.0,3.94738681,0.988234507,
C,S_BB,h,1.0,3.96810309,0.989171517,
C,S_BB,h,1.0,3.98888694,0.990256675,
C,S_BB,h,1.0,4.00993371,0.991023106,
C,S_BB,h,1.0,4.03080983,0.989358331,
C,S_BB,h,1.0,4.05178039,0.990284903,
C,S_BB,h,1.0,4.07276799,0.990548997,
C,S_BB,h,1.0,4.09368684,0.991981947,
C,S_BB,h,1.0,4.11485609,0.99272668,
C,S_BB,h,1.0,4.13583188,0.992754647,
C,S_BB,h,1.0,4.15670688,0.991762281,
C,S_BB,h,1.0,4.17758774,0.996461556,
C,S_BB,h,1.0,4.19867141,0.994242071,
C,S_BB,h,1.0,4.21961517,0.997040063,
C,S_BB,h,1.0,4.24013393,0.996400976,
C,S_BB,h,1.0,4.26119077,0.997516387,
C,S_BB,h,1.0,4.28239268,0.992177801,
C,S_BB,h,1.0,4.30342826,0.995124145,
C,S_BB,h,1.0,4.32431592,0.995340922,
C,S_BB,h,1.0,4.34508479,0.996521757,
C,S_BB,h,1.0,4.36604259,0.996231633,
C,S_BB,h,1.0,4.38708086,0.996733846,
C,S_BB,h,1.0,4.40778797,0.994990757,
C,S_BB,h,1.0,4.4288526,1.00030351,
C,S_BB,h,1.0,4.44994967,0.99653183,
C,S_BB,h,1.0,4.47085438,0.997873487,
C,S_BB,h,1.0,4.49188801,1.00103421,
C,S_BB,h,1.0,4.51250216,1.0010895,
C,S_BB,h,1.0,4.5334461,0.993936596,
C,S_BB,h,1.0,4.55463591,0.997895202,
C,S_BB,h,1.0,4.57547609,1.00005061,
C,S_BB,h,1.0,4.59643311,0.999447598,
C,S_BB,h,1.0,4.61732903,1.00273707,
C,S_BB,h,1.0,4.63833098,1.00153829,
C,S_BB,h,1.0,4.65949324,0.999138442,
C,S_BB,h,1.0,4.68039693,1.00088921,
C,S_BB,h,1.0,4.70136745,1.00275347,
C,S_BB,h,1.0,4.72221533,1.00335905,
C,S_BB,h,1.0,4.74309374,1.00255871,
C,S_BB,h,1.0,4.76390784,1.00477508,
C,S_BB,h,1.0,4.78491795,1.00361682,
C,S_BB,h,1.0,4.80636204,1.00430474,
C,S_BB,h,1.0,4.82728449,1.00245117,
C,S_BB,h,1.0,4.84785524,1.00354151,
C,S_BB,h,1.0,4.86859731,1.00604752,
C,S_BB,h,1.0,4.88954319,1.00209782,
C,S_BB,h,1.0,4.91078695,1.00445528,
C,S_BB,h,1.0,4.93172016,1.00441921,
C,S_BB,h,1.0,4.95244063,1.00552964,
C,S_BB,h,1.0,4.97348932,1.00392863,
C,S_BB,h,1.0,4.994309,1.00510668,
C,S_BB,h,1.0,5.01515697,1.00610815,
C,S_BB,h,1.0,5.03598003,1.00255107,
C,S_BB,h,1.0,5.05703237,1.00637203,
C,S_BB,h,1.0,5.07840332,1.00488723,
C,S_BB,h,1.0,5.09943841,1.00616756,
C,S_BB,h,1.0,5.12032938,1.00564435,
C,S_BB,h,1.0,5.14107614,1.00645645,
C,S_BB,h,1.0,5.16214077,1.00442231,
C,S_BB,h,1.0,5.18341099,1.00490575,
C,S_BB,h,1.0,5.2041075,1.00842822,
C,S_BB,h,1.0,5.22477891,1.00666717,
C,S_BB,h,1.0,5.24557967,1.00627948,
C,S_BB,h,1.0,5.26649236,1.0079269,
C,S_BB,h,1.0,5.28753131,1.00859855,
C,S_BB,h,1.0,5.30847064,1.00843103,
C,S_BB,h,1.0,5.32946745,1.00718501,
C,S_BB,h,1.0,5.3506922,1.00799636,
C,S_BB,h,1.0,5.37158853,1.00886942,
C,S_BB,h,1.0,5.39231925,1.00782191,
C,S_BB,h,1.0,5.41333352,1.00767215,
C,S_BB,h,1.0,5.43434316,1.00494657,
C,S_BB,h,1.0,5.45530659,1.00964495,
C,S_BB,h,1.0,5.47618498,1.0095707,
C,S_BB,h,1.0,5.49715755,1.00672471,
C,S_BB,h,1.0,5.51801586,1.00532091,
C,S_BB,h,1.0,5.53881995,1.00725025,
C,S_BB,h,1.0,5.55992514,1.00632251,
C,S_BB,h,1.0,5.58098545,1.00646158,
C,S_BB,h,1.0,5.60183772,1.00772294,
C,S_BB,h,1.0,5.62277584,1.00838762,
C,S_BB,h,1.0,5.64379172,1.007945,
C,S_BB,h,1.0,5.66460817,1.00600493,
C,S_BB,h,1.0,5.68556022,1.00841641,
C,S_BB,h,1.0,5.7067909,1.00417028,
C,S_BB,h,1.0,5.72769317,1.00902341,
C,S_BB,h,1.0,5.74840017,1.00505929,
C,S_BB,h,1.0,5.76938192,1.00902456,
C,S_BB,h,1.0,5.79039764,1.00731032,
C,S_BB,h,1.0,5.81144039,1.01032579,
C,S_BB,h,1.0,5.83232115,1.00760467,
C,S_BB,h,1.0,5.85320209,1.01020518,
C,S_BB,h,1.0,5.87418919,1.00878179,
C,S_BB,h,1.0,5.89509625,1.00584603,
C,S_BB,h,1.0,5.9159726,1.01053021,
C,S_BB,h,1.0,5.93682663,1.00818893,
C,S_BB,h,1.0,5.95791772,1.01094196,
C,S_BB,h,1.0,5.97900675,1.00689189,
C,S_BB,h,1.0,5.99978945,1.00760461,
C,S_BB,h,1.0,6.02063577,1.00728433,
C,S_BB,h,1.0,6.04156421,1.00816148,
C,S_BB,h,1.0,6.06259364,1.00793386,
C,S_BB,h,1.0,6.08377541,1.0085791,
C,S_BB,h,1.0,6.10447051,1.00555455,
C,S_BB,h,1.0,6.12538157,1.00824009,
C,S_BB,h,1.0,6.14660689,1.00562697,
C,S_BB,h,1.0,6.16752321,1.0084632,
C,S_BB,h,1.0,6.18833806,1.00713707,
C,S_BB,h,1.0,6.20938667,1.00563488,
C,S_BB,h,1.0,6.23052184,1.01006172,
C,S_BB,h,1.0,6.25137137,1.00802878,
C,S_BB,h,1.0,6.27204484,1.00477704,
C,S_BB,h,1.0,6.29290789,1.01035581,
C,S_BB,h,1.0,6.31382104,1.00771976,
C,S_BB,h,1.0,6.33495691,1.00468968,
C,S_BB,h,1.0,6.35600914,1.00751966,
C,S_BB,h,1.0,6.37663869,1.00392696,
C,S_BB,h,1.0,6.39770954,1.0046389,
C,S_BB,h,1.0,6.41872759,1.00681081,
C,S_BB,h,1.0,6.43951457,1.00660091,
C,S_BB,h,1.0,6.46033562,1.00371316,
C,S_BB,h,1.0,6.4814564,1.00512946,
C,S_BB,h,1.0,6.50265681,1.0043492,
C,S_BB,h,1.0,6.52350383,1.00419775,
C,S_BB,h,1.0,6.54427866,1.00541809,
C,S_BB,h,1.0,6.56515568,1.00529272,
C,S_BB,h,1.0,6.58628576,1.00243443,
C,S_BB,h,1.0,6.60749316,1.00472625,
C,S_BB,h,1.0,6.62830625,1.00320677,
C,S_BB,h,1.0,6.64913567,1.00608167,
C,S_BB,h,1.0,6.67020149,1.00127588,
C,S_BB,h,1.0,6.69106898,1.0048742,
C,S_BB,h,1.0,6.71185955,1.0037163,
C,S_BB,h,1.0,6.73264651,1.0046047,
C,S_BB,h,1.0,6.7537045,1.00351084,
C,S_BB,h,1.0,6.77487174,1.00515018,
C,S_BB,h,1.0,6.79557562,1.00428812,
C,S_BB,h,1.0,6.81648781,1.00210163,
C,S_BB,h,1.0,6.83753747,1.00304706,
C,S_BB,h,1.0,6.85867557,1.0007017,
C,S_BB,h,1.0,6.87985316,1.0040272,
C,S_BB,h,1.0,6.90065786,1.00212292,
C,S_BB,h,1.0,6.92153112,1.00188403,
C,S_BB,h,1.0,6.94229803,1.00185194,
C,S_BB,h,1.0,6.9630016,1.00107588,
C,S_BB,h,1.0,6.98416877,1.00054534,
C,S_BB,h,1.0,7.0052781,1.00052093,
C,S_BB,h,1.0,7.02617612,1.00168685,
C,S_BB,h,1.0,7.04699526,1.00285429,
C,S_BB,h,1.0,7.06761685,1.00104011,
C,S_BB,h,1.0,7.08873369,1.00138297,
C,S_BB,h,1.0,7.10994937,1.00135996,
C,S_BB,h,1.0,7.13102893,1.00144515,
C,S_BB,h,1.0,7.15201412,1.00260257,
C,S_BB,h,1.0,7.17271336,1.00171913,
C,S_BB,h,1.0,7.19374266,1.00027703,
C,S_BB,h,1.0,7.21473042,1.00147367,
C,S_BB,h,1.0,7.23564263,1.00088573,
C,S_BB,h,1.0,7.25666289,0.999378664,
C,S_BB,h,1.0,7.27757645,1.00168603,
C,S_BB,h,1.0,7.2984411,0.999900985,
C,S_BB,h,1.0,7.31917384,1.0005176,
C,S_BB,h,1.0,7.34001688,0.997874143,
C,S_BB,h,1.0,7.3611683,0.998653247,
C,S_BB,h,1.0,7.38224284,1.00041412,
C,S_BB,h,1.0,7.40324015,1.00091277,
C,S_BB,h,1.0,7.42408854,1.00054522,
C,S_BB,h,1.0,7.44500634,0.998503785,
C,S_BB,h,1.0,7.46595959,0.999148171,
C,S_BB,h,1.0,7.48696308,0.998664648,
C,S_BB,h,1.0,7.5079936,0.999764535,
C,S_BB,h,1.0,7.52871967,0.99893293,
C,S_BB,h,1.0,7.54966921,1.00017912,
C,S_BB,h,1.0,7.57064902,0.999142166,
C,S_BB,h,1.0,7.59151428,0.996834071,
C,S_BB,h,1.0,7.6123809,0.997840349,
C,S_BB,h,1.0,7.63338324,0.999796888,
C,S_BB,h,1.0,7.65450532,0.999260702,
C,S_BB,h,1.0,7.67556944,0.998697724,
C,S_BB,h,1.0,7.69637751,0.997889184,
C,S_BB,h,1.0,7.71727216,0.998241612,
C,S_BB,h,1.0,7.73835725,0.996839699,
C,S_BB,h,1.0,7.75934923,0.997658431,
C,S_BB,h,1.0,7.78023116,0.997106166,
C,S_BB,h,1.0,7.80098697,0.997885928,
C,S_BB,h,1.0,7.82190677,0.999271014,
C,S_BB,h,1.0,7.84304931,0.999279344,
C,S_BB,h,1.0,7.86405132,1.00013868,
C,S_BB,h,1.0,7.88484553,0.998213206,
C,S_BB,h,1.0,7.90574885,0.997530895,
C,S_BB,h,1.0,7.9267531,0.998579196,
C,S_BB,h,1.0,7.94765228,0.996313431,
C,S_BB,h,1.0,7.96842304,0.997779593,
C,S_BB,h,1.0,7.98938616,0.995811534,
C,S_BB,h,1.0,8.01050815,0.99665667,
C,S_BB,h,1.0,8.03153334,0.996646665,
C,S_BB,h,1.0,8.05240251,0.99800085,
C,S_BB,h,1.0,8.07332696,0.999238335,
C,S_BB,h,1.0,8.09438514,0.99720046,
C,S_BB,h,1.0,8.11529588,0.994858711,
C,S_BB,h,1.0,8.13618411,0.997295806,
C,S_BB,h,1.0,8.15717855,0.998236772,
C,S_BB,h,1.0,8.17807847,0.996732981,
C,S_BB,h,1.0,8.19905269,0.999674622,
C,S_BB,h,1.0,8.21991085,0.996223311,
C,S_BB,h,1.0,8.24078529,0.996997595,
C,S_BB,h,1.0,8.26195652,0.995814723,
C,S_BB,h,1.0,8.28293039,0.99747847,
C,S_BB,h,1.0,8.30373423,0.996299613,
C,S_BB,h,1.0,8.32452583,0.995745363,
C,S_BB,h,1.0,8.34556221,0.99475344,
C,S_BB,h,1.0,8.36671927,0.996695969,
C,S_BB,h,1.0,8.38757523,0.995773633,
C,S_BB,h,1.0,8.40855808,0.996418143,
C,S_BB,h,1.0,8.42953585,0.997246608,
C,S_BB,h,1.0,8.45042977,0.997413365,
C,S_BB,h,1.0,8.47138662,0.995617755,
C,S_BB,h,1.0,8.49217243,0.99535686,
C,S_BB,h,1.0,8.51321806,0.996173082,
C,S_BB,h,1.0,8.53421183,0.996270138,
C,S_BB,h,1.0,8.55508292,0.994478255,
C,S_BB,h,1.0,8.57598662,0.996197694,
C,S_BB,h,1.0,8.59679232,0.99574606,
C,S_BB,h,1.0,8.61783107,0.995443386,
C,S_BB,h,1.0,8.63891768,0.998635188,
C,S_BB,h,1.0,8.65972861,0.995517906,
C,S_BB,h,1.0,8.68059853,0.995280145,
C,S_BB,h,1.0,8.70174168,0.994412828,
C,S_BB,h,1.0,8.72279566,0.996182853,
C,S_BB,h,1.0,8.74359241,0.997328753,
C,S_BB,h,1.0,8.76424415,0.99732314,
C,S_BB,h,1.0,8.78526729,0.996474705,
C,S_BB,h,1.0,8.80637189,0.99804405,
C,S_BB,h,1.0,8.82736896,0.996771621,
C,S_BB,h,1.0,8.84843212,0.996323903,
C,S_BB,h,1.0,8.86933197,0.993993875,
C,S_BB,h,1.0,8.89026857,0.996229375,
C,S_BB,h,1.0,8.91123702,0.99724634,
C,S_BB,h,1.0,8.93214776,0.997170386,
C,S_BB,h,1.0,8.95312097,0.998594517,
C,S_BB,h,1.0,8.9741304,0.996361173,
C,S_BB,h,1.0,8.99505705,0.997031173,
C,S_BB,h,1.0,9.01571368,0.997068688,
C,S_BB,h,1.0,9.03640927,0.996327238,
C,S_BB,h,1.0,9.05755121,0.997054487,
C,S_BB,h,1.0,9.07868023,0.996008594,
C,S_BB,h,1.0,9.09969513,0.995017756,
C,S_BB,h,1.0,9.1205658,0.995006071,
C,S_BB,h,1.0,9.14137844,0.998044018,
C,S_BB,h,1.0,9.16237082,0.997650407,
C,S_BB,h,1.0,9.18339441,0.995854524,
C,S_BB,h,1.0,9.20447395,0.998421413,
C,S_BB,h,1.0,9.22549281,0.997270298,
C,S_BB,h,1.0,9.2463962,0.997836875,
C,S_BB,h,1.0,9.26722673,0.99576048,
C,S_BB,h,1.0,9.28791689,0.994465511,
C,S_BB,h,1.0,9.30892724,0.996547608,
C,S_BB,h,1.0,9.33003065,0.995653244,
C,S_BB,h,1.0,9.35102864,0.997041768,
C,S_BB,h,1.0,9.37196601,0.996056803,
C,S_BB,h,1.0,9.39258783,0.998116322,
C,S_BB,h,1.0,9.41349621,0.997123608,
C,S_BB,h,1.0,9.4347927,0.996491512,
C,S_BB,h,1.0,9.45587737,0.996625671,
C,S_BB,h,1.0,9.47676866,0.998993262,
C,S_BB,h,1.0,9.49762777,0.997918941,
C,S_BB,h,1.0,9.51852362,0.997814943,
C,S_BB,h,1.0,9.53939795,0.997752154,
C,S_BB,h,1.0,9.56035551,0.997151078,
C,S_BB,h,1.0,9.58149741,0.997954477,
C,S_BB,h,1.0,9.60249587,0.998000044,
C,S_BB,h,1.0,9.62336478,0.998299064,
C,S_BB,h,1.0,9.64415055,0.997138758,
C,S_BB,h,1.0,9.66502224,0.99726121,
C,S_BB,h,1.0,9.68597433,0.998546802,
C,S_BB,h,1.0,9.7069728,1.00002903,
C,S_BB,h,1.0,9.72797765,0.99662134,
C,S_BB,h,1.0,9.74896401,0.996649031,
C,S_BB,h,1.0,9.76996217,0.998578783,
C,S_BB,h,1.0,9.79085678,0.997382168,
C,S_BB,h,1.0,9.81166698,0.998372117,
C,S_BB,h,1.0,9.83262494,0.99750121,
C,S_BB,h,1.0,9.85372265,0.998637469,
C,S_BB,h,1.0,9.87472665,0.999142362,
C,S_BB,h,1.0,9.89559934,1.00101526,
C,S_BB,h,1.0,9.91635289,0.997593323,
C,S_BB,h,1.0,9.93737645,0.998989407,
C,S_BB,h,1.0,9.95856995,0.997545927,
C,S_BB,h,1.0,9.97940815,0.997982652,
C,S_BB,h,1.0,10.000082,0.997611398,
C,S_BB,h,1.2,0.0252815853,0.00836236167,
C,S_BB,h,1.2,0.0486976344,0.00954614277,
C,S_BB,h,1.2,0.0692644017,0.0113142995,
C,S_BB,h,1.2,0.08877835,0.013655837,
C,S_BB,h,1.2,0.111604297,0.0173460713,
C,S_BB,h,1.2,0.132731806,0.0214779287,
C,S_BB,h,1.2,0.153672181,0.027060864,
C,S_BB,h,1.2,0.175641863,0.0329621644,
C,S_BB,h,1.2,0.196615509,0.0391227309,
C,S_BB,h,1.2,0.217326708,0.0458592621,
C,S_BB,h,1.2,0.237538457,0.0532862431,
C,S_BB,h,1.2,0.258148683,0.0618673969,
C,S_BB,h,1.2,0.28040349,0.0717467239,
C,S_BB,h,1.2,0.301929084,0.0813473777,
C,S_BB,h,1.2,0.322287413,0.0916369323,
C,S_BB,h,1.2,0.342663331,0.103002667,
C,S_BB,h,1.2,0.363641289,0.113577951,
C,S_BB,h,1.2,0.385602948,0.124782758,
C,S_BB,h,1.2,0.406737165,0.138662895,
C,S_BB,h,1.2,0.427001871,0.150518386,
C,S_BB,h,1.2,0.448754416,0.165180086,
C,S_BB,h,1.2,0.469601745,0.180074213,
C,S_BB,h,1.2,0.489805379,0.193664887,
C,S_BB,h,1.2,0.510302494,0.209032473,
C,S_BB,h,1.2,0.53178319,0.223969273,
C,S_BB,h,1.2,0.553922362,0.241329044,
C,S_BB,h,1.2,0.574670041,0.260030323,
C,S_BB,h,1.2,0.594645701,0.272121128,
C,S_BB,h,1.2,0.615540037,0.290832814,
C,S_BB,h,1.2,0.636554081,0.307334443,
C,S_BB,h,1.2,0.658102417,0.328464541,
C,S_BB,h,1.2,0.679189641,0.349689188,
C,S_BB,h,1.2,0.700054044,0.367861758,
C,S_BB,h,1.2,0.721329826,0.384452731,
C,S_BB,h,1.2,0.742033923,0.407366651,
C,S_BB,h,1.2,0.762614581,0.422532677,
C,S_BB,h,1.2,0.783270495,0.444138134,
C,S_BB,h,1.2,0.804783918,0.466192953,
C,S_BB,h,1.2,0.826095906,0.485075861,
C,S_BB,h,1.2,0.846303977,0.505275505,
C,S_BB,h,1.2,0.867174819,0.5276418,
C,S_BB,h,1.2,0.888413258,0.545265593,
C,S_BB,h,1.2,0.909910564,0.567011289,
C,S_BB,h,1.2,0.931134698,0.588256042,
C,S_BB,h,1.2,0.951563161,0.613365275,
C,S_BB,h,1.2,0.972160451,0.626244928,
C,S_BB,h,1.2,0.993008165,0.64817767,
C,S_BB,h,1.2,1.0140906,0.671608219,
C,S_BB,h,1.2,1.03500338,0.683198917,
C,S_BB,h,1.2,1.05657413,0.705666533,
C,S_BB,h,1.2,1.07789814,0.731102899,
C,S_BB,h,1.2,1.09835045,0.749020561,
C,S_BB,h,1.2,1.11903902,0.764650647,
C,S_BB,h,1.2,1.1396405,0.779809615,
C,S_BB,h,1.2,1.16109193,0.7956883,
C,S_BB,h,1.2,1.18227503,0.821170925,
C,S_BB,h,1.2,1.2030555,0.825564856,
C,S_BB,h,1.2,1.22375183,0.846246442,
C,S_BB,h,1.2,1.24453484,0.86311212,
C,S_BB,h,1.2,1.26570671,0.87102876,
C,S_BB,h,1.2,1.28693994,0.887458879,
C,S_BB,h,1.2,1.30807124,0.900701589,
C,S_BB,h,1.2,1.32889646,0.912001539,
C,S_BB,h,1.2,1.34945121,0.922168897,
C,S_BB,h,1.2,1.37055188,0.935097087,
C,S_BB,h,1.2,1.39148285,0.934293321,
C,S_BB,h,1.2,1.41220445,0.945586293,
C,S_BB,h,1.2,1.43352474,0.959629597,
C,S_BB,h,1.2,1.45454751,0.964718176,
C,S_BB,h,1.2,1.47511055,0.96855154,
C,S_BB,h,1.2,1.49566583,0.98066265,
C,S_BB,h,1.2,1.51690776,0.981108509,
C,S_BB,h,1.2,1.53826425,0.982906461,
C,S_BB,h,1.2,1.55931449,0.991551038,
C,S_BB,h,1.2,1.58012172,0.989124777,
C,S_BB,h,1.2,1.60114355,0.996937582,
C,S_BB,h,1.2,1.62229155,1.00540278,
C,S_BB,h,1.2,1.64295947,1.00587996,
C,S_BB,h,1.2,1.66366432,1.00670802,
C,S_BB,h,1.2,1.68478217,1.00812256,
C,S_BB,h,1.2,1.7057485,1.01190817,
C,S_BB,h,1.2,1.72683745,1.01172685,
C,S_BB,h,1.2,1.74765849,1.01016558,
C,S_BB,h,1.2,1.76847487,1.01262407,
C,S_BB,h,1.2,1.78961871,1.01067655,
C,S_BB,h,1.2,1.81086098,1.01569209,
C,S_BB,h,1.2,1.83179094,1.01466295,
C,S_BB,h,1.2,1.8521746,1.01303275,
C,S_BB,h,1.2,1.8733654,1.02070091,
C,S_BB,h,1.2,1.89455538,1.00708384,
C,S_BB,h,1.2,1.91534795,1.00795297,
C,S_BB,h,1.2,1.93623233,1.01524778,
C,S_BB,h,1.2,1.9571481,1.01146282,
C,S_BB,h,1.2,1.97825109,1.00927704,
C,S_BB,h,1.2,1.99905898,1.00873139,
C,S_BB,h,1.2,2.01966715,1.00577973,
C,S_BB,h,1.2,2.04082415,1.00707585,
C,S_BB,h,1.2,2.06193171,1.00536525,
C,S_BB,h,1.2,2.08296048,1.00373007,
C,S_BB,h,1.2,2.10383017,0.999023797,
C,S_BB,h,1.2,2.12494312,0.998698068,
C,S_BB,h,1.2,2.14618475,0.995927765,
C,S_BB,h,1.2,2.16679298,0.99741912,
C,S_BB,h,1.2,2.18753482,0.991970354,
C,S_BB,h,1.2,2.20847027,0.989827209,
C,S_BB,h,1.2,2.22955181,0.989444957,
C,S_BB,h,1.2,2.25078374,0.992268138,
C,S_BB,h,1.2,2.27150159,0.990640287,
C,S_BB,h,1.2,2.29205574,0.984588125,
C,S_BB,h,1.2,2.31294326,0.987915024,
C,S_BB,h,1.2,2.3340363,0.987549925,
C,S_BB,h,1.2,2.35514399,0.988043055,
C,S_BB,h,1.2,2.37607726,0.981350584,
C,S_BB,h,1.2,2.39730341,0.979798386,
C,S_BB,h,1.2,2.41857203,0.983927209,
C,S_BB,h,1.2,2.43911056,0.982981875,
C,S_BB,h,1.2,2.45988005,0.982172678,
C,S_BB,h,1.2,2.48094151,0.975760545,
C,S_BB,h,1.2,2.50196601,0.977346159,
C,S_BB,h,1.2,2.52300496,0.980034677,
C,S_BB,h,1.2,2.54340089,0.97686285,
C,S_BB,h,1.2,2.56415297,0.9764316,
C,S_BB,h,1.2,2.58575836,0.977377742,
C,S_BB,h,1.2,2.60684428,0.977860439,
C,S_BB,h,1.2,2.62775949,0.974326699,
C,S_BB,h,1.2,2.64834355,0.975089208,
C,S_BB,h,1.2,2.66912062,0.975324022,
C,S_BB,h,1.2,2.69039946,0.9721599,
C,S_BB,h,1.2,2.71121518,0.976222801,
C,S_BB,h,1.2,2.7321837,0.975238449,
C,S_BB,h,1.2,2.75306239,0.974699889,
C,S_BB,h,1.2,2.77427049,0.973562294,
C,S_BB,h,1.2,2.79557932,0.973601812,
C,S_BB,h,1.2,2.8160646,0.972445965,
C,S_BB,h,1.2,2.83689478,0.972496212,
C,S_BB,h,1.2,2.85801727,0.973558051,
C,S_BB,h,1.2,2.87906973,0.97040902,
C,S_BB,h,1.2,2.89996898,0.97435887,
C,S_BB,h,1.2,2.92062944,0.974557424,
C,S_BB,h,1.2,2.941605,0.975822371,
C,S_BB,h,1.2,2.96267076,0.974013929,
C,S_BB,h,1.2,2.98347442,0.976989183,
C,S_BB,h,1.2,3.00437656,0.973931051,
C,S_BB,h,1.2,3.02542142,0.975428706,
C,S_BB,h,1.2,3.04658726,0.974508115,
C,S_BB,h,1.2,3.06768101,0.975487208,
C,S_BB,h,1.2,3.088328,0.979321671,
C,S_BB,h,1.2,3.10931167,0.974978582,
C,S_BB,h,1.2,3.1305457,0.978415276,
C,S_BB,h,1.2,3.15150209,0.97584601,
C,S_BB,h,1.2,3.17219014,0.978102518,
C,S_BB,h,1.2,3.19299024,0.978216099,
C,S_BB,h,1.2,3.21390436,0.975747852,
C,S_BB,h,1.2,3.23506564,0.975799549,
C,S_BB,h,1.2,3.25605387,0.978972584,
C,S_BB,h,1.2,3.27685776,0.978613712,
C,S_BB,h,1.2,3.29794723,0.978035936,
C,S_BB,h,1.2,3.31884778,0.979016487,
C,S_BB,h,1.2,3.33944269,0.982922697,
C,S_BB,h,1.2,3.36030612,0.979892283,
C,S_BB,h,1.2,3.38171654,0.979150347,
C,S_BB,h,1.2,3.40297495,0.983586032,
C,S_BB,h,1.2,3.42370792,0.983875731,
C,S_BB,h,1.2,3.44440875,0.980689019,
C,S_BB,h,1.2,3.465315,0.978100331,
C,S_BB,h,1.2,3.4865867,0.98246835,
C,S_BB,h,1.2,3.50751221,0.982304174,
C,S_BB,h,1.2,3.52796741,0.983104395,
C,S_BB,h,1.2,3.5488788,0.98121991,
C,S_BB,h,1.2,3.57014151,0.979093476,
C,S_BB,h,1.2,3.59120365,0.981686071,
C,S_BB,h,1.2,3.61190928,0.980080884,
C,S_BB,h,1.2,3.63300558,0.981710314,
C,S_BB,h,1.2,3.6541422,0.985708193,
C,S_BB,h,1.2,3.67500902,0.982634003,
C,S_BB,h,1.2,3.69581564,0.985261902,
C,S_BB,h,1.2,3.71644729,0.987024654,
C,S_BB,h,1.2,3.73749774,0.98588925,
C,S_BB,h,1.2,3.75868086,0.987478723,
C,S_BB,h,1.2,3.77950549,0.985852998,
C,S_BB,h,1.2,3.80027286,0.984921444,
C,S_BB,h,1.2,3.82143123,0.984720983,
C,S_BB,h,1.2,3.84280481,0.990151063,
C,S_BB,h,1.2,3.86349282,0.985391902,
C,S_BB,h,1.2,3.88417456,0.988123508,
C,S_BB,h,1.2,3.90535419,0.98847565,
C,S_BB,h,1.2,3.9264697,0.986716681,
C,S_BB,h,1.2,3.94738681,0.98573026,
C,S_BB,h,1.2,3.96810309,0.987199178,
C,S_BB,h,1.2,3.98888694,0.988843742,
C,S_BB,h,1.2,4.00993371,0.990859402,
C,S_BB,h,1.2,4.03080983,0.991076044,
C,S_BB,h,1.2,4.05178039,0.990060672,
C,S_BB,h,1.2,4.07276799,0.994066465,
C,S_BB,h,1.2,4.09368684,0.992130401,
C,S_BB,h,1.2,4.11485609,0.991485298,
C,S_BB,h,1.2,4.13583188,0.993465866,
C,S_BB,h,1.2,4.15670688,0.993175837,
C,S_BB,h,1.2,4.17758774,0.989401229,
C,S_BB,h,1.2,4.19867141,0.9928902,
C,S_BB,h,1.2,4.21961517,0.989726852,
C,S_BB,h,1.2,4.24013393,0.996491668,
C,S_BB,h,1.2,4.26119077,0.996358391,
C,S_BB,h,1.2,4.28239268,0.99593494,
C,S_BB,h,1.2,4.30342826,0.99603991,
C,S_BB,h,1.2,4.32431592,0.993352442,
C,S_BB,h,1.2,4.34508479,0.993906109,
C,S_BB,h,1.2,4.36604259,0.995622447,
C,S_BB,h,1.2,4.38708086,0.996318442,
C,S_BB,h,1.2,4.40778797,0.998236487,
C,S_BB,h,1.2,4.4288526,0.995495957,
C,S_BB,h,1.2,4.44994967,1.00052662,
C,S_BB,h,1.2,4.47085438,0.999888172,
C,S_BB,h,1.2,4.49188801,1.00059012,
C,S_BB,h,1.2,4.51250216,0.998591582,
C,S_BB,h,1.2,4.5334461,0.999162085,
C,S_BB,h,1.2,4.55463591,0.99953918,
C,S_BB,h,1.2,4.57547609,0.998597951,
C,S_BB,h,1.2,4.59643311,1.00169465,
C,S_BB,h,1.2,4.61732903,1.00190612,
C,S_BB,h,1.2,4.63833098,1.0002352,
C,S_BB,h,1.2,4.65949324,1.00045121,
C,S_BB,h,1.2,4.68039693,1.00124381,
C,S_BB,h,1.2,4.70136745,1.00193738,
C,S_BB,h,1.2,4.72221533,1.00375303,
C,S_BB,h,1.2,4.74309374,1.00474738,
C,S_BB,h,1.2,4.76390784,1.0034157,
C,S_BB,h,1.2,4.78491795,1.00418063,
C,S_BB,h,1.2,4.80636204,1.00442247,
C,S_BB,h,1.2,4.82728449,1.00235306,
C,S_BB,h,1.2,4.84785524,1.00355982,
C,S_BB,h,1.2,4.86859731,1.00393547,
C,S_BB,h,1.2,4.88954319,1.0048211,
C,S_BB,h,1.2,4.91078695,1.00325328,
C,S_BB,h,1.2,4.93172016,1.00756554,
C,S_BB,h,1.2,4.95244063,1.00571157,
C,S_BB,h,1.2,4.97348932,1.00572833,
C,S_BB,h,1.2,4.994309,1.00655859,
C,S_BB,h,1.2,5.01515697,1.00619722,
C,S_BB,h,1.2,5.03598003,1.00563025,
C,S_BB,h,1.2,5.05703237,1.00733917,
C,S_BB,h,1.2,5.07840332,1.00754037,
C,S_BB,h,1.2,5.09943841,1.00418946,
C,S_BB,h,1.2,5.12032938,1.00691227,
C,S_BB,h,1.2,5.14107614,1.00459801,
C,S_BB,h,1.2,5.16214077,1.00785404,
C,S_BB,h,1.2,5.18341099,1.00676644,
C,S_BB,h,1.2,5.2041075,1.00456279,
C,S_BB,h,1.2,5.22477891,1.00566419,
C,S_BB,h,1.2,5.24557967,1.00558082,
C,S_BB,h,1.2,5.26649236,1.00961801,
C,S_BB,h,1.2,5.28753131,1.0094437,
C,S_BB,h,1.2,5.30847064,1.00968932,
C,S_BB,h,1.2,5.32946745,1.00606701,
C,S_BB,h,1.2,5.3506922,1.00910739,
C,S_BB,h,1.2,5.37158853,1.00628582,
C,S_BB,h,1.2,5.39231925,1.00966994,
C,S_BB,h,1.2,5.41333352,1.00498445,
C,S_BB,h,1.2,5.43434316,1.00751725,
C,S_BB,h,1.2,5.45530659,1.00727844,
C,S_BB,h,1.2,5.47618498,1.00695924,
C,S_BB,h,1.2,5.49715755,1.00920499,
C,S_BB,h,1.2,5.51801586,1.00794448,
C,S_BB,h,1.2,5.53881995,1.00904332,
C,S_BB,h,1.2,5.55992514,1.0100323,
C,S_BB,h,1.2,5.58098545,1.00829025,
C,S_BB,h,1.2,5.60183772,1.00715177,
C,S_BB,h,1.2,5.62277584,1.00675709,
C,S_BB,h,1.2,5.64379172,1.00861409,
C,S_BB,h,1.2,5.66460817,1.00963104,
C,S_BB,h,1.2,5.68556022,1.008324,
C,S_BB,h,1.2,5.7067909,1.00942408,
C,S_BB,h,1.2,5.72769317,1.00661823,
C,S_BB,h,1.2,5.74840017,1.01202165,
C,S_BB,h,1.2,5.76938192,1.00941848,
C,S_BB,h,1.2,5.79039764,1.00600358,
C,S_BB,h,1.2,5.81144039,1.00730066,
C,S_BB,h,1.2,5.83232115,1.00804476,
C,S_BB,h,1.2,5.85320209,1.0075018,
C,S_BB,h,1.2,5.87418919,1.00646594,
C,S_BB,h,1.2,5.89509625,1.00761166,
C,S_BB,h,1.2,5.9159726,1.00526593,
C,S_BB,h,1.2,5.93682663,1.00573667,
C,S_BB,h,1.2,5.95791772,1.00677175,
C,S_BB,h,1.2,5.97900675,1.0058957,
C,S_BB,h,1.2,5.99978945,1.00682312,
C,S_BB,h,1.2,6.02063577,1.00729601,
C,S_BB,h,1.2,6.04156421,1.00698909,
C,S_BB,h,1.2,6.06259364,1.00824034,
C,S_BB,h,1.2,6.08377541,1.00875643,
C,S_BB,h,1.2,6.10447051,1.00679052,
C,S_BB,h,1.2,6.12538157,1.0059115,
C,S_BB,h,1.2,6.14660689,1.00590371,
C,S_BB,h,1.2,6.16752321,1.0064899,
C,S_BB,h,1.2,6.18833806,1.00713514,
C,S_BB,h,1.2,6.20938667,1.00617032,
C,S_BB,h,1.2,6.23052184,1.00460833,
C,S_BB,h,1.2,6.25137137,1.00800995,
C,S_BB,h,1.2,6.27204484,1.00691962,
C,S_BB,h,1.2,6.29290789,1.00899236,
C,S_BB,h,1.2,6.31382104,1.00598049,
C,S_BB,h,1.2,6.33495691,1.00553682,
C,S_BB,h,1.2,6.35600914,1.00463193,
C,S_BB,h,1.2,6.37663869,1.00916404,
C,S_BB,h,1.2,6.39770954,1.00616396,
C,S_BB,h,1.2,6.41872759,1.00518668,
C,S_BB,h,1.2,6.43951457,1.00634121,
C,S_BB,h,1.2,6.46033562,1.00684084,
C,S_BB,h,1.2,6.4814564,1.00271962,
C,S_BB,h,1.2,6.50265681,1.00445387,
C,S_BB,h,1.2,6.52350383,1.00204308,
C,S_BB,h,1.2,6.54427866,1.00380296,
C,S_BB,h,1.2,6.56515568,1.00642542,
C,S_BB,h,1.2,6.58628576,1.0066884,
C,S_BB,h,1.2,6.60749316,1.00422464,
C,S_BB,h,1.2,6.62830625,1.00463483,
C,S_BB,h,1.2,6.64913567,1.00436497,
C,S_BB,h,1.2,6.67020149,1.00716726,
C,S_BB,h,1.2,6.69106898,1.00283567,
C,S_BB,h,1.2,6.71185955,1.00388819,
C,S_BB,h,1.2,6.73264651,1.00248364,
C,S_BB,h,1.2,6.7537045,1.00146469,
C,S_BB,h,1.2,6.77487174,1.00509712,
C,S_BB,h,1.2,6.79557562,1.00435788,
C,S_BB,h,1.2,6.81648781,1.00458087,
C,S_BB,h,1.2,6.83753747,1.00037648,
C,S_BB,h,1.2,6.85867557,1.00212255,
C,S_BB,h,1.2,6.87985316,1.0018724,
C,S_BB,h,1.2,6.90065786,1.00486241,
C,S_BB,h,1.2,6.92153112,1.00070425,
C,S_BB,h,1.2,6.94229803,1.00218052,
C,S_BB,h,1.2,6.9630016,1.0010441,
C,S_BB,h,1.2,6.98416877,1.00355014,
C,S_BB,h,1.2,7.0052781,1.00076068,
C,S_BB,h,1.2,7.02617612,1.00143608,
C,S_BB,h,1.2,7.04699526,1.00388918,
C,S_BB,h,1.2,7.06761685,1.00224941,
C,S_BB,h,1.2,7.08873369,1.00083971,
C,S_BB,h,1.2,7.10994937,1.00060798,
C,S_BB,h,1.2,7.13102893,1.00048093,
C,S_BB,h,1.2,7.15201412,1.00176614,
C,S_BB,h,1.2,7.17271336,1.0009598,
C,S_BB,h,1.2,7.19374266,1.00248601,
C,S_BB,h,1.2,7.21473042,1.00190082,
C,S_BB,h,1.2,7.23564263,0.999792321,
C,S_BB,h,1.2,7.25666289,1.00379732,
C,S_BB,h,1.2,7.27757645,1.00099601,
C,S_BB,h,1.2,7.2984411,1.00058855,
C,S_BB,h,1.2,7.31917384,0.999399339,
C,S_BB,h,1.2,7.34001688,0.999772678,
C,S_BB,h,1.2,7.3611683,1.00205693,
C,S_BB,h,1.2,7.38224284,0.99922119,
C,S_BB,h,1.2,7.40324015,1.00016855,
C,S_BB,h,1.2,7.42408854,0.998785564,
C,S_BB,h,1.2,7.44500634,0.999242257,
C,S_BB,h,1.2,7.46595959,1.00001379,
C,S_BB,h,1.2,7.48696308,0.998655458,
C,S_BB,h,1.2,7.5079936,1.00002487,
C,S_BB,h,1.2,7.52871967,1.00006332,
C,S_BB,h,1.2,7.54966921,1.0000867,
C,S_BB,h,1.2,7.57064902,0.998865508,
C,S_BB,h,1.2,7.59151428,0.998863829,
C,S_BB,h,1.2,7.6123809,0.998746285,
C,S_BB,h,1.2,7.63338324,0.997372543,
C,S_BB,h,1.2,7.65450532,1.00035099,
C,S_BB,h,1.2,7.67556944,1.00044847,
C,S_BB,h,1.2,7.69637751,0.998839978,
C,S_BB,h,1.2,7.71727216,0.998034166,
C,S_BB,h,1.2,7.73835725,0.998636318,
C,S_BB,h,1.2,7.75934923,0.998896968,
C,S_BB,h,1.2,7.78023116,0.998394804,
C,S_BB,h,1.2,7.80098697,0.998416669,
C,S_BB,h,1.2,7.82190677,0.997802768,
C,S_BB,h,1.2,7.84304931,0.998190124,
C,S_BB,h,1.2,7.86405132,0.997487969,
C,S_BB,h,1.2,7.88484553,0.998869599,
C,S_BB,h,1.2,7.90574885,0.996614607,
C,S_BB,h,1.2,7.9267531,0.997780528,
C,S_BB,h,1.2,7.94765228,0.995845702,
C,S_BB,h,1.2,7.96842304,0.997209433,
C,S_BB,h,1.2,7.98938616,0.996445103,
C,S_BB,h,1.2,8.01050815,0.997043958,
C,S_BB,h,1.2,8.03153334,0.997333182,
C,S_BB,h,1.2,8.05240251,0.996894785,
C,S_BB,h,1.2,8.07332696,0.997532511,
C,S_BB,h,1.2,8.09438514,0.995886114,
C,S_BB,h,1.2,8.11529588,0.994628613,
C,S_BB,h,1.2,8.13618411,0.996846544,
C,S_BB,h,1.2,8.15717855,0.997200416,
C,S_BB,h,1.2,8.17807847,0.995648572,
C,S_BB,h,1.2,8.19905269,0.997986252,
C,S_BB,h,1.2,8.21991085,0.99653342,
C,S_BB,h,1.2,8.24078529,0.996606936,
C,S_BB,h,1.2,8.26195652,0.998528044,
C,S_BB,h,1.2,8.28293039,0.994394302,
C,S_BB,h,1.2,8.30373423,0.997302279,
C,S_BB,h,1.2,8.32452583,0.996599508,
C,S_BB,h,1.2,8.34556221,0.995384896,
C,S_BB,h,1.2,8.36671927,0.996815231,
C,S_BB,h,1.2,8.38757523,0.997248608,
C,S_BB,h,1.2,8.40855808,0.997685912,
C,S_BB,h,1.2,8.42953585,0.996622849,
C,S_BB,h,1.2,8.45042977,0.99646791,
C,S_BB,h,1.2,8.47138662,0.995946891,
C,S_BB,h,1.2,8.49217243,0.993637389,
C,S_BB,h,1.2,8.51321806,0.996052077,
C,S_BB,h,1.2,8.53421183,0.995614868,
C,S_BB,h,1.2,8.55508292,0.995399386,
C,S_BB,h,1.2,8.57598662,0.995774725,
C,S_BB,h,1.2,8.59679232,0.996671505,
C,S_BB,h,1.2,8.61783107,0.996780975,
C,S_BB,h,1.2,8.63891768,0.995025219,
C,S_BB,h,1.2,8.65972861,0.997520254,
C,S_BB,h,1.2,8.68059853,0.995960504,
C,S_BB,h,1.2,8.70174168,0.995857209,
C,S_BB,h,1.2,8.72279566,0.996178725,
C,S_BB,h,1.2,8.74359241,0.996990496,
C,S_BB,h,1.2,8.76424415,0.995813545,
C,S_BB,h,1.2,8.78526729,0.998442059,
C,S_BB,h,1.2,8.80637189,0.995286864,
C,S_BB,h,1.2,8.82736896,0.996283368,
C,S_BB,h,1.2,8.84843212,0.994779392,
C,S_BB,h,1.2,8.86933197,0.993826438,
C,S_BB,h,1.2,8.89026857,0.994818526,
C,S_BB,h,1.2,8.91123702,0.994981583,
C,S_BB,h,1.2,8.93214776,0.99553067,
C,S_BB,h,1.2,8.95312097,0.997208529,
C,S_BB,h,1.2,8.9741304,0.996678906,
C,S_BB,h,1.2,8.99505705,0.99640932,
C,S_BB,h,1.2,9.01571368,0.995511889,
C,S_BB,h,1.2,9.03640927,0.995407633,
C,S_BB,h,1.2,9.05755121,0.997075468,
C,S_BB,h,1.2,9.07868023,0.995702896,
C,S_BB,h,1.2,9.09969513,0.996832312,
C,S_BB,h,1.2,9.1205658,0.995789584,
C,S_BB,h,1.2,9.14137844,0.996076115,
C,S_BB,h,1.2,9.16237082,0.995853194,
C,S_BB,h,1.2,9.18339441,0.996218944,
C,S_BB,h,1.2,9.20447395,0.993801528,
C,S_BB,h,1.2,9.22549281,0.994978542,
C,S_BB,h,1.2,9.2463962,0.997342903,
C,S_BB,h,1.2,9.26722673,0.996530214,
C,S_BB,h,1.2,9.28791689,0.997279381,
C,S_BB,h,1.2,9.30892724,0.998028986,
C,S_BB,h,1.2,9.33003065,0.998218739,
C,S_BB,h,1.2,9.35102864,0.998819469,
C,S_BB,h,1.2,9.37196601,0.996026018,
C,S_BB,h,1.2,9.39258783,0.997263764,
C,S_BB,h,1.2,9.41349621,0.997969924,
C,S_BB,h,1.2,9.4347927,0.997555928,
C,S_BB,h,1.2,9.45587737,0.997374542,
C,S_BB,h,1.2,9.47676866,0.995832959,
C,S_BB,h,1.2,9.49762777,0.998509877,
C,S_BB,h,1.2,9.51852362,0.998676739,
C,S_BB,h,1.2,9.53939795,0.998698829,
C,S_BB,h,1.2,9.56035551,0.999071397,
C,S_BB,h,1.2,9.58149741,0.995177468,
C,S_BB,h,1.2,9.60249587,0.996210881,
C,S_BB,h,1.2,9.62336478,0.99646561,
C,S_BB,h,1.2,9.64415055,0.997272699,
C,S_BB,h,1.2,9.66502224,0.997497934,
C,S_BB,h,1.2,9.68597433,0.997593754,
C,S_BB,h,1.2,9.7069728,0.998488788,
C,S_BB,h,1.2,9.72797765,0.996094874,
C,S_BB,h,1.2,9.74896401,0.996728482,
C,S_BB,h,1.2,9.76996217,0.999374036,
C,S_BB,h,1.2,9.79085678,0.996317639,
C,S_BB,h,1.2,9.81166698,0.997838634,
C,S_BB,h,1.2,9.83262494,0.997046074,
C,S_BB,h,1.2,9.85372265,0.998149178,
C,S_BB,h,1.2,9.87472665,0.999103374,
C,S_BB,h,1.2,9.89559934,0.998140616,
C,S_BB,h,1.2,9.91635289,0.998572383,
C,S_BB,h,1.2,9.93737645,0.997067768,
C,S_BB,h,1.2,9.95856995,0.995941691,
C,S_BB,h,1.2,9.97940815,0.998980497,
C,S_BB,h,1.2,10.000082,0.997980588,
C,S_BB,h,1.4,0.0252815853,0.00996998045,
C,S_BB,h,1.4,0.0486976344,0.0112144743,
C,S_BB,h,1.4,0.0692644017,0.0135501606,
C,S_BB,h,1.4,0.08877835,0.0161369098,
C,S_BB,h,1.4,0.111604297,0.0198411403,
C,S_BB,h,1.4,0.132731806,0.0244096625,
C,S_BB,h,1.4,0.153672181,0.0293773267,
C,S_BB,h,1.4,0.175641863,0.035561751,
C,S_BB,h,1.4,0.196615509,0.0423905928,
C,S_BB,h,1.4,0.217326708,0.0496248578,
C,S_BB,h,1.4,0.237538457,0.0559863082,
C,S_BB,h,1.4,0.258148683,0.064422656,
C,S_BB,h,1.4,0.28040349,0.0737104444,
C,S_BB,h,1.4,0.301929084,0.0844338293,
C,S_BB,h,1.4,0.322287413,0.0941998065,
C,S_BB,h,1.4,0.342663331,0.105242648,
C,S_BB,h,1.4,0.363641289,0.116220563,
C,S_BB,h,1.4,0.385602948,0.128513466,
C,S_BB,h,1.4,0.406737165,0.14066339,
C,S_BB,h,1.4,0.427001871,0.153041217,
C,S_BB,h,1.4,0.448754416,0.169221186,
C,S_BB,h,1.4,0.469601745,0.183114728,
C,S_BB,h,1.4,0.489805379,0.197738292,
C,S_BB,h,1.4,0.510302494,0.213916739,
C,S_BB,h,1.4,0.53178319,0.230059106,
C,S_BB,h,1.4,0.553922362,0.245540551,
C,S_BB,h,1.4,0.574670041,0.263147206,
C,S_BB,h,1.4,0.594645701,0.277953117,
C,S_BB,h,1.4,0.615540037,0.29312999,
C,S_BB,h,1.4,0.636554081,0.311456269,
C,S_BB,h,1.4,0.658102417,0.33397739,
C,S_BB,h,1.4,0.679189641,0.348521786,
C,S_BB,h,1.4,0.700054044,0.368217276,
C,S_BB,h,1.4,0.721329826,0.385770021,
C,S_BB,h,1.4,0.742033923,0.408682461,
C,S_BB,h,1.4,0.762614581,0.425168475,
C,S_BB,h,1.4,0.783270495,0.444620639,
C,S_BB,h,1.4,0.804783918,0.468239559,
C,S_BB,h,1.4,0.826095906,0.490080703,
C,S_BB,h,1.4,0.846303977,0.506686565,
C,S_BB,h,1.4,0.867174819,0.526341828,
C,S_BB,h,1.4,0.888413258,0.550576086,
C,S_BB,h,1.4,0.909910564,0.570463691,
C,S_BB,h,1.4,0.931134698,0.587785226,
C,S_BB,h,1.4,0.951563161,0.611026293,
C,S_BB,h,1.4,0.972160451,0.629997897,
C,S_BB,h,1.4,0.993008165,0.646240613,
C,S_BB,h,1.4,1.0140906,0.669871477,
C,S_BB,h,1.4,1.03500338,0.683012326,
C,S_BB,h,1.4,1.05657413,0.706963809,
C,S_BB,h,1.4,1.07789814,0.722738209,
C,S_BB,h,1.4,1.09835045,0.741671634,
C,S_BB,h,1.4,1.11903902,0.762729,
C,S_BB,h,1.4,1.1396405,0.778186539,
C,S_BB,h,1.4,1.16109193,0.793714005,
C,S_BB,h,1.4,1.18227503,0.807941573,
C,S_BB,h,1.4,1.2030555,0.830251929,
C,S_BB,h,1.4,1.22375183,0.838750727,
C,S_BB,h,1.4,1.24453484,0.854953186,
C,S_BB,h,1.4,1.26570671,0.869243595,
C,S_BB,h,1.4,1.28693994,0.884702411,
C,S_BB,h,1.4,1.30807124,0.897510742,
C,S_BB,h,1.4,1.32889646,0.9078728,
C,S_BB,h,1.4,1.34945121,0.921696049,
C,S_BB,h,1.4,1.37055188,0.929771077,
C,S_BB,h,1.4,1.39148285,0.938159769,
C,S_BB,h,1.4,1.41220445,0.94284257,
C,S_BB,h,1.4,1.43352474,0.958109889,
C,S_BB,h,1.4,1.45454751,0.963629298,
C,S_BB,h,1.4,1.47511055,0.972317916,
C,S_BB,h,1.4,1.49566583,0.974114935,
C,S_BB,h,1.4,1.51690776,0.980196323,
C,S_BB,h,1.4,1.53826425,0.987289371,
C,S_BB,h,1.4,1.55931449,0.987481084,
C,S_BB,h,1.4,1.58012172,0.99933827,
C,S_BB,h,1.4,1.60114355,0.996942408,
C,S_BB,h,1.4,1.62229155,0.998904198,
C,S_BB,h,1.4,1.64295947,0.999544187,
C,S_BB,h,1.4,1.66366432,1.00721416,
C,S_BB,h,1.4,1.68478217,1.00956771,
C,S_BB,h,1.4,1.7057485,1.0116294,
C,S_BB,h,1.4,1.72683745,1.01501837,
C,S_BB,h,1.4,1.74765849,1.00996509,
C,S_BB,h,1.4,1.76847487,1.01080902,
C,S_BB,h,1.4,1.78961871,1.00771519,
C,S_BB,h,1.4,1.81086098,1.01345745,
C,S_BB,h,1.4,1.83179094,1.01027212,
C,S_BB,h,1.4,1.8521746,1.01070474,
C,S_BB,h,1.4,1.8733654,1.01365926,
C,S_BB,h,1.4,1.89455538,1.00724781,
C,S_BB,h,1.4,1.91534795,1.01555432,
C,S_BB,h,1.4,1.93623233,1.00855432,
C,S_BB,h,1.4,1.9571481,1.01066807,
C,S_BB,h,1.4,1.97825109,1.01374219,
C,S_BB,h,1.4,1.99905898,1.00493213,
C,S_BB,h,1.4,2.01966715,1.00402494,
C,S_BB,h,1.4,2.04082415,1.00712689,
C,S_BB,h,1.4,2.06193171,1.00181054,
C,S_BB,h,1.4,2.08296048,0.999753484,
C,S_BB,h,1.4,2.10383017,0.998972771,
C,S_BB,h,1.4,2.12494312,1.00390862,
C,S_BB,h,1.4,2.14618475,0.998091565,
C,S_BB,h,1.4,2.16679298,0.999033161,
C,S_BB,h,1.4,2.18753482,0.996773146,
C,S_BB,h,1.4,2.20847027,0.996836533,
C,S_BB,h,1.4,2.22955181,0.987196453,
C,S_BB,h,1.4,2.25078374,0.990807465,
C,S_BB,h,1.4,2.27150159,0.984701213,
C,S_BB,h,1.4,2.29205574,0.983241689,
C,S_BB,h,1.4,2.31294326,0.992536516,
C,S_BB,h,1.4,2.3340363,0.981079144,
C,S_BB,h,1.4,2.35514399,0.984495669,
C,S_BB,h,1.4,2.37607726,0.980366859,
C,S_BB,h,1.4,2.39730341,0.982570708,
C,S_BB,h,1.4,2.41857203,0.986015205,
C,S_BB,h,1.4,2.43911056,0.983324941,
C,S_BB,h,1.4,2.45988005,0.981973916,
C,S_BB,h,1.4,2.48094151,0.982309753,
C,S_BB,h,1.4,2.50196601,0.982015929,
C,S_BB,h,1.4,2.52300496,0.976694694,
C,S_BB,h,1.4,2.54340089,0.977833277,
C,S_BB,h,1.4,2.56415297,0.973657389,
C,S_BB,h,1.4,2.58575836,0.977114943,
C,S_BB,h,1.4,2.60684428,0.975761816,
C,S_BB,h,1.4,2.62775949,0.972766764,
C,S_BB,h,1.4,2.64834355,0.972929241,
C,S_BB,h,1.4,2.66912062,0.975270819,
C,S_BB,h,1.4,2.69039946,0.970384556,
C,S_BB,h,1.4,2.71121518,0.975434842,
C,S_BB,h,1.4,2.7321837,0.976894293,
C,S_BB,h,1.4,2.75306239,0.974211392,
C,S_BB,h,1.4,2.77427049,0.975142535,
C,S_BB,h,1.4,2.79557932,0.971980306,
C,S_BB,h,1.4,2.8160646,0.975257672,
C,S_BB,h,1.4,2.83689478,0.978129041,
C,S_BB,h,1.4,2.85801727,0.975396868,
C,S_BB,h,1.4,2.87906973,0.974495368,
C,S_BB,h,1.4,2.89996898,0.973217495,
C,S_BB,h,1.4,2.92062944,0.972450437,
C,S_BB,h,1.4,2.941605,0.978283396,
C,S_BB,h,1.4,2.96267076,0.973707177,
C,S_BB,h,1.4,2.98347442,0.972284423,
C,S_BB,h,1.4,3.00437656,0.973643733,
C,S_BB,h,1.4,3.02542142,0.979135793,
C,S_BB,h,1.4,3.04658726,0.976381676,
C,S_BB,h,1.4,3.06768101,0.976649381,
C,S_BB,h,1.4,3.088328,0.972562643,
C,S_BB,h,1.4,3.10931167,0.97644104,
C,S_BB,h,1.4,3.1305457,0.975148693,
C,S_BB,h,1.4,3.15150209,0.976432755,
C,S_BB,h,1.4,3.17219014,0.975844239,
C,S_BB,h,1.4,3.19299024,0.975145863,
C,S_BB,h,1.4,3.21390436,0.977515778,
C,S_BB,h,1.4,3.23506564,0.978315854,
C,S_BB,h,1.4,3.25605387,0.976380464,
C,S_BB,h,1.4,3.27685776,0.980243616,
C,S_BB,h,1.4,3.29794723,0.976877583,
C,S_BB,h,1.4,3.31884778,0.980604432,
C,S_BB,h,1.4,3.33944269,0.982622911,
C,S_BB,h,1.4,3.36030612,0.982058626,
C,S_BB,h,1.4,3.38171654,0.977139647,
C,S_BB,h,1.4,3.40297495,0.976202176,
C,S_BB,h,1.4,3.42370792,0.983286909,
C,S_BB,h,1.4,3.44440875,0.981231537,
C,S_BB,h,1.4,3.465315,0.979638231,
C,S_BB,h,1.4,3.4865867,0.979064629,
C,S_BB,h,1.4,3.50751221,0.980562768,
C,S_BB,h,1.4,3.52796741,0.979866198,
C,S_BB,h,1.4,3.5488788,0.979357278,
C,S_BB,h,1.4,3.57014151,0.981737513,
C,S_BB,h,1.4,3.59120365,0.978684007,
C,S_BB,h,1.4,3.61190928,0.984099121,
C,S_BB,h,1.4,3.63300558,0.98342411,
C,S_BB,h,1.4,3.6541422,0.980346375,
C,S_BB,h,1.4,3.67500902,0.98305551,
C,S_BB,h,1.4,3.69581564,0.985736986,
C,S_BB,h,1.4,3.71644729,0.985619279,
C,S_BB,h,1.4,3.73749774,0.985417456,
C,S_BB,h,1.4,3.75868086,0.98685746,
C,S_BB,h,1.4,3.77950549,0.987514771,
C,S_BB,h,1.4,3.80027286,0.98630012,
C,S_BB,h,1.4,3.82143123,0.988047076,
C,S_BB,h,1.4,3.84280481,0.987383239,
C,S_BB,h,1.4,3.86349282,0.987792389,
C,S_BB,h,1.4,3.88417456,0.986978486,
C,S_BB,h,1.4,3.90535419,0.986194866,
C,S_BB,h,1.4,3.9264697,0.986283872,
C,S_BB,h,1.4,3.94738681,0.98973195,
C,S_BB,h,1.4,3.96810309,0.985036814,
C,S_BB,h,1.4,3.98888694,0.988588725,
C,S_BB,h,1.4,4.00993371,0.991112025,
C,S_BB,h,1.4,4.03080983,0.990881454,
C,S_BB,h,1.4,4.05178039,0.991779415,
C,S_BB,h,1.4,4.07276799,0.989364079,
C,S_BB,h,1.4,4.09368684,0.99121399,
C,S_BB,h,1.4,4.11485609,0.989431027,
C,S_BB,h,1.4,4.13583188,0.993605767,
C,S_BB,h,1.4,4.15670688,0.995188104,
C,S_BB,h,1.4,4.17758774,0.996437406,
C,S_BB,h,1.4,4.19867141,0.992386833,
C,S_BB,h,1.4,4.21961517,0.996427708,
C,S_BB,h,1.4,4.24013393,0.995174034,
C,S_BB,h,1.4,4.26119077,0.995320954,
C,S_BB,h,1.4,4.28239268,0.998249301,
C,S_BB,h,1.4,4.30342826,0.996281503,
C,S_BB,h,1.4,4.32431592,0.997898991,
C,S_BB,h,1.4,4.34508479,0.999224361,
C,S_BB,h,1.4,4.36604259,0.999371644,
C,S_BB,h,1.4,4.38708086,0.998731791,
C,S_BB,h,1.4,4.40778797,0.999401967,
C,S_BB,h,1.4,4.4288526,0.997222919,
C,S_BB,h,1.4,4.44994967,0.997944699,
C,S_BB,h,1.4,4.47085438,0.99944113,
C,S_BB,h,1.4,4.49188801,0.999827101,
C,S_BB,h,1.4,4.51250216,0.997907856,
C,S_BB,h,1.4,4.5334461,0.998526597,
C,S_BB,h,1.4,4.55463591,1.00151908,
C,S_BB,h,1.4,4.57547609,1.00068876,
C,S_BB,h,1.4,4.59643311,0.999718673,
C,S_BB,h,1.4,4.61732903,1.00373213,
C,S_BB,h,1.4,4.63833098,1.00328171,
C,S_BB,h,1.4,4.65949324,1.00026976,
C,S_BB,h,1.4,4.68039693,1.00277425,
C,S_BB,h,1.4,4.70136745,1.00400194,
C,S_BB,h,1.4,4.72221533,1.0047621,
C,S_BB,h,1.4,4.74309374,1.00590097,
C,S_BB,h,1.4,4.76390784,1.00149152,
C,S_BB,h,1.4,4.78491795,1.00309457,
C,S_BB,h,1.4,4.80636204,1.00372129,
C,S_BB,h,1.4,4.82728449,1.00324793,
C,S_BB,h,1.4,4.84785524,1.00239381,
C,S_BB,h,1.4,4.86859731,1.00450008,
C,S_BB,h,1.4,4.88954319,1.00524616,
C,S_BB,h,1.4,4.91078695,1.00490489,
C,S_BB,h,1.4,4.93172016,1.00795699,
C,S_BB,h,1.4,4.95244063,1.00572015,
C,S_BB,h,1.4,4.97348932,1.00811846,
C,S_BB,h,1.4,4.994309,1.00624918,
C,S_BB,h,1.4,5.01515697,1.0080648,
C,S_BB,h,1.4,5.03598003,1.00928925,
C,S_BB,h,1.4,5.05703237,1.00635579,
C,S_BB,h,1.4,5.07840332,1.00622275,
C,S_BB,h,1.4,5.09943841,1.0078488,
C,S_BB,h,1.4,5.12032938,1.00384348,
C,S_BB,h,1.4,5.14107614,1.00392679,
C,S_BB,h,1.4,5.16214077,1.00796701,
C,S_BB,h,1.4,5.18341099,1.0081945,
C,S_BB,h,1.4,5.2041075,1.00556647,
C,S_BB,h,1.4,5.22477891,1.00783841,
C,S_BB,h,1.4,5.24557967,1.00659915,
C,S_BB,h,1.4,5.26649236,1.00347344,
C,S_BB,h,1.4,5.28753131,1.00956119,
C,S_BB,h,1.4,5.30847064,1.0069372,
C,S_BB,h,1.4,5.32946745,1.00715291,
C,S_BB,h,1.4,5.3506922,1.01022296,
C,S_BB,h,1.4,5.37158853,1.00864618,
C,S_BB,h,1.4,5.39231925,1.00916971,
C,S_BB,h,1.4,5.41333352,1.00623861,
C,S_BB,h,1.4,5.43434316,1.00914724,
C,S_BB,h,1.4,5.45530659,1.00520404,
C,S_BB,h,1.4,5.47618498,1.00661406,
C,S_BB,h,1.4,5.49715755,1.00947855,
C,S_BB,h,1.4,5.51801586,1.00911724,
C,S_BB,h,1.4,5.53881995,1.00918993,
C,S_BB,h,1.4,5.55992514,1.00616604,
C,S_BB,h,1.4,5.58098545,1.00756854,
C,S_BB,h,1.4,5.60183772,1.00919811,
C,S_BB,h,1.4,5.62277584,1.00870708,
C,S_BB,h,1.4,5.64379172,1.00685908,
C,S_BB,h,1.4,5.66460817,1.0073323,
C,S_BB,h,1.4,5.68556022,1.00893812,
C,S_BB,h,1.4,5.7067909,1.00841219,
C,S_BB,h,1.4,5.72769317,1.00990144,
C,S_BB,h,1.4,5.74840017,1.00596801,
C,S_BB,h,1.4,5.76938192,1.00771894,
C,S_BB,h,1.4,5.79039764,1.00804818,
C,S_BB,h,1.4,5.81144039,1.00888111,
C,S_BB,h,1.4,5.83232115,1.00766273,
C,S_BB,h,1.4,5.85320209,1.00526951,
C,S_BB,h,1.4,5.87418919,1.00492353,
C,S_BB,h,1.4,5.89509625,1.00868816,
C,S_BB,h,1.4,5.9159726,1.00526317,
C,S_BB,h,1.4,5.93682663,1.0053924,
C,S_BB,h,1.4,5.95791772,1.00757221,
C,S_BB,h,1.4,5.97900675,1.00898085,
C,S_BB,h,1.4,5.99978945,1.00955342,
C,S_BB,h,1.4,6.02063577,1.00953032,
C,S_BB,h,1.4,6.04156421,1.00750958,
C,S_BB,h,1.4,6.06259364,1.00845796,
C,S_BB,h,1.4,6.08377541,1.00975884,
C,S_BB,h,1.4,6.10447051,1.00577599,
C,S_BB,h,1.4,6.12538157,1.00831868,
C,S_BB,h,1.4,6.14660689,1.00875975,
C,S_BB,h,1.4,6.16752321,1.00632116,
C,S_BB,h,1.4,6.18833806,1.00650323,
C,S_BB,h,1.4,6.20938667,1.00669813,
C,S_BB,h,1.4,6.23052184,1.00793742,
C,S_BB,h,1.4,6.25137137,1.00639286,
C,S_BB,h,1.4,6.27204484,1.00851449,
C,S_BB,h,1.4,6.29290789,1.00281959,
C,S_BB,h,1.4,6.31382104,1.00731834,
C,S_BB,h,1.4,6.33495691,1.00662486,
C,S_BB,h,1.4,6.35600914,1.00470135,
C,S_BB,h,1.4,6.37663869,1.00749537,
C,S_BB,h,1.4,6.39770954,1.00524869,
C,S_BB,h,1.4,6.41872759,1.00695978,
C,S_BB,h,1.4,6.43951457,1.00405706,
C,S_BB,h,1.4,6.46033562,1.00604524,
C,S_BB,h,1.4,6.4814564,1.00393237,
C,S_BB,h,1.4,6.50265681,1.00432972,
C,S_BB,h,1.4,6.52350383,1.00238977,
C,S_BB,h,1.4,6.54427866,1.00783485,
C,S_BB,h,1.4,6.56515568,1.0035714,
C,S_BB,h,1.4,6.58628576,1.00403948,
C,S_BB,h,1.4,6.60749316,1.00332162,
C,S_BB,h,1.4,6.62830625,1.00452151,
C,S_BB,h,1.4,6.64913567,1.00610664,
C,S_BB,h,1.4,6.67020149,1.00456183,
C,S_BB,h,1.4,6.69106898,1.00470521,
C,S_BB,h,1.4,6.71185955,1.00491051,
C,S_BB,h,1.4,6.73264651,0.999942022,
C,S_BB,h,1.4,6.7537045,0.999921111,
C,S_BB,h,1.4,6.77487174,1.00112802,
C,S_BB,h,1.4,6.79557562,1.00108262,
C,S_BB,h,1.4,6.81648781,1.00343536,
C,S_BB,h,1.4,6.83753747,1.00358063,
C,S_BB,h,1.4,6.85867557,1.0022623,
C,S_BB,h,1.4,6.87985316,0.999804801,
C,S_BB,h,1.4,6.90065786,1.00375122,
C,S_BB,h,1.4,6.92153112,1.00161234,
C,S_BB,h,1.4,6.94229803,1.00262361,
C,S_BB,h,1.4,6.9630016,1.00191228,
C,S_BB,h,1.4,6.98416877,1.00022028,
C,S_BB,h,1.4,7.0052781,1.00157975,
C,S_BB,h,1.4,7.02617612,1.00162889,
C,S_BB,h,1.4,7.04699526,1.00078687,
C,S_BB,h,1.4,7.06761685,1.00083402,
C,S_BB,h,1.4,7.08873369,1.00064735,
C,S_BB,h,1.4,7.10994937,1.00174735,
C,S_BB,h,1.4,7.13102893,0.999120917,
C,S_BB,h,1.4,7.15201412,1.00100167,
C,S_BB,h,1.4,7.17271336,1.0013797,
C,S_BB,h,1.4,7.19374266,1.00196009,
C,S_BB,h,1.4,7.21473042,0.999747398,
C,S_BB,h,1.4,7.23564263,1.00232163,
C,S_BB,h,1.4,7.25666289,0.999786865,
C,S_BB,h,1.4,7.27757645,0.999955014,
C,S_BB,h,1.4,7.2984411,0.99926952,
C,S_BB,h,1.4,7.31917384,0.99884863,
C,S_BB,h,1.4,7.34001688,1.0015727,
C,S_BB,h,1.4,7.3611683,0.99924504,
C,S_BB,h,1.4,7.38224284,0.998693795,
C,S_BB,h,1.4,7.40324015,1.00173083,
C,S_BB,h,1.4,7.42408854,1.00099624,
C,S_BB,h,1.4,7.44500634,0.997846869,
C,S_BB,h,1.4,7.46595959,0.999448436,
C,S_BB,h,1.4,7.48696308,1.0008372,
C,S_BB,h,1.4,7.5079936,0.998441622,
C,S_BB,h,1.4,7.52871967,1.00130302,
C,S_BB,h,1.4,7.54966921,0.998944451,
C,S_BB,h,1.4,7.57064902,0.998289043,
C,S_BB,h,1.4,7.59151428,0.997473367,
C,S_BB,h,1.4,7.6123809,0.997899495,
C,S_BB,h,1.4,7.63338324,0.998438607,
C,S_BB,h,1.4,7.65450532,0.998409606,
C,S_BB,h,1.4,7.67556944,0.998800886,
C,S_BB,h,1.4,7.69637751,0.997223982,
C,S_BB,h,1.4,7.71727216,0.99758732,
C,S_BB,h,1.4,7.73835725,0.998877415,
C,S_BB,h,1.4,7.75934923,0.997758675,
C,S_BB,h,1.4,7.78023116,0.999820916,
C,S_BB,h,1.4,7.80098697,0.999489553,
C,S_BB,h,1.4,7.82190677,0.997400853,
C,S_BB,h,1.4,7.84304931,0.998004135,
C,S_BB,h,1.4,7.86405132,0.996558839,
C,S_BB,h,1.4,7.88484553,0.997593987,
C,S_BB,h,1.4,7.90574885,0.997018366,
C,S_BB,h,1.4,7.9267531,0.996872143,
C,S_BB,h,1.4,7.94765228,0.995845161,
C,S_BB,h,1.4,7.96842304,0.99708674,
C,S_BB,h,1.4,7.98938616,0.996674903,
C,S_BB,h,1.4,8.01050815,0.997801979,
C,S_BB,h,1.4,8.03153334,0.997480733,
C,S_BB,h,1.4,8.05240251,0.998114784,
C,S_BB,h,1.4,8.07332696,0.995624548,
C,S_BB,h,1.4,8.09438514,0.996676137,
C,S_BB,h,1.4,8.11529588,0.998600445,
C,S_BB,h,1.4,8.13618411,0.997315562,
C,S_BB,h,1.4,8.15717855,0.995752647,
C,S_BB,h,1.4,8.17807847,0.999870023,
C,S_BB,h,1.4,8.19905269,0.997848946,
C,S_BB,h,1.4,8.21991085,0.996482488,
C,S_BB,h,1.4,8.24078529,0.994426098,
C,S_BB,h,1.4,8.26195652,0.997503496,
C,S_BB,h,1.4,8.28293039,0.994237755,
C,S_BB,h,1.4,8.30373423,0.998111148,
C,S_BB,h,1.4,8.32452583,0.99698582,
C,S_BB,h,1.4,8.34556221,0.996372576,
C,S_BB,h,1.4,8.36671927,0.998051737,
C,S_BB,h,1.4,8.38757523,0.998412043,
C,S_BB,h,1.4,8.40855808,0.997686931,
C,S_BB,h,1.4,8.42953585,0.993936974,
C,S_BB,h,1.4,8.45042977,0.99715006,
C,S_BB,h,1.4,8.47138662,0.993654188,
C,S_BB,h,1.4,8.49217243,0.995544978,
C,S_BB,h,1.4,8.51321806,0.995508451,
C,S_BB,h,1.4,8.53421183,0.996253435,
C,S_BB,h,1.4,8.55508292,0.993518662,
C,S_BB,h,1.4,8.57598662,0.997363139,
C,S_BB,h,1.4,8.59679232,0.997356647,
C,S_BB,h,1.4,8.61783107,0.994329894,
C,S_BB,h,1.4,8.63891768,0.997843028,
C,S_BB,h,1.4,8.65972861,0.995966363,
C,S_BB,h,1.4,8.68059853,0.996211362,
C,S_BB,h,1.4,8.70174168,0.997487943,
C,S_BB,h,1.4,8.72279566,0.997325284,
C,S_BB,h,1.4,8.74359241,0.996903394,
C,S_BB,h,1.4,8.76424415,0.99366871,
C,S_BB,h,1.4,8.78526729,0.996101842,
C,S_BB,h,1.4,8.80637189,0.996147032,
C,S_BB,h,1.4,8.82736896,0.995035397,
C,S_BB,h,1.4,8.84843212,0.99626324,
C,S_BB,h,1.4,8.86933197,0.996581688,
C,S_BB,h,1.4,8.89026857,0.995332644,
C,S_BB,h,1.4,8.91123702,0.996846693,
C,S_BB,h,1.4,8.93214776,0.997056644,
C,S_BB,h,1.4,8.95312097,0.996220255,
C,S_BB,h,1.4,8.9741304,0.997246037,
C,S_BB,h,1.4,8.99505705,0.995864425,
C,S_BB,h,1.4,9.01571368,0.996290978,
C,S_BB,h,1.4,9.03640927,0.995851757,
C,S_BB,h,1.4,9.05755121,0.997755632,
C,S_BB,h,1.4,9.07868023,0.998211784,
C,S_BB,h,1.4,9.09969513,0.993793977,
C,S_BB,h,1.4,9.1205658,0.99499139,
C,S_BB,h,1.4,9.14137844,0.997247447,
C,S_BB,h,1.4,9.16237082,0.996268022,
C,S_BB,h,1.4,9.18339441,0.998279849,
C,S_BB,h,1.4,9.20447395,0.99653287,
C,S_BB,h,1.4,9.22549281,0.996151492,
C,S_BB,h,1.4,9.2463962,0.996492678,
C,S_BB,h,1.4,9.26722673,0.996150984,
C,S_BB,h,1.4,9.28791689,0.997481118,
C,S_BB,h,1.4,9.30892724,0.998691899,
C,S_BB,h,1.4,9.33003065,0.994572266,
C,S_BB,h,1.4,9.35102864,0.996627652,
C,S_BB,h,1.4,9.37196601,0.997126792,
C,S_BB,h,1.4,9.39258783,0.996853735,
C,S_BB,h,1.4,9.41349621,0.99662276,
C,S_BB,h,1.4,9.4347927,0.996439761,
C,S_BB,h,1.4,9.45587737,0.99698115,
C,S_BB,h,1.4,9.47676866,0.998430147,
C,S_BB,h,1.4,9.49762777,0.995962688,
C,S_BB,h,1.4,9.51852362,0.995468138,
C,S_BB,h,1.4,9.53939795,0.996669918,
C,S_BB,h,1.4,9.56035551,0.996177968,
C,S_BB,h,1.4,9.58149741,0.997655248,
C,S_BB,h,1.4,9.60249587,0.998136664,
C,S_BB,h,1.4,9.62336478,0.997709651,
C,S_BB,h,1.4,9.64415055,1.00043396,
C,S_BB,h,1.4,9.66502224,0.998237983,
C,S_BB,h,1.4,9.68597433,0.997149198,
C,S_BB,h,1.4,9.7069728,0.998681449,
C,S_BB,h,1.4,9.72797765,0.997747196,
C,S_BB,h,1.4,9.74896401,0.99771195,
C,S_BB,h,1.4,9.76996217,0.997474408,
C,S_BB,h,1.4,9.79085678,0.999622238,
C,S_BB,h,1.4,9.81166698,0.998952543,
C,S_BB,h,1.4,9.83262494,0.998296401,
C,S_BB,h,1.4,9.85372265,0.998153084,
C,S_BB,h,1.4,9.87472665,0.99806155,
C,S_BB,h,1.4,9.89559934,0.999301745,
C,S_BB,h,1.4,9.91635289,0.997528,
C,S_BB,h,1.4,9.93737645,1.000322,
C,S_BB,h,1.4,9.95856995,0.997211735,
C,S_BB,h,1.4,9.97940815,0.996477664,
C,S_BB,h,1.4,10.000082,0.998155053,
C,S_BB,h,1.6,0.0252815853,0.0130858841,
C,S_BB,h,1.6,0.0486976344,0.014567078,
C,S_BB,h,1.6,0.0692644017,0.0166162702,
C,S_BB,h,1.6,0.08877835,0.0193532416,
C,S_BB,h,1.6,0.111604297,0.023243414,
C,S_BB,h,1.6,0.132731806,0.027543074,
C,S_BB,h,1.6,0.153672181,0.0321250678,
C,S_BB,h,1.6,0.175641863,0.0392369307,
C,S_BB,h,1.6,0.196615509,0.044309111,
C,S_BB,h,1.6,0.217326708,0.0515317829,
C,S_BB,h,1.6,0.237538457,0.0603064021,
C,S_BB,h,1.6,0.258148683,0.0676639531,
C,S_BB,h,1.6,0.28040349,0.0786630823,
C,S_BB,h,1.6,0.301929084,0.0882359273,
C,S_BB,h,1.6,0.322287413,0.0979934304,
C,S_BB,h,1.6,0.342663331,0.108970418,
C,S_BB,h,1.6,0.363641289,0.119788064,
C,S_BB,h,1.6,0.385602948,0.131815964,
C,S_BB,h,1.6,0.406737165,0.145792941,
C,S_BB,h,1.6,0.427001871,0.157033395,
C,S_BB,h,1.6,0.448754416,0.172251889,
C,S_BB,h,1.6,0.469601745,0.187894565,
C,S_BB,h,1.6,0.489805379,0.200450177,
C,S_BB,h,1.6,0.510302494,0.215000626,
C,S_BB,h,1.6,0.53178319,0.233017047,
C,S_BB,h,1.6,0.553922362,0.246492373,
C,S_BB,h,1.6,0.574670041,0.263504692,
C,S_BB,h,1.6,0.594645701,0.278840621,
C,S_BB,h,1.6,0.615540037,0.297592735,
C,S_BB,h,1.6,0.636554081,0.31637582,
C,S_BB,h,1.6,0.658102417,0.332455691,
C,S_BB,h,1.6,0.679189641,0.352305582,
C,S_BB,h,1.6,0.700054044,0.370919456,
C,S_BB,h,1.6,0.721329826,0.389953769,
C,S_BB,h,1.6,0.742033923,0.410665039,
C,S_BB,h,1.6,0.762614581,0.426688756,
C,S_BB,h,1.6,0.783270495,0.448812006,
C,S_BB,h,1.6,0.804783918,0.46951941,
C,S_BB,h,1.6,0.826095906,0.488822219,
C,S_BB,h,1.6,0.846303977,0.508154221,
C,S_BB,h,1.6,0.867174819,0.527929084,
C,S_BB,h,1.6,0.888413258,0.549041134,
C,S_BB,h,1.6,0.909910564,0.572260369,
C,S_BB,h,1.6,0.931134698,0.588902377,
C,S_BB,h,1.6,0.951563161,0.609802709,
C,S_BB,h,1.6,0.972160451,0.636458928,
C,S_BB,h,1.6,0.993008165,0.646296233,
C,S_BB,h,1.6,1.0140906,0.668741682,
C,S_BB,h,1.6,1.03500338,0.689935647,
C,S_BB,h,1.6,1.05657413,0.70912382,
C,S_BB,h,1.6,1.07789814,0.729301428,
C,S_BB,h,1.6,1.09835045,0.743640235,
C,S_BB,h,1.6,1.11903902,0.76511214,
C,S_BB,h,1.6,1.1396405,0.779694595,
C,S_BB,h,1.6,1.16109193,0.795837046,
C,S_BB,h,1.6,1.18227503,0.811489835,
C,S_BB,h,1.6,1.2030555,0.827108489,
C,S_BB,h,1.6,1.22375183,0.843517826,
C,S_BB,h,1.6,1.24453484,0.856870704,
C,S_BB,h,1.6,1.26570671,0.873043577,
C,S_BB,h,1.6,1.28693994,0.883612577,
C,S_BB,h,1.6,1.30807124,0.894462742,
C,S_BB,h,1.6,1.32889646,0.905794921,
C,S_BB,h,1.6,1.34945121,0.918404497,
C,S_BB,h,1.6,1.37055188,0.933178106,
C,S_BB,h,1.6,1.39148285,0.937501504,
C,S_BB,h,1.6,1.41220445,0.951718395,
C,S_BB,h,1.6,1.43352474,0.952931664,
C,S_BB,h,1.6,1.45454751,0.961536682,
C,S_BB,h,1.6,1.47511055,0.971305895,
C,S_BB,h,1.6,1.49566583,0.97956904,
C,S_BB,h,1.6,1.51690776,0.979668082,
C,S_BB,h,1.6,1.53826425,0.987415193,
C,S_BB,h,1.6,1.55931449,0.989927504,
C,S_BB,h,1.6,1.58012172,1.00007827,
C,S_BB,h,1.6,1.60114355,1.00030199,
C,S_BB,h,1.6,1.62229155,1.00249679,
C,S_BB,h,1.6,1.64295947,1.00969155,
C,S_BB,h,1.6,1.66366432,1.01171682,
C,S_BB,h,1.6,1.68478217,1.01010973,
C,S_BB,h,1.6,1.7057485,1.01301772,
C,S_BB,h,1.6,1.72683745,1.01359455,
C,S_BB,h,1.6,1.74765849,1.0111323,
C,S_BB,h,1.6,1.76847487,1.01368899,
C,S_BB,h,1.6,1.78961871,1.01343135,
C,S_BB,h,1.6,1.81086098,1.01081654,
C,S_BB,h,1.6,1.83179094,1.00889894,
C,S_BB,h,1.6,1.8521746,1.0117925,
C,S_BB,h,1.6,1.8733654,1.01872183,
C,S_BB,h,1.6,1.89455538,1.01105373,
C,S_BB,h,1.6,1.91534795,1.01205951,
C,S_BB,h,1.6,1.93623233,1.01320757,
C,S_BB,h,1.6,1.9571481,1.00521578,
C,S_BB,h,1.6,1.97825109,1.00907831,
C,S_BB,h,1.6,1.99905898,1.01044779,
C,S_BB,h,1.6,2.01966715,1.00553267,
C,S_BB,h,1.6,2.04082415,1.00574694,
C,S_BB,h,1.6,2.06193171,1.00715011,
C,S_BB,h,1.6,2.08296048,1.00489538,
C,S_BB,h,1.6,2.10383017,1.00084576,
C,S_BB,h,1.6,2.12494312,0.999731583,
C,S_BB,h,1.6,2.14618475,0.996788595,
C,S_BB,h,1.6,2.16679298,0.995466041,
C,S_BB,h,1.6,2.18753482,0.992444535,
C,S_BB,h,1.6,2.20847027,0.990553064,
C,S_BB,h,1.6,2.22955181,0.993847603,
C,S_BB,h,1.6,2.25078374,0.992225949,
C,S_BB,h,1.6,2.27150159,0.991416794,
C,S_BB,h,1.6,2.29205574,0.982630464,
C,S_BB,h,1.6,2.31294326,0.984233561,
C,S_BB,h,1.6,2.3340363,0.983579463,
C,S_BB,h,1.6,2.35514399,0.980503596,
C,S_BB,h,1.6,2.37607726,0.985988355,
C,S_BB,h,1.6,2.39730341,0.980456059,
C,S_BB,h,1.6,2.41857203,0.981010595,
C,S_BB,h,1.6,2.43911056,0.982752431,
C,S_BB,h,1.6,2.45988005,0.978652167,
C,S_BB,h,1.6,2.48094151,0.977990474,
C,S_BB,h,1.6,2.50196601,0.977686575,
C,S_BB,h,1.6,2.52300496,0.981753924,
C,S_BB,h,1.6,2.54340089,0.976645323,
C,S_BB,h,1.6,2.56415297,0.978373072,
C,S_BB,h,1.6,2.58575836,0.975265992,
C,S_BB,h,1.6,2.60684428,0.973504665,
C,S_BB,h,1.6,2.62775949,0.978166884,
C,S_BB,h,1.6,2.64834355,0.977375542,
C,S_BB,h,1.6,2.66912062,0.98091988,
C,S_BB,h,1.6,2.69039946,0.974024582,
C,S_BB,h,1.6,2.71121518,0.974139241,
C,S_BB,h,1.6,2.7321837,0.97335916,
C,S_BB,h,1.6,2.75306239,0.973299011,
C,S_BB,h,1.6,2.77427049,0.972919173,
C,S_BB,h,1.6,2.79557932,0.974518921,
C,S_BB,h,1.6,2.8160646,0.973107278,
C,S_BB,h,1.6,2.83689478,0.97626403,
C,S_BB,h,1.6,2.85801727,0.974893537,
C,S_BB,h,1.6,2.87906973,0.976121491,
C,S_BB,h,1.6,2.89996898,0.975672553,
C,S_BB,h,1.6,2.92062944,0.972500767,
C,S_BB,h,1.6,2.941605,0.971044054,
C,S_BB,h,1.6,2.96267076,0.972077703,
C,S_BB,h,1.6,2.98347442,0.971769555,
C,S_BB,h,1.6,3.00437656,0.974268904,
C,S_BB,h,1.6,3.02542142,0.972276794,
C,S_BB,h,1.6,3.04658726,0.975700936,
C,S_BB,h,1.6,3.06768101,0.976942005,
C,S_BB,h,1.6,3.088328,0.972748085,
C,S_BB,h,1.6,3.10931167,0.982434008,
C,S_BB,h,1.6,3.1305457,0.979465318,
C,S_BB,h,1.6,3.15150209,0.977632684,
C,S_BB,h,1.6,3.17219014,0.977623267,
C,S_BB,h,1.6,3.19299024,0.97780514,
C,S_BB,h,1.6,3.21390436,0.977950512,
C,S_BB,h,1.6,3.23506564,0.976955762,
C,S_BB,h,1.6,3.25605387,0.977792798,
C,S_BB,h,1.6,3.27685776,0.975589728,
C,S_BB,h,1.6,3.29794723,0.975421478,
C,S_BB,h,1.6,3.31884778,0.979363624,
C,S_BB,h,1.6,3.33944269,0.979358971,
C,S_BB,h,1.6,3.36030612,0.977475074,
C,S_BB,h,1.6,3.38171654,0.976460574,
C,S_BB,h,1.6,3.40297495,0.979780468,
C,S_BB,h,1.6,3.42370792,0.978184619,
C,S_BB,h,1.6,3.44440875,0.981770994,
C,S_BB,h,1.6,3.465315,0.980048065,
C,S_BB,h,1.6,3.4865867,0.977306152,
C,S_BB,h,1.6,3.50751221,0.982648398,
C,S_BB,h,1.6,3.52796741,0.980569689,
C,S_BB,h,1.6,3.5488788,0.983318357,
C,S_BB,h,1.6,3.57014151,0.981209143,
C,S_BB,h,1.6,3.59120365,0.984439043,
C,S_BB,h,1.6,3.61190928,0.985466668,
C,S_BB,h,1.6,3.63300558,0.981866963,
C,S_BB,h,1.6,3.6541422,0.984941111,
C,S_BB,h,1.6,3.67500902,0.98110231,
C,S_BB,h,1.6,3.69581564,0.983706848,
C,S_BB,h,1.6,3.71644729,0.987090179,
C,S_BB,h,1.6,3.73749774,0.98222946,
C,S_BB,h,1.6,3.75868086,0.984546683,
C,S_BB,h,1.6,3.77950549,0.986464207,
C,S_BB,h,1.6,3.80027286,0.98645014,
C,S_BB,h,1.6,3.82143123,0.987739158,
C,S_BB,h,1.6,3.84280481,0.984544816,
C,S_BB,h,1.6,3.86349282,0.987193494,
C,S_BB,h,1.6,3.88417456,0.988597349,
C,S_BB,h,1.6,3.90535419,0.986882366,
C,S_BB,h,1.6,3.9264697,0.991331226,
C,S_BB,h,1.6,3.94738681,0.987998733,
C,S_BB,h,1.6,3.96810309,0.992943569,
C,S_BB,h,1.6,3.98888694,0.992213727,
C,S_BB,h,1.6,4.00993371,0.99073511,
C,S_BB,h,1.6,4.03080983,0.990628913,
C,S_BB,h,1.6,4.05178039,0.991766736,
C,S_BB,h,1.6,4.07276799,0.994815704,
C,S_BB,h,1.6,4.09368684,0.988565232,
C,S_BB,h,1.6,4.11485609,0.99224325,
C,S_BB,h,1.6,4.13583188,0.990432039,
C,S_BB,h,1.6,4.15670688,0.993069228,
C,S_BB,h,1.6,4.17758774,0.991448734,
C,S_BB,h,1.6,4.19867141,0.991780524,
C,S_BB,h,1.6,4.21961517,0.996554491,
C,S_BB,h,1.6,4.24013393,0.993642501,
C,S_BB,h,1.6,4.26119077,0.994685743,
C,S_BB,h,1.6,4.28239268,0.995652098,
C,S_BB,h,1.6,4.30342826,0.998175726,
C,S_BB,h,1.6,4.32431592,0.994767178,
C,S_BB,h,1.6,4.34508479,0.995175226,
C,S_BB,h,1.6,4.36604259,0.995730496,
C,S_BB,h,1.6,4.38708086,0.999226232,
C,S_BB,h,1.6,4.40778797,1.00037275,
C,S_BB,h,1.6,4.4288526,0.996010117,
C,S_BB,h,1.6,4.44994967,1.00171893,
C,S_BB,h,1.6,4.47085438,0.997548863,
C,S_BB,h,1.6,4.49188801,0.999312773,
C,S_BB,h,1.6,4.51250216,1.00043519,
C,S_BB,h,1.6,4.5334461,1.00024175,
C,S_BB,h,1.6,4.55463591,1.00055101,
C,S_BB,h,1.6,4.57547609,1.00045604,
C,S_BB,h,1.6,4.59643311,1.00039395,
C,S_BB,h,1.6,4.61732903,1.0047646,
C,S_BB,h,1.6,4.63833098,1.00167346,
C,S_BB,h,1.6,4.65949324,1.00184696,
C,S_BB,h,1.6,4.68039693,1.00497678,
C,S_BB,h,1.6,4.70136745,1.00181638,
C,S_BB,h,1.6,4.72221533,1.00068072,
C,S_BB,h,1.6,4.74309374,1.0052751,
C,S_BB,h,1.6,4.76390784,1.00347801,
C,S_BB,h,1.6,4.78491795,1.00346056,
C,S_BB,h,1.6,4.80636204,1.00508587,
C,S_BB,h,1.6,4.82728449,1.00328312,
C,S_BB,h,1.6,4.84785524,1.00620717,
C,S_BB,h,1.6,4.86859731,1.00539159,
C,S_BB,h,1.6,4.88954319,1.00494016,
C,S_BB,h,1.6,4.91078695,1.00419372,
C,S_BB,h,1.6,4.93172016,1.00326027,
C,S_BB,h,1.6,4.95244063,1.00551702,
C,S_BB,h,1.6,4.97348932,1.00612321,
C,S_BB,h,1.6,4.994309,1.00456887,
C,S_BB,h,1.6,5.01515697,1.00415988,
C,S_BB,h,1.6,5.03598003,1.00218395,
C,S_BB,h,1.6,5.05703237,1.00723022,
C,S_BB,h,1.6,5.07840332,1.00404792,
C,S_BB,h,1.6,5.09943841,1.0058797,
C,S_BB,h,1.6,5.12032938,1.00486721,
C,S_BB,h,1.6,5.14107614,1.00328178,
C,S_BB,h,1.6,5.16214077,1.00455869,
C,S_BB,h,1.6,5.18341099,1.00782212,
C,S_BB,h,1.6,5.2041075,1.00690941,
C,S_BB,h,1.6,5.22477891,1.00604465,
C,S_BB,h,1.6,5.24557967,1.00819934,
C,S_BB,h,1.6,5.26649236,1.00647989,
C,S_BB,h,1.6,5.28753131,1.00819691,
C,S_BB,h,1.6,5.30847064,1.00916412,
C,S_BB,h,1.6,5.32946745,1.00875426,
C,S_BB,h,1.6,5.3506922,1.00642058,
C,S_BB,h,1.6,5.37158853,1.00941358,
C,S_BB,h,1.6,5.39231925,1.00810869,
C,S_BB,h,1.6,5.41333352,1.00759312,
C,S_BB,h,1.6,5.43434316,1.00598592,
C,S_BB,h,1.6,5.45530659,1.00425077,
C,S_BB,h,1.6,5.47618498,1.0071984,
C,S_BB,h,1.6,5.49715755,1.00673275,
C,S_BB,h,1.6,5.51801586,1.00842389,
C,S_BB,h,1.6,5.53881995,1.00592317,
C,S_BB,h,1.6,5.55992514,1.00969657,
C,S_BB,h,1.6,5.58098545,1.0049749,
C,S_BB,h,1.6,5.60183772,1.00874161,
C,S_BB,h,1.6,5.62277584,1.00860963,
C,S_BB,h,1.6,5.64379172,1.00862999,
C,S_BB,h,1.6,5.66460817,1.00853958,
C,S_BB,h,1.6,5.68556022,1.00886751,
C,S_BB,h,1.6,5.7067909,1.00983642,
C,S_BB,h,1.6,5.72769317,1.01067478,
C,S_BB,h,1.6,5.74840017,1.00886093,
C,S_BB,h,1.6,5.76938192,1.00883963,
C,S_BB,h,1.6,5.79039764,1.00762386,
C,S_BB,h,1.6,5.81144039,1.00557128,
C,S_BB,h,1.6,5.83232115,1.01028594,
C,S_BB,h,1.6,5.85320209,1.0083955,
C,S_BB,h,1.6,5.87418919,1.00871512,
C,S_BB,h,1.6,5.89509625,1.008811,
C,S_BB,h,1.6,5.9159726,1.00859776,
C,S_BB,h,1.6,5.93682663,1.00930639,
C,S_BB,h,1.6,5.95791772,1.00885712,
C,S_BB,h,1.6,5.97900675,1.0050559,
C,S_BB,h,1.6,5.99978945,1.00864676,
C,S_BB,h,1.6,6.02063577,1.00705482,
C,S_BB,h,1.6,6.04156421,1.00859194,
C,S_BB,h,1.6,6.06259364,1.00595899,
C,S_BB,h,1.6,6.08377541,1.00572993,
C,S_BB,h,1.6,6.10447051,1.00695473,
C,S_BB,h,1.6,6.12538157,1.00722178,
C,S_BB,h,1.6,6.14660689,1.00699309,
C,S_BB,h,1.6,6.16752321,1.00515803,
C,S_BB,h,1.6,6.18833806,1.00698101,
C,S_BB,h,1.6,6.20938667,1.00597125,
C,S_BB,h,1.6,6.23052184,1.00789371,
C,S_BB,h,1.6,6.25137137,1.00712666,
C,S_BB,h,1.6,6.27204484,1.00460787,
C,S_BB,h,1.6,6.29290789,1.00598023,
C,S_BB,h,1.6,6.31382104,1.00492336,
C,S_BB,h,1.6,6.33495691,1.00830005,
C,S_BB,h,1.6,6.35600914,1.00640657,
C,S_BB,h,1.6,6.37663869,1.00533808,
C,S_BB,h,1.6,6.39770954,1.00900107,
C,S_BB,h,1.6,6.41872759,1.00731349,
C,S_BB,h,1.6,6.43951457,1.00518341,
C,S_BB,h,1.6,6.46033562,1.00677675,
C,S_BB,h,1.6,6.4814564,1.00553835,
C,S_BB,h,1.6,6.50265681,1.00391796,
C,S_BB,h,1.6,6.52350383,1.00512005,
C,S_BB,h,1.6,6.54427866,1.00650211,
C,S_BB,h,1.6,6.56515568,1.00332962,
C,S_BB,h,1.6,6.58628576,1.00523086,
C,S_BB,h,1.6,6.60749316,1.00374934,
C,S_BB,h,1.6,6.62830625,1.00394657,
C,S_BB,h,1.6,6.64913567,1.00474171,
C,S_BB,h,1.6,6.67020149,1.00232521,
C,S_BB,h,1.6,6.69106898,1.00309985,
C,S_BB,h,1.6,6.71185955,1.00442309,
C,S_BB,h,1.6,6.73264651,1.0029912,
C,S_BB,h,1.6,6.7537045,1.00425033,
C,S_BB,h,1.6,6.77487174,1.00093056,
C,S_BB,h,1.6,6.79557562,1.00583095,
C,S_BB,h,1.6,6.81648781,1.00381326,
C,S_BB,h,1.6,6.83753747,1.00204569,
C,S_BB,h,1.6,6.85867557,1.0007528,
C,S_BB,h,1.6,6.87985316,1.00597929,
C,S_BB,h,1.6,6.90065786,1.00279578,
C,S_BB,h,1.6,6.92153112,1.00338352,
C,S_BB,h,1.6,6.94229803,1.00048523,
C,S_BB,h,1.6,6.9630016,1.00213069,
C,S_BB,h,1.6,6.98416877,1.0022582,
C,S_BB,h,1.6,7.0052781,1.00194203,
C,S_BB,h,1.6,7.02617612,1.00148911,
C,S_BB,h,1.6,7.04699526,1.00356512,
C,S_BB,h,1.6,7.06761685,1.00110685,
C,S_BB,h,1.6,7.08873369,1.00155154,
C,S_BB,h,1.6,7.10994937,0.999627447,
C,S_BB,h,1.6,7.13102893,1.00206453,
C,S_BB,h,1.6,7.15201412,1.00180155,
C,S_BB,h,1.6,7.17271336,1.00011908,
C,S_BB,h,1.6,7.19374266,0.999588215,
C,S_BB,h,1.6,7.21473042,1.0020546,
C,S_BB,h,1.6,7.23564263,1.00071585,
C,S_BB,h,1.6,7.25666289,1.0019638,
C,S_BB,h,1.6,7.27757645,1.00150954,
C,S_BB,h,1.6,7.2984411,1.00204167,
C,S_BB,h,1.6,7.31917384,0.997001191,
C,S_BB,h,1.6,7.34001688,0.998061279,
C,S_BB,h,1.6,7.3611683,1.00292159,
C,S_BB,h,1.6,7.38224284,1.00098576,
C,S_BB,h,1.6,7.40324015,1.00015364,
C,S_BB,h,1.6,7.42408854,0.999357559,
C,S_BB,h,1.6,7.44500634,0.998021462,
C,S_BB,h,1.6,7.46595959,0.999727831,
C,S_BB,h,1.6,7.48696308,1.00121231,
C,S_BB,h,1.6,7.5079936,0.999640017,
C,S_BB,h,1.6,7.52871967,0.997985625,
C,S_BB,h,1.6,7.54966921,0.997410916,
C,S_BB,h,1.6,7.57064902,1.00153908,
C,S_BB,h,1.6,7.59151428,0.997924393,
C,S_BB,h,1.6,7.6123809,0.997608291,
C,S_BB,h,1.6,7.63338324,0.996768759,
C,S_BB,h,1.6,7.65450532,1.00018841,
C,S_BB,h,1.6,7.67556944,0.995516521,
C,S_BB,h,1.6,7.69637751,0.998573859,
C,S_BB,h,1.6,7.71727216,0.999121884,
C,S_BB,h,1.6,7.73835725,0.997753058,
C,S_BB,h,1.6,7.75934923,0.999313679,
C,S_BB,h,1.6,7.78023116,0.997995147,
C,S_BB,h,1.6,7.80098697,0.995260788,
C,S_BB,h,1.6,7.82190677,0.995766553,
C,S_BB,h,1.6,7.84304931,0.997108012,
C,S_BB,h,1.6,7.86405132,0.996988502,
C,S_BB,h,1.6,7.88484553,0.997045199,
C,S_BB,h,1.6,7.90574885,0.998884761,
C,S_BB,h,1.6,7.9267531,0.997484518,
C,S_BB,h,1.6,7.94765228,0.99666011,
C,S_BB,h,1.6,7.96842304,0.998913155,
C,S_BB,h,1.6,7.98938616,0.996092099,
C,S_BB,h,1.6,8.01050815,0.995722817,
C,S_BB,h,1.6,8.03153334,0.995788641,
C,S_BB,h,1.6,8.05240251,0.999230663,
C,S_BB,h,1.6,8.07332696,0.997973665,
C,S_BB,h,1.6,8.09438514,0.997915357,
C,S_BB,h,1.6,8.11529588,0.995550142,
C,S_BB,h,1.6,8.13618411,0.996236702,
C,S_BB,h,1.6,8.15717855,0.998065707,
C,S_BB,h,1.6,8.17807847,0.995784668,
C,S_BB,h,1.6,8.19905269,0.995970053,
C,S_BB,h,1.6,8.21991085,0.99804961,
C,S_BB,h,1.6,8.24078529,0.994540404,
C,S_BB,h,1.6,8.26195652,0.997098295,
C,S_BB,h,1.6,8.28293039,0.995661923,
C,S_BB,h,1.6,8.30373423,0.997206711,
C,S_BB,h,1.6,8.32452583,0.997567224,
C,S_BB,h,1.6,8.34556221,0.996267011,
C,S_BB,h,1.6,8.36671927,0.996995717,
C,S_BB,h,1.6,8.38757523,0.99674671,
C,S_BB,h,1.6,8.40855808,0.99557322,
C,S_BB,h,1.6,8.42953585,0.99881322,
C,S_BB,h,1.6,8.45042977,0.996030816,
C,S_BB,h,1.6,8.47138662,0.994663657,
C,S_BB,h,1.6,8.49217243,0.996452796,
C,S_BB,h,1.6,8.51321806,0.996451037,
C,S_BB,h,1.6,8.53421183,0.996283115,
C,S_BB,h,1.6,8.55508292,0.994733502,
C,S_BB,h,1.6,8.57598662,0.997294221,
C,S_BB,h,1.6,8.59679232,0.997211465,
C,S_BB,h,1.6,8.61783107,0.995658864,
C,S_BB,h,1.6,8.63891768,0.995303575,
C,S_BB,h,1.6,8.65972861,0.997326356,
C,S_BB,h,1.6,8.68059853,0.994666939,
C,S_BB,h,1.6,8.70174168,0.996700995,
C,S_BB,h,1.6,8.72279566,0.9961497,
C,S_BB,h,1.6,8.74359241,0.994858339,
C,S_BB,h,1.6,8.76424415,0.996684861,
C,S_BB,h,1.6,8.78526729,0.996006552,
C,S_BB,h,1.6,8.80637189,0.995607531,
C,S_BB,h,1.6,8.82736896,0.994143547,
C,S_BB,h,1.6,8.84843212,0.994346218,
C,S_BB,h,1.6,8.86933197,0.998591798,
C,S_BB,h,1.6,8.89026857,0.995576347,
C,S_BB,h,1.6,8.91123702,0.998018205,
C,S_BB,h,1.6,8.93214776,0.996334489,
C,S_BB,h,1.6,8.95312097,0.997087118,
C,S_BB,h,1.6,8.9741304,0.995829068,
C,S_BB,h,1.6,8.99505705,0.99725552,
C,S_BB,h,1.6,9.01571368,0.995485874,
C,S_BB,h,1.6,9.03640927,0.997197342,
C,S_BB,h,1.6,9.05755121,0.996055467,
C,S_BB,h,1.6,9.07868023,0.993611168,
C,S_BB,h,1.6,9.09969513,0.996891445,
C,S_BB,h,1.6,9.1205658,0.995768063,
C,S_BB,h,1.6,9.14137844,0.99613149,
C,S_BB,h,1.6,9.16237082,0.997449511,
C,S_BB,h,1.6,9.18339441,0.994867477,
C,S_BB,h,1.6,9.20447395,0.996877233,
C,S_BB,h,1.6,9.22549281,0.997438642,
C,S_BB,h,1.6,9.2463962,0.994389742,
C,S_BB,h,1.6,9.26722673,0.995442018,
C,S_BB,h,1.6,9.28791689,0.995594851,
C,S_BB,h,1.6,9.30892724,0.997793343,
C,S_BB,h,1.6,9.33003065,0.994276364,
C,S_BB,h,1.6,9.35102864,0.996543796,
C,S_BB,h,1.6,9.37196601,0.996284082,
C,S_BB,h,1.6,9.39258783,0.995334003,
C,S_BB,h,1.6,9.41349621,0.997397812,
C,S_BB,h,1.6,9.4347927,0.996820725,
C,S_BB,h,1.6,9.45587737,0.99741571,
C,S_BB,h,1.6,9.47676866,0.997468971,
C,S_BB,h,1.6,9.49762777,0.996077785,
C,S_BB,h,1.6,9.51852362,0.997220698,
C,S_BB,h,1.6,9.53939795,0.998416805,
C,S_BB,h,1.6,9.56035551,0.99597337,
C,S_BB,h,1.6,9.58149741,0.99631938,
C,S_BB,h,1.6,9.60249587,0.997674256,
C,S_BB,h,1.6,9.62336478,0.996591667,
C,S_BB,h,1.6,9.64415055,0.996221036,
C,S_BB,h,1.6,9.66502224,0.998425834,
C,S_BB,h,1.6,9.68597433,0.996308487,
C,S_BB,h,1.6,9.7069728,0.996607311,
C,S_BB,h,1.6,9.72797765,0.998116835,
C,S_BB,h,1.6,9.74896401,0.99673414,
C,S_BB,h,1.6,9.76996217,0.99877783,
C,S_BB,h,1.6,9.79085678,0.999468108,
C,S_BB,h,1.6,9.81166698,0.997969556,
C,S_BB,h,1.6,9.83262494,0.999316148,
C,S_BB,h,1.6,9.85372265,0.999836388,
C,S_BB,h,1.6,9.87472665,0.996589143,
C,S_BB,h,1.6,9.89559934,0.997730978,
C,S_BB,h,1.6,9.91635289,0.999458469,
C,S_BB,h,1.6,9.93737645,0.999376098,
C,S_BB,h,1.6,9.95856995,0.99811819,
C,S_BB,h,1.6,9.97940815,0.997037355,
C,S_BB,h,1.6,10.000082,0.998682939,
B,delta_plateau,c,-0.8,,0.0010443552774999998,0.0011028684861466357
B,delta_plateau,c,-0.6,,0.0021631315375000002,0.0020952130775265683
B,delta_plateau,c,-0.4,,0.0029248236050000006,0.002949717568149102
B,delta_plateau,c,-0.2,,0.0037796362775000007,0.0038573783738291767
B,delta_plateau,c,0.0,,0.00497671488,0.004974129784308422
D,delta_plateau,h,0.2,,0.00018594941025000013,0.00019426324372803945
D,delta_plateau,h,0.4,,0.0007982243275,0.0008364953909501425
D,delta_plateau,h,0.6,,0.0017310446925,0.0017343249507111673
D,delta_plateau,h,0.8,,0.00314282635,0.0031273936644715477
D,delta_plateau,h,1.0,,0.00497671488,0.004974129784308422
D,delta_plateau,h,1.2,,0.0074379939875000006,0.007313340106130293
D,delta_plateau,h,1.4,,0.009436215040000001,0.009457171418063778
D,delta_plateau,h,1.6,,0.012623952227500002,0.01265868833909702
