sweep,parameter,value,q,S_AA,S_BB
c,c,-1.0,0.0252815853,0.000154784503,0.000544365303
c,c,-1.0,0.0486976344,0.000529773085,0.00210408603
c,c,-1.0,0.0692644017,0.00101851075,0.00417643504
c,c,-1.0,0.08877835,0.00164853678,0.00678559385
c,c,-1.0,0.111604297,0.00264379003,0.0106654588
c,c,-1.0,0.132731806,0.00374441591,0.0151426495
c,c,-1.0,0.153672181,0.00505622638,0.0195512357
c,c,-1.0,0.175641863,0.00651733889,0.0262980275
c,c,-1.0,0.196615509,0.00821689789,0.0321018561
c,c,-1.0,0.217326708,0.00999536479,0.0397764462
c,c,-1.0,0.237538457,0.0119276866,0.0471684053
c,c,-1.0,0.258148683,0.0141953844,0.05614251
c,c,-1.0,0.28040349,0.0169372563,0.066266565
c,c,-1.0,0.301929084,0.0194150412,0.0759466941
c,c,-1.0,0.322287413,0.0217872662,0.0872455901
c,c,-1.0,0.342663331,0.0249585211,0.0956582759
c,c,-1.0,0.363641289,0.0281334932,0.107559955
c,c,-1.0,0.385602948,0.0314652675,0.121608107
c,c,-1.0,0.406737165,0.0349940593,0.134900157
c,c,-1.0,0.427001871,0.038612173,0.146544915
c,c,-1.0,0.448754416,0.0424181929,0.161229376
c,c,-1.0,0.469601745,0.0464392207,0.175589383
c,c,-1.0,0.489805379,0.0502682553,0.188654152
c,c,-1.0,0.510302494,0.0548299965,0.205602529
c,c,-1.0,0.53178319,0.059353696,0.222328868
c,c,-1.0,0.553922362,0.0650225202,0.239333269
c,c,-1.0,0.574670041,0.0700204815,0.254820015
c,c,-1.0,0.594645701,0.0742688929,0.272041184
c,c,-1.0,0.615540037,0.0806231452,0.288304534
c,c,-1.0,0.636554081,0.0851986529,0.30754314
c,c,-1.0,0.658102417,0.092005484,0.326313249
c,c,-1.0,0.679189641,0.0973944596,0.343376961
c,c,-1.0,0.700054044,0.103894797,0.364749737
c,c,-1.0,0.721329826,0.11031736,0.384907323
c,c,-1.0,0.742033923,0.11743135,0.401801776
c,c,-1.0,0.762614581,0.123384175,0.422999005
c,c,-1.0,0.783270495,0.130960096,0.443410423
c,c,-1.0,0.804783918,0.137892436,0.461939528
c,c,-1.0,0.826095906,0.144733198,0.483962661
c,c,-1.0,0.846303977,0.152685637,0.500558442
c,c,-1.0,0.867174819,0.160480611,0.521871066
c,c,-1.0,0.888413258,0.168420736,0.541754291
c,c,-1.0,0.909910564,0.177204563,0.563324884
c,c,-1.0,0.931134698,0.186201053,0.590033402
c,c,-1.0,0.951563161,0.194059386,0.603260807
c,c,-1.0,0.972160451,0.204341585,0.626832742
c,c,-1.0,0.993008165,0.214081941,0.649205676
c,c,-1.0,1.0140906,0.222840975,0.666375488
c,c,-1.0,1.03500338,0.231103419,0.688057898
c,c,-1.0,1.05657413,0.243158439,0.701813422
c,c,-1.0,1.07789814,0.253810765,0.722287734
c,c,-1.0,1.09835045,0.264795253,0.744851248
c,c,-1.0,1.11903902,0.272826223,0.766075829
c,c,-1.0,1.1396405,0.285527463,0.781770445
c,c,-1.0,1.16109193,0.295775087,0.796524427
c,c,-1.0,1.18227503,0.308269421,0.813607745
c,c,-1.0,1.2030555,0.320218957,0.830846622
c,c,-1.0,1.22375183,0.331573652,0.841682491
c,c,-1.0,1.24453484,0.344140263,0.863908961
c,c,-1.0,1.26570671,0.35597275,0.866889717
c,c,-1.0,1.28693994,0.371443948,0.891595514
c,c,-1.0,1.30807124,0.381723943,0.900429735
c,c,-1.0,1.32889646,0.397594398,0.906769944
c,c,-1.0,1.34945121,0.408197375,0.920721593
c,c,-1.0,1.37055188,0.420664481,0.93170455
c,c,-1.0,1.39148285,0.436461495,0.938587924
c,c,-1.0,1.41220445,0.450483756,0.948982094
c,c,-1.0,1.43352474,0.463372069,0.960288177
c,c,-1.0,1.45454751,0.477108517,0.960012079
c,c,-1.0,1.47511055,0.492383317,0.970011637
c,c,-1.0,1.49566583,0.509093572,0.977453763
c,c,-1.0,1.51690776,0.517721316,0.983630507
c,c,-1.0,1.53826425,0.537120254,0.99070312
c,c,-1.0,1.55931449,0.549982601,0.992988936
c,c,-1.0,1.58012172,0.564174085,0.994518802
c,c,-1.0,1.60114355,0.580301491,0.996433295
c,c,-1.0,1.62229155,0.596693109,1.00588721
c,c,-1.0,1.64295947,0.607871521,1.00726876
c,c,-1.0,1.66366432,0.621706397,1.0079715
c,c,-1.0,1.68478217,0.6382401,1.01026985
c,c,-1.0,1.7057485,0.651801845,1.01429549
c,c,-1.0,1.72683745,0.664125223,1.01834903
c,c,-1.0,1.74765849,0.678777939,1.01014495
c,c,-1.0,1.76847487,0.693190301,1.01281897
c,c,-1.0,1.78961871,0.709050704,1.01613912
c,c,-1.0,1.81086098,0.721986709,1.01983866
c,c,-1.0,1.83179094,0.733121771,1.01415142
c,c,-1.0,1.8521746,0.746541378,1.01614526
c,c,-1.0,1.8733654,0.759500501,1.0122439
c,c,-1.0,1.89455538,0.773737813,1.01752602
c,c,-1.0,1.91534795,0.784241205,1.01676597
c,c,-1.0,1.93623233,0.795282832,1.01144555
c,c,-1.0,1.9571481,0.802993725,1.00855629
c,c,-1.0,1.97825109,0.815397864,1.00831972
c,c,-1.0,1.99905898,0.828407223,1.00739724
c,c,-1.0,2.01966715,0.839716555,1.00453393
c,c,-1.0,2.04082415,0.84443086,1.01002766
c,c,-1.0,2.06193171,0.851631141,1.0054833
c,c,-1.0,2.08296048,0.860748878,1.00150719
c,c,-1.0,2.10383017,0.87683986,1.00333019
c,c,-1.0,2.12494312,0.881796728,0.996604475
c,c,-1.0,2.14618475,0.891760404,0.999062934
c,c,-1.0,2.16679298,0.894604549,0.998961486
c,c,-1.0,2.18753482,0.903392143,0.995313694
c,c,-1.0,2.20847027,0.910184331,0.994345009
c,c,-1.0,2.22955181,0.91452617,0.993928744
c,c,-1.0,2.25078374,0.922184601,0.990602225
c,c,-1.0,2.27150159,0.927444343,0.991409447
c,c,-1.0,2.29205574,0.931227349,0.983583954
c,c,-1.0,2.31294326,0.933322881,0.987421948
c,c,-1.0,2.3340363,0.942291181,0.987346937
c,c,-1.0,2.35514399,0.947225361,0.982855521
c,c,-1.0,2.37607726,0.953311388,0.984074093
c,c,-1.0,2.39730341,0.95276348,0.986914473
c,c,-1.0,2.41857203,0.954484379,0.982979041
c,c,-1.0,2.43911056,0.956221605,0.978990256
c,c,-1.0,2.45988005,0.961912259,0.981381353
c,c,-1.0,2.48094151,0.965526331,0.977463197
c,c,-1.0,2.50196601,0.967557673,0.979203073
c,c,-1.0,2.52300496,0.967081711,0.973297076
c,c,-1.0,2.54340089,0.969362977,0.973830079
c,c,-1.0,2.56415297,0.973185683,0.975418098
c,c,-1.0,2.58575836,0.979578198,0.977104751
c,c,-1.0,2.60684428,0.977476435,0.972842705
c,c,-1.0,2.62775949,0.98111448,0.977824241
c,c,-1.0,2.64834355,0.981056193,0.974232921
c,c,-1.0,2.66912062,0.979237603,0.971662972
c,c,-1.0,2.69039946,0.983186477,0.976875658
c,c,-1.0,2.71121518,0.980518814,0.974093655
c,c,-1.0,2.7321837,0.983800049,0.973331747
c,c,-1.0,2.75306239,0.984608765,0.976806778
c,c,-1.0,2.77427049,0.983892551,0.974512912
c,c,-1.0,2.79557932,0.985648368,0.975450052
c,c,-1.0,2.8160646,0.986814641,0.971752836
c,c,-1.0,2.83689478,0.985347427,0.976483424
c,c,-1.0,2.85801727,0.982328372,0.973649438
c,c,-1.0,2.87906973,0.986126861,0.972359813
c,c,-1.0,2.89996898,0.98710765,0.976700652
c,c,-1.0,2.92062944,0.983968778,0.973172938
c,c,-1.0,2.941605,0.984787579,0.973979701
c,c,-1.0,2.96267076,0.983136844,0.975749506
c,c,-1.0,2.98347442,0.990391043,0.974353059
c,c,-1.0,3.00437656,0.985560006,0.97128746
c,c,-1.0,3.02542142,0.985135706,0.970868793
c,c,-1.0,3.04658726,0.986927975,0.975069336
c,c,-1.0,3.06768101,0.986536492,0.973410904
c,c,-1.0,3.088328,0.985938315,0.973637776
c,c,-1.0,3.10931167,0.987800544,0.978193141
c,c,-1.0,3.1305457,0.982987743,0.977576401
c,c,-1.0,3.15150209,0.984492519,0.976808945
c,c,-1.0,3.17219014,0.983215713,0.979489504
c,c,-1.0,3.19299024,0.985911516,0.977841921
c,c,-1.0,3.21390436,0.987253192,0.980971396
c,c,-1.0,3.23506564,0.982132045,0.977906356
c,c,-1.0,3.25605387,0.985099989,0.976627357
c,c,-1.0,3.27685776,0.986266658,0.982034178
c,c,-1.0,3.29794723,0.987593462,0.980237135
c,c,-1.0,3.31884778,0.986219743,0.97841621
c,c,-1.0,3.33944269,0.986077644,0.97996009
c,c,-1.0,3.36030612,0.989654417,0.981135445
c,c,-1.0,3.38171654,0.982653499,0.979307638
c,c,-1.0,3.40297495,0.982662445,0.9796225
c,c,-1.0,3.42370792,0.984665634,0.979646233
c,c,-1.0,3.44440875,0.986716579,0.979930771
c,c,-1.0,3.465315,0.985483981,0.981596519
c,c,-1.0,3.4865867,0.98398279,0.983508835
c,c,-1.0,3.50751221,0.981671102,0.982031495
c,c,-1.0,3.52796741,0.989566857,0.983847023
c,c,-1.0,3.5488788,0.984138999,0.984206476
c,c,-1.0,3.57014151,0.982838406,0.984970216
c,c,-1.0,3.59120365,0.986555947,0.983669707
c,c,-1.0,3.61190928,0.9906378,0.984682488
c,c,-1.0,3.63300558,0.984192365,0.983729543
c,c,-1.0,3.6541422,0.982949628,0.983502126
c,c,-1.0,3.67500902,0.984146675,0.985346561
c,c,-1.0,3.69581564,0.989629709,0.983321243
c,c,-1.0,3.71644729,0.985168185,0.982323382
c,c,-1.0,3.73749774,0.987058887,0.986886284
c,c,-1.0,3.75868086,0.986301581,0.986193146
c,c,-1.0,3.77950549,0.98667278,0.986437158
c,c,-1.0,3.80027286,0.98592052,0.985457967
c,c,-1.0,3.82143123,0.983065111,0.981365652
c,c,-1.0,3.84280481,0.985653066,0.986584536
c,c,-1.0,3.86349282,0.984753474,0.987524762
c,c,-1.0,3.88417456,0.988610363,0.985602147
c,c,-1.0,3.90535419,0.991586941,0.985196506
c,c,-1.0,3.9264697,0.988929238,0.99055014
c,c,-1.0,3.94738681,0.988215882,0.98881834
c,c,-1.0,3.96810309,0.985783081,0.990419295
c,c,-1.0,3.98888694,0.987560117,0.990743838
c,c,-1.0,4.00993371,0.985583376,0.990967975
c,c,-1.0,4.03080983,0.987722519,0.992276427
c,c,-1.0,4.05178039,0.983711951,0.989484659
c,c,-1.0,4.07276799,0.98775242,0.991111671
c,c,-1.0,4.09368684,0.987730859,0.993801915
c,c,-1.0,4.11485609,0.989318989,0.991710579
c,c,-1.0,4.13583188,0.987282477,0.989701601
c,c,-1.0,4.15670688,0.989531124,0.99187785
c,c,-1.0,4.17758774,0.988956597,0.993509523
c,c,-1.0,4.19867141,0.986563355,0.997196987
c,c,-1.0,4.21961517,0.990449677,0.995960802
c,c,-1.0,4.24013393,0.98937209,0.998173893
c,c,-1.0,4.26119077,0.984804965,0.994545128
c,c,-1.0,4.28239268,0.988366926,0.998042167
c,c,-1.0,4.30342826,0.991604065,0.9946626
c,c,-1.0,4.32431592,0.98922008,0.996569055
c,c,-1.0,4.34508479,0.990615561,0.996952533
c,c,-1.0,4.36604259,0.993779135,0.99738948
c,c,-1.0,4.38708086,0.990378522,0.996367428
c,c,-1.0,4.40778797,0.991832112,0.999649696
c,c,-1.0,4.4288526,0.987933274,0.995582922
c,c,-1.0,4.44994967,0.990412754,0.99911763
c,c,-1.0,4.47085438,0.992631513,0.997144598
c,c,-1.0,4.49188801,0.991905905,0.998933979
c,c,-1.0,4.51250216,0.991376854,1.00025287
c,c,-1.0,4.5334461,0.992964268,1.00242627
c,c,-1.0,4.55463591,0.99108831,1.00052023
c,c,-1.0,4.57547609,0.992866741,1.00197653
c,c,-1.0,4.59643311,0.992822941,0.999513409
c,c,-1.0,4.61732903,0.992809509,0.998383919
c,c,-1.0,4.63833098,0.991389705,1.00190591
c,c,-1.0,4.65949324,0.992261505,1.00175354
c,c,-1.0,4.68039693,0.993205728,1.00345902
c,c,-1.0,4.70136745,0.993687836,0.999114923
c,c,-1.0,4.72221533,0.994385063,0.999346736
c,c,-1.0,4.74309374,0.994269768,1.0068821
c,c,-1.0,4.76390784,0.995392577,1.00176278
c,c,-1.0,4.78491795,0.996031694,1.00456585
c,c,-1.0,4.80636204,0.992902746,1.00380846
c,c,-1.0,4.82728449,0.993770832,1.00302158
c,c,-1.0,4.84785524,0.99429084,1.00529033
c,c,-1.0,4.86859731,0.992787448,1.00461024
c,c,-1.0,4.88954319,0.996332057,1.00315289
c,c,-1.0,4.91078695,0.99691489,1.00259633
c,c,-1.0,4.93172016,0.997645985,1.00614286
c,c,-1.0,4.95244063,0.998219805,1.00386094
c,c,-1.0,4.97348932,0.995023249,1.00492316
c,c,-1.0,4.994309,0.996925362,1.00366045
c,c,-1.0,5.01515697,0.99765518,1.00727602
c,c,-1.0,5.03598003,0.998934704,1.00656884
c,c,-1.0,5.05703237,1.00050695,1.00519242
c,c,-1.0,5.07840332,0.997570712,1.00481186
c,c,-1.0,5.09943841,0.997547475,1.00362044
c,c,-1.0,5.12032938,0.998167627,1.00572462
c,c,-1.0,5.14107614,1.00185824,1.00474213
c,c,-1.0,5.16214077,0.99630424,1.00543733
c,c,-1.0,5.18341099,0.996802107,1.00547474
c,c,-1.0,5.2041075,0.998124779,1.00619841
c,c,-1.0,5.22477891,0.998856156,1.00816844
c,c,-1.0,5.24557967,1.00211334,1.00760412
c,c,-1.0,5.26649236,0.998959892,1.0082135
c,c,-1.0,5.28753131,0.999472661,1.00519114
c,c,-1.0,5.30847064,1.00039196,1.00745722
c,c,-1.0,5.32946745,0.995989139,1.00565788
c,c,-1.0,5.3506922,1.00196861,1.01001871
c,c,-1.0,5.37158853,0.9996823,1.00906248
c,c,-1.0,5.39231925,0.999928786,1.00911014
c,c,-1.0,5.41333352,1.00180413,1.01137936
c,c,-1.0,5.43434316,0.999181367,1.00659409
c,c,-1.0,5.45530659,0.999929999,1.00890202
c,c,-1.0,5.47618498,0.99982954,1.00664786
c,c,-1.0,5.49715755,1.00245985,1.00925012
c,c,-1.0,5.51801586,1.00169076,1.00776967
c,c,-1.0,5.53881995,1.00313284,1.00911479
c,c,-1.0,5.55992514,1.0031335,1.00746228
c,c,-1.0,5.58098545,1.00061674,1.00716122
c,c,-1.0,5.60183772,1.0005811,1.00952347
c,c,-1.0,5.62277584,1.00177262,1.0073858
c,c,-1.0,5.64379172,0.999925881,1.00867321
c,c,-1.0,5.66460817,1.00279768,1.00651901
c,c,-1.0,5.68556022,1.00145915,1.00894449
c,c,-1.0,5.7067909,0.999727672,1.00629079
c,c,-1.0,5.72769317,1.00179868,1.00882301
c,c,-1.0,5.74840017,1.0020224,1.00809604
c,c,-1.0,5.76938192,1.00502722,1.00735987
c,c,-1.0,5.79039764,1.00125835,1.00498798
c,c,-1.0,5.81144039,1.0047873,1.01230419
c,c,-1.0,5.83232115,1.00357377,1.00793498
c,c,-1.0,5.85320209,1.00384016,1.00956165
c,c,-1.0,5.87418919,1.00402472,1.00889636
c,c,-1.0,5.89509625,1.0033934,1.00553915
c,c,-1.0,5.9159726,1.00270852,1.00986451
c,c,-1.0,5.93682663,1.00279188,1.0085163
c,c,-1.0,5.95791772,1.00133143,1.00679949
c,c,-1.0,5.97900675,1.00331913,1.00518971
c,c,-1.0,5.99978945,1.00149505,1.00568452
c,c,-1.0,6.02063577,1.00430614,1.01275651
c,c,-1.0,6.04156421,1.00369405,1.00663792
c,c,-1.0,6.06259364,1.00294483,1.0028035
c,c,-1.0,6.08377541,1.00321245,1.00718675
c,c,-1.0,6.10447051,1.00472226,1.00838014
c,c,-1.0,6.12538157,1.00007109,1.00391067
c,c,-1.0,6.14660689,1.00427824,1.00564915
c,c,-1.0,6.16752321,1.00545136,1.00896562
c,c,-1.0,6.18833806,1.00219561,1.00843782
c,c,-1.0,6.20938667,1.00350248,1.00862085
c,c,-1.0,6.23052184,1.00369896,1.00664555
c,c,-1.0,6.25137137,1.00269217,1.00524146
c,c,-1.0,6.27204484,1.00252044,1.007647
c,c,-1.0,6.29290789,1.00434955,1.00671917
c,c,-1.0,6.31382104,1.00148276,1.00474829
c,c,-1.0,6.33495691,1.00435635,1.00533314
c,c,-1.0,6.35600914,1.00191307,1.00602406
c,c,-1.0,6.37663869,0.99908272,1.00645865
c,c,-1.0,6.39770954,1.00294767,1.0044901
c,c,-1.0,6.41872759,1.00240772,1.00433442
c,c,-1.0,6.43951457,1.00275717,1.00512873
c,c,-1.0,6.46033562,1.00158245,1.00158477
c,c,-1.0,6.4814564,1.00265733,1.00493903
c,c,-1.0,6.50265681,1.00585756,1.00359805
c,c,-1.0,6.52350383,1.00140642,1.00650593
c,c,-1.0,6.54427866,1.00426003,1.00168282
c,c,-1.0,6.56515568,1.00204847,1.00378101
c,c,-1.0,6.58628576,0.999710884,1.00401963
c,c,-1.0,6.60749316,1.00349767,1.00433559
c,c,-1.0,6.62830625,1.00082385,1.00073919
c,c,-1.0,6.64913567,1.00074584,1.00592419
c,c,-1.0,6.67020149,1.0016681,1.00307591
c,c,-1.0,6.69106898,1.00292902,1.00320201
c,c,-1.0,6.71185955,1.00254,1.00381448
c,c,-1.0,6.73264651,1.0015285,1.00399795
c,c,-1.0,6.7537045,1.00442563,1.00611102
c,c,-1.0,6.77487174,1.00052802,1.00144367
c,c,-1.0,6.79557562,1.00030691,1.00201311
c,c,-1.0,6.81648781,1.00257068,1.00289598
c,c,-1.0,6.83753747,0.999975408,1.00336345
c,c,-1.0,6.85867557,1.00011968,1.00275802
c,c,-1.0,6.87985316,1.00179226,1.00255853
c,c,-1.0,6.90065786,1.00248445,1.00053991
c,c,-1.0,6.92153112,1.00053222,1.00186038
c,c,-1.0,6.94229803,0.999639652,1.00052284
c,c,-1.0,6.9630016,1.00167285,1.00274422
c,c,-1.0,6.98416877,1.00001338,1.00166543
c,c,-1.0,7.0052781,1.00127961,1.00213693
c,c,-1.0,7.02617612,1.00274166,1.00223694
c,c,-1.0,7.04699526,0.998889674,1.00135636
c,c,-1.0,7.06761685,1.0032555,1.00193016
c,c,-1.0,7.08873369,1.00041834,1.00043107
c,c,-1.0,7.10994937,1.00090789,1.00150321
c,c,-1.0,7.13102893,1.00156718,1.00555889
c,c,-1.0,7.15201412,0.999945823,0.999821845
c,c,-1.0,7.17271336,1.00278642,1.00376025
c,c,-1.0,7.19374266,0.998813725,1.0012123
c,c,-1.0,7.21473042,1.00090659,0.998538462
c,c,-1.0,7.23564263,0.999868852,1.00056568
c,c,-1.0,7.25666289,1.00058622,1.00019635
c,c,-1.0,7.27757645,0.999063146,0.999199915
c,c,-1.0,7.2984411,1.00077909,0.998687759
c,c,-1.0,7.31917384,1.00360666,0.998915909
c,c,-1.0,7.34001688,0.999601258,0.999778943
c,c,-1.0,7.3611683,0.999282794,1.00060357
c,c,-1.0,7.38224284,0.998490633,0.998000893
c,c,-1.0,7.40324015,1.00114373,0.999785241
c,c,-1.0,7.42408854,1.00081573,0.998192512
c,c,-1.0,7.44500634,1.0003105,0.999328618
c,c,-1.0,7.46595959,1.00103293,0.999260398
c,c,-1.0,7.48696308,0.998626158,0.998703531
c,c,-1.0,7.5079936,0.999385031,0.999601617
c,c,-1.0,7.52871967,1.0017902,0.998501397
c,c,-1.0,7.54966921,0.998167131,0.997697351
c,c,-1.0,7.57064902,1.00197747,0.998000217
c,c,-1.0,7.59151428,0.999728999,1.00033621
c,c,-1.0,7.6123809,1.0012234,0.998901469
c,c,-1.0,7.63338324,1.00080627,0.996542132
c,c,-1.0,7.65450532,1.00034135,0.998285521
c,c,-1.0,7.67556944,0.999320264,0.998609044
c,c,-1.0,7.69637751,1.00042951,0.998934404
c,c,-1.0,7.71727216,1.00033834,1.00092471
c,c,-1.0,7.73835725,1.00026778,1.00017218
c,c,-1.0,7.75934923,0.998597895,0.997689517
c,c,-1.0,7.78023116,0.99792996,0.999860873
c,c,-1.0,7.80098697,0.996444794,0.997911175
c,c,-1.0,7.82190677,1.00387497,0.997828874
c,c,-1.0,7.84304931,0.998273573,0.997571134
c,c,-1.0,7.86405132,0.997763036,0.999492095
c,c,-1.0,7.88484553,0.998827244,0.996571683
c,c,-1.0,7.90574885,1.00111065,0.999011332
c,c,-1.0,7.9267531,0.99883828,0.99509563
c,c,-1.0,7.94765228,0.997667352,0.996998711
c,c,-1.0,7.96842304,0.998971944,0.996525918
c,c,-1.0,7.98938616,0.999616571,0.997232385
c,c,-1.0,8.01050815,0.998992967,0.997874185
c,c,-1.0,8.03153334,0.999411298,0.996215354
c,c,-1.0,8.05240251,1.00060696,0.99905334
c,c,-1.0,8.07332696,0.997226962,0.999588463
c,c,-1.0,8.09438514,0.998493987,0.99694299
c,c,-1.0,8.11529588,1.00171546,0.997206686
c,c,-1.0,8.13618411,0.998469173,0.996250905
c,c,-1.0,8.15717855,0.997752888,0.996914656
c,c,-1.0,8.17807847,0.999537158,0.996159843
c,c,-1.0,8.19905269,0.997250631,0.995951158
c,c,-1.0,8.21991085,0.998369059,0.995099532
c,c,-1.0,8.24078529,0.999437798,0.995679729
c,c,-1.0,8.26195652,0.998270096,0.996255963
c,c,-1.0,8.28293039,0.996829649,0.996029705
c,c,-1.0,8.30373423,1.00130173,0.993294792
c,c,-1.0,8.32452583,0.998283291,0.99471531
c,c,-1.0,8.34556221,0.999523383,0.995327166
c,c,-1.0,8.36671927,0.997964939,0.997631071
c,c,-1.0,8.38757523,0.994792159,0.997211303
c,c,-1.0,8.40855808,0.998758096,0.992897236
c,c,-1.0,8.42953585,0.999020242,0.99652021
c,c,-1.0,8.45042977,0.997176423,0.999413558
c,c,-1.0,8.47138662,0.998575588,0.996290744
c,c,-1.0,8.49217243,0.998877159,0.997127174
c,c,-1.0,8.51321806,1.00055451,0.996588257
c,c,-1.0,8.53421183,1.00042614,0.996231451
c,c,-1.0,8.55508292,0.998716649,0.994188816
c,c,-1.0,8.57598662,0.999033884,0.996827152
c,c,-1.0,8.59679232,0.998067733,0.99561242
c,c,-1.0,8.61783107,1.00057858,0.996103552
c,c,-1.0,8.63891768,0.998860151,0.997144954
c,c,-1.0,8.65972861,1.0011398,0.995201715
c,c,-1.0,8.68059853,0.997575923,0.995653099
c,c,-1.0,8.70174168,0.998971242,0.993742311
c,c,-1.0,8.72279566,0.997491722,0.996537793
c,c,-1.0,8.74359241,0.996075122,0.996969074
c,c,-1.0,8.76424415,0.99838257,0.995039013
c,c,-1.0,8.78526729,0.998676575,0.996015812
c,c,-1.0,8.80637189,0.996059673,0.997064319
c,c,-1.0,8.82736896,0.999911082,0.997300499
c,c,-1.0,8.84843212,0.999819671,0.996433075
c,c,-1.0,8.86933197,0.996910974,0.995505087
c,c,-1.0,8.89026857,0.997842942,0.996526343
c,c,-1.0,8.91123702,0.997797019,0.99807256
c,c,-1.0,8.93214776,0.997065754,0.996289081
c,c,-1.0,8.95312097,0.999128939,0.997613594
c,c,-1.0,8.9741304,0.998553593,0.994831829
c,c,-1.0,8.99505705,0.999054428,0.994724874
c,c,-1.0,9.01571368,0.998321197,0.993772924
c,c,-1.0,9.03640927,0.998669346,0.995364051
c,c,-1.0,9.05755121,0.995457599,0.994982815
c,c,-1.0,9.07868023,0.994938003,0.996122657
c,c,-1.0,9.09969513,0.998468451,0.996672295
c,c,-1.0,9.1205658,0.998444446,0.996466676
c,c,-1.0,9.14137844,0.998939724,0.997449499
c,c,-1.0,9.16237082,0.99790831,0.996717746
c,c,-1.0,9.18339441,0.998637318,0.996315598
c,c,-1.0,9.20447395,0.998838658,0.997362706
c,c,-1.0,9.22549281,0.998516287,0.997786843
c,c,-1.0,9.2463962,1.00013313,0.996192574
c,c,-1.0,9.26722673,0.996497546,0.995192165
c,c,-1.0,9.28791689,0.995973575,0.995436954
c,c,-1.0,9.30892724,0.99698998,0.9991216
c,c,-1.0,9.33003065,0.996932446,0.997984953
c,c,-1.0,9.35102864,1.0010247,0.996031515
c,c,-1.0,9.37196601,1.0008084,0.994617908
c,c,-1.0,9.39258783,0.997785995,0.997546631
c,c,-1.0,9.41349621,0.997586382,0.997346129
c,c,-1.0,9.4347927,0.999349939,0.99681414
c,c,-1.0,9.45587737,0.997676874,0.995593204
c,c,-1.0,9.47676866,0.998793006,0.99799777
c,c,-1.0,9.49762777,0.999663384,0.999152954
c,c,-1.0,9.51852362,1.00028878,0.995333152
c,c,-1.0,9.53939795,0.998384321,0.998169186
c,c,-1.0,9.56035551,0.997750461,0.997434728
c,c,-1.0,9.58149741,0.996867311,0.996426294
c,c,-1.0,9.60249587,0.998929412,0.995264111
c,c,-1.0,9.62336478,0.999339327,0.997181458
c,c,-1.0,9.64415055,1.00087568,0.997876864
c,c,-1.0,9.66502224,0.996753593,0.996847669
c,c,-1.0,9.68597433,0.998598564,0.996418148
c,c,-1.0,9.7069728,0.998558832,0.998530072
c,c,-1.0,9.72797765,0.999727156,1.0002716
c,c,-1.0,9.74896401,0.996600948,0.995898745
c,c,-1.0,9.76996217,0.994162593,0.998680446
c,c,-1.0,9.79085678,0.999509083,0.995928927
c,c,-1.0,9.81166698,0.997809662,0.999540154
c,c,-1.0,9.83262494,0.997589886,0.997341233
c,c,-1.0,9.85372265,0.99919385,0.997377894
c,c,-1.0,9.87472665,1.00039937,0.996994844
c,c,-1.0,9.89559934,1.0012004,0.99864166
c,c,-1.0,9.91635289,1.00015327,1.00022257
c,c,-1.0,9.93737645,0.999591228,0.997229651
c,c,-1.0,9.95856995,0.997936724,0.995981192
c,c,-1.0,9.97940815,0.999908866,0.999152097
c,c,-1.0,10.000082,0.999173633,0.99647448
c,c,-0.8,0.0252815853,0.0119111025,0.00161831219
c,c,-0.8,0.0486976344,0.0115248269,0.00307103675
c,c,-0.8,0.0692644017,0.0118506954,0.00497733404
c,c,-0.8,0.08877835,0.0126539227,0.00763740312
c,c,-0.8,0.111604297,0.0132342055,0.01158774
c,c,-0.8,0.132731806,0.0144137467,0.0161903152
c,c,-0.8,0.153672181,0.0159273231,0.0212547595
c,c,-0.8,0.175641863,0.0169450218,0.0271052445
c,c,-0.8,0.196615509,0.0183340457,0.0335967833
c,c,-0.8,0.217326708,0.0204762298,0.0407213341
c,c,-0.8,0.237538457,0.0222356941,0.0483698154
c,c,-0.8,0.258148683,0.0244487532,0.0561594238
c,c,-0.8,0.28040349,0.027019089,0.0661532008
c,c,-0.8,0.301929084,0.0295220771,0.0760135044
c,c,-0.8,0.322287413,0.0319422471,0.0864656188
c,c,-0.8,0.342663331,0.0342869084,0.0978847727
c,c,-0.8,0.363641289,0.0375176403,0.108166002
c,c,-0.8,0.385602948,0.0410146372,0.120710101
c,c,-0.8,0.406737165,0.0443095317,0.133844512
c,c,-0.8,0.427001871,0.0480358075,0.147335672
c,c,-0.8,0.448754416,0.0518706888,0.162709367
c,c,-0.8,0.469601745,0.0555729154,0.175063046
c,c,-0.8,0.489805379,0.0594878339,0.191613574
c,c,-0.8,0.510302494,0.0638171542,0.20480695
c,c,-0.8,0.53178319,0.0677618794,0.220971377
c,c,-0.8,0.553922362,0.0732714321,0.238946165
c,c,-0.8,0.574670041,0.0776212135,0.254480808
c,c,-0.8,0.594645701,0.0824392373,0.273872993
c,c,-0.8,0.615540037,0.0871545857,0.288146059
c,c,-0.8,0.636554081,0.0924770844,0.306597531
c,c,-0.8,0.658102417,0.0991808369,0.327924978
c,c,-0.8,0.679189641,0.103472528,0.34317044
c,c,-0.8,0.700054044,0.110870366,0.364123144
c,c,-0.8,0.721329826,0.116602215,0.385003349
c,c,-0.8,0.742033923,0.123519729,0.401115566
c,c,-0.8,0.762614581,0.129108732,0.420472785
c,c,-0.8,0.783270495,0.135327239,0.441141012
c,c,-0.8,0.804783918,0.143365576,0.460970685
c,c,-0.8,0.826095906,0.150149935,0.48107143
c,c,-0.8,0.846303977,0.155790419,0.499496966
c,c,-0.8,0.867174819,0.164560825,0.524631966
c,c,-0.8,0.888413258,0.171415886,0.54747727
c,c,-0.8,0.909910564,0.181055528,0.566235094
c,c,-0.8,0.931134698,0.188830108,0.583269659
c,c,-0.8,0.951563161,0.197605284,0.602502628
c,c,-0.8,0.972160451,0.205261422,0.624889675
c,c,-0.8,0.993008165,0.212371504,0.64711128
c,c,-0.8,1.0140906,0.224693261,0.661312868
c,c,-0.8,1.03500338,0.232279602,0.684853388
c,c,-0.8,1.05657413,0.243640624,0.703259877
c,c,-0.8,1.07789814,0.254564054,0.72590216
c,c,-0.8,1.09835045,0.26373037,0.744434977
c,c,-0.8,1.11903902,0.271777196,0.764621517
c,c,-0.8,1.1396405,0.283157875,0.777003927
c,c,-0.8,1.16109193,0.294242001,0.797774212
c,c,-0.8,1.18227503,0.306458535,0.810709058
c,c,-0.8,1.2030555,0.317312188,0.827394955
c,c,-0.8,1.22375183,0.32847973,0.841868509
c,c,-0.8,1.24453484,0.3394294,0.857542275
c,c,-0.8,1.26570671,0.35370727,0.866896267
c,c,-0.8,1.28693994,0.364067592,0.890542063
c,c,-0.8,1.30807124,0.376778903,0.899314885
c,c,-0.8,1.32889646,0.390969249,0.910969998
c,c,-0.8,1.34945121,0.402735932,0.922410075
c,c,-0.8,1.37055188,0.416035324,0.931805005
c,c,-0.8,1.39148285,0.429248106,0.940842978
c,c,-0.8,1.41220445,0.44278706,0.950981229
c,c,-0.8,1.43352474,0.456480109,0.95849459
c,c,-0.8,1.45454751,0.46657813,0.966764593
c,c,-0.8,1.47511055,0.482251536,0.976157828
c,c,-0.8,1.49566583,0.498850672,0.981393569
c,c,-0.8,1.51690776,0.508937601,0.980176093
c,c,-0.8,1.53826425,0.52720049,0.989902782
c,c,-0.8,1.55931449,0.539780284,0.991519014
c,c,-0.8,1.58012172,0.553818884,1.00016659
c,c,-0.8,1.60114355,0.569867251,0.995479
c,c,-0.8,1.62229155,0.583714168,1.00208724
c,c,-0.8,1.64295947,0.594050218,1.00296031
c,c,-0.8,1.66366432,0.612381818,1.01288903
c,c,-0.8,1.68478217,0.621816839,1.01097675
c,c,-0.8,1.7057485,0.640521692,1.01121231
c,c,-0.8,1.72683745,0.653553748,1.01724364
c,c,-0.8,1.74765849,0.664302575,1.01806395
c,c,-0.8,1.76847487,0.67814874,1.01508238
c,c,-0.8,1.78961871,0.691793767,1.01287685
c,c,-0.8,1.81086098,0.703618622,1.0170214
c,c,-0.8,1.83179094,0.71637013,1.01054152
c,c,-0.8,1.8521746,0.732759649,1.01195287
c,c,-0.8,1.8733654,0.740838231,1.01234619
c,c,-0.8,1.89455538,0.754657435,1.00906883
c,c,-0.8,1.91534795,0.767437261,1.00980194
c,c,-0.8,1.93623233,0.777873925,1.01127484
c,c,-0.8,1.9571481,0.792557127,1.011957
c,c,-0.8,1.97825109,0.802221137,1.00880115
c,c,-0.8,1.99905898,0.810342424,1.00356864
c,c,-0.8,2.01966715,0.818586809,1.01030797
c,c,-0.8,2.04082415,0.831287533,1.00189931
c,c,-0.8,2.06193171,0.838930022,1.00531228
c,c,-0.8,2.08296048,0.851878685,1.00017737
c,c,-0.8,2.10383017,0.858558855,0.996789934
c,c,-0.8,2.12494312,0.868787256,0.996681776
c,c,-0.8,2.14618475,0.871628497,0.998333583
c,c,-0.8,2.16679298,0.87916816,0.996523975
c,c,-0.8,2.18753482,0.886306031,0.996935374
c,c,-0.8,2.20847027,0.894581251,0.989533413
c,c,-0.8,2.22955181,0.902472401,0.992480613
c,c,-0.8,2.25078374,0.903650438,0.991574582
c,c,-0.8,2.27150159,0.913480291,0.986427642
c,c,-0.8,2.29205574,0.912195353,0.993166699
c,c,-0.8,2.31294326,0.922014392,0.984151919
c,c,-0.8,2.3340363,0.925241702,0.985540438
c,c,-0.8,2.35514399,0.928712642,0.98306053
c,c,-0.8,2.37607726,0.936219071,0.984186153
c,c,-0.8,2.39730341,0.935262013,0.984559388
c,c,-0.8,2.41857203,0.940749888,0.984815654
c,c,-0.8,2.43911056,0.945363448,0.976366989
c,c,-0.8,2.45988005,0.947724791,0.980149906
c,c,-0.8,2.48094151,0.946232043,0.981755375
c,c,-0.8,2.50196601,0.95235438,0.979932205
c,c,-0.8,2.52300496,0.950513262,0.982132686
c,c,-0.8,2.54340089,0.960942576,0.974630251
c,c,-0.8,2.56415297,0.96049634,0.973932495
c,c,-0.8,2.58575836,0.962447993,0.975310579
c,c,-0.8,2.60684428,0.967579007,0.972137484
c,c,-0.8,2.62775949,0.965173332,0.975682546
c,c,-0.8,2.64834355,0.964900935,0.977415862
c,c,-0.8,2.66912062,0.96853936,0.975069624
c,c,-0.8,2.69039946,0.969398332,0.975770864
c,c,-0.8,2.71121518,0.970441523,0.976660565
c,c,-0.8,2.7321837,0.968588292,0.976740082
c,c,-0.8,2.75306239,0.97364073,0.973624738
c,c,-0.8,2.77427049,0.975589149,0.972860291
c,c,-0.8,2.79557932,0.974211885,0.974757217
c,c,-0.8,2.8160646,0.972573694,0.970619028
c,c,-0.8,2.83689478,0.972251284,0.976099854
c,c,-0.8,2.85801727,0.976541568,0.97609108
c,c,-0.8,2.87906973,0.977667522,0.976251493
c,c,-0.8,2.89996898,0.976882383,0.976825128
c,c,-0.8,2.92062944,0.974440027,0.975645141
c,c,-0.8,2.941605,0.975002544,0.973156555
c,c,-0.8,2.96267076,0.980529959,0.978778415
c,c,-0.8,2.98347442,0.981172664,0.976082444
c,c,-0.8,3.00437656,0.976323682,0.975085846
c,c,-0.8,3.02542142,0.976352187,0.972102625
c,c,-0.8,3.04658726,0.979755976,0.975737811
c,c,-0.8,3.06768101,0.977365273,0.976089737
c,c,-0.8,3.088328,0.981543216,0.972725971
c,c,-0.8,3.10931167,0.978632368,0.97654054
c,c,-0.8,3.1305457,0.976131085,0.975318747
c,c,-0.8,3.15150209,0.97931978,0.977474435
c,c,-0.8,3.17219014,0.980349899,0.97746642
c,c,-0.8,3.19299024,0.978852903,0.977137825
c,c,-0.8,3.21390436,0.97777137,0.977423444
c,c,-0.8,3.23506564,0.97914724,0.975672256
c,c,-0.8,3.25605387,0.980898002,0.979280731
c,c,-0.8,3.27685776,0.97690236,0.975568383
c,c,-0.8,3.29794723,0.976237472,0.979184755
c,c,-0.8,3.31884778,0.980500697,0.978602756
c,c,-0.8,3.33944269,0.98152379,0.978497049
c,c,-0.8,3.36030612,0.982133926,0.975940353
c,c,-0.8,3.38171654,0.980884593,0.979239564
c,c,-0.8,3.40297495,0.97836865,0.978255548
c,c,-0.8,3.42370792,0.981163992,0.981512161
c,c,-0.8,3.44440875,0.983270765,0.980952511
c,c,-0.8,3.465315,0.982140018,0.985113228
c,c,-0.8,3.4865867,0.982010307,0.982646273
c,c,-0.8,3.50751221,0.982187183,0.980846653
c,c,-0.8,3.52796741,0.980227091,0.983908472
c,c,-0.8,3.5488788,0.981920182,0.980783866
c,c,-0.8,3.57014151,0.980326708,0.98272136
c,c,-0.8,3.59120365,0.979013041,0.983436052
c,c,-0.8,3.61190928,0.983442116,0.984735965
c,c,-0.8,3.63300558,0.982959487,0.98202346
c,c,-0.8,3.6541422,0.982144885,0.982828312
c,c,-0.8,3.67500902,0.982837895,0.983208965
c,c,-0.8,3.69581564,0.984323328,0.98242152
c,c,-0.8,3.71644729,0.985263226,0.983967194
c,c,-0.8,3.73749774,0.981307919,0.98377286
c,c,-0.8,3.75868086,0.984771628,0.987251937
c,c,-0.8,3.77950549,0.982894555,0.983452584
c,c,-0.8,3.80027286,0.984347772,0.983517278
c,c,-0.8,3.82143123,0.984090182,0.9853095
c,c,-0.8,3.84280481,0.983779654,0.986936052
c,c,-0.8,3.86349282,0.983055144,0.98933511
c,c,-0.8,3.88417456,0.989264843,0.98908511
c,c,-0.8,3.90535419,0.98601058,0.990650804
c,c,-0.8,3.9264697,0.984311132,0.98787941
c,c,-0.8,3.94738681,0.983810029,0.98875331
c,c,-0.8,3.96810309,0.99006689,0.989550694
c,c,-0.8,3.98888694,0.986917604,0.99075847
c,c,-0.8,4.00993371,0.987432628,0.989206908
c,c,-0.8,4.03080983,0.987837773,0.991662797
c,c,-0.8,4.05178039,0.989951993,0.987451887
c,c,-0.8,4.07276799,0.985055864,0.988436012
c,c,-0.8,4.09368684,0.986735244,0.991178636
c,c,-0.8,4.11485609,0.989209602,0.993965616
c,c,-0.8,4.13583188,0.98913556,0.993770197
c,c,-0.8,4.15670688,0.987979364,0.99195737
c,c,-0.8,4.17758774,0.989920134,0.991013202
c,c,-0.8,4.19867141,0.986107715,0.991642469
c,c,-0.8,4.21961517,0.990809036,0.992918497
c,c,-0.8,4.24013393,0.987783833,0.996395371
c,c,-0.8,4.26119077,0.988681442,0.993767151
c,c,-0.8,4.28239268,0.989346163,0.995195542
c,c,-0.8,4.30342826,0.991179961,0.994400098
c,c,-0.8,4.32431592,0.988314077,0.99815714
c,c,-0.8,4.34508479,0.98827327,0.995706644
c,c,-0.8,4.36604259,0.989914788,0.995472616
c,c,-0.8,4.38708086,0.987576388,0.995701852
c,c,-0.8,4.40778797,0.989188176,0.998186736
c,c,-0.8,4.4288526,0.987985077,0.998304655
c,c,-0.8,4.44994967,0.992263207,1.00071439
c,c,-0.8,4.47085438,0.990713809,0.998507238
c,c,-0.8,4.49188801,0.989395598,0.996901213
c,c,-0.8,4.51250216,0.993840599,1.00247476
c,c,-0.8,4.5334461,0.99027829,0.998287751
c,c,-0.8,4.55463591,0.99195136,0.998666139
c,c,-0.8,4.57547609,0.996869375,1.00113547
c,c,-0.8,4.59643311,0.993883222,0.997622691
c,c,-0.8,4.61732903,0.991626365,0.99822448
c,c,-0.8,4.63833098,0.991897167,1.00076231
c,c,-0.8,4.65949324,0.994514546,0.999697336
c,c,-0.8,4.68039693,0.993641094,1.00208591
c,c,-0.8,4.70136745,0.993244625,1.00052039
c,c,-0.8,4.72221533,0.994627369,1.00282463
c,c,-0.8,4.74309374,0.993868375,1.00104185
c,c,-0.8,4.76390784,0.996610757,1.00099462
c,c,-0.8,4.78491795,0.9952278,1.00245784
c,c,-0.8,4.80636204,0.993761681,1.00271559
c,c,-0.8,4.82728449,0.997496792,1.00525645
c,c,-0.8,4.84785524,0.995266703,1.00321732
c,c,-0.8,4.86859731,0.996939942,1.00067159
c,c,-0.8,4.88954319,0.997800666,1.00577865
c,c,-0.8,4.91078695,0.996335682,1.0001611
c,c,-0.8,4.93172016,0.997136621,1.00631137
c,c,-0.8,4.95244063,0.999544468,1.00756785
c,c,-0.8,4.97348932,0.995895537,1.00424109
c,c,-0.8,4.994309,0.99664315,1.00794391
c,c,-0.8,5.01515697,0.997364856,1.0044664
c,c,-0.8,5.03598003,0.997160859,1.00251929
c,c,-0.8,5.05703237,0.999184668,1.00913862
c,c,-0.8,5.07840332,0.99522834,1.00679953
c,c,-0.8,5.09943841,0.998373738,1.0073633
c,c,-0.8,5.12032938,0.997572947,1.00601781
c,c,-0.8,5.14107614,0.998088626,1.00674157
c,c,-0.8,5.16214077,0.99585879,1.00870873
c,c,-0.8,5.18341099,1.00078362,1.00790163
c,c,-0.8,5.2041075,0.996737069,1.00786236
c,c,-0.8,5.22477891,1.00034487,1.00798731
c,c,-0.8,5.24557967,0.995436194,1.0059108
c,c,-0.8,5.26649236,0.999194389,1.00852138
c,c,-0.8,5.28753131,1.00144726,1.00775664
c,c,-0.8,5.30847064,0.999192888,1.00655686
c,c,-0.8,5.32946745,1.00199604,1.01005681
c,c,-0.8,5.3506922,0.999136297,1.00866396
c,c,-0.8,5.37158853,1.00156572,1.00703233
c,c,-0.8,5.39231925,1.00046048,1.00607459
c,c,-0.8,5.41333352,1.00307693,1.00876735
c,c,-0.8,5.43434316,1.00032695,1.00764126
c,c,-0.8,5.45530659,1.00082463,1.00716371
c,c,-0.8,5.47618498,1.00182538,1.00908867
c,c,-0.8,5.49715755,1.0025992,1.00738541
c,c,-0.8,5.51801586,1.00035638,1.0067201
c,c,-0.8,5.53881995,0.998270285,1.00797215
c,c,-0.8,5.55992514,1.0005567,1.00663352
c,c,-0.8,5.58098545,1.00157392,1.00709639
c,c,-0.8,5.60183772,1.00184752,1.00682273
c,c,-0.8,5.62277584,1.00070451,1.00561785
c,c,-0.8,5.64379172,1.00421353,1.01011984
c,c,-0.8,5.66460817,1.00464583,1.00596533
c,c,-0.8,5.68556022,1.00278516,1.00744256
c,c,-0.8,5.7067909,1.005188,1.01025672
c,c,-0.8,5.72769317,1.00151734,1.00900242
c,c,-0.8,5.74840017,1.00148227,1.0096976
c,c,-0.8,5.76938192,1.00185343,1.00924939
c,c,-0.8,5.79039764,1.00439541,1.00649785
c,c,-0.8,5.81144039,1.00403602,1.00803613
c,c,-0.8,5.83232115,1.00249498,1.00842811
c,c,-0.8,5.85320209,1.0037832,1.00709742
c,c,-0.8,5.87418919,1.00372727,1.00976099
c,c,-0.8,5.89509625,1.00080773,1.00600406
c,c,-0.8,5.9159726,1.00400373,1.00667785
c,c,-0.8,5.93682663,1.00275117,1.00764218
c,c,-0.8,5.95791772,1.00301782,1.01070465
c,c,-0.8,5.97900675,1.00244526,1.00873763
c,c,-0.8,5.99978945,1.00436263,1.00680178
c,c,-0.8,6.02063577,1.00418004,1.00724834
c,c,-0.8,6.04156421,1.00154435,1.00581758
c,c,-0.8,6.06259364,1.00077098,1.00851277
c,c,-0.8,6.08377541,1.00161821,1.0085693
c,c,-0.8,6.10447051,1.00399186,1.00756807
c,c,-0.8,6.12538157,1.00262113,1.0052518
c,c,-0.8,6.14660689,1.00393596,1.00686132
c,c,-0.8,6.16752321,0.999403376,1.00699919
c,c,-0.8,6.18833806,1.00396401,1.00621691
c,c,-0.8,6.20938667,1.00115375,1.0070903
c,c,-0.8,6.23052184,1.00381743,1.00421074
c,c,-0.8,6.25137137,1.00269561,1.00751699
c,c,-0.8,6.27204484,1.00140147,1.00466473
c,c,-0.8,6.29290789,1.00289195,1.00695634
c,c,-0.8,6.31382104,1.00290096,1.00670344
c,c,-0.8,6.33495691,0.9994608,1.00591954
c,c,-0.8,6.35600914,1.0019354,1.00751385
c,c,-0.8,6.37663869,1.00375211,1.00555536
c,c,-0.8,6.39770954,1.00210825,1.00648443
c,c,-0.8,6.41872759,1.00403186,1.0051358
c,c,-0.8,6.43951457,1.00087937,1.00561179
c,c,-0.8,6.46033562,1.00138441,1.00619364
c,c,-0.8,6.4814564,1.00002671,1.00683569
c,c,-0.8,6.50265681,1.00037641,1.00487091
c,c,-0.8,6.52350383,1.0036731,1.00500316
c,c,-0.8,6.54427866,1.00294082,1.00455661
c,c,-0.8,6.56515568,1.00128707,1.00398285
c,c,-0.8,6.58628576,1.00337596,1.00368299
c,c,-0.8,6.60749316,1.00193856,1.00254257
c,c,-0.8,6.62830625,1.0019964,1.00448193
c,c,-0.8,6.64913567,1.00321102,1.00439664
c,c,-0.8,6.67020149,1.00291241,1.00133104
c,c,-0.8,6.69106898,1.00282545,1.00355773
c,c,-0.8,6.71185955,1.00150363,1.00277772
c,c,-0.8,6.73264651,1.00288106,1.00007283
c,c,-0.8,6.7537045,1.00273055,1.00466198
c,c,-0.8,6.77487174,0.999811089,1.00631446
c,c,-0.8,6.79557562,1.00266153,1.00052219
c,c,-0.8,6.81648781,1.00193609,1.00007714
c,c,-0.8,6.83753747,1.0017868,1.00083627
c,c,-0.8,6.85867557,1.00181769,1.00294774
c,c,-0.8,6.87985316,0.998711097,1.0012555
c,c,-0.8,6.90065786,1.00220482,1.00394224
c,c,-0.8,6.92153112,0.99886554,1.00252211
c,c,-0.8,6.94229803,0.999610998,1.0017797
c,c,-0.8,6.9630016,1.00048295,1.00115156
c,c,-0.8,6.98416877,1.00165525,1.00085725
c,c,-0.8,7.0052781,0.99986244,1.00354022
c,c,-0.8,7.02617612,1.00283934,1.00208595
c,c,-0.8,7.04699526,1.00065967,1.00133628
c,c,-0.8,7.06761685,1.00065327,1.00251077
c,c,-0.8,7.08873369,1.00144214,0.999884172
c,c,-0.8,7.10994937,1.00179629,1.00367881
c,c,-0.8,7.13102893,0.998397398,1.00248977
c,c,-0.8,7.15201412,1.00336201,1.00114913
c,c,-0.8,7.17271336,1.00210691,1.00048147
c,c,-0.8,7.19374266,1.00263885,1.00167154
c,c,-0.8,7.21473042,1.00122294,0.998270081
c,c,-0.8,7.23564263,1.00203433,1.00126132
c,c,-0.8,7.25666289,1.00119016,0.998732837
c,c,-0.8,7.27757645,0.998963335,1.00030626
c,c,-0.8,7.2984411,0.998764552,1.00078312
c,c,-0.8,7.31917384,1.00176171,1.00051853
c,c,-0.8,7.34001688,0.998258004,0.999888726
c,c,-0.8,7.3611683,1.00153306,0.999322328
c,c,-0.8,7.38224284,1.00247334,1.00022961
c,c,-0.8,7.40324015,0.996326116,0.999773286
c,c,-0.8,7.42408854,1.00037998,0.998727841
c,c,-0.8,7.44500634,1.00239912,0.999670126
c,c,-0.8,7.46595959,0.99962811,0.998713054
c,c,-0.8,7.48696308,0.998228275,1.00179477
c,c,-0.8,7.5079936,0.99959338,0.999235351
c,c,-0.8,7.52871967,0.999484349,0.999590285
c,c,-0.8,7.54966921,1.00031076,0.997520982
c,c,-0.8,7.57064902,0.997331477,1.00059168
c,c,-0.8,7.59151428,1.00025062,0.999835416
c,c,-0.8,7.6123809,1.00093491,1.00009616
c,c,-0.8,7.63338324,1.0007583,0.995588226
c,c,-0.8,7.65450532,0.999056476,0.998384818
c,c,-0.8,7.67556944,0.999605441,0.997862817
c,c,-0.8,7.69637751,0.997525068,0.999770193
c,c,-0.8,7.71727216,0.999485395,0.997402113
c,c,-0.8,7.73835725,0.999389353,1.00041852
c,c,-0.8,7.75934923,0.997391763,0.997146064
c,c,-0.8,7.78023116,0.999906711,0.996625568
c,c,-0.8,7.80098697,0.999547277,0.996091919
c,c,-0.8,7.82190677,0.997146692,0.996531547
c,c,-0.8,7.84304931,0.999400643,0.996965484
c,c,-0.8,7.86405132,0.998241056,0.998507866
c,c,-0.8,7.88484553,0.998650978,0.998587959
c,c,-0.8,7.90574885,0.997891343,0.993863335
c,c,-0.8,7.9267531,0.99860637,0.998447387
c,c,-0.8,7.94765228,1.00012411,0.996937256
c,c,-0.8,7.96842304,1.00092649,0.996919638
c,c,-0.8,7.98938616,0.997736571,0.996887879
c,c,-0.8,8.01050815,1.00097972,0.997557943
c,c,-0.8,8.03153334,0.999777549,0.997520962
c,c,-0.8,8.05240251,0.99567755,0.996580594
c,c,-0.8,8.07332696,1.00075214,0.99888349
c,c,-0.8,8.09438514,0.999083465,0.995050948
c,c,-0.8,8.11529588,0.99771869,0.993989763
c,c,-0.8,8.13618411,0.998783119,0.997724469
c,c,-0.8,8.15717855,1.00206612,0.997612621
c,c,-0.8,8.17807847,0.999567871,0.997756374
c,c,-0.8,8.19905269,0.998473912,0.9948084
c,c,-0.8,8.21991085,0.999484836,0.999462244
c,c,-0.8,8.24078529,0.999023628,0.99827664
c,c,-0.8,8.26195652,0.998601307,0.997216413
c,c,-0.8,8.28293039,1.00015384,0.995626535
c,c,-0.8,8.30373423,0.998320169,0.994850852
c,c,-0.8,8.32452583,0.999116944,0.996827017
c,c,-0.8,8.34556221,0.998806197,0.994299171
c,c,-0.8,8.36671927,0.997401516,0.997191645
c,c,-0.8,8.38757523,0.9989594,0.997839591
c,c,-0.8,8.40855808,0.997827043,0.996105758
c,c,-0.8,8.42953585,0.997764095,0.999919492
c,c,-0.8,8.45042977,0.997487119,0.996147009
c,c,-0.8,8.47138662,0.99744621,0.995156953
c,c,-0.8,8.49217243,0.998092996,0.994607212
c,c,-0.8,8.51321806,0.998707449,0.997621309
c,c,-0.8,8.53421183,0.998762556,0.992553852
c,c,-0.8,8.55508292,0.999150347,0.996725141
c,c,-0.8,8.57598662,0.999760037,0.995164351
c,c,-0.8,8.59679232,0.997964977,0.997345627
c,c,-0.8,8.61783107,0.999261701,0.995023725
c,c,-0.8,8.63891768,0.999702306,0.995900119
c,c,-0.8,8.65972861,0.99725981,0.995589698
c,c,-0.8,8.68059853,0.998551862,0.994957632
c,c,-0.8,8.70174168,0.997382077,0.994897732
c,c,-0.8,8.72279566,0.999164618,0.994796166
c,c,-0.8,8.74359241,0.99770913,0.995678939
c,c,-0.8,8.76424415,0.994553161,0.997620582
c,c,-0.8,8.78526729,0.995709919,0.996065028
c,c,-0.8,8.80637189,0.998962654,0.99619934
c,c,-0.8,8.82736896,0.999625929,0.994123765
c,c,-0.8,8.84843212,1.00111145,0.996412106
c,c,-0.8,8.86933197,0.99742954,0.997143909
c,c,-0.8,8.89026857,0.999722762,0.995793685
c,c,-0.8,8.91123702,0.998185513,0.997306491
c,c,-0.8,8.93214776,0.99891299,0.997315672
c,c,-0.8,8.95312097,0.998295682,0.995010412
c,c,-0.8,8.9741304,0.997019498,0.995149882
c,c,-0.8,8.99505705,0.998168997,0.995904684
c,c,-0.8,9.01571368,0.997939776,0.996349313
c,c,-0.8,9.03640927,0.999517331,0.996376274
c,c,-0.8,9.05755121,0.996618486,0.996458846
c,c,-0.8,9.07868023,0.99796561,0.997393113
c,c,-0.8,9.09969513,0.998583378,0.996122215
c,c,-0.8,9.1205658,0.9973715,0.997059463
c,c,-0.8,9.14137844,0.999065551,0.99734567
c,c,-0.8,9.16237082,0.998108056,0.996611629
c,c,-0.8,9.18339441,0.997982626,0.997981681
c,c,-0.8,9.20447395,0.99888692,0.996365206
c,c,-0.8,9.22549281,0.99933945,0.995188366
c,c,-0.8,9.2463962,0.999624338,0.993650413
c,c,-0.8,9.26722673,0.998258536,0.995494146
c,c,-0.8,9.28791689,0.998634996,0.996235291
c,c,-0.8,9.30892724,0.998024411,0.996503682
c,c,-0.8,9.33003065,0.998706654,0.995007121
c,c,-0.8,9.35102864,0.999733471,0.996504996
c,c,-0.8,9.37196601,0.997853933,0.998233209
c,c,-0.8,9.39258783,0.997974418,0.994509613
c,c,-0.8,9.41349621,0.999203315,0.994217811
c,c,-0.8,9.4347927,0.99761,0.997903266
c,c,-0.8,9.45587737,0.997070559,0.997586192
c,c,-0.8,9.47676866,0.998114268,0.999225453
c,c,-0.8,9.49762777,1.00010948,0.997221924
c,c,-0.8,9.51852362,0.999086365,0.996588009
c,c,-0.8,9.53939795,0.996335457,0.996713483
c,c,-0.8,9.56035551,0.998747574,0.996773017
c,c,-0.8,9.58149741,0.997832623,0.99812913
c,c,-0.8,9.60249587,1.00022476,0.999820616
c,c,-0.8,9.62336478,0.998344578,0.997056091
c,c,-0.8,9.64415055,0.996145476,0.996766986
c,c,-0.8,9.66502224,0.998954296,0.997058436
c,c,-0.8,9.68597433,0.996792593,0.998909675
c,c,-0.8,9.7069728,0.998270495,0.997719279
c,c,-0.8,9.72797765,0.998525152,0.998413601
c,c,-0.8,9.74896401,1.00036431,0.996717917
c,c,-0.8,9.76996217,1.00038491,0.997973088
c,c,-0.8,9.79085678,0.997187151,0.998432262
c,c,-0.8,9.81166698,0.997978218,0.996626731
c,c,-0.8,9.83262494,0.999200254,0.997375444
c,c,-0.8,9.85372265,0.99762103,0.999097073
c,c,-0.8,9.87472665,0.999334303,0.998825851
c,c,-0.8,9.89559934,0.998503804,1.00069318
c,c,-0.8,9.91635289,1.0008863,0.998942105
c,c,-0.8,9.93737645,0.999701398,0.997307168
c,c,-0.8,9.95856995,0.999218874,0.997293745
c,c,-0.8,9.97940815,0.999113263,0.996952299
c,c,-0.8,10.000082,0.999472647,0.999233687
c,c,-0.6,0.0252815853,0.0221943551,0.00255140963
c,c,-0.6,0.0486976344,0.022593341,0.00419169551
c,c,-0.6,0.0692644017,0.0232502638,0.00626665293
c,c,-0.6,0.08877835,0.0230387762,0.00876943307
c,c,-0.6,0.111604297,0.0240705466,0.0125044521
c,c,-0.6,0.132731806,0.0249669337,0.0169755378
c,c,-0.6,0.153672181,0.0261844848,0.0217780371
c,c,-0.6,0.175641863,0.0272934545,0.0282131245
c,c,-0.6,0.196615509,0.0288571969,0.0339419888
c,c,-0.6,0.217326708,0.0310993938,0.0418601284
c,c,-0.6,0.237538457,0.0320554272,0.0483929454
c,c,-0.6,0.258148683,0.0345492447,0.0572708904
c,c,-0.6,0.28040349,0.0368337551,0.0675843975
c,c,-0.6,0.301929084,0.0394057557,0.0765544421
c,c,-0.6,0.322287413,0.0417465925,0.0860763906
c,c,-0.6,0.342663331,0.0446473188,0.0979534903
c,c,-0.6,0.363641289,0.0471248016,0.108480819
c,c,-0.6,0.385602948,0.049970243,0.12153931
c,c,-0.6,0.406737165,0.0536084147,0.135284905
c,c,-0.6,0.427001871,0.0571451259,0.145726253
c,c,-0.6,0.448754416,0.0604731037,0.161962801
c,c,-0.6,0.469601745,0.0647005173,0.175631176
c,c,-0.6,0.489805379,0.0678799483,0.190427685
c,c,-0.6,0.510302494,0.0714222594,0.20608161
c,c,-0.6,0.53178319,0.076156502,0.221356862
c,c,-0.6,0.553922362,0.0810187586,0.241025836
c,c,-0.6,0.574670041,0.0850343673,0.25665033
c,c,-0.6,0.594645701,0.0893259923,0.27370496
c,c,-0.6,0.615540037,0.094561841,0.291019747
c,c,-0.6,0.636554081,0.100232912,0.308772263
c,c,-0.6,0.658102417,0.106124113,0.324601372
c,c,-0.6,0.679189641,0.110429811,0.345124593
c,c,-0.6,0.700054044,0.116494659,0.363050882
c,c,-0.6,0.721329826,0.121964723,0.382953921
c,c,-0.6,0.742033923,0.12792275,0.400697361
c,c,-0.6,0.762614581,0.135069157,0.423573139
c,c,-0.6,0.783270495,0.141015823,0.441656956
c,c,-0.6,0.804783918,0.146604205,0.462175386
c,c,-0.6,0.826095906,0.155128056,0.484221862
c,c,-0.6,0.846303977,0.162511647,0.501180759
c,c,-0.6,0.867174819,0.168351348,0.523022069
c,c,-0.6,0.888413258,0.177025641,0.542354588
c,c,-0.6,0.909910564,0.184044457,0.562987827
c,c,-0.6,0.931134698,0.191813763,0.587029552
c,c,-0.6,0.951563161,0.200888963,0.604428868
c,c,-0.6,0.972160451,0.207680765,0.626180027
c,c,-0.6,0.993008165,0.216177046,0.648170994
c,c,-0.6,1.0140906,0.224389281,0.673496501
c,c,-0.6,1.03500338,0.234924062,0.686674889
c,c,-0.6,1.05657413,0.245537087,0.709477788
c,c,-0.6,1.07789814,0.25535846,0.722950503
c,c,-0.6,1.09835045,0.262591797,0.744510021
c,c,-0.6,1.11903902,0.272930147,0.760063313
c,c,-0.6,1.1396405,0.281702184,0.779471397
c,c,-0.6,1.16109193,0.294508489,0.790330806
c,c,-0.6,1.18227503,0.305279843,0.809747906
c,c,-0.6,1.2030555,0.317133507,0.828569243
c,c,-0.6,1.22375183,0.325376105,0.844180464
c,c,-0.6,1.24453484,0.338312186,0.859665402
c,c,-0.6,1.26570671,0.348538186,0.869680622
c,c,-0.6,1.28693994,0.360644432,0.885004307
c,c,-0.6,1.30807124,0.372616246,0.894645475
c,c,-0.6,1.32889646,0.384520016,0.909158413
c,c,-0.6,1.34945121,0.39765181,0.923390306
c,c,-0.6,1.37055188,0.408835082,0.930678904
c,c,-0.6,1.39148285,0.422351002,0.93891294
c,c,-0.6,1.41220445,0.435137951,0.951877665
c,c,-0.6,1.43352474,0.449680384,0.957467885
c,c,-0.6,1.45454751,0.461017255,0.966511175
c,c,-0.6,1.47511055,0.476679113,0.975446258
c,c,-0.6,1.49566583,0.488444059,0.979020362
c,c,-0.6,1.51690776,0.500391854,0.985658644
c,c,-0.6,1.53826425,0.51504225,0.995206385
c,c,-0.6,1.55931449,0.527987506,0.992410034
c,c,-0.6,1.58012172,0.540230001,0.995566245
c,c,-0.6,1.60114355,0.555421033,0.995185654
c,c,-0.6,1.62229155,0.571602713,1.00184839
c,c,-0.6,1.64295947,0.582705466,1.00989068
c,c,-0.6,1.66366432,0.597725654,1.01063072
c,c,-0.6,1.68478217,0.610769011,1.0095309
c,c,-0.6,1.7057485,0.625372435,1.01171857
c,c,-0.6,1.72683745,0.639912264,1.01679379
c,c,-0.6,1.74765849,0.651362642,1.00897793
c,c,-0.6,1.76847487,0.66492417,1.0139466
c,c,-0.6,1.78961871,0.677652477,1.01210999
c,c,-0.6,1.81086098,0.688725941,1.01840619
c,c,-0.6,1.83179094,0.702826143,1.01451451
c,c,-0.6,1.8521746,0.716631804,1.01402719
c,c,-0.6,1.8733654,0.725281474,1.01296003
c,c,-0.6,1.89455538,0.740097012,1.01396923
c,c,-0.6,1.91534795,0.747540469,1.01402144
c,c,-0.6,1.93623233,0.759338027,1.01277158
c,c,-0.6,1.9571481,0.769951506,1.01342312
c,c,-0.6,1.97825109,0.779248035,1.00881195
c,c,-0.6,1.99905898,0.790709955,1.00540005
c,c,-0.6,2.01966715,0.800799648,1.00666819
c,c,-0.6,2.04082415,0.813857717,1.0061362
c,c,-0.6,2.06193171,0.820955437,1.00535953
c,c,-0.6,2.08296048,0.829217075,1.00391173
c,c,-0.6,2.10383017,0.840720344,0.995599316
c,c,-0.6,2.12494312,0.846910893,1.00075662
c,c,-0.6,2.14618475,0.855929662,0.999385043
c,c,-0.6,2.16679298,0.861555231,0.994792854
c,c,-0.6,2.18753482,0.867279666,0.996450248
c,c,-0.6,2.20847027,0.875875492,0.991730032
c,c,-0.6,2.22955181,0.885526552,0.994436807
c,c,-0.6,2.25078374,0.887471122,0.992616217
c,c,-0.6,2.27150159,0.892951431,0.990472666
c,c,-0.6,2.29205574,0.897205421,0.988889743
c,c,-0.6,2.31294326,0.905151819,0.988132771
c,c,-0.6,2.3340363,0.908147383,0.986048495
c,c,-0.6,2.35514399,0.913669648,0.985201436
c,c,-0.6,2.37607726,0.917709142,0.984342952
c,c,-0.6,2.39730341,0.924774519,0.980555064
c,c,-0.6,2.41857203,0.925152006,0.981857006
c,c,-0.6,2.43911056,0.929607954,0.984376378
c,c,-0.6,2.45988005,0.931287432,0.982576829
c,c,-0.6,2.48094151,0.933740024,0.981492609
c,c,-0.6,2.50196601,0.935625254,0.980686435
c,c,-0.6,2.52300496,0.939967538,0.977405616
c,c,-0.6,2.54340089,0.945133677,0.974944911
c,c,-0.6,2.56415297,0.942534985,0.977043226
c,c,-0.6,2.58575836,0.94538206,0.978287591
c,c,-0.6,2.60684428,0.94793491,0.976411717
c,c,-0.6,2.62775949,0.949649329,0.977683935
c,c,-0.6,2.64834355,0.953109851,0.97627234
c,c,-0.6,2.66912062,0.952684457,0.97325071
c,c,-0.6,2.69039946,0.960098204,0.974498549
c,c,-0.6,2.71121518,0.951980252,0.971376991
c,c,-0.6,2.7321837,0.958452583,0.972304057
c,c,-0.6,2.75306239,0.95588591,0.969753035
c,c,-0.6,2.77427049,0.958541355,0.977248874
c,c,-0.6,2.79557932,0.957931627,0.972713301
c,c,-0.6,2.8160646,0.96249637,0.973716189
c,c,-0.6,2.83689478,0.9667301,0.972800371
c,c,-0.6,2.85801727,0.965696308,0.97361057
c,c,-0.6,2.87906973,0.967740615,0.973245264
c,c,-0.6,2.89996898,0.961444877,0.975714333
c,c,-0.6,2.92062944,0.96600408,0.972907249
c,c,-0.6,2.941605,0.965658393,0.976465186
c,c,-0.6,2.96267076,0.96885373,0.978195767
c,c,-0.6,2.98347442,0.969293035,0.976246982
c,c,-0.6,3.00437656,0.968202323,0.973799426
c,c,-0.6,3.02542142,0.970195914,0.978234769
c,c,-0.6,3.04658726,0.97247845,0.974120718
c,c,-0.6,3.06768101,0.970021898,0.973080666
c,c,-0.6,3.088328,0.972277438,0.977583248
c,c,-0.6,3.10931167,0.967847202,0.974365117
c,c,-0.6,3.1305457,0.97372307,0.974403253
c,c,-0.6,3.15150209,0.972061899,0.97728612
c,c,-0.6,3.17219014,0.97584895,0.977387634
c,c,-0.6,3.19299024,0.97387585,0.977667507
c,c,-0.6,3.21390436,0.972851173,0.982976321
c,c,-0.6,3.23506564,0.970163964,0.979544946
c,c,-0.6,3.25605387,0.969704192,0.97871455
c,c,-0.6,3.27685776,0.971385725,0.983331716
c,c,-0.6,3.29794723,0.971706342,0.976931706
c,c,-0.6,3.31884778,0.97838945,0.978324194
c,c,-0.6,3.33944269,0.976680018,0.978794773
c,c,-0.6,3.36030612,0.973829049,0.978997578
c,c,-0.6,3.38171654,0.977496009,0.982954491
c,c,-0.6,3.40297495,0.975003864,0.980559176
c,c,-0.6,3.42370792,0.974641993,0.978013961
c,c,-0.6,3.44440875,0.976156205,0.983290526
c,c,-0.6,3.465315,0.977506336,0.979573503
c,c,-0.6,3.4865867,0.974041832,0.981729341
c,c,-0.6,3.50751221,0.977122866,0.984461978
c,c,-0.6,3.52796741,0.976234049,0.98071736
c,c,-0.6,3.5488788,0.977377573,0.985455558
c,c,-0.6,3.57014151,0.978334757,0.978709874
c,c,-0.6,3.59120365,0.97664161,0.985267255
c,c,-0.6,3.61190928,0.98071982,0.985999427
c,c,-0.6,3.63300558,0.977263195,0.986058299
c,c,-0.6,3.6541422,0.978431119,0.98157151
c,c,-0.6,3.67500902,0.979235499,0.979085892
c,c,-0.6,3.69581564,0.978892224,0.984999156
c,c,-0.6,3.71644729,0.98235725,0.985290665
c,c,-0.6,3.73749774,0.97912954,0.982867199
c,c,-0.6,3.75868086,0.979523447,0.986368155
c,c,-0.6,3.77950549,0.981384272,0.984006473
c,c,-0.6,3.80027286,0.981932629,0.984481413
c,c,-0.6,3.82143123,0.980581454,0.985224116
c,c,-0.6,3.84280481,0.982358674,0.985656763
c,c,-0.6,3.86349282,0.983840314,0.985727927
c,c,-0.6,3.88417456,0.982510146,0.988722531
c,c,-0.6,3.90535419,0.983398202,0.988953418
c,c,-0.6,3.9264697,0.984917759,0.990550169
c,c,-0.6,3.94738681,0.98735635,0.989832942
c,c,-0.6,3.96810309,0.985793445,0.988546494
c,c,-0.6,3.98888694,0.985231639,0.989147583
c,c,-0.6,4.00993371,0.987794348,0.991205532
c,c,-0.6,4.03080983,0.987868887,0.988284594
c,c,-0.6,4.05178039,0.98703516,0.990115427
c,c,-0.6,4.07276799,0.985302279,0.98981021
c,c,-0.6,4.09368684,0.984144377,0.987088187
c,c,-0.6,4.11485609,0.986773231,0.992044594
c,c,-0.6,4.13583188,0.986763699,0.991573829
c,c,-0.6,4.15670688,0.986328065,0.994041974
c,c,-0.6,4.17758774,0.988085958,0.995201804
c,c,-0.6,4.19867141,0.989087945,0.993911429
c,c,-0.6,4.21961517,0.989968207,0.991991971
c,c,-0.6,4.24013393,0.987426675,0.996296317
c,c,-0.6,4.26119077,0.98916525,0.994695325
c,c,-0.6,4.28239268,0.98980423,0.995028934
c,c,-0.6,4.30342826,0.988037999,0.993315872
c,c,-0.6,4.32431592,0.990427119,0.996315178
c,c,-0.6,4.34508479,0.991706997,0.996098142
c,c,-0.6,4.36604259,0.9885159,0.995440744
c,c,-0.6,4.38708086,0.990144868,0.999760425
c,c,-0.6,4.40778797,0.989070013,0.999169647
c,c,-0.6,4.4288526,0.990792513,0.997790695
c,c,-0.6,4.44994967,0.990516854,0.996203954
c,c,-0.6,4.47085438,0.991616527,0.997736884
c,c,-0.6,4.49188801,0.99333978,0.998041337
c,c,-0.6,4.51250216,0.994949219,1.00064715
c,c,-0.6,4.5334461,0.99356893,1.00343137
c,c,-0.6,4.55463591,0.994494661,1.00012426
c,c,-0.6,4.57547609,0.99126245,1.00032334
c,c,-0.6,4.59643311,0.993508049,1.00005374
c,c,-0.6,4.61732903,0.993635333,1.00317805
c,c,-0.6,4.63833098,0.995586395,1.00071764
c,c,-0.6,4.65949324,0.993110516,1.00292712
c,c,-0.6,4.68039693,0.998927551,1.00199135
c,c,-0.6,4.70136745,0.996663473,1.00258366
c,c,-0.6,4.72221533,0.995401476,1.00314582
c,c,-0.6,4.74309374,0.994008525,1.00209599
c,c,-0.6,4.76390784,0.995805559,1.00318099
c,c,-0.6,4.78491795,0.995301695,1.00355343
c,c,-0.6,4.80636204,0.996437031,1.00565368
c,c,-0.6,4.82728449,0.995842383,1.0084956
c,c,-0.6,4.84785524,0.995959204,1.0048875
c,c,-0.6,4.86859731,0.995365188,1.00141937
c,c,-0.6,4.88954319,0.994883014,1.00610109
c,c,-0.6,4.91078695,0.99578587,1.00506456
c,c,-0.6,4.93172016,0.997306225,1.00573027
c,c,-0.6,4.95244063,0.995716339,1.00237844
c,c,-0.6,4.97348932,0.996563932,1.00483941
c,c,-0.6,4.994309,0.995258701,1.0050378
c,c,-0.6,5.01515697,0.999785034,1.00613454
c,c,-0.6,5.03598003,0.998026724,1.0082291
c,c,-0.6,5.05703237,1.00132992,1.00598705
c,c,-0.6,5.07840332,0.999347342,1.00558881
c,c,-0.6,5.09943841,0.998126848,1.0095704
c,c,-0.6,5.12032938,1.00324158,1.00607736
c,c,-0.6,5.14107614,0.998104893,1.00636215
c,c,-0.6,5.16214077,1.00103529,1.00686053
c,c,-0.6,5.18341099,1.00149822,1.0088303
c,c,-0.6,5.2041075,0.999517662,1.00656461
c,c,-0.6,5.22477891,0.999751396,1.00490779
c,c,-0.6,5.24557967,0.998376646,1.00613012
c,c,-0.6,5.26649236,1.00217282,1.00834895
c,c,-0.6,5.28753131,1.00076907,1.0084811
c,c,-0.6,5.30847064,1.00252809,1.00870405
c,c,-0.6,5.32946745,0.998593057,1.00881256
c,c,-0.6,5.3506922,1.00133567,1.00843839
c,c,-0.6,5.37158853,0.997328168,1.01058679
c,c,-0.6,5.39231925,1.0032137,1.00748669
c,c,-0.6,5.41333352,1.00314588,1.00967488
c,c,-0.6,5.43434316,1.00097251,1.00636391
c,c,-0.6,5.45530659,1.00033442,1.0087209
c,c,-0.6,5.47618498,1.00394722,1.00678203
c,c,-0.6,5.49715755,1.00184629,1.00834056
c,c,-0.6,5.51801586,1.00192063,1.00687539
c,c,-0.6,5.53881995,0.999803027,1.0064437
c,c,-0.6,5.55992514,1.00184816,1.00828159
c,c,-0.6,5.58098545,1.00016593,1.0061226
c,c,-0.6,5.60183772,0.999184168,1.0091631
c,c,-0.6,5.62277584,1.00160918,1.00781998
c,c,-0.6,5.64379172,1.00295749,1.00573474
c,c,-0.6,5.66460817,1.00040663,1.00886042
c,c,-0.6,5.68556022,1.00160749,1.01073888
c,c,-0.6,5.7067909,1.00140723,1.00864088
c,c,-0.6,5.72769317,1.00242373,1.00875286
c,c,-0.6,5.74840017,1.0042132,1.00981954
c,c,-0.6,5.76938192,1.00300965,1.00614268
c,c,-0.6,5.79039764,1.00262587,1.00834502
c,c,-0.6,5.81144039,1.0051122,1.00742573
c,c,-0.6,5.83232115,1.00099355,1.00638606
c,c,-0.6,5.85320209,1.00469882,1.01087884
c,c,-0.6,5.87418919,0.998268029,1.0073358
c,c,-0.6,5.89509625,1.00308968,1.00699988
c,c,-0.6,5.9159726,1.00379545,1.00727846
c,c,-0.6,5.93682663,1.0024223,1.00910282
c,c,-0.6,5.95791772,1.00162397,1.0070001
c,c,-0.6,5.97900675,1.00409827,1.00933949
c,c,-0.6,5.99978945,1.00288293,1.00724065
c,c,-0.6,6.02063577,1.00162813,1.00997739
c,c,-0.6,6.04156421,1.00292901,1.00651685
c,c,-0.6,6.06259364,1.00294162,1.00690186
c,c,-0.6,6.08377541,1.00585847,1.00593145
c,c,-0.6,6.10447051,1.00488944,1.00739022
c,c,-0.6,6.12538157,1.00214684,1.00446063
c,c,-0.6,6.14660689,1.00198597,1.00617048
c,c,-0.6,6.16752321,1.00394885,1.00777709
c,c,-0.6,6.18833806,1.00596236,1.00672018
c,c,-0.6,6.20938667,1.00513376,1.00721181
c,c,-0.6,6.23052184,1.00427079,1.00700184
c,c,-0.6,6.25137137,1.00185652,1.00734488
c,c,-0.6,6.27204484,1.00398651,1.00631442
c,c,-0.6,6.29290789,1.00166673,1.00632342
c,c,-0.6,6.31382104,1.00481303,1.00771434
c,c,-0.6,6.33495691,1.00285431,1.00285944
c,c,-0.6,6.35600914,1.00596243,1.00591171
c,c,-0.6,6.37663869,1.00096237,1.0077523
c,c,-0.6,6.39770954,1.00201776,1.00623121
c,c,-0.6,6.41872759,1.00398972,1.00536826
c,c,-0.6,6.43951457,1.00220531,1.00637986
c,c,-0.6,6.46033562,1.00292651,1.00444192
c,c,-0.6,6.4814564,1.00381401,1.00454404
c,c,-0.6,6.50265681,1.00588304,1.00300139
c,c,-0.6,6.52350383,1.00358202,1.00353994
c,c,-0.6,6.54427866,1.00054301,1.00267597
c,c,-0.6,6.56515568,1.00315428,1.00512064
c,c,-0.6,6.58628576,1.00409614,1.00289417
c,c,-0.6,6.60749316,1.00297979,1.00529717
c,c,-0.6,6.62830625,1.00313056,1.00424298
c,c,-0.6,6.64913567,1.00394021,1.005127
c,c,-0.6,6.67020149,1.0013696,1.0041029
c,c,-0.6,6.69106898,1.00486248,1.00326049
c,c,-0.6,6.71185955,1.00345255,1.00100767
c,c,-0.6,6.73264651,1.00149382,1.00316087
c,c,-0.6,6.7537045,1.00433141,1.00483854
c,c,-0.6,6.77487174,1.00046882,1.00270526
c,c,-0.6,6.79557562,1.00152481,1.00401829
c,c,-0.6,6.81648781,1.00135336,1.00275261
c,c,-0.6,6.83753747,1.00043374,1.00285391
c,c,-0.6,6.85867557,1.0017228,1.00056606
c,c,-0.6,6.87985316,1.0011446,1.00220149
c,c,-0.6,6.90065786,0.999742655,1.0001574
c,c,-0.6,6.92153112,1.00223026,1.00055512
c,c,-0.6,6.94229803,1.0023842,1.00216035
c,c,-0.6,6.9630016,1.00161044,1.00188872
c,c,-0.6,6.98416877,1.00071321,1.00126912
c,c,-0.6,7.0052781,1.00080094,1.00259534
c,c,-0.6,7.02617612,1.00048893,1.00222535
c,c,-0.6,7.04699526,1.00029846,1.00095824
c,c,-0.6,7.06761685,1.00213796,0.999685584
c,c,-0.6,7.08873369,1.00039886,1.00142311
c,c,-0.6,7.10994937,1.00037572,1.00343463
c,c,-0.6,7.13102893,1.00152218,1.00041396
c,c,-0.6,7.15201412,1.00145449,1.00186835
c,c,-0.6,7.17271336,1.00029902,0.999591992
c,c,-0.6,7.19374266,1.00134458,1.00207241
c,c,-0.6,7.21473042,1.00122693,1.00265482
c,c,-0.6,7.23564263,1.00067083,0.998141846
c,c,-0.6,7.25666289,0.999854945,0.996965501
c,c,-0.6,7.27757645,1.00154068,1.00215699
c,c,-0.6,7.2984411,1.00143854,0.999723307
c,c,-0.6,7.31917384,1.00038888,1.00026533
c,c,-0.6,7.34001688,1.00262768,0.999271514
c,c,-0.6,7.3611683,0.99986464,0.997275138
c,c,-0.6,7.38224284,1.00063742,0.999151048
c,c,-0.6,7.40324015,1.00223341,0.99941919
c,c,-0.6,7.42408854,1.00376667,0.99891236
c,c,-0.6,7.44500634,0.99964317,0.997988261
c,c,-0.6,7.46595959,1.0006001,0.998657601
c,c,-0.6,7.48696308,1.00006642,1.00178075
c,c,-0.6,7.5079936,1.00106986,0.999506493
c,c,-0.6,7.52871967,0.99830685,1.00138691
c,c,-0.6,7.54966921,0.999837133,0.995155823
c,c,-0.6,7.57064902,0.999372282,1.00072612
c,c,-0.6,7.59151428,1.00091675,0.999441631
c,c,-0.6,7.6123809,1.00306384,0.996788755
c,c,-0.6,7.63338324,0.99934685,0.99628914
c,c,-0.6,7.65450532,0.99695815,0.999288206
c,c,-0.6,7.67556944,0.996719968,0.999589338
c,c,-0.6,7.69637751,1.00005236,0.996236298
c,c,-0.6,7.71727216,1.00114194,0.999090249
c,c,-0.6,7.73835725,0.999006391,0.998563733
c,c,-0.6,7.75934923,0.997987444,0.995912454
c,c,-0.6,7.78023116,0.999428649,0.996590845
c,c,-0.6,7.80098697,1.00186368,0.997349156
c,c,-0.6,7.82190677,0.997676789,0.998422122
c,c,-0.6,7.84304931,0.998397953,0.999256132
c,c,-0.6,7.86405132,0.998699989,0.997643014
c,c,-0.6,7.88484553,1.00070293,0.997280432
c,c,-0.6,7.90574885,1.00041514,0.997334883
c,c,-0.6,7.9267531,0.999766673,0.996494362
c,c,-0.6,7.94765228,0.997091501,0.996658031
c,c,-0.6,7.96842304,0.998588641,0.997893282
c,c,-0.6,7.98938616,1.00077788,0.997661634
c,c,-0.6,8.01050815,0.997321167,0.996862696
c,c,-0.6,8.03153334,0.998678773,0.995637794
c,c,-0.6,8.05240251,1.00094028,0.995634736
c,c,-0.6,8.07332696,0.998229778,0.996226356
c,c,-0.6,8.09438514,0.997857265,0.996352311
c,c,-0.6,8.11529588,0.999206698,0.995320184
c,c,-0.6,8.13618411,0.997737143,0.994841731
c,c,-0.6,8.15717855,0.999816648,0.997757156
c,c,-0.6,8.17807847,0.999440546,0.99892016
c,c,-0.6,8.19905269,0.998515766,0.995854483
c,c,-0.6,8.21991085,0.997319741,0.996712783
c,c,-0.6,8.24078529,1.00007378,0.996615414
c,c,-0.6,8.26195652,0.999434389,0.994865896
c,c,-0.6,8.28293039,0.998067209,0.996131897
c,c,-0.6,8.30373423,1.00103452,0.997191552
c,c,-0.6,8.32452583,0.996892945,0.997330047
c,c,-0.6,8.34556221,0.998254036,0.99727401
c,c,-0.6,8.36671927,1.00016158,0.994177221
c,c,-0.6,8.38757523,0.998861588,0.99546161
c,c,-0.6,8.40855808,0.998794652,0.996452021
c,c,-0.6,8.42953585,0.997067331,0.997844748
c,c,-0.6,8.45042977,0.998354267,0.995473732
c,c,-0.6,8.47138662,0.999471315,0.996193355
c,c,-0.6,8.49217243,0.997061328,0.995281848
c,c,-0.6,8.51321806,0.997014165,0.99843282
c,c,-0.6,8.53421183,0.999998548,0.994964042
c,c,-0.6,8.55508292,0.997011306,0.996012591
c,c,-0.6,8.57598662,0.997808239,0.996685879
c,c,-0.6,8.59679232,0.998474936,0.996326306
c,c,-0.6,8.61783107,0.996539769,0.994257155
c,c,-0.6,8.63891768,0.997267063,0.998298185
c,c,-0.6,8.65972861,0.997931951,0.995390508
c,c,-0.6,8.68059853,0.999202505,0.997340338
c,c,-0.6,8.70174168,0.99810401,0.998108442
c,c,-0.6,8.72279566,0.999883686,0.993370922
c,c,-0.6,8.74359241,0.997597883,0.995515145
c,c,-0.6,8.76424415,0.998990826,0.994792806
c,c,-0.6,8.78526729,0.999604639,0.996282669
c,c,-0.6,8.80637189,1.00018246,0.997927286
c,c,-0.6,8.82736896,0.998789154,0.993279537
c,c,-0.6,8.84843212,0.998903818,0.994645298
c,c,-0.6,8.86933197,0.996328249,0.996612947
c,c,-0.6,8.89026857,0.997884748,0.994239511
c,c,-0.6,8.91123702,0.997101117,0.996493405
c,c,-0.6,8.93214776,0.997224355,0.997004573
c,c,-0.6,8.95312097,0.998286943,0.995708401
c,c,-0.6,8.9741304,0.997923185,0.995037511
c,c,-0.6,8.99505705,0.998896021,0.996560327
c,c,-0.6,9.01571368,0.999205815,0.99795652
c,c,-0.6,9.03640927,1.00042408,0.995801457
c,c,-0.6,9.05755121,0.998750634,0.995437348
c,c,-0.6,9.07868023,0.999156955,0.997324219
c,c,-0.6,9.09969513,1.00053483,0.997222491
c,c,-0.6,9.1205658,0.997658294,0.997228122
c,c,-0.6,9.14137844,1.00149323,0.995520257
c,c,-0.6,9.16237082,0.999509613,0.996229423
c,c,-0.6,9.18339441,0.998135913,0.999279535
c,c,-0.6,9.20447395,0.99918632,0.99713474
c,c,-0.6,9.22549281,0.998665951,0.99551704
c,c,-0.6,9.2463962,0.998177154,0.998041239
c,c,-0.6,9.26722673,0.998553834,0.99538978
c,c,-0.6,9.28791689,0.998217578,0.996882827
c,c,-0.6,9.30892724,0.998257496,0.995961017
c,c,-0.6,9.33003065,1.00040167,0.999280697
c,c,-0.6,9.35102864,0.998588033,0.997809729
c,c,-0.6,9.37196601,0.997468115,0.995521104
c,c,-0.6,9.39258783,1.00063382,0.999964292
c,c,-0.6,9.41349621,0.998602801,0.996730458
c,c,-0.6,9.4347927,0.998055908,0.996547379
c,c,-0.6,9.45587737,0.997431337,0.996914753
c,c,-0.6,9.47676866,0.999979581,0.99716839
c,c,-0.6,9.49762777,0.998710534,0.995402179
c,c,-0.6,9.51852362,0.997807835,0.998691922
c,c,-0.6,9.53939795,0.999361055,0.996704344
c,c,-0.6,9.56035551,0.998868979,0.998635847
c,c,-0.6,9.58149741,0.998638862,0.997671262
c,c,-0.6,9.60249587,0.996956651,0.998504442
c,c,-0.6,9.62336478,0.996135811,0.997514728
c,c,-0.6,9.64415055,1.00027693,0.997403937
c,c,-0.6,9.66502224,0.999666527,0.996864278
c,c,-0.6,9.68597433,0.998329598,0.997516869
c,c,-0.6,9.7069728,1.00006412,0.997971978
c,c,-0.6,9.72797765,0.99923241,0.998078954
c,c,-0.6,9.74896401,1.0001433,0.996092407
c,c,-0.6,9.76996217,0.999602721,0.998093334
c,c,-0.6,9.79085678,0.999558197,0.997106939
c,c,-0.6,9.81166698,0.996975293,0.99845557
c,c,-0.6,9.83262494,0.998039963,0.998120799
c,c,-0.6,9.85372265,1.00015972,0.999870458
c,c,-0.6,9.87472665,0.998025248,0.99578383
c,c,-0.6,9.89559934,0.998432634,0.997035338
c,c,-0.6,9.91635289,1.00062176,0.99821263
c,c,-0.6,9.93737645,0.997234631,0.997897614
c,c,-0.6,9.95856995,1.00111733,0.998258675
c,c,-0.6,9.97940815,1.00006002,0.997688808
c,c,-0.6,10.000082,0.998856808,0.998758104
c,c,-0.4,0.0252815853,0.0286477717,0.00324903103
c,c,-0.4,0.0486976344,0.0331657338,0.00506529303
c,c,-0.4,0.0692644017,0.0326203187,0.00709680544
c,c,-0.4,0.08877835,0.0337873345,0.00941482991
c,c,-0.4,0.111604297,0.0347503683,0.0135101237
c,c,-0.4,0.132731806,0.0353364571,0.0177473067
c,c,-0.4,0.153672181,0.0360323672,0.0228263341
c,c,-0.4,0.175641863,0.0382706209,0.0288830383
c,c,-0.4,0.196615509,0.0394194296,0.0352466806
c,c,-0.4,0.217326708,0.0410747041,0.0418836138
c,c,-0.4,0.237538457,0.042503787,0.0493324309
c,c,-0.4,0.258148683,0.0445358806,0.0591792322
c,c,-0.4,0.28040349,0.0470746832,0.0681373723
c,c,-0.4,0.301929084,0.0491308867,0.0771199659
c,c,-0.4,0.322287413,0.0518763592,0.0877688764
c,c,-0.4,0.342663331,0.054224292,0.0985662709
c,c,-0.4,0.363641289,0.0569553541,0.109899251
c,c,-0.4,0.385602948,0.0601503397,0.122503207
c,c,-0.4,0.406737165,0.06333161,0.135049205
c,c,-0.4,0.427001871,0.0659017685,0.148821633
c,c,-0.4,0.448754416,0.0685406733,0.162755235
c,c,-0.4,0.469601745,0.0740885315,0.176415723
c,c,-0.4,0.489805379,0.0773338576,0.190897373
c,c,-0.4,0.510302494,0.0802552819,0.20487301
c,c,-0.4,0.53178319,0.0845321907,0.221421255
c,c,-0.4,0.553922362,0.0890703487,0.239101654
c,c,-0.4,0.574670041,0.0926901433,0.257641631
c,c,-0.4,0.594645701,0.0976367543,0.272053169
c,c,-0.4,0.615540037,0.102278609,0.287994516
c,c,-0.4,0.636554081,0.106947549,0.307363935
c,c,-0.4,0.658102417,0.112635593,0.327425467
c,c,-0.4,0.679189641,0.118161303,0.346267326
c,c,-0.4,0.700054044,0.12293434,0.362768473
c,c,-0.4,0.721329826,0.129328444,0.381555709
c,c,-0.4,0.742033923,0.134821321,0.405047717
c,c,-0.4,0.762614581,0.141147656,0.422561735
c,c,-0.4,0.783270495,0.145977075,0.442322099
c,c,-0.4,0.804783918,0.151803791,0.464003206
c,c,-0.4,0.826095906,0.159543466,0.487688197
c,c,-0.4,0.846303977,0.165781942,0.504221449
c,c,-0.4,0.867174819,0.172411679,0.522133774
c,c,-0.4,0.888413258,0.179335084,0.545464541
c,c,-0.4,0.909910564,0.188036642,0.565439488
c,c,-0.4,0.931134698,0.19587259,0.585108561
c,c,-0.4,0.951563161,0.202324973,0.60776571
c,c,-0.4,0.972160451,0.211316649,0.624022706
c,c,-0.4,0.993008165,0.219048528,0.648934199
c,c,-0.4,1.0140906,0.228741981,0.666249919
c,c,-0.4,1.03500338,0.234576067,0.68274455
c,c,-0.4,1.05657413,0.24397299,0.704692509
c,c,-0.4,1.07789814,0.253310276,0.723980039
c,c,-0.4,1.09835045,0.262040602,0.744598515
c,c,-0.4,1.11903902,0.272356545,0.75811443
c,c,-0.4,1.1396405,0.282919949,0.776657633
c,c,-0.4,1.16109193,0.290281283,0.796747584
c,c,-0.4,1.18227503,0.303396354,0.809812312
c,c,-0.4,1.2030555,0.311772333,0.824595229
c,c,-0.4,1.22375183,0.321625262,0.844616548
c,c,-0.4,1.24453484,0.334251478,0.856361473
c,c,-0.4,1.26570671,0.343220751,0.871425388
c,c,-0.4,1.28693994,0.357979339,0.885677681
c,c,-0.4,1.30807124,0.367184234,0.900514141
c,c,-0.4,1.32889646,0.379985092,0.913621262
c,c,-0.4,1.34945121,0.39326473,0.92440057
c,c,-0.4,1.37055188,0.406330055,0.932430547
c,c,-0.4,1.39148285,0.415258315,0.943318894
c,c,-0.4,1.41220445,0.426533075,0.948054792
c,c,-0.4,1.43352474,0.440716392,0.95680346
c,c,-0.4,1.45454751,0.454697493,0.965917569
c,c,-0.4,1.47511055,0.467441899,0.971659875
c,c,-0.4,1.49566583,0.477138298,0.977251961
c,c,-0.4,1.51690776,0.492682947,0.98406168
c,c,-0.4,1.53826425,0.504779466,0.991622469
c,c,-0.4,1.55931449,0.518406883,0.99358405
c,c,-0.4,1.58012172,0.533415722,0.995878376
c,c,-0.4,1.60114355,0.545989901,1.00098849
c,c,-0.4,1.62229155,0.558138819,1.00717211
c,c,-0.4,1.64295947,0.570827335,1.01308778
c,c,-0.4,1.66366432,0.588383179,1.00696433
c,c,-0.4,1.68478217,0.600986451,1.00545168
c,c,-0.4,1.7057485,0.609272125,1.01259106
c,c,-0.4,1.72683745,0.623515898,1.01494397
c,c,-0.4,1.74765849,0.636677777,1.01808193
c,c,-0.4,1.76847487,0.649909479,1.01474201
c,c,-0.4,1.78961871,0.662067247,1.01313916
c,c,-0.4,1.81086098,0.674592871,1.01395989
c,c,-0.4,1.83179094,0.687219129,1.00761793
c,c,-0.4,1.8521746,0.697548868,1.01803093
c,c,-0.4,1.8733654,0.711761656,1.01255398
c,c,-0.4,1.89455538,0.72420428,1.01603402
c,c,-0.4,1.91534795,0.733349516,1.01311719
c,c,-0.4,1.93623233,0.741248266,1.01198818
c,c,-0.4,1.9571481,0.756448365,1.00929498
c,c,-0.4,1.97825109,0.766491529,1.01067769
c,c,-0.4,1.99905898,0.775102448,1.00636968
c,c,-0.4,2.01966715,0.783136796,1.00717329
c,c,-0.4,2.04082415,0.796063238,1.00730117
c,c,-0.4,2.06193171,0.80169536,1.00104326
c,c,-0.4,2.08296048,0.814013464,0.997800668
c,c,-0.4,2.10383017,0.821724864,1.00694177
c,c,-0.4,2.12494312,0.827855429,0.997838041
c,c,-0.4,2.14618475,0.832904072,1.00064109
c,c,-0.4,2.16679298,0.847749387,0.995897373
c,c,-0.4,2.18753482,0.85024887,0.993215213
c,c,-0.4,2.20847027,0.854647701,0.992163612
c,c,-0.4,2.22955181,0.864260526,0.99002667
c,c,-0.4,2.25078374,0.8742037,0.99145405
c,c,-0.4,2.27150159,0.878177472,0.990655471
c,c,-0.4,2.29205574,0.887640325,0.98568961
c,c,-0.4,2.31294326,0.887035466,0.984765523
c,c,-0.4,2.3340363,0.894683059,0.988148958
c,c,-0.4,2.35514399,0.897872028,0.986969547
c,c,-0.4,2.37607726,0.901308186,0.980998503
c,c,-0.4,2.39730341,0.905649579,0.982009602
c,c,-0.4,2.41857203,0.909600481,0.979770369
c,c,-0.4,2.43911056,0.915958241,0.979097541
c,c,-0.4,2.45988005,0.922895114,0.977969298
c,c,-0.4,2.48094151,0.922103271,0.981113376
c,c,-0.4,2.50196601,0.918439641,0.981626578
c,c,-0.4,2.52300496,0.926163833,0.973278398
c,c,-0.4,2.54340089,0.929832992,0.976021399
c,c,-0.4,2.56415297,0.933224874,0.977609528
c,c,-0.4,2.58575836,0.932336966,0.975528211
c,c,-0.4,2.60684428,0.937761287,0.974777636
c,c,-0.4,2.62775949,0.935556708,0.977990266
c,c,-0.4,2.64834355,0.933894342,0.974887759
c,c,-0.4,2.66912062,0.938453891,0.971522298
c,c,-0.4,2.69039946,0.944586048,0.974924565
c,c,-0.4,2.71121518,0.94315973,0.976507491
c,c,-0.4,2.7321837,0.947972574,0.97391876
c,c,-0.4,2.75306239,0.951556379,0.971432029
c,c,-0.4,2.77427049,0.950224677,0.973404775
c,c,-0.4,2.79557932,0.947327953,0.976004594
c,c,-0.4,2.8160646,0.950574118,0.975396836
c,c,-0.4,2.83689478,0.947490035,0.97414454
c,c,-0.4,2.85801727,0.949390943,0.974453233
c,c,-0.4,2.87906973,0.955064646,0.972029987
c,c,-0.4,2.89996898,0.956665659,0.973858157
c,c,-0.4,2.92062944,0.956458657,0.973265456
c,c,-0.4,2.941605,0.95625534,0.97129764
c,c,-0.4,2.96267076,0.958084655,0.970988281
c,c,-0.4,2.98347442,0.957163168,0.972937775
c,c,-0.4,3.00437656,0.96040027,0.975697148
c,c,-0.4,3.02542142,0.959123233,0.977555838
c,c,-0.4,3.04658726,0.959690811,0.974415111
c,c,-0.4,3.06768101,0.962477022,0.975813923
c,c,-0.4,3.088328,0.964896121,0.979607741
c,c,-0.4,3.10931167,0.966004328,0.977094664
c,c,-0.4,3.1305457,0.960977487,0.975512986
c,c,-0.4,3.15150209,0.9615627,0.979061815
c,c,-0.4,3.17219014,0.958404008,0.974133407
c,c,-0.4,3.19299024,0.962318611,0.979902699
c,c,-0.4,3.21390436,0.966950024,0.977336217
c,c,-0.4,3.23506564,0.967427794,0.975282919
c,c,-0.4,3.25605387,0.965232387,0.974216549
c,c,-0.4,3.27685776,0.966144563,0.98058654
c,c,-0.4,3.29794723,0.966951148,0.983111132
c,c,-0.4,3.31884778,0.967786175,0.97592562
c,c,-0.4,3.33944269,0.968305433,0.98134971
c,c,-0.4,3.36030612,0.96718003,0.979691287
c,c,-0.4,3.38171654,0.968351334,0.976855075
c,c,-0.4,3.40297495,0.971090946,0.979442408
c,c,-0.4,3.42370792,0.972398257,0.978367149
c,c,-0.4,3.44440875,0.97085083,0.983022864
c,c,-0.4,3.465315,0.972042869,0.983172636
c,c,-0.4,3.4865867,0.970158616,0.982695745
c,c,-0.4,3.50751221,0.973909771,0.980857056
c,c,-0.4,3.52796741,0.971659437,0.979377495
c,c,-0.4,3.5488788,0.970168641,0.983107052
c,c,-0.4,3.57014151,0.976649418,0.983144153
c,c,-0.4,3.59120365,0.97457843,0.984271825
c,c,-0.4,3.61190928,0.970716913,0.984379836
c,c,-0.4,3.63300558,0.976425609,0.984680595
c,c,-0.4,3.6541422,0.974848441,0.986166292
c,c,-0.4,3.67500902,0.976052342,0.986357985
c,c,-0.4,3.69581564,0.977300158,0.984270274
c,c,-0.4,3.71644729,0.976718669,0.984702877
c,c,-0.4,3.73749774,0.974577114,0.984326779
c,c,-0.4,3.75868086,0.981027466,0.983136229
c,c,-0.4,3.77950549,0.978865054,0.985243614
c,c,-0.4,3.80027286,0.979470259,0.98654156
c,c,-0.4,3.82143123,0.978463672,0.983701794
c,c,-0.4,3.84280481,0.981170406,0.985438962
c,c,-0.4,3.86349282,0.97743958,0.98514009
c,c,-0.4,3.88417456,0.984589344,0.988547142
c,c,-0.4,3.90535419,0.979077495,0.986291582
c,c,-0.4,3.9264697,0.98301627,0.987151665
c,c,-0.4,3.94738681,0.98447834,0.989970183
c,c,-0.4,3.96810309,0.98781991,0.989207511
c,c,-0.4,3.98888694,0.98538958,0.987746088
c,c,-0.4,4.00993371,0.982959396,0.987871074
c,c,-0.4,4.03080983,0.984112187,0.990119679
c,c,-0.4,4.05178039,0.98521246,0.989097093
c,c,-0.4,4.07276799,0.98475445,0.988101493
c,c,-0.4,4.09368684,0.987101419,0.988671858
c,c,-0.4,4.11485609,0.988020324,0.991858914
c,c,-0.4,4.13583188,0.986625268,0.991398627
c,c,-0.4,4.15670688,0.985485568,0.993856519
c,c,-0.4,4.17758774,0.988132933,0.992081184
c,c,-0.4,4.19867141,0.988501168,0.99356968
c,c,-0.4,4.21961517,0.989280518,0.991190909
c,c,-0.4,4.24013393,0.989217633,0.993720409
c,c,-0.4,4.26119077,0.990533998,0.992792761
c,c,-0.4,4.28239268,0.986118888,0.995823692
c,c,-0.4,4.30342826,0.990794346,0.994081947
c,c,-0.4,4.32431592,0.991304927,0.998802433
c,c,-0.4,4.34508479,0.98783504,0.997886093
c,c,-0.4,4.36604259,0.991940276,0.997393454
c,c,-0.4,4.38708086,0.991983076,0.99969579
c,c,-0.4,4.40778797,0.992379569,0.997489358
c,c,-0.4,4.4288526,0.987835883,0.996960635
c,c,-0.4,4.44994967,0.989849156,0.99581169
c,c,-0.4,4.47085438,0.991109689,0.997364488
c,c,-0.4,4.49188801,0.995635199,0.997564401
c,c,-0.4,4.51250216,0.993724274,1.00012559
c,c,-0.4,4.5334461,0.992278322,1.00229557
c,c,-0.4,4.55463591,0.99350677,1.00285114
c,c,-0.4,4.57547609,0.992518732,0.999456404
c,c,-0.4,4.59643311,0.995421078,1.00025475
c,c,-0.4,4.61732903,0.995063684,1.00150327
c,c,-0.4,4.63833098,0.995003004,1.00350583
c,c,-0.4,4.65949324,0.996799033,1.00130331
c,c,-0.4,4.68039693,0.991978122,1.00213435
c,c,-0.4,4.70136745,0.996344295,1.00357733
c,c,-0.4,4.72221533,0.997023181,1.00239966
c,c,-0.4,4.74309374,0.995912937,1.00256065
c,c,-0.4,4.76390784,0.994958605,1.00157266
c,c,-0.4,4.78491795,0.994811674,1.00260728
c,c,-0.4,4.80636204,0.997079942,1.00442326
c,c,-0.4,4.82728449,0.995552923,1.0072221
c,c,-0.4,4.84785524,0.996060999,1.00345514
c,c,-0.4,4.86859731,0.996706922,1.00484249
c,c,-0.4,4.88954319,0.997361082,1.00292098
c,c,-0.4,4.91078695,0.996226093,1.00525377
c,c,-0.4,4.93172016,1.00143683,1.00330068
c,c,-0.4,4.95244063,0.996376196,1.00466211
c,c,-0.4,4.97348932,0.999220621,1.00356738
c,c,-0.4,4.994309,0.996857854,1.00281846
c,c,-0.4,5.01515697,0.995126195,1.00518549
c,c,-0.4,5.03598003,0.998394492,1.00617624
c,c,-0.4,5.05703237,1.00027443,1.00337783
c,c,-0.4,5.07840332,0.999501119,1.00583824
c,c,-0.4,5.09943841,0.99623664,1.00562017
c,c,-0.4,5.12032938,1.00168351,1.00727224
c,c,-0.4,5.14107614,1.00101588,1.00759669
c,c,-0.4,5.16214077,1.00025187,1.00670407
c,c,-0.4,5.18341099,0.99921225,1.00550075
c,c,-0.4,5.2041075,1.00000735,1.00693405
c,c,-0.4,5.22477891,0.999010418,1.0054046
c,c,-0.4,5.24557967,1.00016099,1.00637033
c,c,-0.4,5.26649236,1.00291953,1.00644058
c,c,-0.4,5.28753131,0.997406344,1.00779223
c,c,-0.4,5.30847064,1.00131054,1.00632538
c,c,-0.4,5.32946745,1.00155776,1.00946129
c,c,-0.4,5.3506922,1.00242534,1.00654454
c,c,-0.4,5.37158853,1.00163994,1.00529793
c,c,-0.4,5.39231925,1.00102793,1.00684017
c,c,-0.4,5.41333352,1.00358487,1.00777826
c,c,-0.4,5.43434316,1.0017638,1.00761651
c,c,-0.4,5.45530659,1.00218888,1.00907976
c,c,-0.4,5.47618498,1.00033778,1.00653381
c,c,-0.4,5.49715755,1.00364727,1.01068518
c,c,-0.4,5.51801586,0.999414148,1.00898476
c,c,-0.4,5.53881995,1.0024487,1.00987132
c,c,-0.4,5.55992514,1.00280279,1.00679002
c,c,-0.4,5.58098545,1.00171474,1.01084344
c,c,-0.4,5.60183772,1.00296905,1.00833933
c,c,-0.4,5.62277584,1.00336081,1.00844117
c,c,-0.4,5.64379172,1.00389686,1.00476563
c,c,-0.4,5.66460817,1.0026268,1.01139922
c,c,-0.4,5.68556022,1.00490025,1.00902793
c,c,-0.4,5.7067909,1.00383966,1.00694471
c,c,-0.4,5.72769317,1.00284519,1.00673671
c,c,-0.4,5.74840017,1.00226142,1.00956793
c,c,-0.4,5.76938192,1.00181139,1.00636513
c,c,-0.4,5.79039764,1.00435457,1.00719308
c,c,-0.4,5.81144039,1.00287814,1.00846153
c,c,-0.4,5.83232115,1.00493369,1.00712867
c,c,-0.4,5.85320209,1.00482697,1.00677726
c,c,-0.4,5.87418919,1.00479263,1.00558557
c,c,-0.4,5.89509625,1.0049261,1.00790148
c,c,-0.4,5.9159726,1.00608581,1.00686669
c,c,-0.4,5.93682663,1.00246903,1.01065878
c,c,-0.4,5.95791772,1.00185217,1.00848723
c,c,-0.4,5.97900675,1.00304963,1.00947792
c,c,-0.4,5.99978945,1.00250738,1.00786316
c,c,-0.4,6.02063577,1.00436687,1.0049972
c,c,-0.4,6.04156421,1.00360637,1.00609665
c,c,-0.4,6.06259364,1.00323684,1.0048143
c,c,-0.4,6.08377541,1.00270734,1.00748031
c,c,-0.4,6.10447051,1.00205467,1.00679093
c,c,-0.4,6.12538157,1.00076379,1.00755348
c,c,-0.4,6.14660689,1.00178787,1.00433367
c,c,-0.4,6.16752321,1.0017885,1.00770373
c,c,-0.4,6.18833806,1.00401548,1.00502803
c,c,-0.4,6.20938667,1.00429554,1.00875285
c,c,-0.4,6.23052184,1.00287667,1.00832896
c,c,-0.4,6.25137137,1.00082352,1.00360214
c,c,-0.4,6.27204484,1.00460802,1.00728784
c,c,-0.4,6.29290789,1.00263197,1.00600507
c,c,-0.4,6.31382104,1.00379823,1.00616043
c,c,-0.4,6.33495691,1.00202886,1.00551807
c,c,-0.4,6.35600914,1.00083025,1.00535288
c,c,-0.4,6.37663869,1.00245594,1.00619359
c,c,-0.4,6.39770954,1.00138631,1.00469183
c,c,-0.4,6.41872759,1.00374401,1.00630732
c,c,-0.4,6.43951457,1.00061512,1.00687207
c,c,-0.4,6.46033562,1.00204919,1.00430816
c,c,-0.4,6.4814564,1.00307049,1.00583123
c,c,-0.4,6.50265681,1.00311372,1.00688643
c,c,-0.4,6.52350383,1.00264944,1.00454887
c,c,-0.4,6.54427866,1.00317689,1.00306729
c,c,-0.4,6.56515568,1.00122519,1.00268421
c,c,-0.4,6.58628576,1.00328958,1.00328878
c,c,-0.4,6.60749316,1.00563506,1.00310466
c,c,-0.4,6.62830625,1.00213055,1.00349778
c,c,-0.4,6.64913567,1.00244871,1.00294885
c,c,-0.4,6.67020149,1.00184069,1.00157544
c,c,-0.4,6.69106898,1.00269734,1.00229981
c,c,-0.4,6.71185955,1.00289505,1.00198365
c,c,-0.4,6.73264651,1.00266968,1.00426421
c,c,-0.4,6.7537045,1.0022808,1.0048204
c,c,-0.4,6.77487174,1.00062345,1.00373004
c,c,-0.4,6.79557562,1.00320816,1.00370544
c,c,-0.4,6.81648781,1.00326299,1.00321094
c,c,-0.4,6.83753747,1.00158313,1.00327147
c,c,-0.4,6.85867557,1.00216201,1.00542896
c,c,-0.4,6.87985316,1.00036126,1.00097911
c,c,-0.4,6.90065786,0.999553794,1.00442199
c,c,-0.4,6.92153112,1.00061747,1.00413317
c,c,-0.4,6.94229803,0.999719946,1.00259649
c,c,-0.4,6.9630016,1.00179134,1.00067012
c,c,-0.4,6.98416877,1.00082789,1.00226543
c,c,-0.4,7.0052781,1.00104315,1.00033307
c,c,-0.4,7.02617612,0.999237853,1.00176025
c,c,-0.4,7.04699526,1.00415468,1.00056758
c,c,-0.4,7.06761685,1.00130792,1.00184057
c,c,-0.4,7.08873369,1.00028809,1.00028107
c,c,-0.4,7.10994937,1.00082187,1.00117937
c,c,-0.4,7.13102893,1.00278085,1.00009345
c,c,-0.4,7.15201412,0.999458752,1.00136717
c,c,-0.4,7.17271336,1.00120174,1.00013709
c,c,-0.4,7.19374266,1.00050636,0.999579623
c,c,-0.4,7.21473042,1.00216547,1.00198973
c,c,-0.4,7.23564263,0.99995455,1.00087382
c,c,-0.4,7.25666289,0.99985733,1.00197195
c,c,-0.4,7.27757645,1.00151464,0.998810221
c,c,-0.4,7.2984411,1.00378708,1.00077314
c,c,-0.4,7.31917384,0.99988949,0.998997967
c,c,-0.4,7.34001688,0.998846911,0.999871541
c,c,-0.4,7.3611683,0.998851523,1.00199764
c,c,-0.4,7.38224284,0.998315119,1.00158027
c,c,-0.4,7.40324015,1.00037426,1.00072914
c,c,-0.4,7.42408854,0.999868399,0.999491699
c,c,-0.4,7.44500634,1.00123579,1.00122183
c,c,-0.4,7.46595959,1.00236013,1.00283617
c,c,-0.4,7.48696308,1.00185537,0.997904255
c,c,-0.4,7.5079936,1.00026023,0.998408359
c,c,-0.4,7.52871967,0.999740813,0.996750429
c,c,-0.4,7.54966921,0.999745797,0.99846591
c,c,-0.4,7.57064902,0.997789619,1.00092968
c,c,-0.4,7.59151428,1.0016221,0.999019953
c,c,-0.4,7.6123809,1.00101403,1.00053177
c,c,-0.4,7.63338324,1.00027875,0.997928993
c,c,-0.4,7.65450532,0.998386649,0.999546612
c,c,-0.4,7.67556944,0.998911245,1.00020898
c,c,-0.4,7.69637751,1.001288,0.998197397
c,c,-0.4,7.71727216,0.999405715,0.997201473
c,c,-0.4,7.73835725,0.998389085,0.99757291
c,c,-0.4,7.75934923,1.00145657,0.997220067
c,c,-0.4,7.78023116,0.99918392,0.995556678
c,c,-0.4,7.80098697,0.996226435,0.998665488
c,c,-0.4,7.82190677,0.998141037,0.997308202
c,c,-0.4,7.84304931,1.00012534,0.999505308
c,c,-0.4,7.86405132,0.997202326,0.997722345
c,c,-0.4,7.88484553,0.998160852,0.994683986
c,c,-0.4,7.90574885,0.997893222,0.997588071
c,c,-0.4,7.9267531,0.998316999,0.997231063
c,c,-0.4,7.94765228,0.997977725,0.995625523
c,c,-0.4,7.96842304,0.997025125,0.997941932
c,c,-0.4,7.98938616,0.997688121,0.997380339
c,c,-0.4,8.01050815,0.998606003,0.997630519
c,c,-0.4,8.03153334,1.00187106,0.997901683
c,c,-0.4,8.05240251,0.997569545,0.996250595
c,c,-0.4,8.07332696,1.00008515,0.997882627
c,c,-0.4,8.09438514,0.999428498,0.996498824
c,c,-0.4,8.11529588,0.997566057,0.995260232
c,c,-0.4,8.13618411,0.997828929,0.995895247
c,c,-0.4,8.15717855,0.999130755,0.99697106
c,c,-0.4,8.17807847,1.00013093,0.998205885
c,c,-0.4,8.19905269,0.997800263,0.998521201
c,c,-0.4,8.21991085,0.9995875,0.995669757
c,c,-0.4,8.24078529,1.00088456,0.996793428
c,c,-0.4,8.26195652,0.996338629,0.999974976
c,c,-0.4,8.28293039,0.998016465,0.997395665
c,c,-0.4,8.30373423,0.996581391,0.996172641
c,c,-0.4,8.32452583,0.995617705,0.999503359
c,c,-0.4,8.34556221,0.998738623,0.997085896
c,c,-0.4,8.36671927,0.998769308,0.99478191
c,c,-0.4,8.38757523,0.998307586,0.996447078
c,c,-0.4,8.40855808,1.00017447,0.996837829
c,c,-0.4,8.42953585,1.00075369,0.996795684
c,c,-0.4,8.45042977,0.997642607,0.994275054
c,c,-0.4,8.47138662,0.999742553,0.996503393
c,c,-0.4,8.49217243,0.997561905,0.99832457
c,c,-0.4,8.51321806,0.997126716,0.996517468
c,c,-0.4,8.53421183,1.00031575,0.996029497
c,c,-0.4,8.55508292,0.998148965,0.998108502
c,c,-0.4,8.57598662,0.998646165,0.997431918
c,c,-0.4,8.59679232,0.997995267,0.995807743
c,c,-0.4,8.61783107,0.99899488,0.99511284
c,c,-0.4,8.63891768,0.999807541,0.993835067
c,c,-0.4,8.65972861,1.0001114,0.994821787
c,c,-0.4,8.68059853,0.998791932,0.995429308
c,c,-0.4,8.70174168,0.998578169,0.99544336
c,c,-0.4,8.72279566,0.999602229,0.994808021
c,c,-0.4,8.74359241,1.00118335,0.995994526
c,c,-0.4,8.76424415,1.00002697,0.995274413
c,c,-0.4,8.78526729,0.998602934,0.995506903
c,c,-0.4,8.80637189,0.996427618,0.994893335
c,c,-0.4,8.82736896,0.995998656,0.996845148
c,c,-0.4,8.84843212,0.998747794,0.995984428
c,c,-0.4,8.86933197,0.997096708,0.994740654
c,c,-0.4,8.89026857,0.997833803,0.996766064
c,c,-0.4,8.91123702,0.996603817,0.996794469
c,c,-0.4,8.93214776,0.99942122,0.997908852
c,c,-0.4,8.95312097,0.999309955,0.998731571
c,c,-0.4,8.9741304,0.996074765,0.995118953
c,c,-0.4,8.99505705,0.998400351,0.997757616
c,c,-0.4,9.01571368,0.998604941,0.995983692
c,c,-0.4,9.03640927,0.998541484,0.993432817
c,c,-0.4,9.05755121,0.997454809,0.993805656
c,c,-0.4,9.07868023,1.00105933,0.995820358
c,c,-0.4,9.09969513,0.998471844,0.997429277
c,c,-0.4,9.1205658,0.99988298,0.9955206
c,c,-0.4,9.14137844,0.996680262,0.99706397
c,c,-0.4,9.16237082,0.999220117,0.99632795
c,c,-0.4,9.18339441,0.995425802,0.994458627
c,c,-0.4,9.20447395,0.99649632,0.996450247
c,c,-0.4,9.22549281,0.99857696,0.997210169
c,c,-0.4,9.2463962,0.997740187,0.999677852
c,c,-0.4,9.26722673,0.996960493,0.997658595
c,c,-0.4,9.28791689,0.99985362,0.996125788
c,c,-0.4,9.30892724,0.998149447,0.996690181
c,c,-0.4,9.33003065,0.999772961,0.996150739
c,c,-0.4,9.35102864,0.998354454,0.996332636
c,c,-0.4,9.37196601,0.999049802,0.998216895
c,c,-0.4,9.39258783,0.998574635,0.997577295
c,c,-0.4,9.41349621,0.997721807,0.996371916
c,c,-0.4,9.4347927,0.99773377,0.997030649
c,c,-0.4,9.45587737,0.999141714,0.994242642
c,c,-0.4,9.47676866,0.996798475,0.996574487
c,c,-0.4,9.49762777,1.00115068,0.999080119
c,c,-0.4,9.51852362,0.999490403,0.998204581
c,c,-0.4,9.53939795,0.996952915,0.997398385
c,c,-0.4,9.56035551,0.998541658,0.997728398
c,c,-0.4,9.58149741,0.997839803,0.995182548
c,c,-0.4,9.60249587,0.997740877,0.996548888
c,c,-0.4,9.62336478,0.997569703,0.997260926
c,c,-0.4,9.64415055,0.998073702,0.998780227
c,c,-0.4,9.66502224,1.00167818,0.997503725
c,c,-0.4,9.68597433,0.997844411,0.998298754
c,c,-0.4,9.7069728,0.999182931,0.998781423
c,c,-0.4,9.72797765,0.998569744,0.996025718
c,c,-0.4,9.74896401,0.998239954,0.997558369
c,c,-0.4,9.76996217,0.998615749,0.999417597
c,c,-0.4,9.79085678,0.999469043,0.997638334
c,c,-0.4,9.81166698,0.997782622,0.99754981
c,c,-0.4,9.83262494,0.998103991,0.996707758
c,c,-0.4,9.85372265,0.997409857,0.997601986
c,c,-0.4,9.87472665,0.997715564,0.999401937
c,c,-0.4,9.89559934,0.999326023,0.997292243
c,c,-0.4,9.91635289,0.998333245,0.996269902
c,c,-0.4,9.93737645,1.00003956,0.997931298
c,c,-0.4,9.95856995,1.0001236,0.999629375
c,c,-0.4,9.97940815,0.997137368,0.996296239
c,c,-0.4,10.000082,0.998984653,0.999185172
c,c,-0.2,0.0252815853,0.0398575614,0.00413673488
c,c,-0.2,0.0486976344,0.0400990045,0.00557167415
c,c,-0.2,0.0692644017,0.0432533839,0.00792380477
c,c,-0.2,0.08877835,0.0444662813,0.0106129963
c,c,-0.2,0.111604297,0.0451053083,0.0146917568
c,c,-0.2,0.132731806,0.0463902032,0.0188657503
c,c,-0.2,0.153672181,0.0465373801,0.0238170207
c,c,-0.2,0.175641863,0.0482675801,0.0299817848
c,c,-0.2,0.196615509,0.0499628086,0.0362530923
c,c,-0.2,0.217326708,0.0512161925,0.0431935367
c,c,-0.2,0.237538457,0.052938792,0.0505436587
c,c,-0.2,0.258148683,0.0543016447,0.0581064357
c,c,-0.2,0.28040349,0.0569304672,0.0685113631
c,c,-0.2,0.301929084,0.0588621555,0.0778175364
c,c,-0.2,0.322287413,0.0611683152,0.0892482447
c,c,-0.2,0.342663331,0.0640939564,0.0986057112
c,c,-0.2,0.363641289,0.0661553399,0.111452882
c,c,-0.2,0.385602948,0.0690170779,0.121573041
c,c,-0.2,0.406737165,0.0720743959,0.135530382
c,c,-0.2,0.427001871,0.0754258062,0.147030491
c,c,-0.2,0.448754416,0.0784037758,0.163721012
c,c,-0.2,0.469601745,0.0821322622,0.176404428
c,c,-0.2,0.489805379,0.0849861311,0.191196744
c,c,-0.2,0.510302494,0.0894377341,0.206582153
c,c,-0.2,0.53178319,0.0928624196,0.221374518
c,c,-0.2,0.553922362,0.0968318054,0.23952098
c,c,-0.2,0.574670041,0.101112678,0.255662067
c,c,-0.2,0.594645701,0.105068961,0.270787403
c,c,-0.2,0.615540037,0.108911526,0.290918344
c,c,-0.2,0.636554081,0.113855596,0.306729804
c,c,-0.2,0.658102417,0.119659596,0.327227667
c,c,-0.2,0.679189641,0.124004966,0.345540171
c,c,-0.2,0.700054044,0.12928421,0.363847219
c,c,-0.2,0.721329826,0.133843302,0.384195629
c,c,-0.2,0.742033923,0.139965969,0.399723958
c,c,-0.2,0.762614581,0.145285343,0.419785971
c,c,-0.2,0.783270495,0.152327956,0.439888151
c,c,-0.2,0.804783918,0.157624274,0.464667886
c,c,-0.2,0.826095906,0.164591223,0.482584566
c,c,-0.2,0.846303977,0.17101156,0.503819276
c,c,-0.2,0.867174819,0.176956743,0.519538951
c,c,-0.2,0.888413258,0.183993802,0.545192429
c,c,-0.2,0.909910564,0.192404929,0.566567014
c,c,-0.2,0.931134698,0.200296931,0.589327151
c,c,-0.2,0.951563161,0.204783623,0.604023638
c,c,-0.2,0.972160451,0.21244367,0.626083389
c,c,-0.2,0.993008165,0.22079192,0.644506551
c,c,-0.2,1.0140906,0.228382448,0.664332111
c,c,-0.2,1.03500338,0.235777,0.684399174
c,c,-0.2,1.05657413,0.244818152,0.707010812
c,c,-0.2,1.07789814,0.253928213,0.725570337
c,c,-0.2,1.09835045,0.264949408,0.742438062
c,c,-0.2,1.11903902,0.27079092,0.761018462
c,c,-0.2,1.1396405,0.280939672,0.776918325
c,c,-0.2,1.16109193,0.28977456,0.798345821
c,c,-0.2,1.18227503,0.29966747,0.813457892
c,c,-0.2,1.2030555,0.312066077,0.829946297
c,c,-0.2,1.22375183,0.321354507,0.841923283
c,c,-0.2,1.24453484,0.331470131,0.855438872
c,c,-0.2,1.26570671,0.342234857,0.874160457
c,c,-0.2,1.28693994,0.352317941,0.884251169
c,c,-0.2,1.30807124,0.364253475,0.902136965
c,c,-0.2,1.32889646,0.375287418,0.910228481
c,c,-0.2,1.34945121,0.386333496,0.918982022
c,c,-0.2,1.37055188,0.39814652,0.928757678
c,c,-0.2,1.39148285,0.410319432,0.939002605
c,c,-0.2,1.41220445,0.419753528,0.951240268
c,c,-0.2,1.43352474,0.433022949,0.953302941
c,c,-0.2,1.45454751,0.446076873,0.962319364
c,c,-0.2,1.47511055,0.459666857,0.970269237
c,c,-0.2,1.49566583,0.464236758,0.979699802
c,c,-0.2,1.51690776,0.481474855,0.980673369
c,c,-0.2,1.53826425,0.495602044,0.988188484
c,c,-0.2,1.55931449,0.508301255,0.990050476
c,c,-0.2,1.58012172,0.520872563,0.99621478
c,c,-0.2,1.60114355,0.532736744,0.999689147
c,c,-0.2,1.62229155,0.546059083,1.00565616
c,c,-0.2,1.64295947,0.559047802,1.00675692
c,c,-0.2,1.66366432,0.5683845,1.00726619
c,c,-0.2,1.68478217,0.582248345,1.01410805
c,c,-0.2,1.7057485,0.595769781,1.01173075
c,c,-0.2,1.72683745,0.61018279,1.0087308
c,c,-0.2,1.74765849,0.621409795,1.01371765
c,c,-0.2,1.76847487,0.633944944,1.01879084
c,c,-0.2,1.78961871,0.649037676,1.0132944
c,c,-0.2,1.81086098,0.661015593,1.01294677
c,c,-0.2,1.83179094,0.669643842,1.00860023
c,c,-0.2,1.8521746,0.686205669,1.01455779
c,c,-0.2,1.8733654,0.694844182,1.01172462
c,c,-0.2,1.89455538,0.704666621,1.01627872
c,c,-0.2,1.91534795,0.716458636,1.01478491
c,c,-0.2,1.93623233,0.728584173,1.01336313
c,c,-0.2,1.9571481,0.737559318,1.00942989
c,c,-0.2,1.97825109,0.747679035,1.00736931
c,c,-0.2,1.99905898,0.759956996,1.00233194
c,c,-0.2,2.01966715,0.771088286,1.00751298
c,c,-0.2,2.04082415,0.778219229,1.00932063
c,c,-0.2,2.06193171,0.786153818,1.00498625
c,c,-0.2,2.08296048,0.793046164,1.0037837
c,c,-0.2,2.10383017,0.800885081,1.00340126
c,c,-0.2,2.12494312,0.813101059,0.998456146
c,c,-0.2,2.14618475,0.821737698,0.999286584
c,c,-0.2,2.16679298,0.826596894,0.996755946
c,c,-0.2,2.18753482,0.831974637,0.991846797
c,c,-0.2,2.20847027,0.844187873,0.996199487
c,c,-0.2,2.22955181,0.846194957,0.993238841
c,c,-0.2,2.25078374,0.851382422,0.993527169
c,c,-0.2,2.27150159,0.858872081,0.99146314
c,c,-0.2,2.29205574,0.869275009,0.989586283
c,c,-0.2,2.31294326,0.875128566,0.99034387
c,c,-0.2,2.3340363,0.876056327,0.987010651
c,c,-0.2,2.35514399,0.884473819,0.988404928
c,c,-0.2,2.37607726,0.886940615,0.984805516
c,c,-0.2,2.39730341,0.890276123,0.981829354
c,c,-0.2,2.41857203,0.893784856,0.981776086
c,c,-0.2,2.43911056,0.89464468,0.981211554
c,c,-0.2,2.45988005,0.904946515,0.9825367
c,c,-0.2,2.48094151,0.906290256,0.979312606
c,c,-0.2,2.50196601,0.90422531,0.980975287
c,c,-0.2,2.52300496,0.912712323,0.979635157
c,c,-0.2,2.54340089,0.911057641,0.974249617
c,c,-0.2,2.56415297,0.916109257,0.9773856
c,c,-0.2,2.58575836,0.914630372,0.974056741
c,c,-0.2,2.60684428,0.917507018,0.973583768
c,c,-0.2,2.62775949,0.92290693,0.97416693
c,c,-0.2,2.64834355,0.925837957,0.973879084
c,c,-0.2,2.66912062,0.926041072,0.977047529
c,c,-0.2,2.69039946,0.925029797,0.975716273
c,c,-0.2,2.71121518,0.929547857,0.973716626
c,c,-0.2,2.7321837,0.933695394,0.974759187
c,c,-0.2,2.75306239,0.934220627,0.972094131
c,c,-0.2,2.77427049,0.937381842,0.975984108
c,c,-0.2,2.79557932,0.93340504,0.969695299
c,c,-0.2,2.8160646,0.937601118,0.970455773
c,c,-0.2,2.83689478,0.941802726,0.969527726
c,c,-0.2,2.85801727,0.941376629,0.975615291
c,c,-0.2,2.87906973,0.944267777,0.972257311
c,c,-0.2,2.89996898,0.943548609,0.976129672
c,c,-0.2,2.92062944,0.944767866,0.972955851
c,c,-0.2,2.941605,0.945525036,0.973369398
c,c,-0.2,2.96267076,0.94537065,0.973426466
c,c,-0.2,2.98347442,0.947221505,0.97515729
c,c,-0.2,3.00437656,0.949869904,0.972380574
c,c,-0.2,3.02542142,0.949688291,0.976951587
c,c,-0.2,3.04658726,0.950732612,0.97852442
c,c,-0.2,3.06768101,0.953954922,0.981767997
c,c,-0.2,3.088328,0.953043866,0.975467966
c,c,-0.2,3.10931167,0.951846481,0.976900683
c,c,-0.2,3.1305457,0.95581417,0.975319213
c,c,-0.2,3.15150209,0.954451771,0.979846192
c,c,-0.2,3.17219014,0.957036857,0.976694036
c,c,-0.2,3.19299024,0.954665451,0.978486824
c,c,-0.2,3.21390436,0.955612536,0.975780751
c,c,-0.2,3.23506564,0.959564758,0.976570045
c,c,-0.2,3.25605387,0.95930027,0.980183954
c,c,-0.2,3.27685776,0.960649545,0.97641831
c,c,-0.2,3.29794723,0.95714087,0.977747051
c,c,-0.2,3.31884778,0.956502298,0.979873265
c,c,-0.2,3.33944269,0.96498862,0.982258722
c,c,-0.2,3.36030612,0.966711483,0.980897768
c,c,-0.2,3.38171654,0.962816236,0.979162364
c,c,-0.2,3.40297495,0.961355656,0.983977568
c,c,-0.2,3.42370792,0.96455187,0.980771718
c,c,-0.2,3.44440875,0.96736665,0.980826464
c,c,-0.2,3.465315,0.970026076,0.980119411
c,c,-0.2,3.4865867,0.969695646,0.979473344
c,c,-0.2,3.50751221,0.969238423,0.982053784
c,c,-0.2,3.52796741,0.968551102,0.98180876
c,c,-0.2,3.5488788,0.967125159,0.980894702
c,c,-0.2,3.57014151,0.968133542,0.981271362
c,c,-0.2,3.59120365,0.970315646,0.984782495
c,c,-0.2,3.61190928,0.969970665,0.984292831
c,c,-0.2,3.63300558,0.970024907,0.980836133
c,c,-0.2,3.6541422,0.973893411,0.983252022
c,c,-0.2,3.67500902,0.969417828,0.982297552
c,c,-0.2,3.69581564,0.97360261,0.990031722
c,c,-0.2,3.71644729,0.974064307,0.983981321
c,c,-0.2,3.73749774,0.973587801,0.984328243
c,c,-0.2,3.75868086,0.976277425,0.984775514
c,c,-0.2,3.77950549,0.974408232,0.984251096
c,c,-0.2,3.80027286,0.980856681,0.986939951
c,c,-0.2,3.82143123,0.978614634,0.988154404
c,c,-0.2,3.84280481,0.980123869,0.988821444
c,c,-0.2,3.86349282,0.978359913,0.987886237
c,c,-0.2,3.88417456,0.981108363,0.985498358
c,c,-0.2,3.90535419,0.980924922,0.987169241
c,c,-0.2,3.9264697,0.980071953,0.985112301
c,c,-0.2,3.94738681,0.980599519,0.989387612
c,c,-0.2,3.96810309,0.985379333,0.991889448
c,c,-0.2,3.98888694,0.983394634,0.988792327
c,c,-0.2,4.00993371,0.983028472,0.988168052
c,c,-0.2,4.03080983,0.980690166,0.988123111
c,c,-0.2,4.05178039,0.981842422,0.990940545
c,c,-0.2,4.07276799,0.98379277,0.990732268
c,c,-0.2,4.09368684,0.987792483,0.992488479
c,c,-0.2,4.11485609,0.983998059,0.991228881
c,c,-0.2,4.13583188,0.987710315,0.993170635
c,c,-0.2,4.15670688,0.984504866,0.991978257
c,c,-0.2,4.17758774,0.985044713,0.995330869
c,c,-0.2,4.19867141,0.990470311,0.992680905
c,c,-0.2,4.21961517,0.990019948,0.991601703
c,c,-0.2,4.24013393,0.989482343,0.992850447
c,c,-0.2,4.26119077,0.985967999,0.996777516
c,c,-0.2,4.28239268,0.991656917,0.994087055
c,c,-0.2,4.30342826,0.990387883,0.995283299
c,c,-0.2,4.32431592,0.988431764,0.998228481
c,c,-0.2,4.34508479,0.994974084,0.995272989
c,c,-0.2,4.36604259,0.989430271,0.996740037
c,c,-0.2,4.38708086,0.990036881,0.998658354
c,c,-0.2,4.40778797,0.991491262,0.999321329
c,c,-0.2,4.4288526,0.992446665,1.00137136
c,c,-0.2,4.44994967,0.99427429,0.999078634
c,c,-0.2,4.47085438,0.995111371,0.998489619
c,c,-0.2,4.49188801,0.993236817,1.0023205
c,c,-0.2,4.51250216,0.994478612,1.00022848
c,c,-0.2,4.5334461,0.993847257,1.00182815
c,c,-0.2,4.55463591,0.992929586,1.00213084
c,c,-0.2,4.57547609,0.99605426,1.00240482
c,c,-0.2,4.59643311,0.993612885,1.00566347
c,c,-0.2,4.61732903,0.994555346,1.00058378
c,c,-0.2,4.63833098,0.993033437,1.00079486
c,c,-0.2,4.65949324,0.994704172,1.00242278
c,c,-0.2,4.68039693,0.993928116,1.00149462
c,c,-0.2,4.70136745,0.996367328,1.00194859
c,c,-0.2,4.72221533,0.996855163,1.00204433
c,c,-0.2,4.74309374,0.996652139,1.00014561
c,c,-0.2,4.76390784,0.995090552,1.00396471
c,c,-0.2,4.78491795,0.996258821,1.00231387
c,c,-0.2,4.80636204,0.997684172,1.00431184
c,c,-0.2,4.82728449,0.998939966,1.00474233
c,c,-0.2,4.84785524,1.00004986,1.00291382
c,c,-0.2,4.86859731,1.00074331,1.00369499
c,c,-0.2,4.88954319,0.996899081,1.01014979
c,c,-0.2,4.91078695,0.998279277,1.00404183
c,c,-0.2,4.93172016,0.998879827,1.00682942
c,c,-0.2,4.95244063,0.999613415,1.00768975
c,c,-0.2,4.97348932,0.999996081,1.00575179
c,c,-0.2,4.994309,0.99877279,1.00799713
c,c,-0.2,5.01515697,0.999803079,1.00510371
c,c,-0.2,5.03598003,0.998047759,1.00629962
c,c,-0.2,5.05703237,0.999596786,1.00468558
c,c,-0.2,5.07840332,1.00150707,1.00824683
c,c,-0.2,5.09943841,0.998879809,1.00612736
c,c,-0.2,5.12032938,1.00122674,1.00779542
c,c,-0.2,5.14107614,1.00030353,1.00532644
c,c,-0.2,5.16214077,0.998833099,1.00648361
c,c,-0.2,5.18341099,1.00007119,1.00579037
c,c,-0.2,5.2041075,1.00213446,1.00795877
c,c,-0.2,5.22477891,1.00288968,1.00731784
c,c,-0.2,5.24557967,1.00174182,1.00961968
c,c,-0.2,5.26649236,1.00340202,1.00914707
c,c,-0.2,5.28753131,1.0017665,1.00702228
c,c,-0.2,5.30847064,1.00378874,1.00690094
c,c,-0.2,5.32946745,1.00049935,1.00635076
c,c,-0.2,5.3506922,1.00227541,1.00535412
c,c,-0.2,5.37158853,1.00273241,1.00910121
c,c,-0.2,5.39231925,1.00317593,1.00771967
c,c,-0.2,5.41333352,1.00364849,1.00697796
c,c,-0.2,5.43434316,1.00474724,1.00840066
c,c,-0.2,5.45530659,1.00620242,1.00566182
c,c,-0.2,5.47618498,1.00271892,1.00669855
c,c,-0.2,5.49715755,1.00100829,1.00513774
c,c,-0.2,5.51801586,1.0013479,1.00747716
c,c,-0.2,5.53881995,1.00375745,1.00715905
c,c,-0.2,5.55992514,1.00406027,1.00901161
c,c,-0.2,5.58098545,0.999535198,1.00899605
c,c,-0.2,5.60183772,1.00304419,1.00705899
c,c,-0.2,5.62277584,1.0031211,1.00816922
c,c,-0.2,5.64379172,1.00334689,1.01125801
c,c,-0.2,5.66460817,1.00212096,1.00751443
c,c,-0.2,5.68556022,1.00108081,1.0059692
c,c,-0.2,5.7067909,1.00428896,1.00825813
c,c,-0.2,5.72769317,1.00289681,1.00919938
c,c,-0.2,5.74840017,1.00361023,1.00948312
c,c,-0.2,5.76938192,1.00439625,1.00861258
c,c,-0.2,5.79039764,1.00430618,1.010897
c,c,-0.2,5.81144039,1.0033537,1.01064639
c,c,-0.2,5.83232115,1.00473875,1.00787643
c,c,-0.2,5.85320209,1.00247549,1.01113742
c,c,-0.2,5.87418919,1.00301647,1.01035343
c,c,-0.2,5.89509625,1.0051634,1.00966078
c,c,-0.2,5.9159726,1.0029942,1.01036223
c,c,-0.2,5.93682663,1.0008951,1.00683135
c,c,-0.2,5.95791772,1.00238868,1.00701915
c,c,-0.2,5.97900675,1.00192634,1.0056144
c,c,-0.2,5.99978945,0.999817291,1.00577412
c,c,-0.2,6.02063577,1.00120762,1.01049829
c,c,-0.2,6.04156421,1.0040945,1.00580161
c,c,-0.2,6.06259364,1.00509751,1.00344306
c,c,-0.2,6.08377541,1.00438784,1.00477086
c,c,-0.2,6.10447051,1.00637146,1.00695019
c,c,-0.2,6.12538157,1.0019761,1.0089833
c,c,-0.2,6.14660689,1.00422977,1.0063838
c,c,-0.2,6.16752321,1.00503784,1.00358318
c,c,-0.2,6.18833806,1.0057685,1.00580369
c,c,-0.2,6.20938667,1.00238822,1.00605337
c,c,-0.2,6.23052184,1.00288693,1.00761401
c,c,-0.2,6.25137137,1.00327801,1.00771613
c,c,-0.2,6.27204484,1.00073253,1.00302179
c,c,-0.2,6.29290789,1.00525183,1.00642225
c,c,-0.2,6.31382104,1.0048019,1.00619426
c,c,-0.2,6.33495691,1.00371561,1.00764093
c,c,-0.2,6.35600914,1.00393975,1.00583331
c,c,-0.2,6.37663869,1.00055033,1.00498548
c,c,-0.2,6.39770954,1.00313008,1.00626076
c,c,-0.2,6.41872759,1.00119098,1.00690838
c,c,-0.2,6.43951457,1.00260769,1.0050674
c,c,-0.2,6.46033562,1.00197156,1.00567538
c,c,-0.2,6.4814564,1.00212556,1.00446495
c,c,-0.2,6.50265681,1.00318779,1.00536159
c,c,-0.2,6.52350383,1.00176855,1.00330051
c,c,-0.2,6.54427866,1.00271532,1.00418979
c,c,-0.2,6.56515568,1.00389571,1.00579696
c,c,-0.2,6.58628576,1.00289587,1.00556327
c,c,-0.2,6.60749316,1.00447351,1.00150181
c,c,-0.2,6.62830625,1.00217104,1.00365482
c,c,-0.2,6.64913567,1.003813,1.00396813
c,c,-0.2,6.67020149,1.00224769,1.00374283
c,c,-0.2,6.69106898,1.00135824,1.00149641
c,c,-0.2,6.71185955,1.00204966,1.0038419
c,c,-0.2,6.73264651,1.00259826,1.00379346
c,c,-0.2,6.7537045,1.00170654,1.00036563
c,c,-0.2,6.77487174,0.999845487,1.00382513
c,c,-0.2,6.79557562,1.00379822,1.00343592
c,c,-0.2,6.81648781,1.00273146,1.00390734
c,c,-0.2,6.83753747,1.0034759,1.00204535
c,c,-0.2,6.85867557,1.00243166,1.00327042
c,c,-0.2,6.87985316,1.00304087,1.00371489
c,c,-0.2,6.90065786,1.00324101,1.00196011
c,c,-0.2,6.92153112,1.00323006,1.00332515
c,c,-0.2,6.94229803,1.00038114,1.00351079
c,c,-0.2,6.9630016,1.00130057,1.00420886
c,c,-0.2,6.98416877,1.00129474,1.00314489
c,c,-0.2,7.0052781,1.00274396,1.00275735
c,c,-0.2,7.02617612,1.00161937,1.0002073
c,c,-0.2,7.04699526,1.00232031,0.999039528
c,c,-0.2,7.06761685,1.00244118,1.00098558
c,c,-0.2,7.08873369,1.00220847,1.00080914
c,c,-0.2,7.10994937,1.00277034,1.00133749
c,c,-0.2,7.13102893,0.998920264,1.00018774
c,c,-0.2,7.15201412,0.999672146,1.00019424
c,c,-0.2,7.17271336,1.00264438,0.999477111
c,c,-0.2,7.19374266,1.00018203,1.00144231
c,c,-0.2,7.21473042,1.00081018,1.00068116
c,c,-0.2,7.23564263,1.00283713,1.00173727
c,c,-0.2,7.25666289,1.00151819,0.999157313
c,c,-0.2,7.27757645,1.00018615,0.998623825
c,c,-0.2,7.2984411,1.00284013,1.00385509
c,c,-0.2,7.31917384,1.00058272,0.999780802
c,c,-0.2,7.34001688,1.00027279,1.00197502
c,c,-0.2,7.3611683,1.00158813,0.998067435
c,c,-0.2,7.38224284,1.00037465,1.00094839
c,c,-0.2,7.40324015,1.00223533,0.998598086
c,c,-0.2,7.42408854,0.999092102,0.998701989
c,c,-0.2,7.44500634,0.999025961,0.998633395
c,c,-0.2,7.46595959,1.00271283,0.997997896
c,c,-0.2,7.48696308,1.0030247,0.999051609
c,c,-0.2,7.5079936,0.996966311,0.998200028
c,c,-0.2,7.52871967,1.00234074,0.998303785
c,c,-0.2,7.54966921,0.997738857,0.999361485
c,c,-0.2,7.57064902,0.999235866,0.999938832
c,c,-0.2,7.59151428,0.99881769,1.00089925
c,c,-0.2,7.6123809,0.99966329,0.999315033
c,c,-0.2,7.63338324,0.99846779,0.998825103
c,c,-0.2,7.65450532,0.998019573,0.995130195
c,c,-0.2,7.67556944,0.997926868,0.999138493
c,c,-0.2,7.69637751,1.00010653,0.998095621
c,c,-0.2,7.71727216,0.998641838,0.997456134
c,c,-0.2,7.73835725,0.99987848,0.999427046
c,c,-0.2,7.75934923,0.99911884,0.996419542
c,c,-0.2,7.78023116,0.998766201,0.998514392
c,c,-0.2,7.80098697,0.998535268,0.997404878
c,c,-0.2,7.82190677,0.997526611,0.996409311
c,c,-0.2,7.84304931,0.998913174,0.997843857
c,c,-0.2,7.86405132,1.00095679,0.997494585
c,c,-0.2,7.88484553,0.996871613,0.99861363
c,c,-0.2,7.90574885,1.00112866,0.997503729
c,c,-0.2,7.9267531,0.998194224,0.998690435
c,c,-0.2,7.94765228,0.997590266,0.997838349
c,c,-0.2,7.96842304,0.99821581,0.998792081
c,c,-0.2,7.98938616,0.998765428,0.997640188
c,c,-0.2,8.01050815,1.00062367,1.00089738
c,c,-0.2,8.03153334,1.0004962,0.995855291
c,c,-0.2,8.05240251,0.999669226,0.996983259
c,c,-0.2,8.07332696,0.99789649,0.997182994
c,c,-0.2,8.09438514,0.998703992,0.994722833
c,c,-0.2,8.11529588,0.99835878,0.997094556
c,c,-0.2,8.13618411,0.999824878,0.996833346
c,c,-0.2,8.15717855,0.999544981,0.996625311
c,c,-0.2,8.17807847,0.99693309,0.995461379
c,c,-0.2,8.19905269,1.00000744,0.996671983
c,c,-0.2,8.21991085,0.999253742,0.99725963
c,c,-0.2,8.24078529,1.00070112,0.998045277
c,c,-0.2,8.26195652,0.996755459,0.995294451
c,c,-0.2,8.28293039,0.996755834,0.996657697
c,c,-0.2,8.30373423,1.00109244,0.996028923
c,c,-0.2,8.32452583,0.998757698,0.995099535
c,c,-0.2,8.34556221,0.995924232,0.997982336
c,c,-0.2,8.36671927,1.00067172,0.994592849
c,c,-0.2,8.38757523,0.996901901,0.993880205
c,c,-0.2,8.40855808,1.00103198,0.997654992
c,c,-0.2,8.42953585,0.998887875,0.995277513
c,c,-0.2,8.45042977,0.996428205,0.998617665
c,c,-0.2,8.47138662,0.999807569,0.997205689
c,c,-0.2,8.49217243,0.997900876,0.996506015
c,c,-0.2,8.51321806,0.999922814,0.994995671
c,c,-0.2,8.53421183,0.998680062,0.995488114
c,c,-0.2,8.55508292,0.997687242,0.996248379
c,c,-0.2,8.57598662,1.00066797,0.997439682
c,c,-0.2,8.59679232,0.997477435,0.99832054
c,c,-0.2,8.61783107,0.999619319,0.996577525
c,c,-0.2,8.63891768,0.998309729,0.994590727
c,c,-0.2,8.65972861,0.998418523,0.998212959
c,c,-0.2,8.68059853,0.999225459,0.997213381
c,c,-0.2,8.70174168,1.0012586,0.996509112
c,c,-0.2,8.72279566,1.00045776,0.995848412
c,c,-0.2,8.74359241,0.995794551,0.997534713
c,c,-0.2,8.76424415,0.99865468,0.99465659
c,c,-0.2,8.78526729,0.99778329,0.994954311
c,c,-0.2,8.80637189,0.997812256,0.996698982
c,c,-0.2,8.82736896,0.99719513,0.997348833
c,c,-0.2,8.84843212,0.999022473,0.997035251
c,c,-0.2,8.86933197,0.998443035,0.996824973
c,c,-0.2,8.89026857,0.995609371,0.996488386
c,c,-0.2,8.91123702,0.99719183,0.996396963
c,c,-0.2,8.93214776,0.999218187,0.996075946
c,c,-0.2,8.95312097,0.997552566,0.994845349
c,c,-0.2,8.9741304,0.999175886,0.997190042
c,c,-0.2,8.99505705,0.997114173,0.99547472
c,c,-0.2,9.01571368,0.997598571,0.997087863
c,c,-0.2,9.03640927,0.99840889,0.996928746
c,c,-0.2,9.05755121,0.996016498,0.996137421
c,c,-0.2,9.07868023,0.99887478,0.99648272
c,c,-0.2,9.09969513,0.999812646,0.995883364
c,c,-0.2,9.1205658,0.997580224,0.995617579
c,c,-0.2,9.14137844,0.999737407,0.998308973
c,c,-0.2,9.16237082,1.00054628,0.996903683
c,c,-0.2,9.18339441,0.997590552,0.997802779
c,c,-0.2,9.20447395,0.998359021,0.996205917
c,c,-0.2,9.22549281,0.998806267,0.996160502
c,c,-0.2,9.2463962,0.997861162,0.996656823
c,c,-0.2,9.26722673,1.00004218,0.995917953
c,c,-0.2,9.28791689,0.999840986,0.998016685
c,c,-0.2,9.30892724,0.997801709,0.997746313
c,c,-0.2,9.33003065,0.997175302,0.995746885
c,c,-0.2,9.35102864,0.998529398,0.997832417
c,c,-0.2,9.37196601,0.997764912,0.997073588
c,c,-0.2,9.39258783,0.998443911,0.995624643
c,c,-0.2,9.41349621,0.998241964,0.996953808
c,c,-0.2,9.4347927,0.998843459,0.99857378
c,c,-0.2,9.45587737,0.996989296,0.998279447
c,c,-0.2,9.47676866,0.999469502,0.996709211
c,c,-0.2,9.49762777,0.998274522,0.998091105
c,c,-0.2,9.51852362,0.999038211,0.995994483
c,c,-0.2,9.53939795,0.997575758,0.996667153
c,c,-0.2,9.56035551,0.999120367,0.998015981
c,c,-0.2,9.58149741,0.999374725,0.999780073
c,c,-0.2,9.60249587,1.00092002,0.998900247
c,c,-0.2,9.62336478,0.997044972,0.998590245
c,c,-0.2,9.64415055,0.998073824,0.996864535
c,c,-0.2,9.66502224,0.999349076,0.99647132
c,c,-0.2,9.68597433,0.9999301,0.996253346
c,c,-0.2,9.7069728,0.997653864,0.997289419
c,c,-0.2,9.72797765,0.997606349,0.995658531
c,c,-0.2,9.74896401,0.996585785,0.996404785
c,c,-0.2,9.76996217,0.998331228,0.998510037
c,c,-0.2,9.79085678,0.999203699,0.99444262
c,c,-0.2,9.81166698,0.998398373,0.996582136
c,c,-0.2,9.83262494,0.999935894,0.997452624
c,c,-0.2,9.85372265,0.998545717,0.99723391
c,c,-0.2,9.87472665,0.996722302,0.996912334
c,c,-0.2,9.89559934,0.99993654,0.997652744
c,c,-0.2,9.91635289,0.999864728,0.998116663
c,c,-0.2,9.93737645,0.998582013,0.997742801
c,c,-0.2,9.95856995,1.00035905,1.0002497
c,c,-0.2,9.97940815,0.999128402,0.999155525
c,c,-0.2,10.000082,0.998370106,0.997196707
c,c,0.0,0.0252815853,0.0540435481,0.00542886456
c,c,0.0,0.0486976344,0.0529624126,0.00670113212
c,c,0.0,0.0692644017,0.0539925346,0.00905030813
c,c,0.0,0.08877835,0.0552217596,0.0118532197
c,c,0.0,0.111604297,0.0553544292,0.0154035488
c,c,0.0,0.132731806,0.0568797165,0.0196170347
c,c,0.0,0.153672181,0.0576377036,0.0250057246
c,c,0.0,0.175641863,0.0581557647,0.0303657733
c,c,0.0,0.196615509,0.0594864489,0.0375283571
c,c,0.0,0.217326708,0.0611278305,0.0437436838
c,c,0.0,0.237538457,0.0619765415,0.0515594462
c,c,0.0,0.258148683,0.0646523138,0.0597157274
c,c,0.0,0.28040349,0.066506291,0.0695566255
c,c,0.0,0.301929084,0.0683855409,0.0791283916
c,c,0.0,0.322287413,0.070511193,0.0898399721
c,c,0.0,0.342663331,0.0739229346,0.0999343241
c,c,0.0,0.363641289,0.0749585453,0.1114543
c,c,0.0,0.385602948,0.0782879734,0.12397007
c,c,0.0,0.406737165,0.0815464685,0.136867511
c,c,0.0,0.427001871,0.0843308743,0.150019072
c,c,0.0,0.448754416,0.0872372944,0.164030251
c,c,0.0,0.469601745,0.0901533654,0.176662157
c,c,0.0,0.489805379,0.0932065873,0.192871192
c,c,0.0,0.510302494,0.0964524887,0.207810509
c,c,0.0,0.53178319,0.100342561,0.221964192
c,c,0.0,0.553922362,0.103680036,0.23862442
c,c,0.0,0.574670041,0.10881363,0.256067229
c,c,0.0,0.594645701,0.112804542,0.272561354
c,c,0.0,0.615540037,0.117187753,0.289060821
c,c,0.0,0.636554081,0.120609643,0.306980114
c,c,0.0,0.658102417,0.126303948,0.326038127
c,c,0.0,0.679189641,0.130767846,0.347362813
c,c,0.0,0.700054044,0.135079654,0.363623995
c,c,0.0,0.721329826,0.141286318,0.383721228
c,c,0.0,0.742033923,0.145443786,0.405705203
c,c,0.0,0.762614581,0.151113374,0.424389656
c,c,0.0,0.783270495,0.158175341,0.442765419
c,c,0.0,0.804783918,0.163338018,0.463774004
c,c,0.0,0.826095906,0.169123498,0.483257886
c,c,0.0,0.846303977,0.173421254,0.5029723
c,c,0.0,0.867174819,0.181373527,0.523781664
c,c,0.0,0.888413258,0.188713477,0.540990967
c,c,0.0,0.909910564,0.194436796,0.562677337
c,c,0.0,0.931134698,0.201366457,0.58726699
c,c,0.0,0.951563161,0.208550704,0.608640516
c,c,0.0,0.972160451,0.215875814,0.628527507
c,c,0.0,0.993008165,0.222522299,0.64505733
c,c,0.0,1.0140906,0.231169294,0.665223488
c,c,0.0,1.03500338,0.239208537,0.685223796
c,c,0.0,1.05657413,0.246690672,0.706818384
c,c,0.0,1.07789814,0.253961783,0.720627395
c,c,0.0,1.09835045,0.263891404,0.743144075
c,c,0.0,1.11903902,0.271263246,0.758668356
c,c,0.0,1.1396405,0.280815088,0.783524043
c,c,0.0,1.16109193,0.290616256,0.795841058
c,c,0.0,1.18227503,0.298380603,0.818303624
c,c,0.0,1.2030555,0.308072451,0.835036928
c,c,0.0,1.22375183,0.318837921,0.840364254
c,c,0.0,1.24453484,0.327735944,0.857227495
c,c,0.0,1.26570671,0.336204855,0.876331016
c,c,0.0,1.28693994,0.348449486,0.885653858
c,c,0.0,1.30807124,0.35713298,0.901600241
c,c,0.0,1.32889646,0.368669963,0.910177244
c,c,0.0,1.34945121,0.378863949,0.919632143
c,c,0.0,1.37055188,0.393244644,0.929168888
c,c,0.0,1.39148285,0.402560578,0.936020649
c,c,0.0,1.41220445,0.410842385,0.955087054
c,c,0.0,1.43352474,0.425891539,0.955780562
c,c,0.0,1.45454751,0.437709584,0.968409773
c,c,0.0,1.47511055,0.446441034,0.970400162
c,c,0.0,1.49566583,0.460434211,0.976800984
c,c,0.0,1.51690776,0.474974047,0.984188319
c,c,0.0,1.53826425,0.485913982,0.987590484
c,c,0.0,1.55931449,0.495940654,0.994209772
c,c,0.0,1.58012172,0.507197177,0.998150737
c,c,0.0,1.60114355,0.523793902,1.0001827
c,c,0.0,1.62229155,0.536288457,1.00300219
c,c,0.0,1.64295947,0.544966331,1.00588981
c,c,0.0,1.66366432,0.559629336,1.00207532
c,c,0.0,1.68478217,0.572277821,1.00541056
c,c,0.0,1.7057485,0.584689401,1.01170493
c,c,0.0,1.72683745,0.597518383,1.00946994
c,c,0.0,1.74765849,0.61019566,1.01695935
c,c,0.0,1.76847487,0.621934506,1.01883142
c,c,0.0,1.78961871,0.628256765,1.01928343
c,c,0.0,1.81086098,0.641007189,1.01619277
c,c,0.0,1.83179094,0.654077972,1.01910616
c,c,0.0,1.8521746,0.666291518,1.0151529
c,c,0.0,1.8733654,0.678262232,1.01006159
c,c,0.0,1.89455538,0.690507712,1.01175567
c,c,0.0,1.91534795,0.699720637,1.01082012
c,c,0.0,1.93623233,0.711261515,1.00832518
c,c,0.0,1.9571481,0.720593747,1.00962586
c,c,0.0,1.97825109,0.730832672,1.00208995
c,c,0.0,1.99905898,0.740615226,1.00544906
c,c,0.0,2.01966715,0.750335429,1.00392959
c,c,0.0,2.04082415,0.758251392,1.00347964
c,c,0.0,2.06193171,0.765305354,1.00563805
c,c,0.0,2.08296048,0.773577062,1.00488096
c,c,0.0,2.10383017,0.786367403,0.997492006
c,c,0.0,2.12494312,0.792396612,1.00143767
c,c,0.0,2.14618475,0.799780857,1.00233894
c,c,0.0,2.16679298,0.806467488,0.997856413
c,c,0.0,2.18753482,0.817523357,0.996777843
c,c,0.0,2.20847027,0.821963866,0.993034137
c,c,0.0,2.22955181,0.831751722,0.999121702
c,c,0.0,2.25078374,0.836441126,0.9929117
c,c,0.0,2.27150159,0.838503433,0.994604403
c,c,0.0,2.29205574,0.849052227,0.986423607
c,c,0.0,2.31294326,0.854005362,0.986634357
c,c,0.0,2.3340363,0.862531482,0.985737175
c,c,0.0,2.35514399,0.861115404,0.983400919
c,c,0.0,2.37607726,0.871256422,0.982193264
c,c,0.0,2.39730341,0.87386123,0.98395059
c,c,0.0,2.41857203,0.876686452,0.981606091
c,c,0.0,2.43911056,0.876727693,0.982610452
c,c,0.0,2.45988005,0.881477811,0.982731748
c,c,0.0,2.48094151,0.893171248,0.98371865
c,c,0.0,2.50196601,0.887536364,0.980574382
c,c,0.0,2.52300496,0.893632981,0.97928448
c,c,0.0,2.54340089,0.898140548,0.974396248
c,c,0.0,2.56415297,0.899349626,0.975320705
c,c,0.0,2.58575836,0.905059951,0.975399638
c,c,0.0,2.60684428,0.909105772,0.974907259
c,c,0.0,2.62775949,0.906629247,0.976413235
c,c,0.0,2.64834355,0.910684137,0.972577576
c,c,0.0,2.66912062,0.91213861,0.977109644
c,c,0.0,2.69039946,0.913815312,0.972094478
c,c,0.0,2.71121518,0.919160029,0.973645139
c,c,0.0,2.7321837,0.919563082,0.973951843
c,c,0.0,2.75306239,0.920885073,0.972331314
c,c,0.0,2.77427049,0.922575043,0.971562579
c,c,0.0,2.79557932,0.925561094,0.974638984
c,c,0.0,2.8160646,0.928435983,0.973612153
c,c,0.0,2.83689478,0.9286722,0.974480911
c,c,0.0,2.85801727,0.931180984,0.971427874
c,c,0.0,2.87906973,0.930179804,0.974131752
c,c,0.0,2.89996898,0.929268326,0.976772719
c,c,0.0,2.92062944,0.933929196,0.97591302
c,c,0.0,2.941605,0.936675396,0.97585179
c,c,0.0,2.96267076,0.937801694,0.977191366
c,c,0.0,2.98347442,0.937551035,0.974956904
c,c,0.0,3.00437656,0.939543089,0.975183084
c,c,0.0,3.02542142,0.941717791,0.975257664
c,c,0.0,3.04658726,0.942494349,0.974293454
c,c,0.0,3.06768101,0.941952558,0.975011726
c,c,0.0,3.088328,0.94278017,0.977339992
c,c,0.0,3.10931167,0.944253612,0.975789741
c,c,0.0,3.1305457,0.943134671,0.978423548
c,c,0.0,3.15150209,0.94741989,0.979296311
c,c,0.0,3.17219014,0.949415661,0.974882335
c,c,0.0,3.19299024,0.94881951,0.975874406
c,c,0.0,3.21390436,0.949357051,0.981303613
c,c,0.0,3.23506564,0.951339299,0.978209867
c,c,0.0,3.25605387,0.952226476,0.977940144
c,c,0.0,3.27685776,0.952864866,0.977058556
c,c,0.0,3.29794723,0.95447739,0.980335543
c,c,0.0,3.31884778,0.954477338,0.977365677
c,c,0.0,3.33944269,0.955487664,0.980551995
c,c,0.0,3.36030612,0.957058888,0.975835573
c,c,0.0,3.38171654,0.958759575,0.976367283
c,c,0.0,3.40297495,0.956920613,0.981372301
c,c,0.0,3.42370792,0.959642075,0.981008727
c,c,0.0,3.44440875,0.96255135,0.982252097
c,c,0.0,3.465315,0.962135565,0.980179369
c,c,0.0,3.4865867,0.963171266,0.980037947
c,c,0.0,3.50751221,0.962062973,0.978303152
c,c,0.0,3.52796741,0.967198109,0.979923435
c,c,0.0,3.5488788,0.964840316,0.983166494
c,c,0.0,3.57014151,0.965683008,0.984934509
c,c,0.0,3.59120365,0.963308073,0.983393476
c,c,0.0,3.61190928,0.967255337,0.98197035
c,c,0.0,3.63300558,0.967755085,0.98189267
c,c,0.0,3.6541422,0.968428782,0.982053332
c,c,0.0,3.67500902,0.969940215,0.979484289
c,c,0.0,3.69581564,0.96900667,0.985894944
c,c,0.0,3.71644729,0.973096497,0.984392219
c,c,0.0,3.73749774,0.971733291,0.986528005
c,c,0.0,3.75868086,0.972612925,0.983705733
c,c,0.0,3.77950549,0.971478026,0.986456367
c,c,0.0,3.80027286,0.977618086,0.987453729
c,c,0.0,3.82143123,0.976296797,0.988113616
c,c,0.0,3.84280481,0.973538357,0.987306634
c,c,0.0,3.86349282,0.978806945,0.988810486
c,c,0.0,3.88417456,0.977311467,0.984116989
c,c,0.0,3.90535419,0.978639949,0.984065788
c,c,0.0,3.9264697,0.979948805,0.988195466
c,c,0.0,3.94738681,0.977088046,0.988234507
c,c,0.0,3.96810309,0.983265191,0.989171517
c,c,0.0,3.98888694,0.981256775,0.990256675
c,c,0.0,4.00993371,0.98208095,0.991023106
c,c,0.0,4.03080983,0.981440495,0.989358331
c,c,0.0,4.05178039,0.986226775,0.990284903
c,c,0.0,4.07276799,0.982209237,0.990548997
c,c,0.0,4.09368684,0.984427793,0.991981947
c,c,0.0,4.11485609,0.985302942,0.99272668
c,c,0.0,4.13583188,0.984478603,0.992754647
c,c,0.0,4.15670688,0.990753614,0.991762281
c,c,0.0,4.17758774,0.985878188,0.996461556
c,c,0.0,4.19867141,0.985738191,0.994242071
c,c,0.0,4.21961517,0.989007435,0.997040063
c,c,0.0,4.24013393,0.989103864,0.996400976
c,c,0.0,4.26119077,0.988000844,0.997516387
c,c,0.0,4.28239268,0.987282602,0.992177801
c,c,0.0,4.30342826,0.988204628,0.995124145
c,c,0.0,4.32431592,0.990158884,0.995340922
c,c,0.0,4.34508479,0.990027563,0.996521757
c,c,0.0,4.36604259,0.990638518,0.996231633
c,c,0.0,4.38708086,0.990618276,0.996733846
c,c,0.0,4.40778797,0.989912853,0.994990757
c,c,0.0,4.4288526,0.991049389,1.00030351
c,c,0.0,4.44994967,0.991306504,0.99653183
c,c,0.0,4.47085438,0.993942799,0.997873487
c,c,0.0,4.49188801,0.994740372,1.00103421
c,c,0.0,4.51250216,0.993210645,1.0010895
c,c,0.0,4.5334461,0.995197344,0.993936596
c,c,0.0,4.55463591,0.99384298,0.997895202
c,c,0.0,4.57547609,0.996802411,1.00005061
c,c,0.0,4.59643311,0.998406289,0.999447598
c,c,0.0,4.61732903,0.996567182,1.00273707
c,c,0.0,4.63833098,0.997681615,1.00153829
c,c,0.0,4.65949324,0.995123658,0.999138442
c,c,0.0,4.68039693,0.99638445,1.00088921
c,c,0.0,4.70136745,0.997790129,1.00275347
c,c,0.0,4.72221533,0.996388827,1.00335905
c,c,0.0,4.74309374,0.999820962,1.00255871
c,c,0.0,4.76390784,0.993459901,1.00477508
c,c,0.0,4.78491795,0.998849581,1.00361682
c,c,0.0,4.80636204,1.00154795,1.00430474
c,c,0.0,4.82728449,0.998688791,1.00245117
c,c,0.0,4.84785524,0.997543159,1.00354151
c,c,0.0,4.86859731,0.999402802,1.00604752
c,c,0.0,4.88954319,1.00163647,1.00209782
c,c,0.0,4.91078695,0.999381866,1.00445528
c,c,0.0,4.93172016,1.00044095,1.00441921
c,c,0.0,4.95244063,1.0015351,1.00552964
c,c,0.0,4.97348932,1.00038743,1.00392863
c,c,0.0,4.994309,1.00260025,1.00510668
c,c,0.0,5.01515697,0.998723214,1.00610815
c,c,0.0,5.03598003,0.99892053,1.00255107
c,c,0.0,5.05703237,0.999104954,1.00637203
c,c,0.0,5.07840332,0.997319619,1.00488723
c,c,0.0,5.09943841,1.00120602,1.00616756
c,c,0.0,5.12032938,1.00310473,1.00564435
c,c,0.0,5.14107614,1.00086547,1.00645645
c,c,0.0,5.16214077,0.999250353,1.00442231
c,c,0.0,5.18341099,1.00213653,1.00490575
c,c,0.0,5.2041075,1.00240065,1.00842822
c,c,0.0,5.22477891,1.00230887,1.00666717
c,c,0.0,5.24557967,1.0019085,1.00627948
c,c,0.0,5.26649236,1.00231887,1.0079269
c,c,0.0,5.28753131,1.00151327,1.00859855
c,c,0.0,5.30847064,1.00071016,1.00843103
c,c,0.0,5.32946745,0.999518294,1.00718501
c,c,0.0,5.3506922,1.00460947,1.00799636
c,c,0.0,5.37158853,1.0016107,1.00886942
c,c,0.0,5.39231925,1.00136766,1.00782191
c,c,0.0,5.41333352,1.00280675,1.00767215
c,c,0.0,5.43434316,1.00023171,1.00494657
c,c,0.0,5.45530659,1.00350071,1.00964495
c,c,0.0,5.47618498,1.00339952,1.0095707
c,c,0.0,5.49715755,1.00469204,1.00672471
c,c,0.0,5.51801586,1.00256453,1.00532091
c,c,0.0,5.53881995,1.00365481,1.00725025
c,c,0.0,5.55992514,1.00290863,1.00632251
c,c,0.0,5.58098545,1.00467575,1.00646158
c,c,0.0,5.60183772,1.0038759,1.00772294
c,c,0.0,5.62277584,1.00480492,1.00838762
c,c,0.0,5.64379172,1.00287383,1.007945
c,c,0.0,5.66460817,1.00407567,1.00600493
c,c,0.0,5.68556022,1.00382062,1.00841641
c,c,0.0,5.7067909,1.00425277,1.00417028
c,c,0.0,5.72769317,1.00547257,1.00902341
c,c,0.0,5.74840017,1.00376559,1.00505929
c,c,0.0,5.76938192,1.0048224,1.00902456
c,c,0.0,5.79039764,1.0058334,1.00731032
c,c,0.0,5.81144039,1.00454847,1.01032579
c,c,0.0,5.83232115,1.0046724,1.00760467
c,c,0.0,5.85320209,1.00781185,1.01020518
c,c,0.0,5.87418919,1.00416265,1.00878179
c,c,0.0,5.89509625,1.00381786,1.00584603
c,c,0.0,5.9159726,1.0038401,1.01053021
c,c,0.0,5.93682663,1.00291289,1.00818893
c,c,0.0,5.95791772,1.00331761,1.01094196
c,c,0.0,5.97900675,1.0069634,1.00689189
c,c,0.0,5.99978945,1.00426125,1.00760461
c,c,0.0,6.02063577,1.00279675,1.00728433
c,c,0.0,6.04156421,1.00366992,1.00816148
c,c,0.0,6.06259364,1.00549748,1.00793386
c,c,0.0,6.08377541,1.0021262,1.0085791
c,c,0.0,6.10447051,1.0040148,1.00555455
c,c,0.0,6.12538157,1.0021357,1.00824009
c,c,0.0,6.14660689,1.00180157,1.00562697
c,c,0.0,6.16752321,1.00492604,1.0084632
c,c,0.0,6.18833806,1.0026694,1.00713707
c,c,0.0,6.20938667,1.00540183,1.00563488
c,c,0.0,6.23052184,1.00475317,1.01006172
c,c,0.0,6.25137137,1.0024756,1.00802878
c,c,0.0,6.27204484,1.00533942,1.00477704
c,c,0.0,6.29290789,1.00468606,1.01035581
c,c,0.0,6.31382104,1.00381531,1.00771976
c,c,0.0,6.33495691,1.00552388,1.00468968
c,c,0.0,6.35600914,1.00289046,1.00751966
c,c,0.0,6.37663869,1.00420984,1.00392696
c,c,0.0,6.39770954,1.00582429,1.0046389
c,c,0.0,6.41872759,1.00537264,1.00681081
c,c,0.0,6.43951457,1.00361552,1.00660091
c,c,0.0,6.46033562,1.00443308,1.00371316
c,c,0.0,6.4814564,1.00282684,1.00512946
c,c,0.0,6.50265681,1.00288728,1.0043492
c,c,0.0,6.52350383,1.00268946,1.00419775
c,c,0.0,6.54427866,1.00332801,1.00541809
c,c,0.0,6.56515568,1.00106857,1.00529272
c,c,0.0,6.58628576,1.00320431,1.00243443
c,c,0.0,6.60749316,1.0043084,1.00472625
c,c,0.0,6.62830625,1.00488703,1.00320677
c,c,0.0,6.64913567,1.00471303,1.00608167
c,c,0.0,6.67020149,1.00199915,1.00127588
c,c,0.0,6.69106898,1.00119581,1.0048742
c,c,0.0,6.71185955,1.0052003,1.0037163
c,c,0.0,6.73264651,1.0042015,1.0046047
c,c,0.0,6.7537045,1.00049654,1.00351084
c,c,0.0,6.77487174,1.0039694,1.00515018
c,c,0.0,6.79557562,1.00256632,1.00428812
c,c,0.0,6.81648781,1.00452725,1.00210163
c,c,0.0,6.83753747,1.00363685,1.00304706
c,c,0.0,6.85867557,1.00285375,1.0007017
c,c,0.0,6.87985316,1.00003101,1.0040272
c,c,0.0,6.90065786,1.00120391,1.00212292
c,c,0.0,6.92153112,1.00169993,1.00188403
c,c,0.0,6.94229803,1.00144608,1.00185194
c,c,0.0,6.9630016,1.0016732,1.00107588
c,c,0.0,6.98416877,1.0049211,1.00054534
c,c,0.0,7.0052781,0.999904243,1.00052093
c,c,0.0,7.02617612,1.00207326,1.00168685
c,c,0.0,7.04699526,0.998618975,1.00285429
c,c,0.0,7.06761685,1.00273927,1.00104011
c,c,0.0,7.08873369,1.0019172,1.00138297
c,c,0.0,7.10994937,1.00118264,1.00135996
c,c,0.0,7.13102893,1.00207047,1.00144515
c,c,0.0,7.15201412,1.00204297,1.00260257
c,c,0.0,7.17271336,0.999052609,1.00171913
c,c,0.0,7.19374266,1.00254619,1.00027703
c,c,0.0,7.21473042,1.00300753,1.00147367
c,c,0.0,7.23564263,1.00208223,1.00088573
c,c,0.0,7.25666289,1.0005923,0.999378664
c,c,0.0,7.27757645,1.00102937,1.00168603
c,c,0.0,7.2984411,1.00136266,0.999900985
c,c,0.0,7.31917384,1.00230725,1.0005176
c,c,0.0,7.34001688,1.00258796,0.997874143
c,c,0.0,7.3611683,0.999909642,0.998653247
c,c,0.0,7.38224284,0.998501366,1.00041412
c,c,0.0,7.40324015,1.00145498,1.00091277
c,c,0.0,7.42408854,0.997982836,1.00054522
c,c,0.0,7.44500634,1.00107971,0.998503785
c,c,0.0,7.46595959,1.00194205,0.999148171
c,c,0.0,7.48696308,1.0002302,0.998664648
c,c,0.0,7.5079936,1.00056094,0.999764535
c,c,0.0,7.52871967,1.00203896,0.99893293
c,c,0.0,7.54966921,1.00073471,1.00017912
c,c,0.0,7.57064902,1.00147456,0.999142166
c,c,0.0,7.59151428,1.00222088,0.996834071
c,c,0.0,7.6123809,0.998912207,0.997840349
c,c,0.0,7.63338324,1.00006375,0.999796888
c,c,0.0,7.65450532,0.99903448,0.999260702
c,c,0.0,7.67556944,1.0016202,0.998697724
c,c,0.0,7.69637751,0.999866668,0.997889184
c,c,0.0,7.71727216,1.00198665,0.998241612
c,c,0.0,7.73835725,0.996454734,0.996839699
c,c,0.0,7.75934923,0.999234624,0.997658431
c,c,0.0,7.78023116,0.999109034,0.997106166
c,c,0.0,7.80098697,0.997605781,0.997885928
c,c,0.0,7.82190677,0.998821496,0.999271014
c,c,0.0,7.84304931,0.99884124,0.999279344
c,c,0.0,7.86405132,1.00050676,1.00013868
c,c,0.0,7.88484553,0.997804856,0.998213206
c,c,0.0,7.90574885,0.998623056,0.997530895
c,c,0.0,7.9267531,1.00032393,0.998579196
c,c,0.0,7.94765228,1.00107395,0.996313431
c,c,0.0,7.96842304,0.997483652,0.997779593
c,c,0.0,7.98938616,0.99776498,0.995811534
c,c,0.0,8.01050815,0.999034457,0.99665667
c,c,0.0,8.03153334,1.00034021,0.996646665
c,c,0.0,8.05240251,0.997586007,0.99800085
c,c,0.0,8.07332696,0.99815469,0.999238335
c,c,0.0,8.09438514,0.997296032,0.99720046
c,c,0.0,8.11529588,0.999482065,0.994858711
c,c,0.0,8.13618411,0.99851041,0.997295806
c,c,0.0,8.15717855,0.999226624,0.998236772
c,c,0.0,8.17807847,0.996832752,0.996732981
c,c,0.0,8.19905269,0.997560305,0.999674622
c,c,0.0,8.21991085,0.999442822,0.996223311
c,c,0.0,8.24078529,1.00185591,0.996997595
c,c,0.0,8.26195652,0.999392433,0.995814723
c,c,0.0,8.28293039,0.997443482,0.99747847
c,c,0.0,8.30373423,0.996718,0.996299613
c,c,0.0,8.32452583,0.998713124,0.995745363
c,c,0.0,8.34556221,0.994833297,0.99475344
c,c,0.0,8.36671927,0.997051628,0.996695969
c,c,0.0,8.38757523,0.997148005,0.995773633
c,c,0.0,8.40855808,0.998880351,0.996418143
c,c,0.0,8.42953585,0.997140624,0.997246608
c,c,0.0,8.45042977,0.999364137,0.997413365
c,c,0.0,8.47138662,0.99713216,0.995617755
c,c,0.0,8.49217243,0.998161563,0.99535686
c,c,0.0,8.51321806,0.999432892,0.996173082
c,c,0.0,8.53421183,0.997908163,0.996270138
c,c,0.0,8.55508292,0.996385135,0.994478255
c,c,0.0,8.57598662,0.999736919,0.996197694
c,c,0.0,8.59679232,0.996769986,0.99574606
c,c,0.0,8.61783107,0.997244216,0.995443386
c,c,0.0,8.63891768,0.998593769,0.998635188
c,c,0.0,8.65972861,0.996106841,0.995517906
c,c,0.0,8.68059853,0.999396656,0.995280145
c,c,0.0,8.70174168,0.998430319,0.994412828
c,c,0.0,8.72279566,0.997351653,0.996182853
c,c,0.0,8.74359241,0.999262304,0.997328753
c,c,0.0,8.76424415,0.999432884,0.99732314
c,c,0.0,8.78526729,0.999451075,0.996474705
c,c,0.0,8.80637189,0.998780153,0.99804405
c,c,0.0,8.82736896,0.995532278,0.996771621
c,c,0.0,8.84843212,0.999622544,0.996323903
c,c,0.0,8.86933197,0.997341901,0.993993875
c,c,0.0,8.89026857,0.998631423,0.996229375
c,c,0.0,8.91123702,1.0008486,0.99724634
c,c,0.0,8.93214776,0.999356515,0.997170386
c,c,0.0,8.95312097,0.998706367,0.998594517
c,c,0.0,8.9741304,0.997825355,0.996361173
c,c,0.0,8.99505705,0.998981377,0.997031173
c,c,0.0,9.01571368,0.999956088,0.997068688
c,c,0.0,9.03640927,0.997065774,0.996327238
c,c,0.0,9.05755121,0.998593538,0.997054487
c,c,0.0,9.07868023,0.99765136,0.996008594
c,c,0.0,9.09969513,0.998747394,0.995017756
c,c,0.0,9.1205658,0.997191986,0.995006071
c,c,0.0,9.14137844,0.998452989,0.998044018
c,c,0.0,9.16237082,0.999472863,0.997650407
c,c,0.0,9.18339441,0.997228713,0.995854524
c,c,0.0,9.20447395,0.996547257,0.998421413
c,c,0.0,9.22549281,0.996979854,0.997270298
c,c,0.0,9.2463962,0.996816782,0.997836875
c,c,0.0,9.26722673,0.999525568,0.99576048
c,c,0.0,9.28791689,0.998135646,0.994465511
c,c,0.0,9.30892724,0.996326723,0.996547608
c,c,0.0,9.33003065,0.997034672,0.995653244
c,c,0.0,9.35102864,0.999535283,0.997041768
c,c,0.0,9.37196601,0.996864893,0.996056803
c,c,0.0,9.39258783,0.997093319,0.998116322
c,c,0.0,9.41349621,0.999714322,0.997123608
c,c,0.0,9.4347927,0.999164943,0.996491512
c,c,0.0,9.45587737,0.997182885,0.996625671
c,c,0.0,9.47676866,0.999074218,0.998993262
c,c,0.0,9.49762777,0.996749326,0.997918941
c,c,0.0,9.51852362,0.997844371,0.997814943
c,c,0.0,9.53939795,0.998871992,0.997752154
c,c,0.0,9.56035551,0.99778637,0.997151078
c,c,0.0,9.58149741,0.998028886,0.997954477
c,c,0.0,9.60249587,0.997826134,0.998000044
c,c,0.0,9.62336478,0.998256445,0.998299064
c,c,0.0,9.64415055,0.998269273,0.997138758
c,c,0.0,9.66502224,0.998535479,0.99726121
c,c,0.0,9.68597433,0.999183375,0.998546802
c,c,0.0,9.7069728,0.999121157,1.00002903
c,c,0.0,9.72797765,0.99568991,0.99662134
c,c,0.0,9.74896401,0.99819581,0.996649031
c,c,0.0,9.76996217,0.998381399,0.998578783
c,c,0.0,9.79085678,0.997805689,0.997382168
c,c,0.0,9.81166698,0.999165711,0.998372117
c,c,0.0,9.83262494,0.998534024,0.99750121
c,c,0.0,9.85372265,0.997579305,0.998637469
c,c,0.0,9.87472665,0.998348798,0.999142362
c,c,0.0,9.89559934,0.997845501,1.00101526
c,c,0.0,9.91635289,0.999183451,0.997593323
c,c,0.0,9.93737645,0.998403279,0.998989407
c,c,0.0,9.95856995,0.997518973,0.997545927
c,c,0.0,9.97940815,0.997328707,0.997982652
c,c,0.0,10.000082,1.00079813,0.997611398
h,h,0.0,0.0252815853,0.0559197149,0.0005296485
h,h,0.0,0.0486976344,0.0537832019,0.00202846552
h,h,0.0,0.0692644017,0.0533200674,0.00402958427
h,h,0.0,0.08877835,0.0545787297,0.0065389667
h,h,0.0,0.111604297,0.0557885152,0.0103843786
h,h,0.0,0.132731806,0.0559068612,0.014921314
h,h,0.0,0.153672181,0.0574091807,0.0194036234
h,h,0.0,0.175641863,0.0580512744,0.0254828463
h,h,0.0,0.196615509,0.0594868018,0.0314882479
h,h,0.0,0.217326708,0.0620604265,0.0383529598
h,h,0.0,0.237538457,0.0631226437,0.0459423072
h,h,0.0,0.258148683,0.0650854127,0.0544368764
h,h,0.0,0.28040349,0.0663966537,0.0635472762
h,h,0.0,0.301929084,0.0685413628,0.0723367336
h,h,0.0,0.322287413,0.0715189924,0.0829809724
h,h,0.0,0.342663331,0.074195034,0.0941899695
h,h,0.0,0.363641289,0.0748613923,0.106021932
h,h,0.0,0.385602948,0.0781633339,0.117278241
h,h,0.0,0.406737165,0.0815264526,0.131483427
h,h,0.0,0.427001871,0.0841816559,0.142672773
h,h,0.0,0.448754416,0.0879687258,0.158300225
h,h,0.0,0.469601745,0.0910433319,0.172040278
h,h,0.0,0.489805379,0.0932233399,0.187419918
h,h,0.0,0.510302494,0.0964410963,0.2006271
h,h,0.0,0.53178319,0.100708044,0.216457362
h,h,0.0,0.553922362,0.104568063,0.232047709
h,h,0.0,0.574670041,0.108864566,0.251210747
h,h,0.0,0.594645701,0.11365076,0.265355673
h,h,0.0,0.615540037,0.117381855,0.284801103
h,h,0.0,0.636554081,0.121816981,0.302452871
h,h,0.0,0.658102417,0.126638337,0.320108264
h,h,0.0,0.679189641,0.131673881,0.338444245
h,h,0.0,0.700054044,0.135235804,0.359353412
h,h,0.0,0.721329826,0.141038412,0.380455977
h,h,0.0,0.742033923,0.146358978,0.399618511
h,h,0.0,0.762614581,0.151705697,0.419798901
h,h,0.0,0.783270495,0.156351175,0.437610291
h,h,0.0,0.804783918,0.162344502,0.459703853
h,h,0.0,0.826095906,0.167833113,0.482354341
h,h,0.0,0.846303977,0.174034087,0.499617637
h,h,0.0,0.867174819,0.181346409,0.518490406
h,h,0.0,0.888413258,0.186592961,0.541022903
h,h,0.0,0.909910564,0.193875734,0.561491592
h,h,0.0,0.931134698,0.201064449,0.586218541
h,h,0.0,0.951563161,0.207825776,0.606590782
h,h,0.0,0.972160451,0.214538564,0.625735422
h,h,0.0,0.993008165,0.22233099,0.644892025
h,h,0.0,1.0140906,0.231419478,0.66615613
h,h,0.0,1.03500338,0.237783421,0.689241667
h,h,0.0,1.05657413,0.24769537,0.706704115
h,h,0.0,1.07789814,0.254056297,0.721436711
h,h,0.0,1.09835045,0.262123214,0.745261491
h,h,0.0,1.11903902,0.270511485,0.761872003
h,h,0.0,1.1396405,0.279717299,0.776979785
h,h,0.0,1.16109193,0.289046869,0.795685854
h,h,0.0,1.18227503,0.297866675,0.817980839
h,h,0.0,1.2030555,0.308058934,0.828407308
h,h,0.0,1.22375183,0.318355007,0.840832659
h,h,0.0,1.24453484,0.326519775,0.859099252
h,h,0.0,1.26570671,0.338232697,0.8748603
h,h,0.0,1.28693994,0.347619043,0.884730141
h,h,0.0,1.30807124,0.359967796,0.89685115
h,h,0.0,1.32889646,0.368813257,0.909901331
h,h,0.0,1.34945121,0.381054065,0.923210617
h,h,0.0,1.37055188,0.3918668,0.930227713
h,h,0.0,1.39148285,0.399933785,0.941607373
h,h,0.0,1.41220445,0.414647605,0.951544008
h,h,0.0,1.43352474,0.426643159,0.954327185
h,h,0.0,1.45454751,0.437767141,0.966984155
h,h,0.0,1.47511055,0.447932744,0.972907667
h,h,0.0,1.49566583,0.462310278,0.97622174
h,h,0.0,1.51690776,0.474209365,0.983974829
h,h,0.0,1.53826425,0.485753016,0.990194725
h,h,0.0,1.55931449,0.499757444,0.997875182
h,h,0.0,1.58012172,0.511169653,1.00158286
h,h,0.0,1.60114355,0.521762597,1.00354156
h,h,0.0,1.62229155,0.533914771,1.0082549
h,h,0.0,1.64295947,0.544415208,1.00741853
h,h,0.0,1.66366432,0.560190581,1.00988325
h,h,0.0,1.68478217,0.570974346,1.01781041
h,h,0.0,1.7057485,0.585270891,1.01736677
h,h,0.0,1.72683745,0.595241902,1.01450635
h,h,0.0,1.74765849,0.608304385,1.01112157
h,h,0.0,1.76847487,0.61716879,1.0120598
h,h,0.0,1.78961871,0.634244798,1.01283158
h,h,0.0,1.81086098,0.643538676,1.0172675
h,h,0.0,1.83179094,0.657092106,1.0123527
h,h,0.0,1.8521746,0.665353831,1.01516945
h,h,0.0,1.8733654,0.679047792,1.01225587
h,h,0.0,1.89455538,0.689172966,1.01210881
h,h,0.0,1.91534795,0.701445041,1.01369789
h,h,0.0,1.93623233,0.709682489,1.0119532
h,h,0.0,1.9571481,0.724242217,1.00762544
h,h,0.0,1.97825109,0.730505908,1.01233899
h,h,0.0,1.99905898,0.739389758,1.00281053
h,h,0.0,2.01966715,0.751147041,1.00696446
h,h,0.0,2.04082415,0.760418459,1.00355987
h,h,0.0,2.06193171,0.76680795,0.999204527
h,h,0.0,2.08296048,0.778300047,1.01010017
h,h,0.0,2.10383017,0.782559694,1.00418909
h,h,0.0,2.12494312,0.793410098,0.999086668
h,h,0.0,2.14618475,0.80252955,0.997712769
h,h,0.0,2.16679298,0.805487537,0.999287038
h,h,0.0,2.18753482,0.817002513,0.99255284
h,h,0.0,2.20847027,0.824712322,0.990290145
h,h,0.0,2.22955181,0.828890576,0.994186994
h,h,0.0,2.25078374,0.835708613,0.988688488
h,h,0.0,2.27150159,0.84500286,0.984578647
h,h,0.0,2.29205574,0.844930662,0.992312843
h,h,0.0,2.31294326,0.852203135,0.986307548
h,h,0.0,2.3340363,0.856411573,0.984737173
h,h,0.0,2.35514399,0.863927917,0.98549115
h,h,0.0,2.37607726,0.865384308,0.98388193
h,h,0.0,2.39730341,0.871917109,0.981951299
h,h,0.0,2.41857203,0.876077077,0.980072364
h,h,0.0,2.43911056,0.879956736,0.980716891
h,h,0.0,2.45988005,0.883218848,0.978054412
h,h,0.0,2.48094151,0.892695263,0.975787519
h,h,0.0,2.50196601,0.894538446,0.981231664
h,h,0.0,2.52300496,0.893869598,0.977045322
h,h,0.0,2.54340089,0.898560711,0.974418753
h,h,0.0,2.56415297,0.898467107,0.978225986
h,h,0.0,2.58575836,0.902061327,0.97906207
h,h,0.0,2.60684428,0.910500322,0.973779784
h,h,0.0,2.62775949,0.909171998,0.974294365
h,h,0.0,2.64834355,0.908527501,0.974269699
h,h,0.0,2.66912062,0.91433209,0.973114658
h,h,0.0,2.69039946,0.915115857,0.975168139
h,h,0.0,2.71121518,0.916341622,0.974263123
h,h,0.0,2.7321837,0.918908275,0.974638599
h,h,0.0,2.75306239,0.920105851,0.973366732
h,h,0.0,2.77427049,0.925226808,0.97356983
h,h,0.0,2.79557932,0.926208903,0.973013195
h,h,0.0,2.8160646,0.927811102,0.974862805
h,h,0.0,2.83689478,0.926082371,0.970465342
h,h,0.0,2.85801727,0.932021008,0.97286051
h,h,0.0,2.87906973,0.934349524,0.973862768
h,h,0.0,2.89996898,0.934882963,0.973316101
h,h,0.0,2.92062944,0.933811938,0.973790865
h,h,0.0,2.941605,0.934644743,0.972257478
h,h,0.0,2.96267076,0.935707461,0.976709301
h,h,0.0,2.98347442,0.940417491,0.971666117
h,h,0.0,3.00437656,0.937116504,0.976838406
h,h,0.0,3.02542142,0.937457926,0.980632482
h,h,0.0,3.04658726,0.940087379,0.975972465
h,h,0.0,3.06768101,0.944168929,0.975785718
h,h,0.0,3.088328,0.944136841,0.97562529
h,h,0.0,3.10931167,0.942461571,0.97554743
h,h,0.0,3.1305457,0.946374769,0.97900272
h,h,0.0,3.15150209,0.94742075,0.978290042
h,h,0.0,3.17219014,0.94985608,0.978166102
h,h,0.0,3.19299024,0.949217103,0.979415708
h,h,0.0,3.21390436,0.948301244,0.977596205
h,h,0.0,3.23506564,0.953433183,0.978654448
h,h,0.0,3.25605387,0.949108515,0.978287445
h,h,0.0,3.27685776,0.952461038,0.976392962
h,h,0.0,3.29794723,0.953004904,0.98185299
h,h,0.0,3.31884778,0.955253559,0.978651673
h,h,0.0,3.33944269,0.955890971,0.98050694
h,h,0.0,3.36030612,0.960233285,0.97964902
h,h,0.0,3.38171654,0.957218918,0.980131185
h,h,0.0,3.40297495,0.959155698,0.981433113
h,h,0.0,3.42370792,0.957375999,0.979865578
h,h,0.0,3.44440875,0.959994382,0.976000852
h,h,0.0,3.465315,0.964039565,0.981816204
h,h,0.0,3.4865867,0.961020889,0.980701098
h,h,0.0,3.50751221,0.961937098,0.984408661
h,h,0.0,3.52796741,0.96482739,0.982189045
h,h,0.0,3.5488788,0.968191809,0.983871436
h,h,0.0,3.57014151,0.963755755,0.982896261
h,h,0.0,3.59120365,0.969677947,0.984404506
h,h,0.0,3.61190928,0.970036916,0.982701561
h,h,0.0,3.63300558,0.966950882,0.979662423
h,h,0.0,3.6541422,0.967093241,0.98420169
h,h,0.0,3.67500902,0.971848484,0.983999728
h,h,0.0,3.69581564,0.970183612,0.983055248
h,h,0.0,3.71644729,0.970631264,0.986061425
h,h,0.0,3.73749774,0.976180562,0.982354511
h,h,0.0,3.75868086,0.978255986,0.988007503
h,h,0.0,3.77950549,0.975636293,0.986491237
h,h,0.0,3.80027286,0.974821662,0.984707574
h,h,0.0,3.82143123,0.977128218,0.986972295
h,h,0.0,3.84280481,0.979253759,0.985156322
h,h,0.0,3.86349282,0.975621826,0.989789888
h,h,0.0,3.88417456,0.976268168,0.984303618
h,h,0.0,3.90535419,0.979644468,0.989633013
h,h,0.0,3.9264697,0.97985046,0.986500967
h,h,0.0,3.94738681,0.979317281,0.988613957
h,h,0.0,3.96810309,0.98230058,0.993137875
h,h,0.0,3.98888694,0.981113564,0.991632156
h,h,0.0,4.00993371,0.984408928,0.991165241
h,h,0.0,4.03080983,0.98343439,0.987269313
h,h,0.0,4.05178039,0.980107458,0.992605215
h,h,0.0,4.07276799,0.98466001,0.990794626
h,h,0.0,4.09368684,0.984093832,0.990791888
h,h,0.0,4.11485609,0.985677608,0.995609413
h,h,0.0,4.13583188,0.983908746,0.991740813
h,h,0.0,4.15670688,0.987537136,0.993034938
h,h,0.0,4.17758774,0.98855364,0.994693743
h,h,0.0,4.19867141,0.98741698,0.992343274
h,h,0.0,4.21961517,0.991526826,0.991063237
h,h,0.0,4.24013393,0.987898668,0.993326137
h,h,0.0,4.26119077,0.988753553,0.995257134
h,h,0.0,4.28239268,0.987727146,0.992661184
h,h,0.0,4.30342826,0.988785226,0.997416699
h,h,0.0,4.32431592,0.98818366,0.996605923
h,h,0.0,4.34508479,0.989894676,0.994944196
h,h,0.0,4.36604259,0.992914336,0.99732057
h,h,0.0,4.38708086,0.991473566,0.997045043
h,h,0.0,4.40778797,0.993512091,1.00326104
h,h,0.0,4.4288526,0.992506629,1.00016814
h,h,0.0,4.44994967,0.992254323,0.999780008
h,h,0.0,4.47085438,0.9952896,0.998746897
h,h,0.0,4.49188801,0.991947054,0.997379834
h,h,0.0,4.51250216,0.995171497,0.99662362
h,h,0.0,4.5334461,0.99451939,0.998584626
h,h,0.0,4.55463591,0.992819461,1.00279256
h,h,0.0,4.57547609,0.992982977,1.00185048
h,h,0.0,4.59643311,0.994046692,1.00268541
h,h,0.0,4.61732903,0.996177785,1.00179918
h,h,0.0,4.63833098,0.996719509,1.00175868
h,h,0.0,4.65949324,0.997129837,1.00100486
h,h,0.0,4.68039693,0.997056729,1.00112011
h,h,0.0,4.70136745,0.99849584,1.00483472
h,h,0.0,4.72221533,0.995348055,1.00438094
h,h,0.0,4.74309374,0.99850902,1.00229171
h,h,0.0,4.76390784,0.999336407,1.00599851
h,h,0.0,4.78491795,0.997728565,1.00247423
h,h,0.0,4.80636204,0.996310638,1.00176865
h,h,0.0,4.82728449,0.999535006,1.00225034
h,h,0.0,4.84785524,0.999186962,1.00694195
h,h,0.0,4.86859731,0.998199477,1.00493597
h,h,0.0,4.88954319,0.999454611,1.00694086
h,h,0.0,4.91078695,1.00006739,1.00250474
h,h,0.0,4.93172016,0.998789755,1.00147242
h,h,0.0,4.95244063,0.997953237,1.00497183
h,h,0.0,4.97348932,1.00060005,1.0020091
h,h,0.0,4.994309,1.00126184,1.0042649
h,h,0.0,5.01515697,0.997614676,1.0055846
h,h,0.0,5.03598003,0.999771629,1.00881867
h,h,0.0,5.05703237,0.997666868,1.00687978
h,h,0.0,5.07840332,1.00090715,1.00742387
h,h,0.0,5.09943841,1.00098522,1.00340316
h,h,0.0,5.12032938,1.00285278,1.00404976
h,h,0.0,5.14107614,0.999112167,1.00668951
h,h,0.0,5.16214077,1.00093813,1.00389702
h,h,0.0,5.18341099,0.99884202,1.00686111
h,h,0.0,5.2041075,1.0028003,1.00580202
h,h,0.0,5.22477891,0.999840876,1.00457447
h,h,0.0,5.24557967,1.00304671,1.00577657
h,h,0.0,5.26649236,1.00078259,1.00411653
h,h,0.0,5.28753131,1.00521473,1.00429991
h,h,0.0,5.30847064,1.00031231,1.00777009
h,h,0.0,5.32946745,1.00269696,1.0098794
h,h,0.0,5.3506922,1.0041295,1.00456997
h,h,0.0,5.37158853,1.00483977,1.00590341
h,h,0.0,5.39231925,1.00297446,1.00874519
h,h,0.0,5.41333352,1.00206329,1.00658847
h,h,0.0,5.43434316,0.999178358,1.00841883
h,h,0.0,5.45530659,1.00309017,1.00697459
h,h,0.0,5.47618498,1.00438877,1.00945279
h,h,0.0,5.49715755,1.0024219,1.0080608
h,h,0.0,5.51801586,1.00262033,1.00761053
h,h,0.0,5.53881995,1.00254052,1.00743403
h,h,0.0,5.55992514,1.00466004,1.00833935
h,h,0.0,5.58098545,1.00477677,1.00872637
h,h,0.0,5.60183772,1.00034839,1.00899011
h,h,0.0,5.62277584,1.00375837,1.00781495
h,h,0.0,5.64379172,1.0039781,1.00964313
h,h,0.0,5.66460817,1.00140815,1.00685525
h,h,0.0,5.68556022,1.00207816,1.0106063
h,h,0.0,5.7067909,1.0031171,1.00624862
h,h,0.0,5.72769317,1.0037705,1.00629517
h,h,0.0,5.74840017,1.0019263,1.0101575
h,h,0.0,5.76938192,1.00594319,1.0073392
h,h,0.0,5.79039764,1.00228432,1.0050393
h,h,0.0,5.81144039,1.00261909,1.00825671
h,h,0.0,5.83232115,1.00485431,1.01007974
h,h,0.0,5.85320209,1.00399863,1.0092275
h,h,0.0,5.87418919,1.00423515,1.00673982
h,h,0.0,5.89509625,1.0044624,1.00727291
h,h,0.0,5.9159726,1.00265572,1.00938935
h,h,0.0,5.93682663,1.00261483,1.00840881
h,h,0.0,5.95791772,1.00594984,1.00903986
h,h,0.0,5.97900675,1.00546374,1.00720054
h,h,0.0,5.99978945,1.00464676,1.00805013
h,h,0.0,6.02063577,1.00304594,1.00657723
h,h,0.0,6.04156421,1.00372936,1.00737624
h,h,0.0,6.06259364,1.0016306,1.00870808
h,h,0.0,6.08377541,1.00347552,1.00738433
h,h,0.0,6.10447051,1.00271451,1.01148122
h,h,0.0,6.12538157,1.00243685,1.00594302
h,h,0.0,6.14660689,1.00362454,1.0051589
h,h,0.0,6.16752321,1.0029192,1.00653712
h,h,0.0,6.18833806,1.00462528,1.00743842
h,h,0.0,6.20938667,1.00433812,1.00840858
h,h,0.0,6.23052184,1.00277145,1.00481904
h,h,0.0,6.25137137,1.0034095,1.00492819
h,h,0.0,6.27204484,1.00398905,1.00726062
h,h,0.0,6.29290789,1.00129703,1.00785308
h,h,0.0,6.31382104,1.00126027,1.00591811
h,h,0.0,6.33495691,1.0036901,1.004945
h,h,0.0,6.35600914,1.00308446,1.00729128
h,h,0.0,6.37663869,1.00278372,1.00344341
h,h,0.0,6.39770954,1.00380359,1.00496864
h,h,0.0,6.41872759,1.00301073,1.00307757
h,h,0.0,6.43951457,1.00289775,1.00628355
h,h,0.0,6.46033562,1.00567261,1.00383343
h,h,0.0,6.4814564,1.0015047,1.00318189
h,h,0.0,6.50265681,1.00127109,1.00579955
h,h,0.0,6.52350383,1.00399671,1.00645685
h,h,0.0,6.54427866,1.00274106,1.00422569
h,h,0.0,6.56515568,1.0027529,1.00321837
h,h,0.0,6.58628576,1.00120203,1.00481037
h,h,0.0,6.60749316,1.00398561,1.00573873
h,h,0.0,6.62830625,1.00282406,1.00417653
h,h,0.0,6.64913567,1.00239488,1.00257044
h,h,0.0,6.67020149,1.00340258,1.00395152
h,h,0.0,6.69106898,1.00538845,1.00578492
h,h,0.0,6.71185955,1.00197759,1.00376849
h,h,0.0,6.73264651,1.00366199,1.00196274
h,h,0.0,6.7537045,1.00279657,1.00223926
h,h,0.0,6.77487174,1.00160923,1.00053722
h,h,0.0,6.79557562,0.99954792,1.0030374
h,h,0.0,6.81648781,1.00458264,1.00206424
h,h,0.0,6.83753747,1.00496808,1.00408472
h,h,0.0,6.85867557,1.00059233,1.00329315
h,h,0.0,6.87985316,1.0022727,1.00238637
h,h,0.0,6.90065786,1.00265146,1.00232594
h,h,0.0,6.92153112,1.00287962,1.00245732
h,h,0.0,6.94229803,1.00121115,1.00362683
h,h,0.0,6.9630016,1.00181784,1.00188103
h,h,0.0,6.98416877,1.00080467,1.00325069
h,h,0.0,7.0052781,1.00241614,1.00187673
h,h,0.0,7.02617612,1.00091051,1.00184513
h,h,0.0,7.04699526,1.00124596,1.00317414
h,h,0.0,7.06761685,1.00288948,1.00162018
h,h,0.0,7.08873369,1.00144868,1.00134215
h,h,0.0,7.10994937,0.9996743,1.00152814
h,h,0.0,7.13102893,1.00316256,1.00144188
h,h,0.0,7.15201412,1.00233644,1.00161297
h,h,0.0,7.17271336,1.00179014,1.00021814
h,h,0.0,7.19374266,1.00270252,0.999560918
h,h,0.0,7.21473042,1.00318054,0.999991832
h,h,0.0,7.23564263,1.00059602,1.00065703
h,h,0.0,7.25666289,0.997535416,1.00022936
h,h,0.0,7.27757645,1.00099208,1.00001347
h,h,0.0,7.2984411,1.00069271,1.00245246
h,h,0.0,7.31917384,1.00076849,0.999171605
h,h,0.0,7.34001688,1.00054602,0.997373934
h,h,0.0,7.3611683,0.999548693,0.997818199
h,h,0.0,7.38224284,1.00310624,0.997213692
h,h,0.0,7.40324015,1.00269937,0.998285721
h,h,0.0,7.42408854,0.999809148,0.999814668
h,h,0.0,7.44500634,1.0002045,0.999783462
h,h,0.0,7.46595959,1.00097766,0.99688209
h,h,0.0,7.48696308,1.00186525,0.999771663
h,h,0.0,7.5079936,1.00094894,0.997848669
h,h,0.0,7.52871967,0.999423354,0.997060032
h,h,0.0,7.54966921,1.00089135,0.999490257
h,h,0.0,7.57064902,1.00042491,0.998865509
h,h,0.0,7.59151428,1.00288933,0.99803471
h,h,0.0,7.6123809,0.998388156,0.999077909
h,h,0.0,7.63338324,0.999983507,0.997877673
h,h,0.0,7.65450532,0.998478148,0.999780122
h,h,0.0,7.67556944,1.00033849,0.99965017
h,h,0.0,7.69637751,0.999008085,0.994342689
h,h,0.0,7.71727216,0.999739219,0.997874938
h,h,0.0,7.73835725,0.999184162,0.99965435
h,h,0.0,7.75934923,1.00016841,0.997446085
h,h,0.0,7.78023116,1.00011295,0.995207784
h,h,0.0,7.80098697,0.999191042,0.996058805
h,h,0.0,7.82190677,0.999423335,0.997399668
h,h,0.0,7.84304931,1.00035315,0.996282296
h,h,0.0,7.86405132,1.00125591,0.999287149
h,h,0.0,7.88484553,1.00088593,1.00052902
h,h,0.0,7.90574885,0.998784078,0.998711926
h,h,0.0,7.9267531,0.998808943,0.996226164
h,h,0.0,7.94765228,0.999400596,0.998615594
h,h,0.0,7.96842304,1.00010238,0.997651405
h,h,0.0,7.98938616,0.999637988,0.998033156
h,h,0.0,8.01050815,1.00024238,0.997298625
h,h,0.0,8.03153334,1.00034472,0.997912855
h,h,0.0,8.05240251,0.999857413,0.994739839
h,h,0.0,8.07332696,0.997588625,0.997432447
h,h,0.0,8.09438514,0.999923669,0.996426222
h,h,0.0,8.11529588,1.00113211,0.99711483
h,h,0.0,8.13618411,1.00151566,0.997160922
h,h,0.0,8.15717855,0.999461982,0.998281022
h,h,0.0,8.17807847,0.996582203,0.995078551
h,h,0.0,8.19905269,0.99903888,0.995814734
h,h,0.0,8.21991085,0.998448321,1.00014775
h,h,0.0,8.24078529,0.998971544,0.998453197
h,h,0.0,8.26195652,0.997923313,0.995683946
h,h,0.0,8.28293039,0.998891457,0.996130727
h,h,0.0,8.30373423,1.00112988,0.997087905
h,h,0.0,8.32452583,0.995660445,0.99681761
h,h,0.0,8.34556221,1.0013128,0.995704705
h,h,0.0,8.36671927,0.998822603,0.997624389
h,h,0.0,8.38757523,0.997314629,0.996361873
h,h,0.0,8.40855808,0.998876088,0.997826723
h,h,0.0,8.42953585,0.997644244,0.994216836
h,h,0.0,8.45042977,0.997746259,0.994880921
h,h,0.0,8.47138662,0.998576463,0.997933509
h,h,0.0,8.49217243,0.999116212,0.995870219
h,h,0.0,8.51321806,1.00012429,0.9949016
h,h,0.0,8.53421183,0.99841652,0.997516649
h,h,0.0,8.55508292,0.997196341,0.995580394
h,h,0.0,8.57598662,1.00060557,0.997001245
h,h,0.0,8.59679232,0.99691232,0.99616542
h,h,0.0,8.61783107,0.999342997,0.997894816
h,h,0.0,8.63891768,0.998144256,0.995847857
h,h,0.0,8.65972861,0.997457747,0.996591262
h,h,0.0,8.68059853,1.00001264,0.996530561
h,h,0.0,8.70174168,0.995154139,0.996188244
h,h,0.0,8.72279566,0.996906174,0.994553502
h,h,0.0,8.74359241,0.996815899,0.996601709
h,h,0.0,8.76424415,0.997339991,0.996056359
h,h,0.0,8.78526729,0.997286793,0.994104364
h,h,0.0,8.80637189,0.998860251,0.995409257
h,h,0.0,8.82736896,0.996910137,0.993240883
h,h,0.0,8.84843212,0.999435488,0.998589328
h,h,0.0,8.86933197,0.996113597,0.995564845
h,h,0.0,8.89026857,1.00034221,0.995198775
h,h,0.0,8.91123702,1.00007973,0.995589575
h,h,0.0,8.93214776,0.998301785,0.996342113
h,h,0.0,8.95312097,0.998553309,0.995909455
h,h,0.0,8.9741304,0.999318612,0.996070972
h,h,0.0,8.99505705,0.998519816,0.997233603
h,h,0.0,9.01571368,0.99663882,0.994149719
h,h,0.0,9.03640927,0.998169371,0.996879621
h,h,0.0,9.05755121,0.998621232,0.993899831
h,h,0.0,9.07868023,0.996340554,0.99611431
h,h,0.0,9.09969513,0.99668105,0.996238948
h,h,0.0,9.1205658,0.996998331,0.998046293
h,h,0.0,9.14137844,0.996035486,0.995791305
h,h,0.0,9.16237082,0.997631975,0.997835973
h,h,0.0,9.18339441,0.99741028,0.996097097
h,h,0.0,9.20447395,0.996438996,0.995706918
h,h,0.0,9.22549281,0.998642638,0.99629608
h,h,0.0,9.2463962,0.996412234,0.997307852
h,h,0.0,9.26722673,0.998607222,0.997977074
h,h,0.0,9.28791689,0.998635332,0.995803749
h,h,0.0,9.30892724,0.99755391,0.994899772
h,h,0.0,9.33003065,0.99522089,0.997181385
h,h,0.0,9.35102864,0.998630213,0.997096653
h,h,0.0,9.37196601,0.996458674,0.995818772
h,h,0.0,9.39258783,0.998276633,0.994640338
h,h,0.0,9.41349621,0.995864205,0.996801044
h,h,0.0,9.4347927,0.99804014,0.99588529
h,h,0.0,9.45587737,0.995929773,0.998045334
h,h,0.0,9.47676866,0.997566188,0.996800742
h,h,0.0,9.49762777,0.998438716,0.996032142
h,h,0.0,9.51852362,0.998288511,0.996131693
h,h,0.0,9.53939795,0.997610465,0.996500515
h,h,0.0,9.56035551,0.997639092,0.996795254
h,h,0.0,9.58149741,0.998389496,0.996429002
h,h,0.0,9.60249587,0.99818565,0.997707856
h,h,0.0,9.62336478,0.997667325,1.00028331
h,h,0.0,9.64415055,0.999082894,0.997449113
h,h,0.0,9.66502224,0.997010331,0.99886941
h,h,0.0,9.68597433,0.999410136,0.998413911
h,h,0.0,9.7069728,0.998304051,0.997268962
h,h,0.0,9.72797765,0.997239769,0.995935531
h,h,0.0,9.74896401,0.998584312,0.998924981
h,h,0.0,9.76996217,0.998169936,0.998221171
h,h,0.0,9.79085678,0.997047475,0.996480388
h,h,0.0,9.81166698,0.999252927,0.996603586
h,h,0.0,9.83262494,0.998882472,0.995293148
h,h,0.0,9.85372265,0.998429514,0.997444455
h,h,0.0,9.87472665,0.999170335,0.998890421
h,h,0.0,9.89559934,0.996761551,0.997789006
h,h,0.0,9.91635289,1.00064501,0.995702549
h,h,0.0,9.93737645,0.997213201,0.998295278
h,h,0.0,9.95856995,0.997659445,0.997538434
h,h,0.0,9.97940815,1.00042167,0.998489018
h,h,0.0,10.000082,0.998120615,0.996974605
h,h,0.2,0.0252815853,0.0508908092,0.000731885081
h,h,0.2,0.0486976344,0.053032079,0.00220392916
h,h,0.2,0.0692644017,0.0527654849,0.00419854659
h,h,0.2,0.08877835,0.0544221623,0.0067361018
h,h,0.2,0.111604297,0.0549326159,0.0107006037
h,h,0.2,0.132731806,0.0558022286,0.0146126666
h,h,0.2,0.153672181,0.0568256054,0.0198109095
h,h,0.2,0.175641863,0.0586603884,0.0259261187
h,h,0.2,0.196615509,0.0604063368,0.0327293306
h,h,0.2,0.217326708,0.0612503996,0.0387256289
h,h,0.2,0.237538457,0.0622720596,0.046177229
h,h,0.2,0.258148683,0.0654826866,0.0540533661
h,h,0.2,0.28040349,0.066975762,0.0639290895
h,h,0.2,0.301929084,0.0686030766,0.0742924183
h,h,0.2,0.322287413,0.0710106625,0.0829693034
h,h,0.2,0.342663331,0.0724478158,0.0943485532
h,h,0.2,0.363641289,0.0762179928,0.106649038
h,h,0.2,0.385602948,0.077985605,0.118541531
h,h,0.2,0.406737165,0.080981637,0.130710571
h,h,0.2,0.427001871,0.0837049272,0.144072625
h,h,0.2,0.448754416,0.0878336476,0.156415858
h,h,0.2,0.469601745,0.0907855093,0.172412236
h,h,0.2,0.489805379,0.0945895284,0.185653814
h,h,0.2,0.510302494,0.0969562659,0.202444994
h,h,0.2,0.53178319,0.100604563,0.215610814
h,h,0.2,0.553922362,0.103749036,0.233674101
h,h,0.2,0.574670041,0.109441458,0.252384789
h,h,0.2,0.594645701,0.112896571,0.267595364
h,h,0.2,0.615540037,0.116933429,0.285873099
h,h,0.2,0.636554081,0.121529108,0.30145898
h,h,0.2,0.658102417,0.126462246,0.320668236
h,h,0.2,0.679189641,0.130333091,0.342040508
h,h,0.2,0.700054044,0.136452385,0.35981813
h,h,0.2,0.721329826,0.141037177,0.377557014
h,h,0.2,0.742033923,0.146492951,0.400604325
h,h,0.2,0.762614581,0.151211919,0.419270118
h,h,0.2,0.783270495,0.157590405,0.437796547
h,h,0.2,0.804783918,0.163273784,0.459439573
h,h,0.2,0.826095906,0.168421468,0.477942678
h,h,0.2,0.846303977,0.173644506,0.496918517
h,h,0.2,0.867174819,0.180418953,0.520726297
h,h,0.2,0.888413258,0.186806404,0.541311826
h,h,0.2,0.909910564,0.19395728,0.564183816
h,h,0.2,0.931134698,0.201568706,0.582100954
h,h,0.2,0.951563161,0.207437963,0.60426344
h,h,0.2,0.972160451,0.215823539,0.625977416
h,h,0.2,0.993008165,0.222850141,0.647072366
h,h,0.2,1.0140906,0.231311849,0.665645643
h,h,0.2,1.03500338,0.237074924,0.68382426
h,h,0.2,1.05657413,0.247346416,0.708446916
h,h,0.2,1.07789814,0.255669444,0.725243991
h,h,0.2,1.09835045,0.261446823,0.74942192
h,h,0.2,1.11903902,0.271617127,0.76290758
h,h,0.2,1.1396405,0.280324621,0.781801876
h,h,0.2,1.16109193,0.288908154,0.799605243
h,h,0.2,1.18227503,0.298884768,0.817352986
h,h,0.2,1.2030555,0.307899952,0.830368342
h,h,0.2,1.22375183,0.317456697,0.843206097
h,h,0.2,1.24453484,0.328546987,0.867318963
h,h,0.2,1.26570671,0.338400459,0.867600215
h,h,0.2,1.28693994,0.347015128,0.885148206
h,h,0.2,1.30807124,0.359369167,0.900028429
h,h,0.2,1.32889646,0.369972524,0.906580949
h,h,0.2,1.34945121,0.380802612,0.921483524
h,h,0.2,1.37055188,0.390269692,0.93347643
h,h,0.2,1.39148285,0.401946316,0.936537917
h,h,0.2,1.41220445,0.413335293,0.952955679
h,h,0.2,1.43352474,0.42613426,0.961221303
h,h,0.2,1.45454751,0.437636014,0.964317664
h,h,0.2,1.47511055,0.449665728,0.970567335
h,h,0.2,1.49566583,0.459614699,0.980518658
h,h,0.2,1.51690776,0.472471938,0.983943042
h,h,0.2,1.53826425,0.486440908,0.987319675
h,h,0.2,1.55931449,0.49803304,0.989381504
h,h,0.2,1.58012172,0.510491164,0.995589871
h,h,0.2,1.60114355,0.519573655,1.00022553
h,h,0.2,1.62229155,0.535328926,1.00489667
h,h,0.2,1.64295947,0.54781839,1.00280541
h,h,0.2,1.66366432,0.559063065,1.0064944
h,h,0.2,1.68478217,0.569074016,1.00831349
h,h,0.2,1.7057485,0.58299083,1.01088716
h,h,0.2,1.72683745,0.595885845,1.01292945
h,h,0.2,1.74765849,0.611890017,1.01611881
h,h,0.2,1.76847487,0.621936165,1.01639452
h,h,0.2,1.78961871,0.62955752,1.01124405
h,h,0.2,1.81086098,0.646919231,1.01086101
h,h,0.2,1.83179094,0.6572062,1.01701793
h,h,0.2,1.8521746,0.664574462,1.0131638
h,h,0.2,1.8733654,0.682771609,1.01183756
h,h,0.2,1.89455538,0.690664334,1.01646219
h,h,0.2,1.91534795,0.698785126,1.01012714
h,h,0.2,1.93623233,0.706887176,1.00912526
h,h,0.2,1.9571481,0.721916779,1.01007553
h,h,0.2,1.97825109,0.730979003,1.00946731
h,h,0.2,1.99905898,0.739574866,1.01237282
h,h,0.2,2.01966715,0.749495303,1.00647845
h,h,0.2,2.04082415,0.756696984,1.00545035
h,h,0.2,2.06193171,0.767600326,1.00289246
h,h,0.2,2.08296048,0.777593546,1.00507965
h,h,0.2,2.10383017,0.786131178,1.00068938
h,h,0.2,2.12494312,0.793886807,1.00382294
h,h,0.2,2.14618475,0.802990323,0.995881088
h,h,0.2,2.16679298,0.807224247,0.995154104
h,h,0.2,2.18753482,0.816489309,0.992519698
h,h,0.2,2.20847027,0.824964892,0.996492294
h,h,0.2,2.22955181,0.829418664,0.993418971
h,h,0.2,2.25078374,0.838195875,0.993836663
h,h,0.2,2.27150159,0.844207689,0.991466252
h,h,0.2,2.29205574,0.844630928,0.995955462
h,h,0.2,2.31294326,0.851008909,0.986390169
h,h,0.2,2.3340363,0.856984071,0.987238586
h,h,0.2,2.35514399,0.865592859,0.985668064
h,h,0.2,2.37607726,0.86926487,0.982691792
h,h,0.2,2.39730341,0.873814104,0.983848555
h,h,0.2,2.41857203,0.876580697,0.983054438
h,h,0.2,2.43911056,0.884858087,0.980856821
h,h,0.2,2.45988005,0.884234794,0.982399859
h,h,0.2,2.48094151,0.886656201,0.980320056
h,h,0.2,2.50196601,0.893611704,0.979484801
h,h,0.2,2.52300496,0.893701755,0.980270512
h,h,0.2,2.54340089,0.897958141,0.980031562
h,h,0.2,2.56415297,0.903826764,0.97558521
h,h,0.2,2.58575836,0.903093743,0.97689402
h,h,0.2,2.60684428,0.909304619,0.975362716
h,h,0.2,2.62775949,0.910511521,0.976533075
h,h,0.2,2.64834355,0.910345123,0.977001002
h,h,0.2,2.66912062,0.915133103,0.971906249
h,h,0.2,2.69039946,0.914817976,0.973589465
h,h,0.2,2.71121518,0.917722948,0.971612679
h,h,0.2,2.7321837,0.91942299,0.973515873
h,h,0.2,2.75306239,0.925677072,0.971236956
h,h,0.2,2.77427049,0.923217731,0.972394842
h,h,0.2,2.79557932,0.924738063,0.974678628
h,h,0.2,2.8160646,0.926794928,0.97338792
h,h,0.2,2.83689478,0.924545867,0.974574618
h,h,0.2,2.85801727,0.932913777,0.973116952
h,h,0.2,2.87906973,0.931423653,0.974316609
h,h,0.2,2.89996898,0.93368469,0.97677938
h,h,0.2,2.92062944,0.931752082,0.971885367
h,h,0.2,2.941605,0.933772101,0.972274153
h,h,0.2,2.96267076,0.938969066,0.976799784
h,h,0.2,2.98347442,0.934823173,0.973152131
h,h,0.2,3.00437656,0.938935176,0.979639814
h,h,0.2,3.02542142,0.937155861,0.9784958
h,h,0.2,3.04658726,0.939247001,0.980488029
h,h,0.2,3.06768101,0.941322582,0.977691797
h,h,0.2,3.088328,0.943961402,0.974200974
h,h,0.2,3.10931167,0.944050938,0.97589084
h,h,0.2,3.1305457,0.942851656,0.974446421
h,h,0.2,3.15150209,0.944958165,0.976297144
h,h,0.2,3.17219014,0.950779734,0.977554343
h,h,0.2,3.19299024,0.951465471,0.978185292
h,h,0.2,3.21390436,0.949437659,0.975347906
h,h,0.2,3.23506564,0.950461886,0.981008329
h,h,0.2,3.25605387,0.951625607,0.976761783
h,h,0.2,3.27685776,0.952202515,0.97951141
h,h,0.2,3.29794723,0.958026107,0.98103699
h,h,0.2,3.31884778,0.954517197,0.97789468
h,h,0.2,3.33944269,0.956370405,0.977024212
h,h,0.2,3.36030612,0.954500345,0.978296363
h,h,0.2,3.38171654,0.957210287,0.977062813
h,h,0.2,3.40297495,0.959915907,0.98520154
h,h,0.2,3.42370792,0.963107714,0.980377338
h,h,0.2,3.44440875,0.959879474,0.981113349
h,h,0.2,3.465315,0.959159373,0.977914818
h,h,0.2,3.4865867,0.962260254,0.980672125
h,h,0.2,3.50751221,0.963329675,0.984111369
h,h,0.2,3.52796741,0.963932046,0.981410908
h,h,0.2,3.5488788,0.965769724,0.983128968
h,h,0.2,3.57014151,0.967957165,0.986661034
h,h,0.2,3.59120365,0.964149469,0.985602898
h,h,0.2,3.61190928,0.966697055,0.980662
h,h,0.2,3.63300558,0.973033451,0.982880092
h,h,0.2,3.6541422,0.968666911,0.982453975
h,h,0.2,3.67500902,0.969403931,0.979834089
h,h,0.2,3.69581564,0.968504086,0.984013595
h,h,0.2,3.71644729,0.972831511,0.986500707
h,h,0.2,3.73749774,0.972611349,0.98506619
h,h,0.2,3.75868086,0.974460572,0.986033571
h,h,0.2,3.77950549,0.974247362,0.982354287
h,h,0.2,3.80027286,0.980882561,0.98570321
h,h,0.2,3.82143123,0.973806964,0.987600181
h,h,0.2,3.84280481,0.978256472,0.983240403
h,h,0.2,3.86349282,0.980030487,0.984267837
h,h,0.2,3.88417456,0.975054613,0.988185492
h,h,0.2,3.90535419,0.978600213,0.984791189
h,h,0.2,3.9264697,0.981877201,0.985319291
h,h,0.2,3.94738681,0.976323155,0.982510713
h,h,0.2,3.96810309,0.982844119,0.987962232
h,h,0.2,3.98888694,0.982153444,0.989066312
h,h,0.2,4.00993371,0.981265354,0.990269818
h,h,0.2,4.03080983,0.981377449,0.989712926
h,h,0.2,4.05178039,0.980876745,0.986735134
h,h,0.2,4.07276799,0.987154789,0.991920584
h,h,0.2,4.09368684,0.983737445,0.991687835
h,h,0.2,4.11485609,0.983182389,0.990378278
h,h,0.2,4.13583188,0.984023404,0.991866323
h,h,0.2,4.15670688,0.987587345,0.994186034
h,h,0.2,4.17758774,0.985538174,0.994050966
h,h,0.2,4.19867141,0.986709683,0.992788208
h,h,0.2,4.21961517,0.984654887,0.995572012
h,h,0.2,4.24013393,0.989407047,0.992058005
h,h,0.2,4.26119077,0.989696434,0.994230744
h,h,0.2,4.28239268,0.988293189,0.993468472
h,h,0.2,4.30342826,0.986723795,0.99714494
h,h,0.2,4.32431592,0.992450963,0.998010779
h,h,0.2,4.34508479,0.991125101,0.995901494
h,h,0.2,4.36604259,0.987604513,0.997315455
h,h,0.2,4.38708086,0.992058929,0.996804788
h,h,0.2,4.40778797,0.993483678,0.9972077
h,h,0.2,4.4288526,0.992495457,1.00235975
h,h,0.2,4.44994967,0.989993242,1.00089666
h,h,0.2,4.47085438,0.996545557,0.998134422
h,h,0.2,4.49188801,0.992044722,0.9993039
h,h,0.2,4.51250216,0.994750592,0.998891579
h,h,0.2,4.5334461,0.993267056,1.00163976
h,h,0.2,4.55463591,0.99430924,1.00026121
h,h,0.2,4.57547609,0.994470275,1.00214999
h,h,0.2,4.59643311,0.993702554,1.00193703
h,h,0.2,4.61732903,0.996420835,1.00079161
h,h,0.2,4.63833098,0.995461387,1.00513448
h,h,0.2,4.65949324,0.996684562,1.00241742
h,h,0.2,4.68039693,0.996530413,1.00359734
h,h,0.2,4.70136745,1.00074985,1.00113544
h,h,0.2,4.72221533,0.998032152,1.00078142
h,h,0.2,4.74309374,1.00017953,1.00331425
h,h,0.2,4.76390784,0.993454035,1.0017798
h,h,0.2,4.78491795,1.00067319,0.999983725
h,h,0.2,4.80636204,0.998522097,1.0043367
h,h,0.2,4.82728449,1.00083592,1.00033138
h,h,0.2,4.84785524,1.00111862,1.00760895
h,h,0.2,4.86859731,0.998194833,1.00015814
h,h,0.2,4.88954319,0.998094235,1.0055194
h,h,0.2,4.91078695,0.998105986,1.00327609
h,h,0.2,4.93172016,1.00265704,1.0048386
h,h,0.2,4.95244063,1.00328651,1.00326226
h,h,0.2,4.97348932,0.997125046,1.00570979
h,h,0.2,4.994309,0.99976909,1.00817025
h,h,0.2,5.01515697,0.999559413,1.00443492
h,h,0.2,5.03598003,1.00268266,1.00326758
h,h,0.2,5.05703237,1.00022227,1.00527423
h,h,0.2,5.07840332,0.999469259,1.00386869
h,h,0.2,5.09943841,0.999247554,1.00427225
h,h,0.2,5.12032938,1.00188016,1.00495093
h,h,0.2,5.14107614,1.00131852,1.0068707
h,h,0.2,5.16214077,0.997674675,1.00571454
h,h,0.2,5.18341099,0.99944323,1.00541484
h,h,0.2,5.2041075,0.998525942,1.00568733
h,h,0.2,5.22477891,1.00015581,1.00542692
h,h,0.2,5.24557967,1.00445933,1.00363794
h,h,0.2,5.26649236,1.00513296,1.00812805
h,h,0.2,5.28753131,1.00361758,1.00569874
h,h,0.2,5.30847064,1.00154361,1.00634521
h,h,0.2,5.32946745,1.00094439,1.00809885
h,h,0.2,5.3506922,1.00330235,1.0089645
h,h,0.2,5.37158853,1.00073458,1.00574743
h,h,0.2,5.39231925,1.00092399,1.00768686
h,h,0.2,5.41333352,1.00279102,1.00772828
h,h,0.2,5.43434316,1.00244577,1.00473973
h,h,0.2,5.45530659,1.00136913,1.00637636
h,h,0.2,5.47618498,1.00363318,1.00721263
h,h,0.2,5.49715755,1.00104422,1.00727525
h,h,0.2,5.51801586,1.00269331,1.00720241
h,h,0.2,5.53881995,1.0003239,1.00895453
h,h,0.2,5.55992514,1.00357969,1.00931521
h,h,0.2,5.58098545,1.00315138,1.00873311
h,h,0.2,5.60183772,1.00590485,1.00856571
h,h,0.2,5.62277584,1.00294538,1.00785158
h,h,0.2,5.64379172,1.00382723,1.00693417
h,h,0.2,5.66460817,1.00225262,1.01073463
h,h,0.2,5.68556022,1.00474902,1.01052742
h,h,0.2,5.7067909,1.00157279,1.00857823
h,h,0.2,5.72769317,1.00337082,1.0082186
h,h,0.2,5.74840017,1.00239478,1.01061333
h,h,0.2,5.76938192,1.00239013,1.00897902
h,h,0.2,5.79039764,1.0028755,1.0073302
h,h,0.2,5.81144039,1.00565358,1.00798633
h,h,0.2,5.83232115,1.00470115,1.00754677
h,h,0.2,5.85320209,1.00233909,1.00731053
h,h,0.2,5.87418919,1.00446675,1.00489089
h,h,0.2,5.89509625,1.00340923,1.00779927
h,h,0.2,5.9159726,1.00446838,1.01206973
h,h,0.2,5.93682663,1.00460117,1.0077628
h,h,0.2,5.95791772,1.0026036,1.00580306
h,h,0.2,5.97900675,1.00467236,1.00499371
h,h,0.2,5.99978945,1.00164251,1.00781012
h,h,0.2,6.02063577,1.00340294,1.00946076
h,h,0.2,6.04156421,1.00811152,1.00880043
h,h,0.2,6.06259364,1.00165508,1.00968744
h,h,0.2,6.08377541,1.00634404,1.0066882
h,h,0.2,6.10447051,1.00283348,1.00460857
h,h,0.2,6.12538157,1.00369231,1.00772922
h,h,0.2,6.14660689,1.0043892,1.00591645
h,h,0.2,6.16752321,1.00290142,1.00708865
h,h,0.2,6.18833806,1.00420499,1.00413462
h,h,0.2,6.20938667,1.00280655,1.00879838
h,h,0.2,6.23052184,1.00277068,1.00943082
h,h,0.2,6.25137137,1.00322236,1.00277013
h,h,0.2,6.27204484,1.00641398,1.00534255
h,h,0.2,6.29290789,1.00295987,1.00260379
h,h,0.2,6.31382104,1.00196409,1.00469027
h,h,0.2,6.33495691,1.00235794,1.00467269
h,h,0.2,6.35600914,1.00150731,1.0042386
h,h,0.2,6.37663869,1.00265481,1.00297035
h,h,0.2,6.39770954,1.00322884,1.00366611
h,h,0.2,6.41872759,1.00270775,1.00584996
h,h,0.2,6.43951457,1.00555947,1.00654374
h,h,0.2,6.46033562,1.00522374,1.00490544
h,h,0.2,6.4814564,1.00309351,1.00496881
h,h,0.2,6.50265681,1.00296995,1.00453688
h,h,0.2,6.52350383,1.00217395,1.00416642
h,h,0.2,6.54427866,1.00078532,1.00414863
h,h,0.2,6.56515568,1.00433474,1.00728055
h,h,0.2,6.58628576,1.00189523,1.00588321
h,h,0.2,6.60749316,1.00357482,1.00574389
h,h,0.2,6.62830625,1.00255712,1.00480215
h,h,0.2,6.64913567,1.00395197,1.00359707
h,h,0.2,6.67020149,1.00011432,1.00321256
h,h,0.2,6.69106898,1.00337099,1.00550731
h,h,0.2,6.71185955,1.00135247,1.00141107
h,h,0.2,6.73264651,1.00062414,1.00409854
h,h,0.2,6.7537045,1.00207789,1.0017876
h,h,0.2,6.77487174,1.00130115,1.00225132
h,h,0.2,6.79557562,1.00206379,1.00447284
h,h,0.2,6.81648781,1.00230588,1.00321934
h,h,0.2,6.83753747,1.00366504,1.0038499
h,h,0.2,6.85867557,1.00142092,1.00381343
h,h,0.2,6.87985316,1.00114395,1.00340857
h,h,0.2,6.90065786,1.00014189,1.00181643
h,h,0.2,6.92153112,1.00321936,1.00174621
h,h,0.2,6.94229803,1.00255327,1.00092355
h,h,0.2,6.9630016,1.00359063,1.0011237
h,h,0.2,6.98416877,1.00020117,1.00089417
h,h,0.2,7.0052781,0.9999073,1.00135861
h,h,0.2,7.02617612,1.00223849,1.0030152
h,h,0.2,7.04699526,1.00243189,0.998852683
h,h,0.2,7.06761685,1.00181049,0.99998213
h,h,0.2,7.08873369,0.999787638,1.00077478
h,h,0.2,7.10994937,1.00167864,1.00215047
h,h,0.2,7.13102893,1.00120421,0.998950732
h,h,0.2,7.15201412,0.999620284,0.999744961
h,h,0.2,7.17271336,1.003443,1.00021438
h,h,0.2,7.19374266,1.00041642,1.00194358
h,h,0.2,7.21473042,1.00386094,0.999547491
h,h,0.2,7.23564263,0.999190733,1.00238336
h,h,0.2,7.25666289,1.00082905,0.999523736
h,h,0.2,7.27757645,1.0002424,0.999113365
h,h,0.2,7.2984411,1.00202232,1.00116295
h,h,0.2,7.31917384,1.00118362,0.999235011
h,h,0.2,7.34001688,1.00132961,0.999686067
h,h,0.2,7.3611683,0.999126895,0.999447818
h,h,0.2,7.38224284,0.999548536,1.00126668
h,h,0.2,7.40324015,0.998870829,0.999853902
h,h,0.2,7.42408854,0.999446966,1.00061968
h,h,0.2,7.44500634,0.998981093,0.999529513
h,h,0.2,7.46595959,0.999553101,1.00055867
h,h,0.2,7.48696308,0.998425388,1.00050118
h,h,0.2,7.5079936,1.00179432,0.999781212
h,h,0.2,7.52871967,0.997389656,0.999672309
h,h,0.2,7.54966921,1.00058997,0.998352619
h,h,0.2,7.57064902,0.998991571,0.997005745
h,h,0.2,7.59151428,0.998309674,1.0001255
h,h,0.2,7.6123809,0.999786383,0.998195383
h,h,0.2,7.63338324,1.00058917,0.999916409
h,h,0.2,7.65450532,0.999040344,0.997448005
h,h,0.2,7.67556944,0.998830859,0.995476986
h,h,0.2,7.69637751,1.00046904,1.00073956
h,h,0.2,7.71727216,0.998448103,1.00237121
h,h,0.2,7.73835725,0.999913557,0.997923558
h,h,0.2,7.75934923,0.999675689,0.999146508
h,h,0.2,7.78023116,0.999583551,0.998257452
h,h,0.2,7.80098697,0.998061177,0.999328562
h,h,0.2,7.82190677,0.999285623,0.999994925
h,h,0.2,7.84304931,0.9997731,0.996420389
h,h,0.2,7.86405132,0.997592462,0.998803613
h,h,0.2,7.88484553,0.999172657,0.996874422
h,h,0.2,7.90574885,0.999413936,0.99784495
h,h,0.2,7.9267531,1.00076666,0.998433993
h,h,0.2,7.94765228,0.999892186,0.998693494
h,h,0.2,7.96842304,0.99852609,0.998548608
h,h,0.2,7.98938616,1.00111299,0.99607835
h,h,0.2,8.01050815,1.00099778,0.998545129
h,h,0.2,8.03153334,1.0003192,0.995683649
h,h,0.2,8.05240251,0.999687509,0.99618937
h,h,0.2,8.07332696,1.00037768,0.997574431
h,h,0.2,8.09438514,1.0003892,0.99615612
h,h,0.2,8.11529588,0.998408654,0.997161399
h,h,0.2,8.13618411,1.00130993,0.996915293
h,h,0.2,8.15717855,0.998893289,0.995768405
h,h,0.2,8.17807847,0.999776272,0.994122944
h,h,0.2,8.19905269,0.997886538,0.998042582
h,h,0.2,8.21991085,0.999409928,0.996349449
h,h,0.2,8.24078529,0.997329691,0.998746756
h,h,0.2,8.26195652,0.997948231,0.998021867
h,h,0.2,8.28293039,0.998298632,0.996073696
h,h,0.2,8.30373423,0.995747881,0.995708654
h,h,0.2,8.32452583,0.996840931,0.995554344
h,h,0.2,8.34556221,0.997340338,0.997790221
h,h,0.2,8.36671927,0.997755223,0.994472867
h,h,0.2,8.38757523,0.997183175,0.996624246
h,h,0.2,8.40855808,1.00022427,0.996589881
h,h,0.2,8.42953585,0.995161679,0.995143
h,h,0.2,8.45042977,0.997805845,0.997597444
h,h,0.2,8.47138662,0.99839122,0.996379562
h,h,0.2,8.49217243,0.998129466,0.995845851
h,h,0.2,8.51321806,0.998949103,0.995385531
h,h,0.2,8.53421183,0.997845806,0.997429117
h,h,0.2,8.55508292,0.997738796,0.993744542
h,h,0.2,8.57598662,1.00039027,0.996753421
h,h,0.2,8.59679232,0.998488102,0.994981223
h,h,0.2,8.61783107,0.997995402,0.995633879
h,h,0.2,8.63891768,0.998472748,0.994837669
h,h,0.2,8.65972861,0.998082083,0.995564354
h,h,0.2,8.68059853,0.999902283,0.994297168
h,h,0.2,8.70174168,0.997325693,0.99686632
h,h,0.2,8.72279566,0.998478712,0.995280688
h,h,0.2,8.74359241,0.997627718,0.997357876
h,h,0.2,8.76424415,0.998742008,0.998373278
h,h,0.2,8.78526729,0.999430357,0.995928234
h,h,0.2,8.80637189,0.997668858,0.99830956
h,h,0.2,8.82736896,0.998249365,0.995035987
h,h,0.2,8.84843212,0.998338961,0.995663626
h,h,0.2,8.86933197,0.996683077,0.998744342
h,h,0.2,8.89026857,0.999224906,0.994836758
h,h,0.2,8.91123702,0.995493167,0.99339383
h,h,0.2,8.93214776,0.999169882,0.997744454
h,h,0.2,8.95312097,0.997338652,0.99696504
h,h,0.2,8.9741304,0.999464972,0.997011268
h,h,0.2,8.99505705,0.998724003,0.997101313
h,h,0.2,9.01571368,0.996006545,0.994435123
h,h,0.2,9.03640927,0.996240436,0.9970221
h,h,0.2,9.05755121,0.998314108,0.996826721
h,h,0.2,9.07868023,0.996899737,0.996569466
h,h,0.2,9.09969513,1.00176431,0.997292328
h,h,0.2,9.1205658,0.997550023,0.99582776
h,h,0.2,9.14137844,0.998794475,0.995605361
h,h,0.2,9.16237082,0.99763051,0.996140723
h,h,0.2,9.18339441,0.998132458,0.994827716
h,h,0.2,9.20447395,0.998399431,0.996767165
h,h,0.2,9.22549281,0.999180401,0.997428721
h,h,0.2,9.2463962,0.999244492,0.995046328
h,h,0.2,9.26722673,0.996796659,0.994782286
h,h,0.2,9.28791689,0.995493642,0.996666455
h,h,0.2,9.30892724,0.996487135,0.998835091
h,h,0.2,9.33003065,0.99981995,0.993744958
h,h,0.2,9.35102864,0.99794253,0.997847697
h,h,0.2,9.37196601,0.997762849,0.997590357
h,h,0.2,9.39258783,0.997057624,0.994226317
h,h,0.2,9.41349621,0.998326396,0.998531306
h,h,0.2,9.4347927,0.99832171,0.997590372
h,h,0.2,9.45587737,0.995487458,0.997564551
h,h,0.2,9.47676866,0.99896002,0.996201135
h,h,0.2,9.49762777,0.997493261,0.997271834
h,h,0.2,9.51852362,0.997228078,0.997796649
h,h,0.2,9.53939795,0.998367782,0.995366226
h,h,0.2,9.56035551,0.998012954,0.995687885
h,h,0.2,9.58149741,0.998299419,0.997828588
h,h,0.2,9.60249587,0.999197091,0.998174157
h,h,0.2,9.62336478,0.999287596,0.997091509
h,h,0.2,9.64415055,0.998480055,0.999895502
h,h,0.2,9.66502224,0.99952807,0.99654464
h,h,0.2,9.68597433,0.999036242,0.99805493
h,h,0.2,9.7069728,0.99794262,0.99987016
h,h,0.2,9.72797765,0.996636193,0.995604796
h,h,0.2,9.74896401,0.999405226,0.997970618
h,h,0.2,9.76996217,0.999289064,0.99811493
h,h,0.2,9.79085678,0.995490545,0.99922082
h,h,0.2,9.81166698,0.9972748,0.999300286
h,h,0.2,9.83262494,0.999159845,0.996658135
h,h,0.2,9.85372265,0.997451681,0.997038893
h,h,0.2,9.87472665,1.00001209,0.998518085
h,h,0.2,9.89559934,1.00107142,0.998053891
h,h,0.2,9.91635289,0.998315985,0.996983408
h,h,0.2,9.93737645,0.997304011,0.998610589
h,h,0.2,9.95856995,0.999384346,0.997763225
h,h,0.2,9.97940815,1.00075358,0.998673608
h,h,0.2,10.000082,1.00099355,0.997665717
h,h,0.4,0.0252815853,0.0617547644,0.00145270649
h,h,0.4,0.0486976344,0.0543086428,0.00275557376
h,h,0.4,0.0692644017,0.0555451949,0.00478494775
h,h,0.4,0.08877835,0.0556513088,0.0073263343
h,h,0.4,0.111604297,0.0561936235,0.0110476505
h,h,0.4,0.132731806,0.0564453878,0.0155877541
h,h,0.4,0.153672181,0.0569181521,0.0204687233
h,h,0.4,0.175641863,0.0590345052,0.0264785726
h,h,0.4,0.196615509,0.0600600372,0.0325338252
h,h,0.4,0.217326708,0.0611634176,0.0396982725
h,h,0.4,0.237538457,0.0631063657,0.0466990396
h,h,0.4,0.258148683,0.0638732094,0.0552620515
h,h,0.4,0.28040349,0.0666073791,0.064756329
h,h,0.4,0.301929084,0.0688467305,0.0744368475
h,h,0.4,0.322287413,0.0706996328,0.0836630623
h,h,0.4,0.342663331,0.0735963934,0.094743069
h,h,0.4,0.363641289,0.075366052,0.106077566
h,h,0.4,0.385602948,0.0786303655,0.118796893
h,h,0.4,0.406737165,0.0804077086,0.131916137
h,h,0.4,0.427001871,0.0848269714,0.144365644
h,h,0.4,0.448754416,0.08758782,0.159494968
h,h,0.4,0.469601745,0.0911798301,0.17234959
h,h,0.4,0.489805379,0.0938486873,0.187547403
h,h,0.4,0.510302494,0.098005755,0.201651399
h,h,0.4,0.53178319,0.10045548,0.217194924
h,h,0.4,0.553922362,0.104418724,0.233614499
h,h,0.4,0.574670041,0.108967229,0.249773505
h,h,0.4,0.594645701,0.111730001,0.268873845
h,h,0.4,0.615540037,0.116910397,0.28579667
h,h,0.4,0.636554081,0.120911495,0.30310351
h,h,0.4,0.658102417,0.124902078,0.32232211
h,h,0.4,0.679189641,0.130751691,0.340754477
h,h,0.4,0.700054044,0.13543034,0.35715708
h,h,0.4,0.721329826,0.141861727,0.378196921
h,h,0.4,0.742033923,0.14601431,0.399027904
h,h,0.4,0.762614581,0.151037962,0.417918703
h,h,0.4,0.783270495,0.156852334,0.438060204
h,h,0.4,0.804783918,0.162897297,0.459633762
h,h,0.4,0.826095906,0.168663286,0.480239214
h,h,0.4,0.846303977,0.173555957,0.500238254
h,h,0.4,0.867174819,0.180631965,0.521912171
h,h,0.4,0.888413258,0.188082911,0.543726719
h,h,0.4,0.909910564,0.19512733,0.563886923
h,h,0.4,0.931134698,0.202170903,0.585864215
h,h,0.4,0.951563161,0.208519047,0.606239969
h,h,0.4,0.972160451,0.215043042,0.622689935
h,h,0.4,0.993008165,0.222639034,0.647830028
h,h,0.4,1.0140906,0.230812749,0.664701861
h,h,0.4,1.03500338,0.239981114,0.685015269
h,h,0.4,1.05657413,0.246638283,0.708735653
h,h,0.4,1.07789814,0.255599665,0.724471811
h,h,0.4,1.09835045,0.263496397,0.743374877
h,h,0.4,1.11903902,0.272847935,0.760983963
h,h,0.4,1.1396405,0.279102822,0.780264658
h,h,0.4,1.16109193,0.292809759,0.796064428
h,h,0.4,1.18227503,0.298459655,0.817457327
h,h,0.4,1.2030555,0.307656284,0.823754381
h,h,0.4,1.22375183,0.317333863,0.847816287
h,h,0.4,1.24453484,0.328647738,0.8612476
h,h,0.4,1.26570671,0.334649362,0.869855994
h,h,0.4,1.28693994,0.347375907,0.887684463
h,h,0.4,1.30807124,0.359203946,0.89298749
h,h,0.4,1.32889646,0.370185508,0.910747622
h,h,0.4,1.34945121,0.379835663,0.923632059
h,h,0.4,1.37055188,0.391157972,0.935996811
h,h,0.4,1.39148285,0.401093265,0.937382059
h,h,0.4,1.41220445,0.414322291,0.95033501
h,h,0.4,1.43352474,0.426297599,0.957839478
h,h,0.4,1.45454751,0.437489084,0.966764924
h,h,0.4,1.47511055,0.449466288,0.973000664
h,h,0.4,1.49566583,0.460582188,0.982702295
h,h,0.4,1.51690776,0.47253443,0.981275788
h,h,0.4,1.53826425,0.486425003,0.989264974
h,h,0.4,1.55931449,0.497846321,0.993947403
h,h,0.4,1.58012172,0.509259119,0.998229615
h,h,0.4,1.60114355,0.521887043,0.997409455
h,h,0.4,1.62229155,0.53627594,1.00396522
h,h,0.4,1.64295947,0.543845287,1.00911892
h,h,0.4,1.66366432,0.556295894,1.01257977
h,h,0.4,1.68478217,0.570859263,1.0113161
h,h,0.4,1.7057485,0.581215145,1.01316739
h,h,0.4,1.72683745,0.595102484,1.01656832
h,h,0.4,1.74765849,0.609657636,1.01375204
h,h,0.4,1.76847487,0.618160804,1.01293154
h,h,0.4,1.78961871,0.634530702,1.01438427
h,h,0.4,1.81086098,0.643728372,1.01682292
h,h,0.4,1.83179094,0.653398896,1.01594113
h,h,0.4,1.8521746,0.670373245,1.01296897
h,h,0.4,1.8733654,0.675788248,1.01782614
h,h,0.4,1.89455538,0.690722865,1.0153984
h,h,0.4,1.91534795,0.696878588,1.00963344
h,h,0.4,1.93623233,0.709683019,1.01541402
h,h,0.4,1.9571481,0.722546279,1.01035591
h,h,0.4,1.97825109,0.732909155,1.01133641
h,h,0.4,1.99905898,0.739824842,1.00875447
h,h,0.4,2.01966715,0.747950357,1.01249658
h,h,0.4,2.04082415,0.758808256,1.00102602
h,h,0.4,2.06193171,0.769483227,1.00356674
h,h,0.4,2.08296048,0.776441768,1.00381995
h,h,0.4,2.10383017,0.783335892,1.00197957
h,h,0.4,2.12494312,0.792710284,1.00132798
h,h,0.4,2.14618475,0.799895454,0.998978756
h,h,0.4,2.16679298,0.808313836,0.998608742
h,h,0.4,2.18753482,0.816548139,0.997285254
h,h,0.4,2.20847027,0.821587405,0.994446424
h,h,0.4,2.22955181,0.828015237,0.994602328
h,h,0.4,2.25078374,0.836194356,0.988942444
h,h,0.4,2.27150159,0.842576633,0.985750724
h,h,0.4,2.29205574,0.846065133,0.989194896
h,h,0.4,2.31294326,0.852728753,0.990646421
h,h,0.4,2.3340363,0.858408793,0.985819397
h,h,0.4,2.35514399,0.864385385,0.981596846
h,h,0.4,2.37607726,0.866488819,0.984134264
h,h,0.4,2.39730341,0.871265982,0.981261431
h,h,0.4,2.41857203,0.878484229,0.983269649
h,h,0.4,2.43911056,0.880921885,0.980866166
h,h,0.4,2.45988005,0.883672445,0.981370302
h,h,0.4,2.48094151,0.888490647,0.983344576
h,h,0.4,2.50196601,0.890693303,0.97973074
h,h,0.4,2.52300496,0.899745394,0.976625458
h,h,0.4,2.54340089,0.89684409,0.978809919
h,h,0.4,2.56415297,0.901598497,0.974352387
h,h,0.4,2.58575836,0.901292647,0.973096061
h,h,0.4,2.60684428,0.906464552,0.977183031
h,h,0.4,2.62775949,0.909394729,0.977274481
h,h,0.4,2.64834355,0.910769493,0.974059989
h,h,0.4,2.66912062,0.914417169,0.975613564
h,h,0.4,2.69039946,0.91654445,0.971850071
h,h,0.4,2.71121518,0.917237026,0.974765645
h,h,0.4,2.7321837,0.920062538,0.974526408
h,h,0.4,2.75306239,0.920333677,0.975942429
h,h,0.4,2.77427049,0.918935628,0.977037457
h,h,0.4,2.79557932,0.9255652,0.969323474
h,h,0.4,2.8160646,0.924715341,0.973123239
h,h,0.4,2.83689478,0.927481133,0.973752562
h,h,0.4,2.85801727,0.933771761,0.977218534
h,h,0.4,2.87906973,0.927771406,0.971156806
h,h,0.4,2.89996898,0.933527518,0.974118184
h,h,0.4,2.92062944,0.936139566,0.974501846
h,h,0.4,2.941605,0.9329489,0.973204171
h,h,0.4,2.96267076,0.936712272,0.972133533
h,h,0.4,2.98347442,0.935461,0.975535221
h,h,0.4,3.00437656,0.939503218,0.972670358
h,h,0.4,3.02542142,0.937532477,0.975525249
h,h,0.4,3.04658726,0.940311506,0.975700839
h,h,0.4,3.06768101,0.942028186,0.97650118
h,h,0.4,3.088328,0.944795686,0.975550674
h,h,0.4,3.10931167,0.944890458,0.974997591
h,h,0.4,3.1305457,0.947735298,0.976231388
h,h,0.4,3.15150209,0.947671356,0.975339518
h,h,0.4,3.17219014,0.943995553,0.978530813
h,h,0.4,3.19299024,0.948336226,0.978061481
h,h,0.4,3.21390436,0.948331509,0.976553116
h,h,0.4,3.23506564,0.952518739,0.977922394
h,h,0.4,3.25605387,0.952633897,0.9768961
h,h,0.4,3.27685776,0.954356785,0.978887878
h,h,0.4,3.29794723,0.952983451,0.980235382
h,h,0.4,3.31884778,0.954706568,0.979795909
h,h,0.4,3.33944269,0.956537088,0.979876941
h,h,0.4,3.36030612,0.95587922,0.979579958
h,h,0.4,3.38171654,0.957885443,0.979999659
h,h,0.4,3.40297495,0.957365323,0.983065701
h,h,0.4,3.42370792,0.960324612,0.980665014
h,h,0.4,3.44440875,0.959851799,0.980551693
h,h,0.4,3.465315,0.958253718,0.980941064
h,h,0.4,3.4865867,0.961228035,0.98366413
h,h,0.4,3.50751221,0.960761784,0.980930535
h,h,0.4,3.52796741,0.964752328,0.980448663
h,h,0.4,3.5488788,0.963972873,0.981015539
h,h,0.4,3.57014151,0.967242367,0.98260515
h,h,0.4,3.59120365,0.968146762,0.982594183
h,h,0.4,3.61190928,0.965116027,0.982321712
h,h,0.4,3.63300558,0.969967981,0.983902567
h,h,0.4,3.6541422,0.970259697,0.983287522
h,h,0.4,3.67500902,0.97000411,0.983476146
h,h,0.4,3.69581564,0.974556289,0.98358191
h,h,0.4,3.71644729,0.969811196,0.982352168
h,h,0.4,3.73749774,0.972094661,0.984024428
h,h,0.4,3.75868086,0.973104642,0.980674452
h,h,0.4,3.77950549,0.972411276,0.989458637
h,h,0.4,3.80027286,0.972419705,0.987244855
h,h,0.4,3.82143123,0.974744226,0.986808884
h,h,0.4,3.84280481,0.977110459,0.986735389
h,h,0.4,3.86349282,0.980588494,0.988558219
h,h,0.4,3.88417456,0.9791424,0.991673268
h,h,0.4,3.90535419,0.976133692,0.985759298
h,h,0.4,3.9264697,0.977650272,0.985469102
h,h,0.4,3.94738681,0.979632864,0.988981331
h,h,0.4,3.96810309,0.979057459,0.986119917
h,h,0.4,3.98888694,0.979336639,0.988099478
h,h,0.4,4.00993371,0.982150849,0.989364753
h,h,0.4,4.03080983,0.986072939,0.987096941
h,h,0.4,4.05178039,0.983028728,0.987281219
h,h,0.4,4.07276799,0.98485955,0.991952256
h,h,0.4,4.09368684,0.983816496,0.991924028
h,h,0.4,4.11485609,0.982907059,0.994344145
h,h,0.4,4.13583188,0.982423859,0.989512331
h,h,0.4,4.15670688,0.987537256,0.99260834
h,h,0.4,4.17758774,0.988124086,0.997376428
h,h,0.4,4.19867141,0.989342362,0.995261528
h,h,0.4,4.21961517,0.986320398,0.994729547
h,h,0.4,4.24013393,0.987260816,0.993022109
h,h,0.4,4.26119077,0.990082766,0.994324745
h,h,0.4,4.28239268,0.989776916,0.992056211
h,h,0.4,4.30342826,0.988722492,0.993478792
h,h,0.4,4.32431592,0.991720998,0.998702032
h,h,0.4,4.34508479,0.990408413,0.992809955
h,h,0.4,4.36604259,0.988416975,0.995234428
h,h,0.4,4.38708086,0.993468423,0.9984482
h,h,0.4,4.40778797,0.992948401,0.998988273
h,h,0.4,4.4288526,0.99041442,0.996166088
h,h,0.4,4.44994967,0.993487467,0.994542288
h,h,0.4,4.47085438,0.995353156,0.999225534
h,h,0.4,4.49188801,0.992318189,1.001063
h,h,0.4,4.51250216,0.992174468,0.998684341
h,h,0.4,4.5334461,0.997097093,1.00026214
h,h,0.4,4.55463591,0.992017048,0.998482687
h,h,0.4,4.57547609,0.993725231,0.998797459
h,h,0.4,4.59643311,0.995277134,1.00185811
h,h,0.4,4.61732903,0.995953712,0.998093674
h,h,0.4,4.63833098,0.995618703,1.00557422
h,h,0.4,4.65949324,0.996205607,1.00196275
h,h,0.4,4.68039693,0.993828434,1.00183747
h,h,0.4,4.70136745,0.995656836,1.00468328
h,h,0.4,4.72221533,0.997690837,1.00457957
h,h,0.4,4.74309374,0.998037657,1.00247547
h,h,0.4,4.76390784,1.00061194,1.00407332
h,h,0.4,4.78491795,0.996873698,1.00829092
h,h,0.4,4.80636204,0.997290508,1.00297757
h,h,0.4,4.82728449,0.998174991,1.00527536
h,h,0.4,4.84785524,0.999642371,1.00320667
h,h,0.4,4.86859731,0.997521157,1.00531155
h,h,0.4,4.88954319,0.998929555,1.0068626
h,h,0.4,4.91078695,0.99807066,1.00164882
h,h,0.4,4.93172016,0.999780511,1.00476993
h,h,0.4,4.95244063,0.999398951,1.00589623
h,h,0.4,4.97348932,0.997809389,1.00542384
h,h,0.4,4.994309,1.00070112,1.00452371
h,h,0.4,5.01515697,0.99907679,1.0069808
h,h,0.4,5.03598003,1.00017222,1.00551256
h,h,0.4,5.05703237,1.00165378,1.00238169
h,h,0.4,5.07840332,1.00008958,1.00428242
h,h,0.4,5.09943841,0.998255326,1.00405669
h,h,0.4,5.12032938,1.00053618,1.00502555
h,h,0.4,5.14107614,1.00475241,1.00566212
h,h,0.4,5.16214077,1.00417511,1.00642615
h,h,0.4,5.18341099,0.998328173,1.00740739
h,h,0.4,5.2041075,1.00222436,1.00795864
h,h,0.4,5.22477891,1.0004419,1.0083166
h,h,0.4,5.24557967,1.00373073,1.00842342
h,h,0.4,5.26649236,1.00062825,1.00981319
h,h,0.4,5.28753131,1.00150606,1.00479787
h,h,0.4,5.30847064,1.00345151,1.00766614
h,h,0.4,5.32946745,1.0039587,1.00868384
h,h,0.4,5.3506922,1.00367159,1.00743899
h,h,0.4,5.37158853,1.00227995,1.00860931
h,h,0.4,5.39231925,1.00187128,1.00592342
h,h,0.4,5.41333352,1.00187082,1.00863673
h,h,0.4,5.43434316,1.00229843,1.00734554
h,h,0.4,5.45530659,1.00135362,1.01047149
h,h,0.4,5.47618498,1.00129912,1.00916343
h,h,0.4,5.49715755,1.00030208,1.00884645
h,h,0.4,5.51801586,1.00291398,1.00670634
h,h,0.4,5.53881995,1.00256492,1.00662035
h,h,0.4,5.55992514,1.0025121,1.00789756
h,h,0.4,5.58098545,0.999796005,1.00841739
h,h,0.4,5.60183772,1.00443767,1.00718547
h,h,0.4,5.62277584,1.00370837,1.0081614
h,h,0.4,5.64379172,1.00304856,1.00761418
h,h,0.4,5.66460817,1.00252127,1.0082018
h,h,0.4,5.68556022,1.00082587,1.00781181
h,h,0.4,5.7067909,1.00365162,1.00941672
h,h,0.4,5.72769317,1.00448076,1.0090901
h,h,0.4,5.74840017,1.00348525,1.00956765
h,h,0.4,5.76938192,1.00285362,1.00778294
h,h,0.4,5.79039764,1.00492196,1.00922363
h,h,0.4,5.81144039,1.00428821,1.00962498
h,h,0.4,5.83232115,1.00588279,1.00914275
h,h,0.4,5.85320209,1.00322422,1.00804098
h,h,0.4,5.87418919,1.00483759,1.00613383
h,h,0.4,5.89509625,1.00448837,1.00900412
h,h,0.4,5.9159726,1.0045018,1.00540648
h,h,0.4,5.93682663,1.00358035,1.00835926
h,h,0.4,5.95791772,1.00193517,1.00907061
h,h,0.4,5.97900675,1.0027085,1.00883042
h,h,0.4,5.99978945,1.00143934,1.00744827
h,h,0.4,6.02063577,1.00441498,1.00711709
h,h,0.4,6.04156421,1.00022569,1.00821093
h,h,0.4,6.06259364,1.00772295,1.00880492
h,h,0.4,6.08377541,1.00255784,1.00667869
h,h,0.4,6.10447051,1.00259735,1.00817255
h,h,0.4,6.12538157,1.00359265,1.00793463
h,h,0.4,6.14660689,1.00217168,1.0065848
h,h,0.4,6.16752321,1.00467828,1.0064575
h,h,0.4,6.18833806,1.00300633,1.00628568
h,h,0.4,6.20938667,1.00463041,1.004973
h,h,0.4,6.23052184,1.00343629,1.00715377
h,h,0.4,6.25137137,1.00403182,1.005557
h,h,0.4,6.27204484,1.00427779,1.00947636
h,h,0.4,6.29290789,1.00234481,1.00680386
h,h,0.4,6.31382104,1.00293007,1.00831004
h,h,0.4,6.33495691,1.00167862,1.00375917
h,h,0.4,6.35600914,1.00449929,1.00578379
h,h,0.4,6.37663869,1.0042884,1.00668306
h,h,0.4,6.39770954,1.00400456,1.00577407
h,h,0.4,6.41872759,1.00190219,1.00502249
h,h,0.4,6.43951457,1.00560213,1.00466717
h,h,0.4,6.46033562,1.00246834,1.00710121
h,h,0.4,6.4814564,1.00625092,1.00357244
h,h,0.4,6.50265681,1.00275979,1.00648604
h,h,0.4,6.52350383,1.00089684,1.00450771
h,h,0.4,6.54427866,1.00202923,1.00309163
h,h,0.4,6.56515568,1.00458396,1.00196141
h,h,0.4,6.58628576,1.00172771,1.00419851
h,h,0.4,6.60749316,1.00415124,1.00375061
h,h,0.4,6.62830625,1.00150039,1.00241661
h,h,0.4,6.64913567,1.00397517,1.00445988
h,h,0.4,6.67020149,1.00331926,1.00402546
h,h,0.4,6.69106898,1.00488145,1.00332116
h,h,0.4,6.71185955,1.00516294,1.00497389
h,h,0.4,6.73264651,1.00213732,1.00485608
h,h,0.4,6.7537045,1.00083735,1.00530569
h,h,0.4,6.77487174,1.00315446,1.00506609
h,h,0.4,6.79557562,1.00466886,1.00266541
h,h,0.4,6.81648781,1.00083354,1.00080371
h,h,0.4,6.83753747,1.00135501,1.00155589
h,h,0.4,6.85867557,1.00140508,1.00260672
h,h,0.4,6.87985316,1.00142126,1.00126856
h,h,0.4,6.90065786,1.00324675,1.00328369
h,h,0.4,6.92153112,1.00150993,1.00193116
h,h,0.4,6.94229803,1.00061209,1.00104469
h,h,0.4,6.9630016,1.00277795,1.00124872
h,h,0.4,6.98416877,0.999690133,1.00080431
h,h,0.4,7.0052781,1.00303754,1.00412252
h,h,0.4,7.02617612,1.00162251,1.00203035
h,h,0.4,7.04699526,1.00194385,1.00135337
h,h,0.4,7.06761685,1.00378997,1.00265024
h,h,0.4,7.08873369,0.999874236,1.00081693
h,h,0.4,7.10994937,1.00210668,1.00394315
h,h,0.4,7.13102893,1.00157044,1.00056177
h,h,0.4,7.15201412,1.00089707,0.99987608
h,h,0.4,7.17271336,1.00295004,1.00048263
h,h,0.4,7.19374266,0.99858048,1.00084862
h,h,0.4,7.21473042,1.00352828,1.00068787
h,h,0.4,7.23564263,0.999845958,1.00126746
h,h,0.4,7.25666289,1.0024826,1.00105231
h,h,0.4,7.27757645,0.999401808,1.0018479
h,h,0.4,7.2984411,1.00011611,0.998787917
h,h,0.4,7.31917384,1.00092452,1.00259614
h,h,0.4,7.34001688,0.998732292,0.999914214
h,h,0.4,7.3611683,1.00274225,1.00098868
h,h,0.4,7.38224284,0.999279603,0.999253329
h,h,0.4,7.40324015,0.999297604,0.999138862
h,h,0.4,7.42408854,1.00136482,0.99944051
h,h,0.4,7.44500634,0.999161729,0.999760568
h,h,0.4,7.46595959,1.00002405,0.999942826
h,h,0.4,7.48696308,0.999897789,0.997375169
h,h,0.4,7.5079936,0.999608344,0.998529699
h,h,0.4,7.52871967,0.998908316,0.998978739
h,h,0.4,7.54966921,1.00140026,0.999530616
h,h,0.4,7.57064902,0.99861237,0.999856369
h,h,0.4,7.59151428,1.00030909,0.999514093
h,h,0.4,7.6123809,0.999845631,0.997706893
h,h,0.4,7.63338324,0.999413534,0.995503202
h,h,0.4,7.65450532,1.00047947,0.99883418
h,h,0.4,7.67556944,1.00194629,0.997863072
h,h,0.4,7.69637751,0.999766329,0.997688979
h,h,0.4,7.71727216,1.00007008,0.996963103
h,h,0.4,7.73835725,1.00114423,0.998666555
h,h,0.4,7.75934923,0.998141575,0.998134463
h,h,0.4,7.78023116,0.998597482,0.99831691
h,h,0.4,7.80098697,0.99839735,0.996379939
h,h,0.4,7.82190677,0.999062822,0.99570407
h,h,0.4,7.84304931,0.998772498,0.997342963
h,h,0.4,7.86405132,0.998129423,0.998708594
h,h,0.4,7.88484553,0.999199364,0.999026753
h,h,0.4,7.90574885,1.00079144,0.998858889
h,h,0.4,7.9267531,1.00101967,0.996987609
h,h,0.4,7.94765228,1.00071241,0.997364428
h,h,0.4,7.96842304,0.997451186,0.996671446
h,h,0.4,7.98938616,0.998587992,0.998008743
h,h,0.4,8.01050815,0.999331068,0.997739293
h,h,0.4,8.03153334,1.00129745,0.996475269
h,h,0.4,8.05240251,1.00143639,0.994834794
h,h,0.4,8.07332696,0.998266495,0.996745776
h,h,0.4,8.09438514,0.996812126,0.996161549
h,h,0.4,8.11529588,0.997493301,0.996635402
h,h,0.4,8.13618411,0.999061288,0.998197161
h,h,0.4,8.15717855,0.996171321,0.997781506
h,h,0.4,8.17807847,0.996660326,0.998216164
h,h,0.4,8.19905269,0.999267787,0.99826251
h,h,0.4,8.21991085,0.999029925,0.995401228
h,h,0.4,8.24078529,0.998862897,0.996127484
h,h,0.4,8.26195652,0.999153809,0.996299356
h,h,0.4,8.28293039,0.997782886,0.997888985
h,h,0.4,8.30373423,0.997877434,0.997068753
h,h,0.4,8.32452583,1.00024052,0.996167967
h,h,0.4,8.34556221,0.998686077,0.994838058
h,h,0.4,8.36671927,0.999345,0.995610761
h,h,0.4,8.38757523,0.999462329,0.995474297
h,h,0.4,8.40855808,1.00118239,0.995860432
h,h,0.4,8.42953585,0.997063733,0.998073856
h,h,0.4,8.45042977,0.998986377,0.994982204
h,h,0.4,8.47138662,1.00062969,0.997164833
h,h,0.4,8.49217243,0.997903339,0.995538022
h,h,0.4,8.51321806,0.99862699,0.998650814
h,h,0.4,8.53421183,0.999000497,0.999001213
h,h,0.4,8.55508292,0.997947667,0.996553267
h,h,0.4,8.57598662,0.998458236,0.99493846
h,h,0.4,8.59679232,0.999157318,0.994739009
h,h,0.4,8.61783107,0.999295761,0.995244308
h,h,0.4,8.63891768,0.999749097,0.996919507
h,h,0.4,8.65972861,0.997294666,0.996969797
h,h,0.4,8.68059853,0.997093466,0.996356583
h,h,0.4,8.70174168,0.998437235,0.995653851
h,h,0.4,8.72279566,0.999838953,0.996061967
h,h,0.4,8.74359241,0.998195503,0.99565236
h,h,0.4,8.76424415,0.997400414,0.996482158
h,h,0.4,8.78526729,0.99749579,0.997742923
h,h,0.4,8.80637189,0.996103807,0.997599077
h,h,0.4,8.82736896,0.998422551,0.993912569
h,h,0.4,8.84843212,0.996877581,0.995665178
h,h,0.4,8.86933197,1.00086831,0.995208722
h,h,0.4,8.89026857,0.999021171,0.99752586
h,h,0.4,8.91123702,0.996507779,0.995709287
h,h,0.4,8.93214776,0.998128852,0.99549269
h,h,0.4,8.95312097,0.997252404,0.99564292
h,h,0.4,8.9741304,0.999730923,0.996181422
h,h,0.4,8.99505705,0.999843931,0.997982575
h,h,0.4,9.01571368,0.99878905,0.995744589
h,h,0.4,9.03640927,0.9980853,0.995968048
h,h,0.4,9.05755121,0.997562551,0.997725481
h,h,0.4,9.07868023,0.999721649,0.995977262
h,h,0.4,9.09969513,0.99694764,0.996129203
h,h,0.4,9.1205658,0.998646471,0.995151862
h,h,0.4,9.14137844,0.997408695,0.995211777
h,h,0.4,9.16237082,0.99574065,0.997690653
h,h,0.4,9.18339441,0.996538639,0.995961232
h,h,0.4,9.20447395,0.996684678,0.9973049
h,h,0.4,9.22549281,0.998001839,0.996440857
h,h,0.4,9.2463962,0.999685358,0.996811721
h,h,0.4,9.26722673,0.997234824,0.997511703
h,h,0.4,9.28791689,0.997175343,0.997632576
h,h,0.4,9.30892724,0.996833726,0.997611471
h,h,0.4,9.33003065,0.999624943,0.996785395
h,h,0.4,9.35102864,0.998467697,0.998792842
h,h,0.4,9.37196601,0.998066073,0.99448512
h,h,0.4,9.39258783,0.99855928,0.994679804
h,h,0.4,9.41349621,0.998456209,0.999870679
h,h,0.4,9.4347927,0.999396329,0.996669393
h,h,0.4,9.45587737,0.998026584,0.998228813
h,h,0.4,9.47676866,0.998433487,0.999215975
h,h,0.4,9.49762777,0.998585632,0.995861802
h,h,0.4,9.51852362,0.998097474,0.997939778
h,h,0.4,9.53939795,0.998374272,0.995731679
h,h,0.4,9.56035551,0.998726581,0.996820727
h,h,0.4,9.58149741,0.999181413,0.996093834
h,h,0.4,9.60249587,0.998656679,0.996269042
h,h,0.4,9.62336478,1.00019866,0.996408405
h,h,0.4,9.64415055,0.998628638,0.998732228
h,h,0.4,9.66502224,0.999249335,0.996749551
h,h,0.4,9.68597433,0.996872587,0.995652683
h,h,0.4,9.7069728,1.00046111,0.995756208
h,h,0.4,9.72797765,0.99783511,0.99927705
h,h,0.4,9.74896401,0.995854142,0.999444525
h,h,0.4,9.76996217,0.997542784,0.996626279
h,h,0.4,9.79085678,0.997804543,0.999692263
h,h,0.4,9.81166698,0.999167171,0.997205874
h,h,0.4,9.83262494,0.997351203,0.999081145
h,h,0.4,9.85372265,0.999358465,1.00010579
h,h,0.4,9.87472665,0.999128111,0.996843301
h,h,0.4,9.89559934,0.999730445,0.997293639
h,h,0.4,9.91635289,0.998565163,0.997244819
h,h,0.4,9.93737645,0.998245068,1.00060988
h,h,0.4,9.95856995,0.998269642,0.99889842
h,h,0.4,9.97940815,0.999754409,0.997956665
h,h,0.4,10.000082,0.998196624,0.998084502
h,h,0.6,0.0252815853,0.0489324687,0.00214009976
h,h,0.6,0.0486976344,0.0526784922,0.00386555106
h,h,0.6,0.0692644017,0.0533452154,0.00562068691
h,h,0.6,0.08877835,0.0544585573,0.00842450603
h,h,0.6,0.111604297,0.0552384645,0.0124389189
h,h,0.6,0.132731806,0.0558001437,0.0166355619
h,h,0.6,0.153672181,0.0575135013,0.0214113611
h,h,0.6,0.175641863,0.0591767809,0.0273714785
h,h,0.6,0.196615509,0.0610729395,0.0334836767
h,h,0.6,0.217326708,0.0610515229,0.0407003856
h,h,0.6,0.237538457,0.0626220569,0.0483002138
h,h,0.6,0.258148683,0.0645385874,0.0559634295
h,h,0.6,0.28040349,0.0660320327,0.0656599678
h,h,0.6,0.301929084,0.0683494547,0.0755036127
h,h,0.6,0.322287413,0.0710013137,0.0858582941
h,h,0.6,0.342663331,0.0729861051,0.0950815222
h,h,0.6,0.363641289,0.075641614,0.107390969
h,h,0.6,0.385602948,0.0773040731,0.11985597
h,h,0.6,0.406737165,0.0808958922,0.13224859
h,h,0.6,0.427001871,0.0843876413,0.145884685
h,h,0.6,0.448754416,0.0874351595,0.159769186
h,h,0.6,0.469601745,0.0905102512,0.173976979
h,h,0.6,0.489805379,0.0937456437,0.188167322
h,h,0.6,0.510302494,0.0968864079,0.203398262
h,h,0.6,0.53178319,0.101284315,0.219228794
h,h,0.6,0.553922362,0.104782255,0.235103278
h,h,0.6,0.574670041,0.108475674,0.252069617
h,h,0.6,0.594645701,0.113677147,0.26576329
h,h,0.6,0.615540037,0.116110296,0.285042412
h,h,0.6,0.636554081,0.120883125,0.303752155
h,h,0.6,0.658102417,0.12596284,0.322920912
h,h,0.6,0.679189641,0.131690422,0.343121023
h,h,0.6,0.700054044,0.135121585,0.362704286
h,h,0.6,0.721329826,0.140415106,0.379947476
h,h,0.6,0.742033923,0.146381,0.39913854
h,h,0.6,0.762614581,0.151424489,0.419436525
h,h,0.6,0.783270495,0.157462037,0.439153699
h,h,0.6,0.804783918,0.162339287,0.460571996
h,h,0.6,0.826095906,0.169807222,0.481789359
h,h,0.6,0.846303977,0.174942862,0.498252309
h,h,0.6,0.867174819,0.181277149,0.521096316
h,h,0.6,0.888413258,0.188331313,0.53800919
h,h,0.6,0.909910564,0.194818828,0.56400896
h,h,0.6,0.931134698,0.201160538,0.584220695
h,h,0.6,0.951563161,0.208414439,0.605373809
h,h,0.6,0.972160451,0.214816965,0.624837524
h,h,0.6,0.993008165,0.224033731,0.642915333
h,h,0.6,1.0140906,0.22963045,0.667070288
h,h,0.6,1.03500338,0.237492297,0.684719048
h,h,0.6,1.05657413,0.246598741,0.705179534
h,h,0.6,1.07789814,0.255336893,0.727798162
h,h,0.6,1.09835045,0.262891944,0.746345888
h,h,0.6,1.11903902,0.270939177,0.763577673
h,h,0.6,1.1396405,0.281181353,0.777404142
h,h,0.6,1.16109193,0.29058528,0.800371163
h,h,0.6,1.18227503,0.300648038,0.810186754
h,h,0.6,1.2030555,0.308537699,0.82405067
h,h,0.6,1.22375183,0.317615771,0.848538905
h,h,0.6,1.24453484,0.326572478,0.859072758
h,h,0.6,1.26570671,0.336674421,0.870168492
h,h,0.6,1.28693994,0.346773445,0.890746851
h,h,0.6,1.30807124,0.359649306,0.895917278
h,h,0.6,1.32889646,0.369533162,0.907398573
h,h,0.6,1.34945121,0.382239868,0.922399986
h,h,0.6,1.37055188,0.392530633,0.930220364
h,h,0.6,1.39148285,0.402493045,0.939266576
h,h,0.6,1.41220445,0.412626865,0.953241021
h,h,0.6,1.43352474,0.425604868,0.951090627
h,h,0.6,1.45454751,0.436175221,0.965600298
h,h,0.6,1.47511055,0.450303582,0.973800851
h,h,0.6,1.49566583,0.458673205,0.974056252
h,h,0.6,1.51690776,0.47319157,0.98697323
h,h,0.6,1.53826425,0.487566789,0.991417911
h,h,0.6,1.55931449,0.499187209,0.99512456
h,h,0.6,1.58012172,0.509600855,0.994139442
h,h,0.6,1.60114355,0.51972094,1.00054764
h,h,0.6,1.62229155,0.536112282,1.00544227
h,h,0.6,1.64295947,0.547582791,1.00222823
h,h,0.6,1.66366432,0.559138969,1.0112238
h,h,0.6,1.68478217,0.569108522,1.01269262
h,h,0.6,1.7057485,0.580936246,1.01240377
h,h,0.6,1.72683745,0.59689793,1.01462935
h,h,0.6,1.74765849,0.608320952,1.01603502
h,h,0.6,1.76847487,0.616731846,1.01615674
h,h,0.6,1.78961871,0.63087891,1.02005754
h,h,0.6,1.81086098,0.645170488,1.00933752
h,h,0.6,1.83179094,0.656758818,1.01647048
h,h,0.6,1.8521746,0.663627674,1.00988382
h,h,0.6,1.8733654,0.681135694,1.01407691
h,h,0.6,1.89455538,0.688507227,1.01233417
h,h,0.6,1.91534795,0.699648997,1.01429799
h,h,0.6,1.93623233,0.711214036,1.00869457
h,h,0.6,1.9571481,0.718936386,1.01030476
h,h,0.6,1.97825109,0.729862416,1.00858055
h,h,0.6,1.99905898,0.739424238,1.00824353
h,h,0.6,2.01966715,0.751980257,1.00639524
h,h,0.6,2.04082415,0.758864313,1.00446438
h,h,0.6,2.06193171,0.772810156,1.00802209
h,h,0.6,2.08296048,0.775612114,1.00349173
h,h,0.6,2.10383017,0.785770027,0.998793713
h,h,0.6,2.12494312,0.794269098,1.00252319
h,h,0.6,2.14618475,0.801565751,0.997328064
h,h,0.6,2.16679298,0.809850148,0.996094758
h,h,0.6,2.18753482,0.812847197,0.994162964
h,h,0.6,2.20847027,0.821262061,0.991698653
h,h,0.6,2.22955181,0.834853423,0.991505285
h,h,0.6,2.25078374,0.836876215,0.988630172
h,h,0.6,2.27150159,0.842319178,0.988819967
h,h,0.6,2.29205574,0.849276767,0.992189792
h,h,0.6,2.31294326,0.854353145,0.987943057
h,h,0.6,2.3340363,0.859608497,0.982044388
h,h,0.6,2.35514399,0.863999142,0.983910692
h,h,0.6,2.37607726,0.868408258,0.983803896
h,h,0.6,2.39730341,0.873190294,0.979099637
h,h,0.6,2.41857203,0.879203272,0.981745091
h,h,0.6,2.43911056,0.87973482,0.980961594
h,h,0.6,2.45988005,0.882938136,0.983066529
h,h,0.6,2.48094151,0.887057919,0.979555014
h,h,0.6,2.50196601,0.894571217,0.978861694
h,h,0.6,2.52300496,0.898398785,0.979507166
h,h,0.6,2.54340089,0.900871908,0.97960022
h,h,0.6,2.56415297,0.900724032,0.979526758
h,h,0.6,2.58575836,0.905504803,0.974326447
h,h,0.6,2.60684428,0.9049443,0.974277481
h,h,0.6,2.62775949,0.907154556,0.973921213
h,h,0.6,2.64834355,0.908561675,0.972885632
h,h,0.6,2.66912062,0.91553757,0.976683626
h,h,0.6,2.69039946,0.918230554,0.971620639
h,h,0.6,2.71121518,0.915367006,0.972673258
h,h,0.6,2.7321837,0.917575239,0.973893091
h,h,0.6,2.75306239,0.920286976,0.975034325
h,h,0.6,2.77427049,0.923644004,0.972785949
h,h,0.6,2.79557932,0.926574248,0.975716507
h,h,0.6,2.8160646,0.928354528,0.97105274
h,h,0.6,2.83689478,0.924373509,0.976299312
h,h,0.6,2.85801727,0.928884554,0.977398829
h,h,0.6,2.87906973,0.930738671,0.977715593
h,h,0.6,2.89996898,0.928458429,0.973790189
h,h,0.6,2.92062944,0.932792543,0.97473529
h,h,0.6,2.941605,0.934865866,0.973793794
h,h,0.6,2.96267076,0.940232873,0.974339391
h,h,0.6,2.98347442,0.937623613,0.977587416
h,h,0.6,3.00437656,0.939009826,0.977168654
h,h,0.6,3.02542142,0.938587305,0.971953121
h,h,0.6,3.04658726,0.940731331,0.973415209
h,h,0.6,3.06768101,0.938694021,0.977048314
h,h,0.6,3.088328,0.941348464,0.977183972
h,h,0.6,3.10931167,0.945387243,0.977015815
h,h,0.6,3.1305457,0.944906331,0.975903449
h,h,0.6,3.15150209,0.949508829,0.978481117
h,h,0.6,3.17219014,0.946438232,0.977863606
h,h,0.6,3.19299024,0.946949923,0.975486056
h,h,0.6,3.21390436,0.950360432,0.97583501
h,h,0.6,3.23506564,0.952165844,0.979307731
h,h,0.6,3.25605387,0.950469167,0.979556525
h,h,0.6,3.27685776,0.952547865,0.978157374
h,h,0.6,3.29794723,0.952287555,0.975752441
h,h,0.6,3.31884778,0.956977651,0.977078562
h,h,0.6,3.33944269,0.95415916,0.981349401
h,h,0.6,3.36030612,0.955097459,0.980825639
h,h,0.6,3.38171654,0.957017403,0.981911187
h,h,0.6,3.40297495,0.959575086,0.980666797
h,h,0.6,3.42370792,0.960417112,0.979940277
h,h,0.6,3.44440875,0.961605109,0.982510824
h,h,0.6,3.465315,0.964087633,0.978810684
h,h,0.6,3.4865867,0.961299693,0.980496143
h,h,0.6,3.50751221,0.961371175,0.982110053
h,h,0.6,3.52796741,0.96778918,0.983250806
h,h,0.6,3.5488788,0.966125386,0.983456073
h,h,0.6,3.57014151,0.967004133,0.983056383
h,h,0.6,3.59120365,0.965764048,0.981528835
h,h,0.6,3.61190928,0.965515384,0.984192513
h,h,0.6,3.63300558,0.970589273,0.986301102
h,h,0.6,3.6541422,0.968675357,0.98416233
h,h,0.6,3.67500902,0.972067833,0.98699449
h,h,0.6,3.69581564,0.968752354,0.984334507
h,h,0.6,3.71644729,0.970411177,0.983200194
h,h,0.6,3.73749774,0.973455228,0.985655058
h,h,0.6,3.75868086,0.977971926,0.986726849
h,h,0.6,3.77950549,0.972122637,0.98478007
h,h,0.6,3.80027286,0.976534705,0.988594519
h,h,0.6,3.82143123,0.974905867,0.986056307
h,h,0.6,3.84280481,0.979384156,0.985071868
h,h,0.6,3.86349282,0.97637137,0.987624798
h,h,0.6,3.88417456,0.978041103,0.985819126
h,h,0.6,3.90535419,0.978890073,0.990815788
h,h,0.6,3.9264697,0.98077087,0.986549026
h,h,0.6,3.94738681,0.979683532,0.99015115
h,h,0.6,3.96810309,0.98194204,0.990270049
h,h,0.6,3.98888694,0.98464802,0.989511775
h,h,0.6,4.00993371,0.98159458,0.990180544
h,h,0.6,4.03080983,0.98315745,0.98893517
h,h,0.6,4.05178039,0.982485205,0.99046897
h,h,0.6,4.07276799,0.981481497,0.990531391
h,h,0.6,4.09368684,0.985514672,0.990934392
h,h,0.6,4.11485609,0.986838611,0.992855997
h,h,0.6,4.13583188,0.984422201,0.989710068
h,h,0.6,4.15670688,0.98982277,0.993102097
h,h,0.6,4.17758774,0.98894189,0.993982511
h,h,0.6,4.19867141,0.984543978,0.991052148
h,h,0.6,4.21961517,0.987889093,0.98992566
h,h,0.6,4.24013393,0.987560555,0.993310012
h,h,0.6,4.26119077,0.990131002,0.992866366
h,h,0.6,4.28239268,0.987919911,0.992901073
h,h,0.6,4.30342826,0.985559071,0.996608375
h,h,0.6,4.32431592,0.991960377,0.998090366
h,h,0.6,4.34508479,0.990614074,0.994919499
h,h,0.6,4.36604259,0.990893039,0.995410292
h,h,0.6,4.38708086,0.989456883,0.99517359
h,h,0.6,4.40778797,0.991421602,0.996061946
h,h,0.6,4.4288526,0.991417749,0.995722464
h,h,0.6,4.44994967,0.989659794,1.00263863
h,h,0.6,4.47085438,0.992171928,0.997059019
h,h,0.6,4.49188801,0.995523181,1.00018141
h,h,0.6,4.51250216,0.992365738,1.00042088
h,h,0.6,4.5334461,0.994048546,0.998671354
h,h,0.6,4.55463591,0.994283955,1.00257387
h,h,0.6,4.57547609,0.995275788,1.00144586
h,h,0.6,4.59643311,0.993772663,0.999706355
h,h,0.6,4.61732903,0.996278367,0.999922937
h,h,0.6,4.63833098,0.993893053,0.99718083
h,h,0.6,4.65949324,0.995884858,1.00055032
h,h,0.6,4.68039693,0.997968031,1.00153108
h,h,0.6,4.70136745,0.995843127,1.00321198
h,h,0.6,4.72221533,0.999000446,1.00284193
h,h,0.6,4.74309374,0.998116311,1.00398956
h,h,0.6,4.76390784,0.996780251,1.00061586
h,h,0.6,4.78491795,0.996225602,1.00577411
h,h,0.6,4.80636204,1.00052563,1.00488595
h,h,0.6,4.82728449,1.00004202,1.00275866
h,h,0.6,4.84785524,0.997367978,1.00284467
h,h,0.6,4.86859731,0.998197954,1.00249442
h,h,0.6,4.88954319,0.996873378,1.00333111
h,h,0.6,4.91078695,1.00133511,1.0070524
h,h,0.6,4.93172016,0.998997863,1.00768351
h,h,0.6,4.95244063,0.999495778,1.00311959
h,h,0.6,4.97348932,0.997694471,1.00628251
h,h,0.6,4.994309,0.997439567,1.00370595
h,h,0.6,5.01515697,1.00314169,1.0047226
h,h,0.6,5.03598003,0.997820611,1.00566416
h,h,0.6,5.05703237,1.00535658,1.00706857
h,h,0.6,5.07840332,1.00021041,1.00490412
h,h,0.6,5.09943841,1.00020769,1.00612144
h,h,0.6,5.12032938,1.00298575,1.0045055
h,h,0.6,5.14107614,1.00172181,1.00346188
h,h,0.6,5.16214077,0.999958393,1.00608618
h,h,0.6,5.18341099,0.999427976,1.00545259
h,h,0.6,5.2041075,1.0011019,1.00730126
h,h,0.6,5.22477891,1.00261462,1.00583615
h,h,0.6,5.24557967,1.00040493,1.00415008
h,h,0.6,5.26649236,0.999985518,1.00795667
h,h,0.6,5.28753131,1.00026717,1.00643774
h,h,0.6,5.30847064,1.00100046,1.00503452
h,h,0.6,5.32946745,1.00364087,1.01004866
h,h,0.6,5.3506922,1.00173529,1.00684473
h,h,0.6,5.37158853,1.00477522,1.00756325
h,h,0.6,5.39231925,1.00174669,1.00868979
h,h,0.6,5.41333352,1.00027094,1.00812163
h,h,0.6,5.43434316,1.00187924,1.00761302
h,h,0.6,5.45530659,1.0039976,1.00865858
h,h,0.6,5.47618498,0.999614433,1.01087837
h,h,0.6,5.49715755,1.00367901,1.00524754
h,h,0.6,5.51801586,1.00282244,1.00637463
h,h,0.6,5.53881995,1.00176844,1.00741109
h,h,0.6,5.55992514,1.00317151,1.00457422
h,h,0.6,5.58098545,1.00479226,1.00689035
h,h,0.6,5.60183772,1.00155212,1.01054123
h,h,0.6,5.62277584,1.00268449,1.00580592
h,h,0.6,5.64379172,1.00406743,1.00479241
h,h,0.6,5.66460817,1.00305175,1.00889575
h,h,0.6,5.68556022,1.00472534,1.00716855
h,h,0.6,5.7067909,1.00282579,1.00829145
h,h,0.6,5.72769317,1.00247503,1.00753141
h,h,0.6,5.74840017,1.0008779,1.00716018
h,h,0.6,5.76938192,1.00330292,1.00788333
h,h,0.6,5.79039764,1.00171954,1.00808706
h,h,0.6,5.81144039,1.00294489,1.00900783
h,h,0.6,5.83232115,1.00497238,1.00562424
h,h,0.6,5.85320209,1.00291293,1.00774934
h,h,0.6,5.87418919,1.00425472,1.00943668
h,h,0.6,5.89509625,1.0036283,1.00898218
h,h,0.6,5.9159726,1.00210382,1.00712522
h,h,0.6,5.93682663,1.00310844,1.00820824
h,h,0.6,5.95791772,1.00202335,1.0067617
h,h,0.6,5.97900675,1.00271196,1.00650981
h,h,0.6,5.99978945,1.00434532,1.00842454
h,h,0.6,6.02063577,1.00114448,1.01014557
h,h,0.6,6.04156421,1.00670569,1.00911822
h,h,0.6,6.06259364,1.00250543,1.00855459
h,h,0.6,6.08377541,1.0000781,1.01167541
h,h,0.6,6.10447051,1.00412914,1.00809244
h,h,0.6,6.12538157,1.00584877,1.00698364
h,h,0.6,6.14660689,1.00346342,1.00956225
h,h,0.6,6.16752321,1.00308133,1.00806345
h,h,0.6,6.18833806,1.00325416,1.00616021
h,h,0.6,6.20938667,1.00366621,1.00796472
h,h,0.6,6.23052184,1.00634873,1.00532453
h,h,0.6,6.25137137,1.00364652,1.00700206
h,h,0.6,6.27204484,1.00519092,1.00534406
h,h,0.6,6.29290789,1.00464769,1.00274503
h,h,0.6,6.31382104,1.00283868,1.00399703
h,h,0.6,6.33495691,1.00329507,1.00604048
h,h,0.6,6.35600914,1.00421117,1.00699013
h,h,0.6,6.37663869,1.00513804,1.00668332
h,h,0.6,6.39770954,1.00231904,1.00543074
h,h,0.6,6.41872759,1.00344894,1.00433728
h,h,0.6,6.43951457,1.00132293,1.00365786
h,h,0.6,6.46033562,1.00421151,1.00601963
h,h,0.6,6.4814564,1.00252478,1.0051676
h,h,0.6,6.50265681,1.00309879,1.00268476
h,h,0.6,6.52350383,1.00307442,1.00822518
h,h,0.6,6.54427866,1.00319463,1.00454473
h,h,0.6,6.56515568,1.00371921,1.00517376
h,h,0.6,6.58628576,0.999527539,1.00178726
h,h,0.6,6.60749316,1.00354891,1.00448129
h,h,0.6,6.62830625,1.00469426,1.00477392
h,h,0.6,6.64913567,1.0047476,1.00207085
h,h,0.6,6.67020149,1.00334471,1.00520354
h,h,0.6,6.69106898,1.00184562,1.00348892
h,h,0.6,6.71185955,1.00175085,1.00478443
h,h,0.6,6.73264651,1.00173953,1.00024465
h,h,0.6,6.7537045,1.00186817,1.00377835
h,h,0.6,6.77487174,1.00201275,1.00449304
h,h,0.6,6.79557562,1.0008789,1.0033405
h,h,0.6,6.81648781,1.00484047,1.00383289
h,h,0.6,6.83753747,1.00247106,1.0023134
h,h,0.6,6.85867557,1.00254633,1.00254157
h,h,0.6,6.87985316,1.00340345,0.999816321
h,h,0.6,6.90065786,1.00193835,1.00085932
h,h,0.6,6.92153112,0.999654007,1.00328966
h,h,0.6,6.94229803,1.00195396,1.00170436
h,h,0.6,6.9630016,1.00156816,1.0023528
h,h,0.6,6.98416877,1.00114218,1.00114274
h,h,0.6,7.0052781,0.998465915,1.00237426
h,h,0.6,7.02617612,1.00054974,1.00122659
h,h,0.6,7.04699526,1.00150872,1.00296464
h,h,0.6,7.06761685,1.00051586,1.0032302
h,h,0.6,7.08873369,1.00009226,1.00113755
h,h,0.6,7.10994937,1.00128799,1.00055753
h,h,0.6,7.13102893,0.999074964,1.00142263
h,h,0.6,7.15201412,1.00151023,0.999074875
h,h,0.6,7.17271336,1.00337222,0.998929392
h,h,0.6,7.19374266,0.999422905,0.999338132
h,h,0.6,7.21473042,1.00130911,0.998381087
h,h,0.6,7.23564263,1.00210425,0.999057875
h,h,0.6,7.25666289,0.998431001,1.00053396
h,h,0.6,7.27757645,1.00049412,1.00025272
h,h,0.6,7.2984411,1.00128218,0.998759311
h,h,0.6,7.31917384,1.00259545,1.0033158
h,h,0.6,7.34001688,0.998595468,0.999743859
h,h,0.6,7.3611683,1.00001055,0.999631869
h,h,0.6,7.38224284,1.00285288,1.00069205
h,h,0.6,7.40324015,1.004296,0.999256597
h,h,0.6,7.42408854,0.99858833,1.00015052
h,h,0.6,7.44500634,0.999950297,1.00042506
h,h,0.6,7.46595959,0.999602735,0.997235169
h,h,0.6,7.48696308,1.00097061,0.997327479
h,h,0.6,7.5079936,1.00029148,0.999932423
h,h,0.6,7.52871967,1.00221287,0.999653979
h,h,0.6,7.54966921,0.998379788,0.998116903
h,h,0.6,7.57064902,1.00044756,1.00025437
h,h,0.6,7.59151428,1.00126874,1.0001386
h,h,0.6,7.6123809,0.999773162,0.997993937
h,h,0.6,7.63338324,0.996590904,1.00119393
h,h,0.6,7.65450532,0.998116937,1.00222401
h,h,0.6,7.67556944,0.998881301,0.996950706
h,h,0.6,7.69637751,1.00017325,0.999488673
h,h,0.6,7.71727216,1.00195266,0.998201011
h,h,0.6,7.73835725,0.999563744,0.996211308
h,h,0.6,7.75934923,0.999116259,1.00018607
h,h,0.6,7.78023116,0.998828948,0.99746686
h,h,0.6,7.80098697,0.999871175,0.997499218
h,h,0.6,7.82190677,0.996591679,0.997335607
h,h,0.6,7.84304931,0.999913414,0.995892029
h,h,0.6,7.86405132,1.00173141,0.998357415
h,h,0.6,7.88484553,1.00119296,0.995699933
h,h,0.6,7.90574885,1.00044742,0.997306195
h,h,0.6,7.9267531,0.998578917,0.997762132
h,h,0.6,7.94765228,0.999208726,0.997783778
h,h,0.6,7.96842304,0.998306754,0.998084185
h,h,0.6,7.98938616,0.999708484,0.99676462
h,h,0.6,8.01050815,1.00050244,0.997020944
h,h,0.6,8.03153334,0.999670214,0.999348388
h,h,0.6,8.05240251,0.997584462,0.998606892
h,h,0.6,8.07332696,1.00013121,0.99553777
h,h,0.6,8.09438514,0.999798789,0.996057225
h,h,0.6,8.11529588,0.998694983,0.996013826
h,h,0.6,8.13618411,0.998087252,0.996171695
h,h,0.6,8.15717855,0.997865596,0.995894554
h,h,0.6,8.17807847,0.998998146,0.998728554
h,h,0.6,8.19905269,1.00049777,0.995527718
h,h,0.6,8.21991085,0.999400994,0.994247407
h,h,0.6,8.24078529,0.998122933,0.997266555
h,h,0.6,8.26195652,0.998853811,0.996686326
h,h,0.6,8.28293039,0.998482222,0.997895777
h,h,0.6,8.30373423,1.00024499,0.995407275
h,h,0.6,8.32452583,0.998844306,0.997139127
h,h,0.6,8.34556221,0.997825503,0.997621758
h,h,0.6,8.36671927,0.997011132,0.997041254
h,h,0.6,8.38757523,0.999813856,0.995788808
h,h,0.6,8.40855808,0.999876918,0.99381702
h,h,0.6,8.42953585,0.997621159,0.9967084
h,h,0.6,8.45042977,0.999226316,0.993698352
h,h,0.6,8.47138662,0.998515158,0.996152447
h,h,0.6,8.49217243,0.999997002,0.996411411
h,h,0.6,8.51321806,0.998254535,0.997308576
h,h,0.6,8.53421183,0.998744702,0.997351185
h,h,0.6,8.55508292,0.99878951,0.996779624
h,h,0.6,8.57598662,0.998280593,0.997178705
h,h,0.6,8.59679232,0.998404091,0.996490772
h,h,0.6,8.61783107,0.999471438,0.994504303
h,h,0.6,8.63891768,0.998842853,0.996950015
h,h,0.6,8.65972861,0.998423994,0.999977998
h,h,0.6,8.68059853,0.99823174,0.997414801
h,h,0.6,8.70174168,0.998934333,0.996530473
h,h,0.6,8.72279566,0.998608436,0.996370686
h,h,0.6,8.74359241,0.99609963,0.998653811
h,h,0.6,8.76424415,0.99821528,0.998027387
h,h,0.6,8.78526729,1.00032695,0.995967659
h,h,0.6,8.80637189,0.998950138,0.996596352
h,h,0.6,8.82736896,0.995792423,0.995901678
h,h,0.6,8.84843212,0.999359974,0.99782063
h,h,0.6,8.86933197,0.998325144,0.996199195
h,h,0.6,8.89026857,0.996769135,0.996105508
h,h,0.6,8.91123702,0.99507874,0.996129383
h,h,0.6,8.93214776,0.998197911,0.995747734
h,h,0.6,8.95312097,0.997131059,0.998318329
h,h,0.6,8.9741304,0.998791641,0.997314227
h,h,0.6,8.99505705,0.998866285,0.993330444
h,h,0.6,9.01571368,0.996353853,0.997266649
h,h,0.6,9.03640927,0.996969654,0.993620648
h,h,0.6,9.05755121,0.997179519,0.995806928
h,h,0.6,9.07868023,0.997271411,0.994230333
h,h,0.6,9.09969513,0.99795848,0.997006746
h,h,0.6,9.1205658,0.999247907,0.994516663
h,h,0.6,9.14137844,0.999435873,0.997006099
h,h,0.6,9.16237082,1.00014994,0.997577665
h,h,0.6,9.18339441,0.998414944,0.995741608
h,h,0.6,9.20447395,0.998301427,0.996425861
h,h,0.6,9.22549281,0.99517397,0.998164286
h,h,0.6,9.2463962,0.997213214,0.996420506
h,h,0.6,9.26722673,0.999650128,0.997225956
h,h,0.6,9.28791689,1.00067047,0.997455014
h,h,0.6,9.30892724,0.998914562,0.998369445
h,h,0.6,9.33003065,0.998100473,0.995476553
h,h,0.6,9.35102864,0.999877862,0.995442453
h,h,0.6,9.37196601,0.998214144,0.996824843
h,h,0.6,9.39258783,0.998373804,0.994151291
h,h,0.6,9.41349621,0.996890823,0.997221618
h,h,0.6,9.4347927,0.996560896,0.997925665
h,h,0.6,9.45587737,0.997281238,0.995610269
h,h,0.6,9.47676866,0.998945911,0.99611018
h,h,0.6,9.49762777,0.997663387,0.995940669
h,h,0.6,9.51852362,0.997115797,0.999255884
h,h,0.6,9.53939795,0.998417251,0.999799599
h,h,0.6,9.56035551,0.997464602,0.997488353
h,h,0.6,9.58149741,0.99811195,0.997202302
h,h,0.6,9.60249587,0.996705409,0.997583437
h,h,0.6,9.62336478,0.998469745,0.998475873
h,h,0.6,9.64415055,0.999592921,0.998040641
h,h,0.6,9.66502224,0.997268435,0.997609974
h,h,0.6,9.68597433,1.00089635,0.995081978
h,h,0.6,9.7069728,0.999800091,0.996470285
h,h,0.6,9.72797765,1.0006791,0.995459003
h,h,0.6,9.74896401,0.998154593,0.997417498
h,h,0.6,9.76996217,1.00068509,0.999749673
h,h,0.6,9.79085678,0.997533291,0.999643707
h,h,0.6,9.81166698,1.00077269,0.997164193
h,h,0.6,9.83262494,1.00020371,0.99739057
h,h,0.6,9.85372265,0.997657032,0.997292346
h,h,0.6,9.87472665,0.998863879,0.997233587
h,h,0.6,9.89559934,0.999668134,0.998610301
h,h,0.6,9.91635289,0.9977884,0.997029106
h,h,0.6,9.93737645,0.997964061,0.999039215
h,h,0.6,9.95856995,0.995362915,0.99684845
h,h,0.6,9.97940815,0.998630279,0.998793422
h,h,0.6,10.000082,1.00025386,0.997969774
h,h,0.8,0.0252815853,0.0480842363,0.00340784932
h,h,0.8,0.0486976344,0.0565087637,0.00535166415
h,h,0.8,0.0692644017,0.0535404361,0.00717154535
h,h,0.8,0.08877835,0.0542799296,0.00976691157
h,h,0.8,0.111604297,0.0552101998,0.0136327317
h,h,0.8,0.132731806,0.0569764302,0.0179716122
h,h,0.8,0.153672181,0.0571690579,0.0226452946
h,h,0.8,0.175641863,0.0580852486,0.0287004324
h,h,0.8,0.196615509,0.0594640877,0.0349614574
h,h,0.8,0.217326708,0.0611580632,0.0415658802
h,h,0.8,0.237538457,0.0627516631,0.0496870344
h,h,0.8,0.258148683,0.0652229281,0.0570323138
h,h,0.8,0.28040349,0.0667247757,0.066933433
h,h,0.8,0.301929084,0.0680291668,0.0772351753
h,h,0.8,0.322287413,0.0710018384,0.0871533272
h,h,0.8,0.342663331,0.072612534,0.0975482088
h,h,0.8,0.363641289,0.0754035621,0.108574781
h,h,0.8,0.385602948,0.0788848573,0.120282554
h,h,0.8,0.406737165,0.0813660117,0.13454502
h,h,0.8,0.427001871,0.0846300694,0.146667553
h,h,0.8,0.448754416,0.0876918286,0.161744839
h,h,0.8,0.469601745,0.090746324,0.174615935
h,h,0.8,0.489805379,0.0941270371,0.189260644
h,h,0.8,0.510302494,0.0974216079,0.204851292
h,h,0.8,0.53178319,0.10140038,0.220540111
h,h,0.8,0.553922362,0.104928658,0.237203327
h,h,0.8,0.574670041,0.108978972,0.254831217
h,h,0.8,0.594645701,0.112659407,0.270918857
h,h,0.8,0.615540037,0.117477013,0.287874971
h,h,0.8,0.636554081,0.121259299,0.306096001
h,h,0.8,0.658102417,0.12629366,0.322615925
h,h,0.8,0.679189641,0.130850137,0.344246308
h,h,0.8,0.700054044,0.136660898,0.363202245
h,h,0.8,0.721329826,0.140162698,0.379965293
h,h,0.8,0.742033923,0.147015844,0.399643074
h,h,0.8,0.762614581,0.149908238,0.422093946
h,h,0.8,0.783270495,0.157472099,0.439551232
h,h,0.8,0.804783918,0.162078706,0.460895125
h,h,0.8,0.826095906,0.168742205,0.482051498
h,h,0.8,0.846303977,0.174138043,0.50147799
h,h,0.8,0.867174819,0.18093369,0.524476393
h,h,0.8,0.888413258,0.185588823,0.543270156
h,h,0.8,0.909910564,0.193947532,0.56528832
h,h,0.8,0.931134698,0.201719907,0.587935204
h,h,0.8,0.951563161,0.207917445,0.604670684
h,h,0.8,0.972160451,0.215316135,0.627083988
h,h,0.8,0.993008165,0.221730224,0.644654518
h,h,0.8,1.0140906,0.231516183,0.672469194
h,h,0.8,1.03500338,0.236261936,0.684640314
h,h,0.8,1.05657413,0.24553136,0.709317182
h,h,0.8,1.07789814,0.252456514,0.727373214
h,h,0.8,1.09835045,0.262045991,0.742277825
h,h,0.8,1.11903902,0.271233462,0.763004918
h,h,0.8,1.1396405,0.280320284,0.779295187
h,h,0.8,1.16109193,0.289346739,0.801943039
h,h,0.8,1.18227503,0.296587522,0.809723413
h,h,0.8,1.2030555,0.3085609,0.828241651
h,h,0.8,1.22375183,0.316869566,0.843496955
h,h,0.8,1.24453484,0.327099014,0.857162567
h,h,0.8,1.26570671,0.339096509,0.873129
h,h,0.8,1.28693994,0.348559185,0.881127912
h,h,0.8,1.30807124,0.360617568,0.897661562
h,h,0.8,1.32889646,0.369942431,0.908064601
h,h,0.8,1.34945121,0.379573056,0.920442594
h,h,0.8,1.37055188,0.390045119,0.928134971
h,h,0.8,1.39148285,0.405903915,0.941243513
h,h,0.8,1.41220445,0.415075152,0.955521085
h,h,0.8,1.43352474,0.42618189,0.960620037
h,h,0.8,1.45454751,0.435306592,0.963742157
h,h,0.8,1.47511055,0.449265145,0.970886727
h,h,0.8,1.49566583,0.460049038,0.977620817
h,h,0.8,1.51690776,0.471751647,0.983041442
h,h,0.8,1.53826425,0.485618564,0.988226215
h,h,0.8,1.55931449,0.497272231,0.988433182
h,h,0.8,1.58012172,0.510437178,1.00032159
h,h,0.8,1.60114355,0.522068397,0.999274462
h,h,0.8,1.62229155,0.533154795,1.00031771
h,h,0.8,1.64295947,0.548264596,1.00333572
h,h,0.8,1.66366432,0.55943792,1.01114584
h,h,0.8,1.68478217,0.570876617,1.01388796
h,h,0.8,1.7057485,0.581533898,1.01298409
h,h,0.8,1.72683745,0.596718144,1.00905417
h,h,0.8,1.74765849,0.609591195,1.01583529
h,h,0.8,1.76847487,0.620889279,1.01512714
h,h,0.8,1.78961871,0.631318621,1.01169933
h,h,0.8,1.81086098,0.646888404,1.01605618
h,h,0.8,1.83179094,0.653577303,1.01690859
h,h,0.8,1.8521746,0.66495987,1.01895226
h,h,0.8,1.8733654,0.677083012,1.0202066
h,h,0.8,1.89455538,0.687160242,1.01627754
h,h,0.8,1.91534795,0.701966411,1.01384548
h,h,0.8,1.93623233,0.712449653,1.01111899
h,h,0.8,1.9571481,0.723264538,1.01181894
h,h,0.8,1.97825109,0.731596321,1.0084535
h,h,0.8,1.99905898,0.74342475,1.01195246
h,h,0.8,2.01966715,0.752990846,1.00883828
h,h,0.8,2.04082415,0.75794045,1.00411922
h,h,0.8,2.06193171,0.765616932,1.00354479
h,h,0.8,2.08296048,0.772597505,0.997898564
h,h,0.8,2.10383017,0.786984784,1.00394052
h,h,0.8,2.12494312,0.79349932,1.00251392
h,h,0.8,2.14618475,0.803258113,0.99888447
h,h,0.8,2.16679298,0.806136368,0.997845898
h,h,0.8,2.18753482,0.816152857,0.995413419
h,h,0.8,2.20847027,0.824547153,1.00101935
h,h,0.8,2.22955181,0.829172825,0.991929577
h,h,0.8,2.25078374,0.835156104,0.990663006
h,h,0.8,2.27150159,0.839493405,0.991193146
h,h,0.8,2.29205574,0.847899577,0.989750117
h,h,0.8,2.31294326,0.853450616,0.985864496
h,h,0.8,2.3340363,0.859049694,0.984260614
h,h,0.8,2.35514399,0.861585516,0.986117283
h,h,0.8,2.37607726,0.86839874,0.979351111
h,h,0.8,2.39730341,0.872829562,0.983619204
h,h,0.8,2.41857203,0.879591755,0.981360007
h,h,0.8,2.43911056,0.8834263,0.980298707
h,h,0.8,2.45988005,0.883783717,0.980730966
h,h,0.8,2.48094151,0.892472398,0.979022665
h,h,0.8,2.50196601,0.892048917,0.975911398
h,h,0.8,2.52300496,0.89337771,0.980101313
h,h,0.8,2.54340089,0.9002547,0.977924712
h,h,0.8,2.56415297,0.901496647,0.975044146
h,h,0.8,2.58575836,0.903379479,0.971407732
h,h,0.8,2.60684428,0.904034378,0.972779366
h,h,0.8,2.62775949,0.907303517,0.973371139
h,h,0.8,2.64834355,0.911868941,0.976852249
h,h,0.8,2.66912062,0.914726551,0.973473515
h,h,0.8,2.69039946,0.915313131,0.974457051
h,h,0.8,2.71121518,0.914259262,0.974994731
h,h,0.8,2.7321837,0.922276553,0.972844097
h,h,0.8,2.75306239,0.916628928,0.973320188
h,h,0.8,2.77427049,0.922460925,0.976691304
h,h,0.8,2.79557932,0.923426133,0.972979451
h,h,0.8,2.8160646,0.925655069,0.974400375
h,h,0.8,2.83689478,0.926139234,0.976135552
h,h,0.8,2.85801727,0.927634073,0.977647674
h,h,0.8,2.87906973,0.93162308,0.975533785
h,h,0.8,2.89996898,0.929407104,0.972988985
h,h,0.8,2.92062944,0.933247313,0.971096001
h,h,0.8,2.941605,0.938276192,0.975494872
h,h,0.8,2.96267076,0.937684008,0.9735665
h,h,0.8,2.98347442,0.937318054,0.972050164
h,h,0.8,3.00437656,0.933225461,0.974296623
h,h,0.8,3.02542142,0.939754059,0.973466752
h,h,0.8,3.04658726,0.940505628,0.975984864
h,h,0.8,3.06768101,0.94009379,0.974353825
h,h,0.8,3.088328,0.942240262,0.979330492
h,h,0.8,3.10931167,0.943734215,0.977390194
h,h,0.8,3.1305457,0.948605018,0.978741773
h,h,0.8,3.15150209,0.948411638,0.977083623
h,h,0.8,3.17219014,0.94799228,0.976184136
h,h,0.8,3.19299024,0.949833578,0.974523354
h,h,0.8,3.21390436,0.950002927,0.978214363
h,h,0.8,3.23506564,0.949835694,0.980372913
h,h,0.8,3.25605387,0.952924649,0.97661838
h,h,0.8,3.27685776,0.950234669,0.977050939
h,h,0.8,3.29794723,0.954350604,0.981816302
h,h,0.8,3.31884778,0.955704304,0.975683959
h,h,0.8,3.33944269,0.954113906,0.978322308
h,h,0.8,3.36030612,0.960146304,0.979432888
h,h,0.8,3.38171654,0.959509084,0.980971033
h,h,0.8,3.40297495,0.957497874,0.980496435
h,h,0.8,3.42370792,0.960693316,0.981752553
h,h,0.8,3.44440875,0.959770589,0.978136255
h,h,0.8,3.465315,0.959826185,0.981590916
h,h,0.8,3.4865867,0.962590672,0.981069486
h,h,0.8,3.50751221,0.961350546,0.981059982
h,h,0.8,3.52796741,0.960929748,0.985588199
h,h,0.8,3.5488788,0.968480917,0.980669693
h,h,0.8,3.57014151,0.965714134,0.985293713
h,h,0.8,3.59120365,0.964787157,0.980186266
h,h,0.8,3.61190928,0.967205935,0.984116887
h,h,0.8,3.63300558,0.968857889,0.983762525
h,h,0.8,3.6541422,0.969419896,0.981513868
h,h,0.8,3.67500902,0.972346615,0.986492737
h,h,0.8,3.69581564,0.969891654,0.988338276
h,h,0.8,3.71644729,0.975895116,0.981894721
h,h,0.8,3.73749774,0.969569831,0.987374877
h,h,0.8,3.75868086,0.976542989,0.986321438
h,h,0.8,3.77950549,0.969229733,0.985083339
h,h,0.8,3.80027286,0.97576235,0.983464478
h,h,0.8,3.82143123,0.977366278,0.987015678
h,h,0.8,3.84280481,0.976379697,0.987933025
h,h,0.8,3.86349282,0.975318723,0.988490564
h,h,0.8,3.88417456,0.977995603,0.989845757
h,h,0.8,3.90535419,0.979646366,0.991771813
h,h,0.8,3.9264697,0.977262949,0.988597061
h,h,0.8,3.94738681,0.978304638,0.989172142
h,h,0.8,3.96810309,0.979681632,0.990512387
h,h,0.8,3.98888694,0.978741683,0.988623638
h,h,0.8,4.00993371,0.980999461,0.986783432
h,h,0.8,4.03080983,0.981093401,0.988499272
h,h,0.8,4.05178039,0.982687205,0.985178675
h,h,0.8,4.07276799,0.982681212,0.989905758
h,h,0.8,4.09368684,0.985491312,0.991099041
h,h,0.8,4.11485609,0.983945847,0.987385186
h,h,0.8,4.13583188,0.986244224,0.996542107
h,h,0.8,4.15670688,0.984804257,0.993980062
h,h,0.8,4.17758774,0.987705528,0.991673503
h,h,0.8,4.19867141,0.985498802,0.994615906
h,h,0.8,4.21961517,0.988256722,0.995830744
h,h,0.8,4.24013393,0.992313445,0.9944889
h,h,0.8,4.26119077,0.987608991,0.997200793
h,h,0.8,4.28239268,0.991058741,0.994541902
h,h,0.8,4.30342826,0.986256181,0.998474524
h,h,0.8,4.32431592,0.992794342,0.994556532
h,h,0.8,4.34508479,0.991180048,0.995107705
h,h,0.8,4.36604259,0.989413909,0.993881481
h,h,0.8,4.38708086,0.992130642,0.996261886
h,h,0.8,4.40778797,0.992491996,0.996853002
h,h,0.8,4.4288526,0.99068566,0.994889654
h,h,0.8,4.44994967,0.996732488,1.00005312
h,h,0.8,4.47085438,0.993047677,1.00021829
h,h,0.8,4.49188801,0.991803126,0.999654884
h,h,0.8,4.51250216,0.992326708,0.999231381
h,h,0.8,4.5334461,0.996581564,0.998935456
h,h,0.8,4.55463591,0.995019781,1.00174389
h,h,0.8,4.57547609,0.992502789,0.999410423
h,h,0.8,4.59643311,0.997304204,1.00245041
h,h,0.8,4.61732903,0.994971748,1.00375162
h,h,0.8,4.63833098,0.995199691,1.00346556
h,h,0.8,4.65949324,0.995594055,1.00239734
h,h,0.8,4.68039693,0.99589374,1.00142347
h,h,0.8,4.70136745,0.997281858,1.00348964
h,h,0.8,4.72221533,0.9948366,1.0036258
h,h,0.8,4.74309374,0.999029705,1.00335042
h,h,0.8,4.76390784,0.99596211,1.0023961
h,h,0.8,4.78491795,0.997431999,1.00268114
h,h,0.8,4.80636204,0.996082029,1.00424847
h,h,0.8,4.82728449,0.99934111,1.00288906
h,h,0.8,4.84785524,0.99826452,1.0062443
h,h,0.8,4.86859731,0.997527277,1.00277937
h,h,0.8,4.88954319,0.999187055,1.00459288
h,h,0.8,4.91078695,1.00014686,1.00388424
h,h,0.8,4.93172016,0.999594925,1.00570924
h,h,0.8,4.95244063,1.00151726,1.00510773
h,h,0.8,4.97348932,1.00027014,1.00474655
h,h,0.8,4.994309,0.999678271,1.00583427
h,h,0.8,5.01515697,0.998252105,1.00372603
h,h,0.8,5.03598003,0.999994272,1.00738511
h,h,0.8,5.05703237,1.00026779,1.00611546
h,h,0.8,5.07840332,1.00289856,1.00687199
h,h,0.8,5.09943841,1.0006617,1.00522627
h,h,0.8,5.12032938,1.00004475,1.00377273
h,h,0.8,5.14107614,1.00156948,1.00774109
h,h,0.8,5.16214077,1.00148469,1.00895868
h,h,0.8,5.18341099,0.999969086,1.00856564
h,h,0.8,5.2041075,1.00158138,1.00629837
h,h,0.8,5.22477891,1.00107579,1.00600631
h,h,0.8,5.24557967,1.0045094,1.00524943
h,h,0.8,5.26649236,1.00156995,1.00636614
h,h,0.8,5.28753131,1.00092456,1.00664527
h,h,0.8,5.30847064,1.00085409,1.00822398
h,h,0.8,5.32946745,0.998457504,1.00957206
h,h,0.8,5.3506922,1.00124079,1.00467526
h,h,0.8,5.37158853,1.00044246,1.00741031
h,h,0.8,5.39231925,1.00226928,1.00944722
h,h,0.8,5.41333352,1.00316308,1.01052265
h,h,0.8,5.43434316,1.00339248,1.00755596
h,h,0.8,5.45530659,1.00326831,1.00676734
h,h,0.8,5.47618498,1.00449962,1.0074963
h,h,0.8,5.49715755,1.00372351,1.0053853
h,h,0.8,5.51801586,1.00305313,1.00866977
h,h,0.8,5.53881995,1.00296599,1.00473296
h,h,0.8,5.55992514,1.00392037,1.00845686
h,h,0.8,5.58098545,1.00216429,1.00642776
h,h,0.8,5.60183772,1.00151014,1.00761911
h,h,0.8,5.62277584,1.00472451,1.01000035
h,h,0.8,5.64379172,1.0036894,1.008376
h,h,0.8,5.66460817,1.00165287,1.00712392
h,h,0.8,5.68556022,1.00430047,1.00699096
h,h,0.8,5.7067909,1.00270372,1.00674872
h,h,0.8,5.72769317,1.00095488,1.00745711
h,h,0.8,5.74840017,1.00071176,1.00953158
h,h,0.8,5.76938192,1.00364586,1.00936651
h,h,0.8,5.79039764,1.00518836,1.00949067
h,h,0.8,5.81144039,1.00385203,1.00742367
h,h,0.8,5.83232115,1.00551642,1.0117516
h,h,0.8,5.85320209,1.00287864,1.00507529
h,h,0.8,5.87418919,1.0053816,1.00980734
h,h,0.8,5.89509625,1.00491195,1.00655153
h,h,0.8,5.9159726,1.00420747,1.00951512
h,h,0.8,5.93682663,1.00359596,1.00851025
h,h,0.8,5.95791772,1.00453396,1.00589434
h,h,0.8,5.97900675,1.00414578,1.00669673
h,h,0.8,5.99978945,1.00460846,1.00681976
h,h,0.8,6.02063577,1.00352219,1.00648585
h,h,0.8,6.04156421,1.00312318,1.00507338
h,h,0.8,6.06259364,1.00469958,1.00669626
h,h,0.8,6.08377541,1.00501805,1.00677057
h,h,0.8,6.10447051,1.00534189,1.00614461
h,h,0.8,6.12538157,1.00198985,1.00735655
h,h,0.8,6.14660689,1.0018211,1.00691994
h,h,0.8,6.16752321,1.00311239,1.00652105
h,h,0.8,6.18833806,1.00142437,1.00777882
h,h,0.8,6.20938667,1.00639272,1.00796427
h,h,0.8,6.23052184,1.00489215,1.00645717
h,h,0.8,6.25137137,1.00188077,1.00689177
h,h,0.8,6.27204484,1.00381596,1.00237874
h,h,0.8,6.29290789,1.00408836,1.00609584
h,h,0.8,6.31382104,1.00317654,1.00536306
h,h,0.8,6.33495691,1.00628358,1.00665779
h,h,0.8,6.35600914,1.0015469,1.00897485
h,h,0.8,6.37663869,1.00362903,1.00592651
h,h,0.8,6.39770954,1.0021419,1.00451333
h,h,0.8,6.41872759,1.00378449,1.00516173
h,h,0.8,6.43951457,1.00279486,1.00496539
h,h,0.8,6.46033562,1.00170784,1.00307337
h,h,0.8,6.4814564,1.00192515,1.00542752
h,h,0.8,6.50265681,1.00348785,1.00533818
h,h,0.8,6.52350383,1.00180048,1.00611889
h,h,0.8,6.54427866,1.00429086,1.00531663
h,h,0.8,6.56515568,1.00171771,1.00375323
h,h,0.8,6.58628576,1.0030671,1.00719445
h,h,0.8,6.60749316,1.0020639,1.00535771
h,h,0.8,6.62830625,1.00322586,1.00414158
h,h,0.8,6.64913567,1.00465438,1.00210028
h,h,0.8,6.67020149,1.00186975,1.00316629
h,h,0.8,6.69106898,1.00478019,1.00383022
h,h,0.8,6.71185955,1.00436021,1.00450122
h,h,0.8,6.73264651,1.00334531,1.00460902
h,h,0.8,6.7537045,1.00071432,1.00360942
h,h,0.8,6.77487174,1.00446712,1.0021048
h,h,0.8,6.79557562,1.0025672,1.00161928
h,h,0.8,6.81648781,1.00374092,1.00427759
h,h,0.8,6.83753747,1.00055649,1.00302253
h,h,0.8,6.85867557,1.00240859,1.00250481
h,h,0.8,6.87985316,1.00348937,1.00132899
h,h,0.8,6.90065786,1.00137079,1.00374541
h,h,0.8,6.92153112,1.00134455,1.00435665
h,h,0.8,6.94229803,1.00076376,1.00172714
h,h,0.8,6.9630016,1.00151556,1.00647217
h,h,0.8,6.98416877,1.00276573,1.00272675
h,h,0.8,7.0052781,0.999681738,1.00389405
h,h,0.8,7.02617612,1.00362556,0.999017415
h,h,0.8,7.04699526,1.00050975,1.00169102
h,h,0.8,7.06761685,1.00261585,1.00049502
h,h,0.8,7.08873369,1.00255395,1.00122778
h,h,0.8,7.10994937,1.00334768,1.00089734
h,h,0.8,7.13102893,1.0015724,0.999314501
h,h,0.8,7.15201412,1.00098918,1.00074604
h,h,0.8,7.17271336,1.00089558,1.00195661
h,h,0.8,7.19374266,1.0028438,1.0012614
h,h,0.8,7.21473042,0.999864418,0.998967467
h,h,0.8,7.23564263,1.00123355,1.0007435
h,h,0.8,7.25666289,1.00125587,1.00079651
h,h,0.8,7.27757645,1.00225539,1.00155778
h,h,0.8,7.2984411,1.00311015,1.00215738
h,h,0.8,7.31917384,1.00025796,1.00161105
h,h,0.8,7.34001688,0.998987829,0.998613334
h,h,0.8,7.3611683,1.00019547,0.99909245
h,h,0.8,7.38224284,1.0013814,1.00017588
h,h,0.8,7.40324015,1.00258637,1.00054505
h,h,0.8,7.42408854,1.00198868,0.997942385
h,h,0.8,7.44500634,0.997127613,0.999731621
h,h,0.8,7.46595959,1.00000067,0.998785438
h,h,0.8,7.48696308,1.00218231,0.997683314
h,h,0.8,7.5079936,0.998465092,0.998662718
h,h,0.8,7.52871967,1.00060206,0.999051974
h,h,0.8,7.54966921,0.999902737,0.999633288
h,h,0.8,7.57064902,1.00157099,0.998167576
h,h,0.8,7.59151428,0.999641477,0.997394453
h,h,0.8,7.6123809,0.99962076,0.99660868
h,h,0.8,7.63338324,1.00132271,0.999778294
h,h,0.8,7.65450532,0.999518901,0.999887458
h,h,0.8,7.67556944,0.999996386,0.998191679
h,h,0.8,7.69637751,1.00041203,0.998113438
h,h,0.8,7.71727216,1.00245122,0.998650952
h,h,0.8,7.73835725,1.00095783,0.999982815
h,h,0.8,7.75934923,1.0023892,0.997199972
h,h,0.8,7.78023116,0.997842091,0.998411131
h,h,0.8,7.80098697,0.998904945,0.996814504
h,h,0.8,7.82190677,1.0010272,0.996995934
h,h,0.8,7.84304931,1.00026759,0.99700769
h,h,0.8,7.86405132,0.998860727,0.99944444
h,h,0.8,7.88484553,1.00292278,0.996897514
h,h,0.8,7.90574885,0.997760986,0.996802887
h,h,0.8,7.9267531,1.00006106,0.998767848
h,h,0.8,7.94765228,0.999043467,0.998037499
h,h,0.8,7.96842304,1.00002544,0.999357631
h,h,0.8,7.98938616,0.998872381,0.997258952
h,h,0.8,8.01050815,0.999212962,0.998392746
h,h,0.8,8.03153334,0.999877387,0.997531839
h,h,0.8,8.05240251,0.997887098,0.994871663
h,h,0.8,8.07332696,0.998832377,0.99975499
h,h,0.8,8.09438514,0.998065272,0.997613595
h,h,0.8,8.11529588,0.998914506,0.999158332
h,h,0.8,8.13618411,1.00157164,0.99634333
h,h,0.8,8.15717855,0.999838704,0.996288771
h,h,0.8,8.17807847,0.998554918,0.99669263
h,h,0.8,8.19905269,0.999984611,0.998366294
h,h,0.8,8.21991085,0.998441574,0.996397283
h,h,0.8,8.24078529,0.99858491,0.996701114
h,h,0.8,8.26195652,0.997934934,0.99630677
h,h,0.8,8.28293039,0.999319276,0.998382122
h,h,0.8,8.30373423,1.00076399,0.996134497
h,h,0.8,8.32452583,0.996482846,0.996828563
h,h,0.8,8.34556221,0.997985067,0.997511849
h,h,0.8,8.36671927,0.998467201,0.99831602
h,h,0.8,8.38757523,0.996390118,0.993770369
h,h,0.8,8.40855808,0.997544243,0.99599524
h,h,0.8,8.42953585,0.99777993,0.996190896
h,h,0.8,8.45042977,0.998100313,0.99693464
h,h,0.8,8.47138662,0.998286696,0.998803989
h,h,0.8,8.49217243,0.997995329,0.994636833
h,h,0.8,8.51321806,0.997189032,0.994837687
h,h,0.8,8.53421183,0.997610668,0.997193145
h,h,0.8,8.55508292,0.997433319,0.996207019
h,h,0.8,8.57598662,0.998078803,0.993571941
h,h,0.8,8.59679232,0.999743586,0.996568159
h,h,0.8,8.61783107,0.997849965,0.996278364
h,h,0.8,8.63891768,0.997546088,0.995937503
h,h,0.8,8.65972861,0.996737054,0.995755886
h,h,0.8,8.68059853,0.996810454,0.996296624
h,h,0.8,8.70174168,0.999544414,0.996052108
h,h,0.8,8.72279566,0.99804648,0.993981676
h,h,0.8,8.74359241,0.998069549,0.99469267
h,h,0.8,8.76424415,0.999306443,0.996671289
h,h,0.8,8.78526729,0.996940794,0.995618613
h,h,0.8,8.80637189,0.999549118,0.99632529
h,h,0.8,8.82736896,0.99985664,0.996032222
h,h,0.8,8.84843212,0.995429225,0.996440036
h,h,0.8,8.86933197,0.997950235,0.997162212
h,h,0.8,8.89026857,0.996893904,0.996542121
h,h,0.8,8.91123702,0.99701481,0.997612045
h,h,0.8,8.93214776,0.997614347,0.996933889
h,h,0.8,8.95312097,0.999309045,0.996551921
h,h,0.8,8.9741304,0.997331108,0.997557349
h,h,0.8,8.99505705,0.997541588,0.997095638
h,h,0.8,9.01571368,0.998124079,0.997271547
h,h,0.8,9.03640927,0.998706908,0.997289067
h,h,0.8,9.05755121,0.999441304,0.99589245
h,h,0.8,9.07868023,0.997975242,0.99565992
h,h,0.8,9.09969513,0.996744006,0.997113817
h,h,0.8,9.1205658,0.9967796,0.99626486
h,h,0.8,9.14137844,0.999558499,0.997460332
h,h,0.8,9.16237082,0.996252474,0.997308583
h,h,0.8,9.18339441,0.996011876,0.995557036
h,h,0.8,9.20447395,0.998696771,0.998256362
h,h,0.8,9.22549281,0.995589185,0.997134558
h,h,0.8,9.2463962,0.996851724,0.996564487
h,h,0.8,9.26722673,0.997593966,0.99833968
h,h,0.8,9.28791689,0.997476641,0.996163818
h,h,0.8,9.30892724,0.993836434,0.995194989
h,h,0.8,9.33003065,0.996369222,0.997182239
h,h,0.8,9.35102864,0.997317597,0.996582731
h,h,0.8,9.37196601,0.997512564,0.996799351
h,h,0.8,9.39258783,0.998194381,0.99722796
h,h,0.8,9.41349621,0.995544885,0.997889219
h,h,0.8,9.4347927,1.00005442,0.997039738
h,h,0.8,9.45587737,0.999213606,1.00011901
h,h,0.8,9.47676866,0.999403176,0.998351602
h,h,0.8,9.49762777,0.998888721,0.996549039
h,h,0.8,9.51852362,0.998891254,0.997138627
h,h,0.8,9.53939795,0.99804475,0.997524499
h,h,0.8,9.56035551,1.00029982,0.997435435
h,h,0.8,9.58149741,0.999860019,0.998630021
h,h,0.8,9.60249587,0.998231459,0.996075302
h,h,0.8,9.62336478,0.999469374,0.999425691
h,h,0.8,9.64415055,1.00012341,0.997410845
h,h,0.8,9.66502224,0.996925643,0.998604577
h,h,0.8,9.68597433,0.997002257,0.998667675
h,h,0.8,9.7069728,0.999359564,0.996798596
h,h,0.8,9.72797765,0.999511584,0.996852172
h,h,0.8,9.74896401,0.998794538,0.996387943
h,h,0.8,9.76996217,0.997896191,0.998396732
h,h,0.8,9.79085678,0.99907247,0.997806885
h,h,0.8,9.81166698,0.999776581,0.998074541
h,h,0.8,9.83262494,0.999669295,0.998710717
h,h,0.8,9.85372265,0.998803124,0.997203071
h,h,0.8,9.87472665,1.00017022,0.998744135
h,h,0.8,9.89559934,1.00044456,0.996708235
h,h,0.8,9.91635289,0.998643072,0.996562403
h,h,0.8,9.93737645,0.998229841,0.997631324
h,h,0.8,9.95856995,0.998726562,0.996158982
h,h,0.8,9.97940815,0.999159671,0.998675402
h,h,0.8,10.000082,0.998271715,0.998919777
h,h,1.0,0.0252815853,0.0540435481,0.00542886456
h,h,1.0,0.0486976344,0.0529624126,0.00670113212
h,h,1.0,0.0692644017,0.0539925346,0.00905030813
h,h,1.0,0.08877835,0.0552217596,0.0118532197
h,h,1.0,0.111604297,0.0553544292,0.0154035488
h,h,1.0,0.132731806,0.0568797165,0.0196170347
h,h,1.0,0.153672181,0.0576377036,0.0250057246
h,h,1.0,0.175641863,0.0581557647,0.0303657733
h,h,1.0,0.196615509,0.0594864489,0.0375283571
h,h,1.0,0.217326708,0.0611278305,0.0437436838
h,h,1.0,0.237538457,0.0619765415,0.0515594462
h,h,1.0,0.258148683,0.0646523138,0.0597157274
h,h,1.0,0.28040349,0.066506291,0.0695566255
h,h,1.0,0.301929084,0.0683855409,0.0791283916
h,h,1.0,0.322287413,0.070511193,0.0898399721
h,h,1.0,0.342663331,0.0739229346,0.0999343241
h,h,1.0,0.363641289,0.0749585453,0.1114543
h,h,1.0,0.385602948,0.0782879734,0.12397007
h,h,1.0,0.406737165,0.0815464685,0.136867511
h,h,1.0,0.427001871,0.0843308743,0.150019072
h,h,1.0,0.448754416,0.0872372944,0.164030251
h,h,1.0,0.469601745,0.0901533654,0.176662157
h,h,1.0,0.489805379,0.0932065873,0.192871192
h,h,1.0,0.510302494,0.0964524887,0.207810509
h,h,1.0,0.53178319,0.100342561,0.221964192
h,h,1.0,0.553922362,0.103680036,0.23862442
h,h,1.0,0.574670041,0.10881363,0.256067229
h,h,1.0,0.594645701,0.112804542,0.272561354
h,h,1.0,0.615540037,0.117187753,0.289060821
h,h,1.0,0.636554081,0.120609643,0.306980114
h,h,1.0,0.658102417,0.126303948,0.326038127
h,h,1.0,0.679189641,0.130767846,0.347362813
h,h,1.0,0.700054044,0.135079654,0.363623995
h,h,1.0,0.721329826,0.141286318,0.383721228
h,h,1.0,0.742033923,0.145443786,0.405705203
h,h,1.0,0.762614581,0.151113374,0.424389656
h,h,1.0,0.783270495,0.158175341,0.442765419
h,h,1.0,0.804783918,0.163338018,0.463774004
h,h,1.0,0.826095906,0.169123498,0.483257886
h,h,1.0,0.846303977,0.173421254,0.5029723
h,h,1.0,0.867174819,0.181373527,0.523781664
h,h,1.0,0.888413258,0.188713477,0.540990967
h,h,1.0,0.909910564,0.194436796,0.562677337
h,h,1.0,0.931134698,0.201366457,0.58726699
h,h,1.0,0.951563161,0.208550704,0.608640516
h,h,1.0,0.972160451,0.215875814,0.628527507
h,h,1.0,0.993008165,0.222522299,0.64505733
h,h,1.0,1.0140906,0.231169294,0.665223488
h,h,1.0,1.03500338,0.239208537,0.685223796
h,h,1.0,1.05657413,0.246690672,0.706818384
h,h,1.0,1.07789814,0.253961783,0.720627395
h,h,1.0,1.09835045,0.263891404,0.743144075
h,h,1.0,1.11903902,0.271263246,0.758668356
h,h,1.0,1.1396405,0.280815088,0.783524043
h,h,1.0,1.16109193,0.290616256,0.795841058
h,h,1.0,1.18227503,0.298380603,0.818303624
h,h,1.0,1.2030555,0.308072451,0.835036928
h,h,1.0,1.22375183,0.318837921,0.840364254
h,h,1.0,1.24453484,0.327735944,0.857227495
h,h,1.0,1.26570671,0.336204855,0.876331016
h,h,1.0,1.28693994,0.348449486,0.885653858
h,h,1.0,1.30807124,0.35713298,0.901600241
h,h,1.0,1.32889646,0.368669963,0.910177244
h,h,1.0,1.34945121,0.378863949,0.919632143
h,h,1.0,1.37055188,0.393244644,0.929168888
h,h,1.0,1.39148285,0.402560578,0.936020649
h,h,1.0,1.41220445,0.410842385,0.955087054
h,h,1.0,1.43352474,0.425891539,0.955780562
h,h,1.0,1.45454751,0.437709584,0.968409773
h,h,1.0,1.47511055,0.446441034,0.970400162
h,h,1.0,1.49566583,0.460434211,0.976800984
h,h,1.0,1.51690776,0.474974047,0.984188319
h,h,1.0,1.53826425,0.485913982,0.987590484
h,h,1.0,1.55931449,0.495940654,0.994209772
h,h,1.0,1.58012172,0.507197177,0.998150737
h,h,1.0,1.60114355,0.523793902,1.0001827
h,h,1.0,1.62229155,0.536288457,1.00300219
h,h,1.0,1.64295947,0.544966331,1.00588981
h,h,1.0,1.66366432,0.559629336,1.00207532
h,h,1.0,1.68478217,0.572277821,1.00541056
h,h,1.0,1.7057485,0.584689401,1.01170493
h,h,1.0,1.72683745,0.597518383,1.00946994
h,h,1.0,1.74765849,0.61019566,1.01695935
h,h,1.0,1.76847487,0.621934506,1.01883142
h,h,1.0,1.78961871,0.628256765,1.01928343
h,h,1.0,1.81086098,0.641007189,1.01619277
h,h,1.0,1.83179094,0.654077972,1.01910616
h,h,1.0,1.8521746,0.666291518,1.0151529
h,h,1.0,1.8733654,0.678262232,1.01006159
h,h,1.0,1.89455538,0.690507712,1.01175567
h,h,1.0,1.91534795,0.699720637,1.01082012
h,h,1.0,1.93623233,0.711261515,1.00832518
h,h,1.0,1.9571481,0.720593747,1.00962586
h,h,1.0,1.97825109,0.730832672,1.00208995
h,h,1.0,1.99905898,0.740615226,1.00544906
h,h,1.0,2.01966715,0.750335429,1.00392959
h,h,1.0,2.04082415,0.758251392,1.00347964
h,h,1.0,2.06193171,0.765305354,1.00563805
h,h,1.0,2.08296048,0.773577062,1.00488096
h,h,1.0,2.10383017,0.786367403,0.997492006
h,h,1.0,2.12494312,0.792396612,1.00143767
h,h,1.0,2.14618475,0.799780857,1.00233894
h,h,1.0,2.16679298,0.806467488,0.997856413
h,h,1.0,2.18753482,0.817523357,0.996777843
h,h,1.0,2.20847027,0.821963866,0.993034137
h,h,1.0,2.22955181,0.831751722,0.999121702
h,h,1.0,2.25078374,0.836441126,0.9929117
h,h,1.0,2.27150159,0.838503433,0.994604403
h,h,1.0,2.29205574,0.849052227,0.986423607
h,h,1.0,2.31294326,0.854005362,0.986634357
h,h,1.0,2.3340363,0.862531482,0.985737175
h,h,1.0,2.35514399,0.861115404,0.983400919
h,h,1.0,2.37607726,0.871256422,0.982193264
h,h,1.0,2.39730341,0.87386123,0.98395059
h,h,1.0,2.41857203,0.876686452,0.981606091
h,h,1.0,2.43911056,0.876727693,0.982610452
h,h,1.0,2.45988005,0.881477811,0.982731748
h,h,1.0,2.48094151,0.893171248,0.98371865
h,h,1.0,2.50196601,0.887536364,0.980574382
h,h,1.0,2.52300496,0.893632981,0.97928448
h,h,1.0,2.54340089,0.898140548,0.974396248
h,h,1.0,2.56415297,0.899349626,0.975320705
h,h,1.0,2.58575836,0.905059951,0.975399638
h,h,1.0,2.60684428,0.909105772,0.974907259
h,h,1.0,2.62775949,0.906629247,0.976413235
h,h,1.0,2.64834355,0.910684137,0.972577576
h,h,1.0,2.66912062,0.91213861,0.977109644
h,h,1.0,2.69039946,0.913815312,0.972094478
h,h,1.0,2.71121518,0.919160029,0.973645139
h,h,1.0,2.7321837,0.919563082,0.973951843
h,h,1.0,2.75306239,0.920885073,0.972331314
h,h,1.0,2.77427049,0.922575043,0.971562579
h,h,1.0,2.79557932,0.925561094,0.974638984
h,h,1.0,2.8160646,0.928435983,0.973612153
h,h,1.0,2.83689478,0.9286722,0.974480911
h,h,1.0,2.85801727,0.931180984,0.971427874
h,h,1.0,2.87906973,0.930179804,0.974131752
h,h,1.0,2.89996898,0.929268326,0.976772719
h,h,1.0,2.92062944,0.933929196,0.97591302
h,h,1.0,2.941605,0.936675396,0.97585179
h,h,1.0,2.96267076,0.937801694,0.977191366
h,h,1.0,2.98347442,0.937551035,0.974956904
h,h,1.0,3.00437656,0.939543089,0.975183084
h,h,1.0,3.02542142,0.941717791,0.975257664
h,h,1.0,3.04658726,0.942494349,0.974293454
h,h,1.0,3.06768101,0.941952558,0.975011726
h,h,1.0,3.088328,0.94278017,0.977339992
h,h,1.0,3.10931167,0.944253612,0.975789741
h,h,1.0,3.1305457,0.943134671,0.978423548
h,h,1.0,3.15150209,0.94741989,0.979296311
h,h,1.0,3.17219014,0.949415661,0.974882335
h,h,1.0,3.19299024,0.94881951,0.975874406
h,h,1.0,3.21390436,0.949357051,0.981303613
h,h,1.0,3.23506564,0.951339299,0.978209867
h,h,1.0,3.25605387,0.952226476,0.977940144
h,h,1.0,3.27685776,0.952864866,0.977058556
h,h,1.0,3.29794723,0.95447739,0.980335543
h,h,1.0,3.31884778,0.954477338,0.977365677
h,h,1.0,3.33944269,0.955487664,0.980551995
h,h,1.0,3.36030612,0.957058888,0.975835573
h,h,1.0,3.38171654,0.958759575,0.976367283
h,h,1.0,3.40297495,0.956920613,0.981372301
h,h,1.0,3.42370792,0.959642075,0.981008727
h,h,1.0,3.44440875,0.96255135,0.982252097
h,h,1.0,3.465315,0.962135565,0.980179369
h,h,1.0,3.4865867,0.963171266,0.980037947
h,h,1.0,3.50751221,0.962062973,0.978303152
h,h,1.0,3.52796741,0.967198109,0.979923435
h,h,1.0,3.5488788,0.964840316,0.983166494
h,h,1.0,3.57014151,0.965683008,0.984934509
h,h,1.0,3.59120365,0.963308073,0.983393476
h,h,1.0,3.61190928,0.967255337,0.98197035
h,h,1.0,3.63300558,0.967755085,0.98189267
h,h,1.0,3.6541422,0.968428782,0.982053332
h,h,1.0,3.67500902,0.969940215,0.979484289
h,h,1.0,3.69581564,0.96900667,0.985894944
h,h,1.0,3.71644729,0.973096497,0.984392219
h,h,1.0,3.73749774,0.971733291,0.986528005
h,h,1.0,3.75868086,0.972612925,0.983705733
h,h,1.0,3.77950549,0.971478026,0.986456367
h,h,1.0,3.80027286,0.977618086,0.987453729
h,h,1.0,3.82143123,0.976296797,0.988113616
h,h,1.0,3.84280481,0.973538357,0.987306634
h,h,1.0,3.86349282,0.978806945,0.988810486
h,h,1.0,3.88417456,0.977311467,0.984116989
h,h,1.0,3.90535419,0.978639949,0.984065788
h,h,1.0,3.9264697,0.979948805,0.988195466
h,h,1.0,3.94738681,0.977088046,0.988234507
h,h,1.0,3.96810309,0.983265191,0.989171517
h,h,1.0,3.98888694,0.981256775,0.990256675
h,h,1.0,4.00993371,0.98208095,0.991023106
h,h,1.0,4.03080983,0.981440495,0.989358331
h,h,1.0,4.05178039,0.986226775,0.990284903
h,h,1.0,4.07276799,0.982209237,0.990548997
h,h,1.0,4.09368684,0.984427793,0.991981947
h,h,1.0,4.11485609,0.985302942,0.99272668
h,h,1.0,4.13583188,0.984478603,0.992754647
h,h,1.0,4.15670688,0.990753614,0.991762281
h,h,1.0,4.17758774,0.985878188,0.996461556
h,h,1.0,4.19867141,0.985738191,0.994242071
h,h,1.0,4.21961517,0.989007435,0.997040063
h,h,1.0,4.24013393,0.989103864,0.996400976
h,h,1.0,4.26119077,0.988000844,0.997516387
h,h,1.0,4.28239268,0.987282602,0.992177801
h,h,1.0,4.30342826,0.988204628,0.995124145
h,h,1.0,4.32431592,0.990158884,0.995340922
h,h,1.0,4.34508479,0.990027563,0.996521757
h,h,1.0,4.36604259,0.990638518,0.996231633
h,h,1.0,4.38708086,0.990618276,0.996733846
h,h,1.0,4.40778797,0.989912853,0.994990757
h,h,1.0,4.4288526,0.991049389,1.00030351
h,h,1.0,4.44994967,0.991306504,0.99653183
h,h,1.0,4.47085438,0.993942799,0.997873487
h,h,1.0,4.49188801,0.994740372,1.00103421
h,h,1.0,4.51250216,0.993210645,1.0010895
h,h,1.0,4.5334461,0.995197344,0.993936596
h,h,1.0,4.55463591,0.99384298,0.997895202
h,h,1.0,4.57547609,0.996802411,1.00005061
h,h,1.0,4.59643311,0.998406289,0.999447598
h,h,1.0,4.61732903,0.996567182,1.00273707
h,h,1.0,4.63833098,0.997681615,1.00153829
h,h,1.0,4.65949324,0.995123658,0.999138442
h,h,1.0,4.68039693,0.99638445,1.00088921
h,h,1.0,4.70136745,0.997790129,1.00275347
h,h,1.0,4.72221533,0.996388827,1.00335905
h,h,1.0,4.74309374,0.999820962,1.00255871
h,h,1.0,4.76390784,0.993459901,1.00477508
h,h,1.0,4.78491795,0.998849581,1.00361682
h,h,1.0,4.80636204,1.00154795,1.00430474
h,h,1.0,4.82728449,0.998688791,1.00245117
h,h,1.0,4.84785524,0.997543159,1.00354151
h,h,1.0,4.86859731,0.999402802,1.00604752
h,h,1.0,4.88954319,1.00163647,1.00209782
h,h,1.0,4.91078695,0.999381866,1.00445528
h,h,1.0,4.93172016,1.00044095,1.00441921
h,h,1.0,4.95244063,1.0015351,1.00552964
h,h,1.0,4.97348932,1.00038743,1.00392863
h,h,1.0,4.994309,1.00260025,1.00510668
h,h,1.0,5.01515697,0.998723214,1.00610815
h,h,1.0,5.03598003,0.99892053,1.00255107
h,h,1.0,5.05703237,0.999104954,1.00637203
h,h,1.0,5.07840332,0.997319619,1.00488723
h,h,1.0,5.09943841,1.00120602,1.00616756
h,h,1.0,5.12032938,1.00310473,1.00564435
h,h,1.0,5.14107614,1.00086547,1.00645645
h,h,1.0,5.16214077,0.999250353,1.00442231
h,h,1.0,5.18341099,1.00213653,1.00490575
h,h,1.0,5.2041075,1.00240065,1.00842822
h,h,1.0,5.22477891,1.00230887,1.00666717
h,h,1.0,5.24557967,1.0019085,1.00627948
h,h,1.0,5.26649236,1.00231887,1.0079269
h,h,1.0,5.28753131,1.00151327,1.00859855
h,h,1.0,5.30847064,1.00071016,1.00843103
h,h,1.0,5.32946745,0.999518294,1.00718501
h,h,1.0,5.3506922,1.00460947,1.00799636
h,h,1.0,5.37158853,1.0016107,1.00886942
h,h,1.0,5.39231925,1.00136766,1.00782191
h,h,1.0,5.41333352,1.00280675,1.00767215
h,h,1.0,5.43434316,1.00023171,1.00494657
h,h,1.0,5.45530659,1.00350071,1.00964495
h,h,1.0,5.47618498,1.00339952,1.0095707
h,h,1.0,5.49715755,1.00469204,1.00672471
h,h,1.0,5.51801586,1.00256453,1.00532091
h,h,1.0,5.53881995,1.00365481,1.00725025
h,h,1.0,5.55992514,1.00290863,1.00632251
h,h,1.0,5.58098545,1.00467575,1.00646158
h,h,1.0,5.60183772,1.0038759,1.00772294
h,h,1.0,5.62277584,1.00480492,1.00838762
h,h,1.0,5.64379172,1.00287383,1.007945
h,h,1.0,5.66460817,1.00407567,1.00600493
h,h,1.0,5.68556022,1.00382062,1.00841641
h,h,1.0,5.7067909,1.00425277,1.00417028
h,h,1.0,5.72769317,1.00547257,1.00902341
h,h,1.0,5.74840017,1.00376559,1.00505929
h,h,1.0,5.76938192,1.0048224,1.00902456
h,h,1.0,5.79039764,1.0058334,1.00731032
h,h,1.0,5.81144039,1.00454847,1.01032579
h,h,1.0,5.83232115,1.0046724,1.00760467
h,h,1.0,5.85320209,1.00781185,1.01020518
h,h,1.0,5.87418919,1.00416265,1.00878179
h,h,1.0,5.89509625,1.00381786,1.00584603
h,h,1.0,5.9159726,1.0038401,1.01053021
h,h,1.0,5.93682663,1.00291289,1.00818893
h,h,1.0,5.95791772,1.00331761,1.01094196
h,h,1.0,5.97900675,1.0069634,1.00689189
h,h,1.0,5.99978945,1.00426125,1.00760461
h,h,1.0,6.02063577,1.00279675,1.00728433
h,h,1.0,6.04156421,1.00366992,1.00816148
h,h,1.0,6.06259364,1.00549748,1.00793386
h,h,1.0,6.08377541,1.0021262,1.0085791
h,h,1.0,6.10447051,1.0040148,1.00555455
h,h,1.0,6.12538157,1.0021357,1.00824009
h,h,1.0,6.14660689,1.00180157,1.00562697
h,h,1.0,6.16752321,1.00492604,1.0084632
h,h,1.0,6.18833806,1.0026694,1.00713707
h,h,1.0,6.20938667,1.00540183,1.00563488
h,h,1.0,6.23052184,1.00475317,1.01006172
h,h,1.0,6.25137137,1.0024756,1.00802878
h,h,1.0,6.27204484,1.00533942,1.00477704
h,h,1.0,6.29290789,1.00468606,1.01035581
h,h,1.0,6.31382104,1.00381531,1.00771976
h,h,1.0,6.33495691,1.00552388,1.00468968
h,h,1.0,6.35600914,1.00289046,1.00751966
h,h,1.0,6.37663869,1.00420984,1.00392696
h,h,1.0,6.39770954,1.00582429,1.0046389
h,h,1.0,6.41872759,1.00537264,1.00681081
h,h,1.0,6.43951457,1.00361552,1.00660091
h,h,1.0,6.46033562,1.00443308,1.00371316
h,h,1.0,6.4814564,1.00282684,1.00512946
h,h,1.0,6.50265681,1.00288728,1.0043492
h,h,1.0,6.52350383,1.00268946,1.00419775
h,h,1.0,6.54427866,1.00332801,1.00541809
h,h,1.0,6.56515568,1.00106857,1.00529272
h,h,1.0,6.58628576,1.00320431,1.00243443
h,h,1.0,6.60749316,1.0043084,1.00472625
h,h,1.0,6.62830625,1.00488703,1.00320677
h,h,1.0,6.64913567,1.00471303,1.00608167
h,h,1.0,6.67020149,1.00199915,1.00127588
h,h,1.0,6.69106898,1.00119581,1.0048742
h,h,1.0,6.71185955,1.0052003,1.0037163
h,h,1.0,6.73264651,1.0042015,1.0046047
h,h,1.0,6.7537045,1.00049654,1.00351084
h,h,1.0,6.77487174,1.0039694,1.00515018
h,h,1.0,6.79557562,1.00256632,1.00428812
h,h,1.0,6.81648781,1.00452725,1.00210163
h,h,1.0,6.83753747,1.00363685,1.00304706
h,h,1.0,6.85867557,1.00285375,1.0007017
h,h,1.0,6.87985316,1.00003101,1.0040272
h,h,1.0,6.90065786,1.00120391,1.00212292
h,h,1.0,6.92153112,1.00169993,1.00188403
h,h,1.0,6.94229803,1.00144608,1.00185194
h,h,1.0,6.9630016,1.0016732,1.00107588
h,h,1.0,6.98416877,1.0049211,1.00054534
h,h,1.0,7.0052781,0.999904243,1.00052093
h,h,1.0,7.02617612,1.00207326,1.00168685
h,h,1.0,7.04699526,0.998618975,1.00285429
h,h,1.0,7.06761685,1.00273927,1.00104011
h,h,1.0,7.08873369,1.0019172,1.00138297
h,h,1.0,7.10994937,1.00118264,1.00135996
h,h,1.0,7.13102893,1.00207047,1.00144515
h,h,1.0,7.15201412,1.00204297,1.00260257
h,h,1.0,7.17271336,0.999052609,1.00171913
h,h,1.0,7.19374266,1.00254619,1.00027703
h,h,1.0,7.21473042,1.00300753,1.00147367
h,h,1.0,7.23564263,1.00208223,1.00088573
h,h,1.0,7.25666289,1.0005923,0.999378664
h,h,1.0,7.27757645,1.00102937,1.00168603
h,h,1.0,7.2984411,1.00136266,0.999900985
h,h,1.0,7.31917384,1.00230725,1.0005176
h,h,1.0,7.34001688,1.00258796,0.997874143
h,h,1.0,7.3611683,0.999909642,0.998653247
h,h,1.0,7.38224284,0.998501366,1.00041412
h,h,1.0,7.40324015,1.00145498,1.00091277
h,h,1.0,7.42408854,0.997982836,1.00054522
h,h,1.0,7.44500634,1.00107971,0.998503785
h,h,1.0,7.46595959,1.00194205,0.999148171
h,h,1.0,7.48696308,1.0002302,0.998664648
h,h,1.0,7.5079936,1.00056094,0.999764535
h,h,1.0,7.52871967,1.00203896,0.99893293
h,h,1.0,7.54966921,1.00073471,1.00017912
h,h,1.0,7.57064902,1.00147456,0.999142166
h,h,1.0,7.59151428,1.00222088,0.996834071
h,h,1.0,7.6123809,0.998912207,0.997840349
h,h,1.0,7.63338324,1.00006375,0.999796888
h,h,1.0,7.65450532,0.99903448,0.999260702
h,h,1.0,7.67556944,1.0016202,0.998697724
h,h,1.0,7.69637751,0.999866668,0.997889184
h,h,1.0,7.71727216,1.00198665,0.998241612
h,h,1.0,7.73835725,0.996454734,0.996839699
h,h,1.0,7.75934923,0.999234624,0.997658431
h,h,1.0,7.78023116,0.999109034,0.997106166
h,h,1.0,7.80098697,0.997605781,0.997885928
h,h,1.0,7.82190677,0.998821496,0.999271014
h,h,1.0,7.84304931,0.99884124,0.999279344
h,h,1.0,7.86405132,1.00050676,1.00013868
h,h,1.0,7.88484553,0.997804856,0.998213206
h,h,1.0,7.90574885,0.998623056,0.997530895
h,h,1.0,7.9267531,1.00032393,0.998579196
h,h,1.0,7.94765228,1.00107395,0.996313431
h,h,1.0,7.96842304,0.997483652,0.997779593
h,h,1.0,7.98938616,0.99776498,0.995811534
h,h,1.0,8.01050815,0.999034457,0.99665667
h,h,1.0,8.03153334,1.00034021,0.996646665
h,h,1.0,8.05240251,0.997586007,0.99800085
h,h,1.0,8.07332696,0.99815469,0.999238335
h,h,1.0,8.09438514,0.997296032,0.99720046
h,h,1.0,8.11529588,0.999482065,0.994858711
h,h,1.0,8.13618411,0.99851041,0.997295806
h,h,1.0,8.15717855,0.999226624,0.998236772
h,h,1.0,8.17807847,0.996832752,0.996732981
h,h,1.0,8.19905269,0.997560305,0.999674622
h,h,1.0,8.21991085,0.999442822,0.996223311
h,h,1.0,8.24078529,1.00185591,0.996997595
h,h,1.0,8.26195652,0.999392433,0.995814723
h,h,1.0,8.28293039,0.997443482,0.99747847
h,h,1.0,8.30373423,0.996718,0.996299613
h,h,1.0,8.32452583,0.998713124,0.995745363
h,h,1.0,8.34556221,0.994833297,0.99475344
h,h,1.0,8.36671927,0.997051628,0.996695969
h,h,1.0,8.38757523,0.997148005,0.995773633
h,h,1.0,8.40855808,0.998880351,0.996418143
h,h,1.0,8.42953585,0.997140624,0.997246608
h,h,1.0,8.45042977,0.999364137,0.997413365
h,h,1.0,8.47138662,0.99713216,0.995617755
h,h,1.0,8.49217243,0.998161563,0.99535686
h,h,1.0,8.51321806,0.999432892,0.996173082
h,h,1.0,8.53421183,0.997908163,0.996270138
h,h,1.0,8.55508292,0.996385135,0.994478255
h,h,1.0,8.57598662,0.999736919,0.996197694
h,h,1.0,8.59679232,0.996769986,0.99574606
h,h,1.0,8.61783107,0.997244216,0.995443386
h,h,1.0,8.63891768,0.998593769,0.998635188
h,h,1.0,8.65972861,0.996106841,0.995517906
h,h,1.0,8.68059853,0.999396656,0.995280145
h,h,1.0,8.70174168,0.998430319,0.994412828
h,h,1.0,8.72279566,0.997351653,0.996182853
h,h,1.0,8.74359241,0.999262304,0.997328753
h,h,1.0,8.76424415,0.999432884,0.99732314
h,h,1.0,8.78526729,0.999451075,0.996474705
h,h,1.0,8.80637189,0.998780153,0.99804405
h,h,1.0,8.82736896,0.995532278,0.996771621
h,h,1.0,8.84843212,0.999622544,0.996323903
h,h,1.0,8.86933197,0.997341901,0.993993875
h,h,1.0,8.89026857,0.998631423,0.996229375
h,h,1.0,8.91123702,1.0008486,0.99724634
h,h,1.0,8.93214776,0.999356515,0.997170386
h,h,1.0,8.95312097,0.998706367,0.998594517
h,h,1.0,8.9741304,0.997825355,0.996361173
h,h,1.0,8.99505705,0.998981377,0.997031173
h,h,1.0,9.01571368,0.999956088,0.997068688
h,h,1.0,9.03640927,0.997065774,0.996327238
h,h,1.0,9.05755121,0.998593538,0.997054487
h,h,1.0,9.07868023,0.99765136,0.996008594
h,h,1.0,9.09969513,0.998747394,0.995017756
h,h,1.0,9.1205658,0.997191986,0.995006071
h,h,1.0,9.14137844,0.998452989,0.998044018
h,h,1.0,9.16237082,0.999472863,0.997650407
h,h,1.0,9.18339441,0.997228713,0.995854524
h,h,1.0,9.20447395,0.996547257,0.998421413
h,h,1.0,9.22549281,0.996979854,0.997270298
h,h,1.0,9.2463962,0.996816782,0.997836875
h,h,1.0,9.26722673,0.999525568,0.99576048
h,h,1.0,9.28791689,0.998135646,0.994465511
h,h,1.0,9.30892724,0.996326723,0.996547608
h,h,1.0,9.33003065,0.997034672,0.995653244
h,h,1.0,9.35102864,0.999535283,0.997041768
h,h,1.0,9.37196601,0.996864893,0.996056803
h,h,1.0,9.39258783,0.997093319,0.998116322
h,h,1.0,9.41349621,0.999714322,0.997123608
h,h,1.0,9.4347927,0.999164943,0.996491512
h,h,1.0,9.45587737,0.997182885,0.996625671
h,h,1.0,9.47676866,0.999074218,0.998993262
h,h,1.0,9.49762777,0.996749326,0.997918941
h,h,1.0,9.51852362,0.997844371,0.997814943
h,h,1.0,9.53939795,0.998871992,0.997752154
h,h,1.0,9.56035551,0.99778637,0.997151078
h,h,1.0,9.58149741,0.998028886,0.997954477
h,h,1.0,9.60249587,0.997826134,0.998000044
h,h,1.0,9.62336478,0.998256445,0.998299064
h,h,1.0,9.64415055,0.998269273,0.997138758
h,h,1.0,9.66502224,0.998535479,0.99726121
h,h,1.0,9.68597433,0.999183375,0.998546802
h,h,1.0,9.7069728,0.999121157,1.00002903
h,h,1.0,9.72797765,0.99568991,0.99662134
h,h,1.0,9.74896401,0.99819581,0.996649031
h,h,1.0,9.76996217,0.998381399,0.998578783
h,h,1.0,9.79085678,0.997805689,0.997382168
h,h,1.0,9.81166698,0.999165711,0.998372117
h,h,1.0,9.83262494,0.998534024,0.99750121
h,h,1.0,9.85372265,0.997579305,0.998637469
h,h,1.0,9.87472665,0.998348798,0.999142362
h,h,1.0,9.89559934,0.997845501,1.00101526
h,h,1.0,9.91635289,0.999183451,0.997593323
h,h,1.0,9.93737645,0.998403279,0.998989407
h,h,1.0,9.95856995,0.997518973,0.997545927
h,h,1.0,9.97940815,0.997328707,0.997982652
h,h,1.0,10.000082,1.00079813,0.997611398
h,h,1.2,0.0252815853,0.0577401866,0.00836236167
h,h,1.2,0.0486976344,0.0550859554,0.00954614277
h,h,1.2,0.0692644017,0.0544136402,0.0113142995
h,h,1.2,0.08877835,0.0535263968,0.013655837
h,h,1.2,0.111604297,0.054462214,0.0173460713
h,h,1.2,0.132731806,0.0562128317,0.0214779287
h,h,1.2,0.153672181,0.0574309297,0.027060864
h,h,1.2,0.175641863,0.0585533789,0.0329621644
h,h,1.2,0.196615509,0.0600362287,0.0391227309
h,h,1.2,0.217326708,0.0613369096,0.0458592621
h,h,1.2,0.237538457,0.0629592405,0.0532862431
h,h,1.2,0.258148683,0.065299754,0.0618673969
h,h,1.2,0.28040349,0.0652309411,0.0717467239
h,h,1.2,0.301929084,0.0699590845,0.0813473777
h,h,1.2,0.322287413,0.070394418,0.0916369323
h,h,1.2,0.342663331,0.0740706368,0.103002667
h,h,1.2,0.363641289,0.0757477666,0.113577951
h,h,1.2,0.385602948,0.0780104202,0.124782758
h,h,1.2,0.406737165,0.0814680008,0.138662895
h,h,1.2,0.427001871,0.0833285548,0.150518386
h,h,1.2,0.448754416,0.0864538843,0.165180086
h,h,1.2,0.469601745,0.0903127549,0.180074213
h,h,1.2,0.489805379,0.0932408498,0.193664887
h,h,1.2,0.510302494,0.0967875108,0.209032473
h,h,1.2,0.53178319,0.101082648,0.223969273
h,h,1.2,0.553922362,0.104781371,0.241329044
h,h,1.2,0.574670041,0.108697974,0.260030323
h,h,1.2,0.594645701,0.113235714,0.272121128
h,h,1.2,0.615540037,0.117011866,0.290832814
h,h,1.2,0.636554081,0.120867038,0.307334443
h,h,1.2,0.658102417,0.126217475,0.328464541
h,h,1.2,0.679189641,0.129623481,0.349689188
h,h,1.2,0.700054044,0.135371632,0.367861758
h,h,1.2,0.721329826,0.14091001,0.384452731
h,h,1.2,0.742033923,0.145846371,0.407366651
h,h,1.2,0.762614581,0.151447597,0.422532677
h,h,1.2,0.783270495,0.156795347,0.444138134
h,h,1.2,0.804783918,0.162150899,0.466192953
h,h,1.2,0.826095906,0.168749007,0.485075861
h,h,1.2,0.846303977,0.175688976,0.505275505
h,h,1.2,0.867174819,0.181590221,0.5276418
h,h,1.2,0.888413258,0.18697211,0.545265593
h,h,1.2,0.909910564,0.193498009,0.567011289
h,h,1.2,0.931134698,0.202825031,0.588256042
h,h,1.2,0.951563161,0.209947806,0.613365275
h,h,1.2,0.972160451,0.216123689,0.626244928
h,h,1.2,0.993008165,0.221974054,0.64817767
h,h,1.2,1.0140906,0.230768751,0.671608219
h,h,1.2,1.03500338,0.237929279,0.683198917
h,h,1.2,1.05657413,0.243669504,0.705666533
h,h,1.2,1.07789814,0.255062198,0.731102899
h,h,1.2,1.09835045,0.261613493,0.749020561
h,h,1.2,1.11903902,0.270836861,0.764650647
h,h,1.2,1.1396405,0.280763372,0.779809615
h,h,1.2,1.16109193,0.289230485,0.7956883
h,h,1.2,1.18227503,0.299963391,0.821170925
h,h,1.2,1.2030555,0.307607857,0.825564856
h,h,1.2,1.22375183,0.317260318,0.846246442
h,h,1.2,1.24453484,0.327052784,0.86311212
h,h,1.2,1.26570671,0.337805364,0.87102876
h,h,1.2,1.28693994,0.34773431,0.887458879
h,h,1.2,1.30807124,0.358663637,0.900701589
h,h,1.2,1.32889646,0.368407283,0.912001539
h,h,1.2,1.34945121,0.381721715,0.922168897
h,h,1.2,1.37055188,0.390474016,0.935097087
h,h,1.2,1.39148285,0.4009781,0.934293321
h,h,1.2,1.41220445,0.415794412,0.945586293
h,h,1.2,1.43352474,0.424700103,0.959629597
h,h,1.2,1.45454751,0.437179526,0.964718176
h,h,1.2,1.47511055,0.447526544,0.96855154
h,h,1.2,1.49566583,0.462483281,0.98066265
h,h,1.2,1.51690776,0.47463427,0.981108509
h,h,1.2,1.53826425,0.486519751,0.982906461
h,h,1.2,1.55931449,0.49447818,0.991551038
h,h,1.2,1.58012172,0.511650577,0.989124777
h,h,1.2,1.60114355,0.522770223,0.996937582
h,h,1.2,1.62229155,0.533480426,1.00540278
h,h,1.2,1.64295947,0.543762925,1.00587996
h,h,1.2,1.66366432,0.558126092,1.00670802
h,h,1.2,1.68478217,0.570510429,1.00812256
h,h,1.2,1.7057485,0.585231073,1.01190817
h,h,1.2,1.72683745,0.59580249,1.01172685
h,h,1.2,1.74765849,0.610656349,1.01016558
h,h,1.2,1.76847487,0.621763397,1.01262407
h,h,1.2,1.78961871,0.630430441,1.01067655
h,h,1.2,1.81086098,0.641747064,1.01569209
h,h,1.2,1.83179094,0.654250295,1.01466295
h,h,1.2,1.8521746,0.665069603,1.01303275
h,h,1.2,1.8733654,0.67754226,1.02070091
h,h,1.2,1.89455538,0.689096911,1.00708384
h,h,1.2,1.91534795,0.701707936,1.00795297
h,h,1.2,1.93623233,0.711255831,1.01524778
h,h,1.2,1.9571481,0.722468102,1.01146282
h,h,1.2,1.97825109,0.733482952,1.00927704
h,h,1.2,1.99905898,0.74013551,1.00873139
h,h,1.2,2.01966715,0.750015697,1.00577973
h,h,1.2,2.04082415,0.759843268,1.00707585
h,h,1.2,2.06193171,0.765317524,1.00536525
h,h,1.2,2.08296048,0.777847,1.00373007
h,h,1.2,2.10383017,0.786808548,0.999023797
h,h,1.2,2.12494312,0.794085954,0.998698068
h,h,1.2,2.14618475,0.803569427,0.995927765
h,h,1.2,2.16679298,0.806155117,0.99741912
h,h,1.2,2.18753482,0.817458366,0.991970354
h,h,1.2,2.20847027,0.825251072,0.989827209
h,h,1.2,2.22955181,0.828639956,0.989444957
h,h,1.2,2.25078374,0.835976918,0.992268138
h,h,1.2,2.27150159,0.841156644,0.990640287
h,h,1.2,2.29205574,0.844989242,0.984588125
h,h,1.2,2.31294326,0.849475833,0.987915024
h,h,1.2,2.3340363,0.855973255,0.987549925
h,h,1.2,2.35514399,0.864240724,0.988043055
h,h,1.2,2.37607726,0.867914003,0.981350584
h,h,1.2,2.39730341,0.875094935,0.979798386
h,h,1.2,2.41857203,0.8761957,0.983927209
h,h,1.2,2.43911056,0.878333395,0.982981875
h,h,1.2,2.45988005,0.885034336,0.982172678
h,h,1.2,2.48094151,0.891147905,0.975760545
h,h,1.2,2.50196601,0.890263457,0.977346159
h,h,1.2,2.52300496,0.894284843,0.980034677
h,h,1.2,2.54340089,0.898438856,0.97686285
h,h,1.2,2.56415297,0.904548714,0.9764316
h,h,1.2,2.58575836,0.902464171,0.977377742
h,h,1.2,2.60684428,0.908915702,0.977860439
h,h,1.2,2.62775949,0.907432947,0.974326699
h,h,1.2,2.64834355,0.911364541,0.975089208
h,h,1.2,2.66912062,0.912640462,0.975324022
h,h,1.2,2.69039946,0.915669052,0.9721599
h,h,1.2,2.71121518,0.914953905,0.976222801
h,h,1.2,2.7321837,0.916932196,0.975238449
h,h,1.2,2.75306239,0.918827776,0.974699889
h,h,1.2,2.77427049,0.922003693,0.973562294
h,h,1.2,2.79557932,0.921603465,0.973601812
h,h,1.2,2.8160646,0.927699223,0.972445965
h,h,1.2,2.83689478,0.932712596,0.972496212
h,h,1.2,2.85801727,0.929528658,0.973558051
h,h,1.2,2.87906973,0.929824328,0.97040902
h,h,1.2,2.89996898,0.931019293,0.97435887
h,h,1.2,2.92062944,0.933598398,0.974557424
h,h,1.2,2.941605,0.933545179,0.975822371
h,h,1.2,2.96267076,0.934348977,0.974013929
h,h,1.2,2.98347442,0.935478722,0.976989183
h,h,1.2,3.00437656,0.93947307,0.973931051
h,h,1.2,3.02542142,0.940289247,0.975428706
h,h,1.2,3.04658726,0.941340462,0.974508115
h,h,1.2,3.06768101,0.944674769,0.975487208
h,h,1.2,3.088328,0.944170243,0.979321671
h,h,1.2,3.10931167,0.946276969,0.974978582
h,h,1.2,3.1305457,0.944685511,0.978415276
h,h,1.2,3.15150209,0.942336392,0.97584601
h,h,1.2,3.17219014,0.944759166,0.978102518
h,h,1.2,3.19299024,0.951241336,0.978216099
h,h,1.2,3.21390436,0.952273313,0.975747852
h,h,1.2,3.23506564,0.950092116,0.975799549
h,h,1.2,3.25605387,0.953367254,0.978972584
h,h,1.2,3.27685776,0.953084547,0.978613712
h,h,1.2,3.29794723,0.950772842,0.978035936
h,h,1.2,3.31884778,0.950767576,0.979016487
h,h,1.2,3.33944269,0.954178914,0.982922697
h,h,1.2,3.36030612,0.959472496,0.979892283
h,h,1.2,3.38171654,0.957210543,0.979150347
h,h,1.2,3.40297495,0.955437114,0.983586032
h,h,1.2,3.42370792,0.960078713,0.983875731
h,h,1.2,3.44440875,0.963954325,0.980689019
h,h,1.2,3.465315,0.963008806,0.978100331
h,h,1.2,3.4865867,0.962518437,0.98246835
h,h,1.2,3.50751221,0.9643977,0.982304174
h,h,1.2,3.52796741,0.960332961,0.983104395
h,h,1.2,3.5488788,0.965179944,0.98121991
h,h,1.2,3.57014151,0.969590763,0.979093476
h,h,1.2,3.59120365,0.967997665,0.981686071
h,h,1.2,3.61190928,0.967814432,0.980080884
h,h,1.2,3.63300558,0.966931141,0.981710314
h,h,1.2,3.6541422,0.967679244,0.985708193
h,h,1.2,3.67500902,0.970494793,0.982634003
h,h,1.2,3.69581564,0.968773286,0.985261902
h,h,1.2,3.71644729,0.971722092,0.987024654
h,h,1.2,3.73749774,0.97405897,0.98588925
h,h,1.2,3.75868086,0.973765273,0.987478723
h,h,1.2,3.77950549,0.974807101,0.985852998
h,h,1.2,3.80027286,0.97247598,0.984921444
h,h,1.2,3.82143123,0.975605077,0.984720983
h,h,1.2,3.84280481,0.979519421,0.990151063
h,h,1.2,3.86349282,0.97859498,0.985391902
h,h,1.2,3.88417456,0.978654398,0.988123508
h,h,1.2,3.90535419,0.978885292,0.98847565
h,h,1.2,3.9264697,0.980147759,0.986716681
h,h,1.2,3.94738681,0.980975107,0.98573026
h,h,1.2,3.96810309,0.979711461,0.987199178
h,h,1.2,3.98888694,0.979140037,0.988843742
h,h,1.2,4.00993371,0.983119126,0.990859402
h,h,1.2,4.03080983,0.981130708,0.991076044
h,h,1.2,4.05178039,0.982367726,0.990060672
h,h,1.2,4.07276799,0.985184739,0.994066465
h,h,1.2,4.09368684,0.985965691,0.992130401
h,h,1.2,4.11485609,0.983272821,0.991485298
h,h,1.2,4.13583188,0.984640687,0.993465866
h,h,1.2,4.15670688,0.985704917,0.993175837
h,h,1.2,4.17758774,0.986481399,0.989401229
h,h,1.2,4.19867141,0.98521796,0.9928902
h,h,1.2,4.21961517,0.986921884,0.989726852
h,h,1.2,4.24013393,0.990499852,0.996491668
h,h,1.2,4.26119077,0.986656888,0.996358391
h,h,1.2,4.28239268,0.988816478,0.99593494
h,h,1.2,4.30342826,0.992870436,0.99603991
h,h,1.2,4.32431592,0.990517396,0.993352442
h,h,1.2,4.34508479,0.994454748,0.993906109
h,h,1.2,4.36604259,0.990582014,0.995622447
h,h,1.2,4.38708086,0.991658608,0.996318442
h,h,1.2,4.40778797,0.993415101,0.998236487
h,h,1.2,4.4288526,0.988853951,0.995495957
h,h,1.2,4.44994967,0.993013009,1.00052662
h,h,1.2,4.47085438,0.994584202,0.999888172
h,h,1.2,4.49188801,0.991104242,1.00059012
h,h,1.2,4.51250216,0.992961695,0.998591582
h,h,1.2,4.5334461,0.996032587,0.999162085
h,h,1.2,4.55463591,0.991880494,0.99953918
h,h,1.2,4.57547609,0.99439917,0.998597951
h,h,1.2,4.59643311,0.996564049,1.00169465
h,h,1.2,4.61732903,0.995075829,1.00190612
h,h,1.2,4.63833098,0.995790124,1.0002352
h,h,1.2,4.65949324,0.99545051,1.00045121
h,h,1.2,4.68039693,0.994479555,1.00124381
h,h,1.2,4.70136745,0.995689192,1.00193738
h,h,1.2,4.72221533,0.999172598,1.00375303
h,h,1.2,4.74309374,0.999049526,1.00474738
h,h,1.2,4.76390784,0.999629231,1.0034157
h,h,1.2,4.78491795,0.999015711,1.00418063
h,h,1.2,4.80636204,0.997193901,1.00442247
h,h,1.2,4.82728449,0.995720192,1.00235306
h,h,1.2,4.84785524,0.999354381,1.00355982
h,h,1.2,4.86859731,0.996816882,1.00393547
h,h,1.2,4.88954319,0.998120017,1.0048211
h,h,1.2,4.91078695,0.997875367,1.00325328
h,h,1.2,4.93172016,0.997495953,1.00756554
h,h,1.2,4.95244063,0.997606342,1.00571157
h,h,1.2,4.97348932,0.998705686,1.00572833
h,h,1.2,4.994309,1.00244959,1.00655859
h,h,1.2,5.01515697,0.999331535,1.00619722
h,h,1.2,5.03598003,0.997424301,1.00563025
h,h,1.2,5.05703237,1.00312531,1.00733917
h,h,1.2,5.07840332,1.00142437,1.00754037
h,h,1.2,5.09943841,1.00216567,1.00418946
h,h,1.2,5.12032938,0.995924432,1.00691227
h,h,1.2,5.14107614,1.00084845,1.00459801
h,h,1.2,5.16214077,1.00201152,1.00785404
h,h,1.2,5.18341099,1.00258292,1.00676644
h,h,1.2,5.2041075,1.00099849,1.00456279
h,h,1.2,5.22477891,1.00077221,1.00566419
h,h,1.2,5.24557967,1.00172159,1.00558082
h,h,1.2,5.26649236,1.00006151,1.00961801
h,h,1.2,5.28753131,0.999823718,1.0094437
h,h,1.2,5.30847064,1.00170039,1.00968932
h,h,1.2,5.32946745,1.00115219,1.00606701
h,h,1.2,5.3506922,1.00304208,1.00910739
h,h,1.2,5.37158853,1.00079377,1.00628582
h,h,1.2,5.39231925,1.00324477,1.00966994
h,h,1.2,5.41333352,1.00189708,1.00498445
h,h,1.2,5.43434316,1.00360183,1.00751725
h,h,1.2,5.45530659,1.00270508,1.00727844
h,h,1.2,5.47618498,1.00407665,1.00695924
h,h,1.2,5.49715755,1.00560377,1.00920499
h,h,1.2,5.51801586,1.00303659,1.00794448
h,h,1.2,5.53881995,1.00050307,1.00904332
h,h,1.2,5.55992514,1.00422554,1.0100323
h,h,1.2,5.58098545,1.00412522,1.00829025
h,h,1.2,5.60183772,1.0022666,1.00715177
h,h,1.2,5.62277584,1.00201727,1.00675709
h,h,1.2,5.64379172,1.00297192,1.00861409
h,h,1.2,5.66460817,1.00652139,1.00963104
h,h,1.2,5.68556022,1.00447171,1.008324
h,h,1.2,5.7067909,1.00189898,1.00942408
h,h,1.2,5.72769317,1.00550014,1.00661823
h,h,1.2,5.74840017,1.00383667,1.01202165
h,h,1.2,5.76938192,1.00197067,1.00941848
h,h,1.2,5.79039764,1.00504023,1.00600358
h,h,1.2,5.81144039,1.00426486,1.00730066
h,h,1.2,5.83232115,1.00086225,1.00804476
h,h,1.2,5.85320209,1.00210355,1.0075018
h,h,1.2,5.87418919,1.00369374,1.00646594
h,h,1.2,5.89509625,1.003879,1.00761166
h,h,1.2,5.9159726,1.00504914,1.00526593
h,h,1.2,5.93682663,1.00325881,1.00573667
h,h,1.2,5.95791772,1.00409174,1.00677175
h,h,1.2,5.97900675,1.00532372,1.0058957
h,h,1.2,5.99978945,1.00233234,1.00682312
h,h,1.2,6.02063577,1.00592485,1.00729601
h,h,1.2,6.04156421,1.00528733,1.00698909
h,h,1.2,6.06259364,1.00294882,1.00824034
h,h,1.2,6.08377541,1.00251122,1.00875643
h,h,1.2,6.10447051,1.00374832,1.00679052
h,h,1.2,6.12538157,1.00396729,1.0059115
h,h,1.2,6.14660689,1.00360361,1.00590371
h,h,1.2,6.16752321,1.00271006,1.0064899
h,h,1.2,6.18833806,1.00426334,1.00713514
h,h,1.2,6.20938667,1.00373316,1.00617032
h,h,1.2,6.23052184,1.00221824,1.00460833
h,h,1.2,6.25137137,1.00520291,1.00800995
h,h,1.2,6.27204484,1.00321261,1.00691962
h,h,1.2,6.29290789,1.00402718,1.00899236
h,h,1.2,6.31382104,1.00357846,1.00598049
h,h,1.2,6.33495691,1.00516357,1.00553682
h,h,1.2,6.35600914,1.0012165,1.00463193
h,h,1.2,6.37663869,1.00344496,1.00916404
h,h,1.2,6.39770954,1.00470701,1.00616396
h,h,1.2,6.41872759,1.00388571,1.00518668
h,h,1.2,6.43951457,1.00323381,1.00634121
h,h,1.2,6.46033562,1.00224592,1.00684084
h,h,1.2,6.4814564,1.00458271,1.00271962
h,h,1.2,6.50265681,1.00411263,1.00445387
h,h,1.2,6.52350383,1.00134976,1.00204308
h,h,1.2,6.54427866,1.00344729,1.00380296
h,h,1.2,6.56515568,1.00384723,1.00642542
h,h,1.2,6.58628576,1.00308884,1.0066884
h,h,1.2,6.60749316,1.00380176,1.00422464
h,h,1.2,6.62830625,1.00545241,1.00463483
h,h,1.2,6.64913567,1.00518427,1.00436497
h,h,1.2,6.67020149,1.00191354,1.00716726
h,h,1.2,6.69106898,1.00162647,1.00283567
h,h,1.2,6.71185955,1.00269468,1.00388819
h,h,1.2,6.73264651,1.00229728,1.00248364
h,h,1.2,6.7537045,1.00432118,1.00146469
h,h,1.2,6.77487174,1.00322191,1.00509712
h,h,1.2,6.79557562,1.00488228,1.00435788
h,h,1.2,6.81648781,1.00100233,1.00458087
h,h,1.2,6.83753747,1.00127634,1.00037648
h,h,1.2,6.85867557,0.999940572,1.00212255
h,h,1.2,6.87985316,1.00191543,1.0018724
h,h,1.2,6.90065786,1.00259864,1.00486241
h,h,1.2,6.92153112,1.00356108,1.00070425
h,h,1.2,6.94229803,1.00150589,1.00218052
h,h,1.2,6.9630016,1.00111982,1.0010441
h,h,1.2,6.98416877,1.00084836,1.00355014
h,h,1.2,7.0052781,1.00119213,1.00076068
h,h,1.2,7.02617612,1.00138334,1.00143608
h,h,1.2,7.04699526,1.00136121,1.00388918
h,h,1.2,7.06761685,1.00284944,1.00224941
h,h,1.2,7.08873369,0.999392315,1.00083971
h,h,1.2,7.10994937,0.999754696,1.00060798
h,h,1.2,7.13102893,1.00237422,1.00048093
h,h,1.2,7.15201412,0.999976042,1.00176614
h,h,1.2,7.17271336,1.00085787,1.0009598
h,h,1.2,7.19374266,1.00292075,1.00248601
h,h,1.2,7.21473042,1.00122419,1.00190082
h,h,1.2,7.23564263,1.00156123,0.999792321
h,h,1.2,7.25666289,1.00150133,1.00379732
h,h,1.2,7.27757645,0.99959239,1.00099601
h,h,1.2,7.2984411,1.0032253,1.00058855
h,h,1.2,7.31917384,1.00105273,0.999399339
h,h,1.2,7.34001688,0.998318896,0.999772678
h,h,1.2,7.3611683,1.00301019,1.00205693
h,h,1.2,7.38224284,1.0000068,0.99922119
h,h,1.2,7.40324015,1.00132567,1.00016855
h,h,1.2,7.42408854,0.998674572,0.998785564
h,h,1.2,7.44500634,1.00129245,0.999242257
h,h,1.2,7.46595959,1.00227108,1.00001379
h,h,1.2,7.48696308,0.998643177,0.998655458
h,h,1.2,7.5079936,0.999951982,1.00002487
h,h,1.2,7.52871967,0.998368009,1.00006332
h,h,1.2,7.54966921,1.00050086,1.0000867
h,h,1.2,7.57064902,0.999653812,0.998865508
h,h,1.2,7.59151428,1.00090328,0.998863829
h,h,1.2,7.6123809,0.99926356,0.998746285
h,h,1.2,7.63338324,1.0010423,0.997372543
h,h,1.2,7.65450532,0.999257277,1.00035099
h,h,1.2,7.67556944,1.00217024,1.00044847
h,h,1.2,7.69637751,1.00087294,0.998839978
h,h,1.2,7.71727216,1.00080377,0.998034166
h,h,1.2,7.73835725,0.999476763,0.998636318
h,h,1.2,7.75934923,0.999386908,0.998896968
h,h,1.2,7.78023116,0.998766725,0.998394804
h,h,1.2,7.80098697,0.998676888,0.998416669
h,h,1.2,7.82190677,1.00042297,0.997802768
h,h,1.2,7.84304931,0.999533435,0.998190124
h,h,1.2,7.86405132,0.99935818,0.997487969
h,h,1.2,7.88484553,0.999905214,0.998869599
h,h,1.2,7.90574885,0.999260255,0.996614607
h,h,1.2,7.9267531,0.999085,0.997780528
h,h,1.2,7.94765228,0.999347843,0.995845702
h,h,1.2,7.96842304,0.997387286,0.997209433
h,h,1.2,7.98938616,1.0003777,0.996445103
h,h,1.2,8.01050815,1.00092241,0.997043958
h,h,1.2,8.03153334,0.998620416,0.997333182
h,h,1.2,8.05240251,0.996670025,0.996894785
h,h,1.2,8.07332696,0.99934905,0.997532511
h,h,1.2,8.09438514,0.997317204,0.995886114
h,h,1.2,8.11529588,1.00039477,0.994628613
h,h,1.2,8.13618411,0.999158701,0.996846544
h,h,1.2,8.15717855,0.998438767,0.997200416
h,h,1.2,8.17807847,0.999450025,0.995648572
h,h,1.2,8.19905269,0.997422286,0.997986252
h,h,1.2,8.21991085,0.999698606,0.99653342
h,h,1.2,8.24078529,0.99843537,0.996606936
h,h,1.2,8.26195652,0.996701907,0.998528044
h,h,1.2,8.28293039,0.996702677,0.994394302
h,h,1.2,8.30373423,0.996877242,0.997302279
h,h,1.2,8.32452583,0.998366962,0.996599508
h,h,1.2,8.34556221,0.999052414,0.995384896
h,h,1.2,8.36671927,0.999271913,0.996815231
h,h,1.2,8.38757523,0.998595349,0.997248608
h,h,1.2,8.40855808,0.998151959,0.997685912
h,h,1.2,8.42953585,0.997930563,0.996622849
h,h,1.2,8.45042977,0.999571547,0.99646791
h,h,1.2,8.47138662,0.997718416,0.995946891
h,h,1.2,8.49217243,1.00127616,0.993637389
h,h,1.2,8.51321806,0.998542307,0.996052077
h,h,1.2,8.53421183,1.00124812,0.995614868
h,h,1.2,8.55508292,0.998503268,0.995399386
h,h,1.2,8.57598662,0.994986093,0.995774725
h,h,1.2,8.59679232,0.998771211,0.996671505
h,h,1.2,8.61783107,0.995535974,0.996780975
h,h,1.2,8.63891768,0.999410977,0.995025219
h,h,1.2,8.65972861,0.997181496,0.997520254
h,h,1.2,8.68059853,0.997073229,0.995960504
h,h,1.2,8.70174168,0.999945626,0.995857209
h,h,1.2,8.72279566,0.99803539,0.996178725
h,h,1.2,8.74359241,0.998801012,0.996990496
h,h,1.2,8.76424415,0.996634066,0.995813545
h,h,1.2,8.78526729,0.996832586,0.998442059
h,h,1.2,8.80637189,0.996297287,0.995286864
h,h,1.2,8.82736896,0.996754721,0.996283368
h,h,1.2,8.84843212,0.99995152,0.994779392
h,h,1.2,8.86933197,0.99879966,0.993826438
h,h,1.2,8.89026857,0.99612823,0.994818526
h,h,1.2,8.91123702,0.998547587,0.994981583
h,h,1.2,8.93214776,0.998897335,0.99553067
h,h,1.2,8.95312097,0.998366529,0.997208529
h,h,1.2,8.9741304,1.00103692,0.996678906
h,h,1.2,8.99505705,0.995468395,0.99640932
h,h,1.2,9.01571368,0.996663923,0.995511889
h,h,1.2,9.03640927,0.997835482,0.995407633
h,h,1.2,9.05755121,0.99794577,0.997075468
h,h,1.2,9.07868023,0.997109134,0.995702896
h,h,1.2,9.09969513,1.00099962,0.996832312
h,h,1.2,9.1205658,0.997151724,0.995789584
h,h,1.2,9.14137844,0.996912899,0.996076115
h,h,1.2,9.16237082,0.996403293,0.995853194
h,h,1.2,9.18339441,0.998901915,0.996218944
h,h,1.2,9.20447395,0.998392111,0.993801528
h,h,1.2,9.22549281,0.997967255,0.994978542
h,h,1.2,9.2463962,0.999172792,0.997342903
h,h,1.2,9.26722673,0.998129031,0.996530214
h,h,1.2,9.28791689,0.998321012,0.997279381
h,h,1.2,9.30892724,0.997405818,0.998028986
h,h,1.2,9.33003065,0.998382046,0.998218739
h,h,1.2,9.35102864,0.996530257,0.998819469
h,h,1.2,9.37196601,0.997086403,0.996026018
h,h,1.2,9.39258783,0.999634209,0.997263764
h,h,1.2,9.41349621,0.997488701,0.997969924
h,h,1.2,9.4347927,0.996218295,0.997555928
h,h,1.2,9.45587737,0.998194426,0.997374542
h,h,1.2,9.47676866,0.997665157,0.995832959
h,h,1.2,9.49762777,0.99863643,0.998509877
h,h,1.2,9.51852362,1.00016688,0.998676739
h,h,1.2,9.53939795,0.997438725,0.998698829
h,h,1.2,9.56035551,0.996020013,0.999071397
h,h,1.2,9.58149741,0.998986575,0.995177468
h,h,1.2,9.60249587,0.998405613,0.996210881
h,h,1.2,9.62336478,0.99696859,0.99646561
h,h,1.2,9.64415055,0.995584082,0.997272699
h,h,1.2,9.66502224,1.00005555,0.997497934
h,h,1.2,9.68597433,0.998860435,0.997593754
h,h,1.2,9.7069728,0.998355818,0.998488788
h,h,1.2,9.72797765,0.998218314,0.996094874
h,h,1.2,9.74896401,0.999027929,0.996728482
h,h,1.2,9.76996217,0.99827995,0.999374036
h,h,1.2,9.79085678,0.999036052,0.996317639
h,h,1.2,9.81166698,0.998244785,0.997838634
h,h,1.2,9.83262494,0.997728936,0.997046074
h,h,1.2,9.85372265,0.99963204,0.998149178
h,h,1.2,9.87472665,0.99822244,0.999103374
h,h,1.2,9.89559934,0.99854931,0.998140616
h,h,1.2,9.91635289,0.998552782,0.998572383
h,h,1.2,9.93737645,0.999237773,0.997067768
h,h,1.2,9.95856995,0.997996021,0.995941691
h,h,1.2,9.97940815,0.99797544,0.998980497
h,h,1.2,10.000082,0.997435784,0.997980588
h,h,1.4,0.0252815853,0.0511820212,0.00996998045
h,h,1.4,0.0486976344,0.0530254636,0.0112144743
h,h,1.4,0.0692644017,0.0531724629,0.0135501606
h,h,1.4,0.08877835,0.0523615921,0.0161369098
h,h,1.4,0.111604297,0.0557236239,0.0198411403
h,h,1.4,0.132731806,0.0557541345,0.0244096625
h,h,1.4,0.153672181,0.0578427962,0.0293773267
h,h,1.4,0.175641863,0.0587189824,0.035561751
h,h,1.4,0.196615509,0.0597474722,0.0423905928
h,h,1.4,0.217326708,0.0618591761,0.0496248578
h,h,1.4,0.237538457,0.0629528123,0.0559863082
h,h,1.4,0.258148683,0.0642781519,0.064422656
h,h,1.4,0.28040349,0.0664127764,0.0737104444
h,h,1.4,0.301929084,0.0683015873,0.0844338293
h,h,1.4,0.322287413,0.0710600468,0.0941998065
h,h,1.4,0.342663331,0.0728903799,0.105242648
h,h,1.4,0.363641289,0.0751361084,0.116220563
h,h,1.4,0.385602948,0.0784101508,0.128513466
h,h,1.4,0.406737165,0.0808370512,0.14066339
h,h,1.4,0.427001871,0.0841156637,0.153041217
h,h,1.4,0.448754416,0.0866431545,0.169221186
h,h,1.4,0.469601745,0.0898677546,0.183114728
h,h,1.4,0.489805379,0.0938815257,0.197738292
h,h,1.4,0.510302494,0.0976946712,0.213916739
h,h,1.4,0.53178319,0.100308118,0.230059106
h,h,1.4,0.553922362,0.104955041,0.245540551
h,h,1.4,0.574670041,0.108859666,0.263147206
h,h,1.4,0.594645701,0.113462663,0.277953117
h,h,1.4,0.615540037,0.116845565,0.29312999
h,h,1.4,0.636554081,0.122743697,0.311456269
h,h,1.4,0.658102417,0.126409571,0.33397739
h,h,1.4,0.679189641,0.130496439,0.348521786
h,h,1.4,0.700054044,0.134921856,0.368217276
h,h,1.4,0.721329826,0.140426038,0.385770021
h,h,1.4,0.742033923,0.145607182,0.408682461
h,h,1.4,0.762614581,0.15138107,0.425168475
h,h,1.4,0.783270495,0.157905159,0.444620639
h,h,1.4,0.804783918,0.16235781,0.468239559
h,h,1.4,0.826095906,0.169824435,0.490080703
h,h,1.4,0.846303977,0.176131934,0.506686565
h,h,1.4,0.867174819,0.181645417,0.526341828
h,h,1.4,0.888413258,0.188131677,0.550576086
h,h,1.4,0.909910564,0.195171413,0.570463691
h,h,1.4,0.931134698,0.201401574,0.587785226
h,h,1.4,0.951563161,0.209182181,0.611026293
h,h,1.4,0.972160451,0.214791943,0.629997897
h,h,1.4,0.993008165,0.2220945,0.646240613
h,h,1.4,1.0140906,0.229672803,0.669871477
h,h,1.4,1.03500338,0.238158654,0.683012326
h,h,1.4,1.05657413,0.246903897,0.706963809
h,h,1.4,1.07789814,0.253630769,0.722738209
h,h,1.4,1.09835045,0.264506741,0.741671634
h,h,1.4,1.11903902,0.270212749,0.762729
h,h,1.4,1.1396405,0.280842728,0.778186539
h,h,1.4,1.16109193,0.291410755,0.793714005
h,h,1.4,1.18227503,0.298642807,0.807941573
h,h,1.4,1.2030555,0.307704397,0.830251929
h,h,1.4,1.22375183,0.318704885,0.838750727
h,h,1.4,1.24453484,0.329173243,0.854953186
h,h,1.4,1.26570671,0.335579573,0.869243595
h,h,1.4,1.28693994,0.348138662,0.884702411
h,h,1.4,1.30807124,0.357860789,0.897510742
h,h,1.4,1.32889646,0.370579284,0.9078728
h,h,1.4,1.34945121,0.381454806,0.921696049
h,h,1.4,1.37055188,0.393433101,0.929771077
h,h,1.4,1.39148285,0.401903301,0.938159769
h,h,1.4,1.41220445,0.413199078,0.94284257
h,h,1.4,1.43352474,0.424492523,0.958109889
h,h,1.4,1.45454751,0.438033316,0.963629298
h,h,1.4,1.47511055,0.449778425,0.972317916
h,h,1.4,1.49566583,0.460288468,0.974114935
h,h,1.4,1.51690776,0.471020106,0.980196323
h,h,1.4,1.53826425,0.48688508,0.987289371
h,h,1.4,1.55931449,0.497973418,0.987481084
h,h,1.4,1.58012172,0.510908965,0.99933827
h,h,1.4,1.60114355,0.523026523,0.996942408
h,h,1.4,1.62229155,0.535334326,0.998904198
h,h,1.4,1.64295947,0.547607425,0.999544187
h,h,1.4,1.66366432,0.5573197,1.00721416
h,h,1.4,1.68478217,0.569151548,1.00956771
h,h,1.4,1.7057485,0.582397219,1.0116294
h,h,1.4,1.72683745,0.595948324,1.01501837
h,h,1.4,1.74765849,0.609720658,1.00996509
h,h,1.4,1.76847487,0.618538171,1.01080902
h,h,1.4,1.78961871,0.632709088,1.00771519
h,h,1.4,1.81086098,0.642877994,1.01345745
h,h,1.4,1.83179094,0.654580536,1.01027212
h,h,1.4,1.8521746,0.666966566,1.01070474
h,h,1.4,1.8733654,0.678746377,1.01365926
h,h,1.4,1.89455538,0.688834879,1.00724781
h,h,1.4,1.91534795,0.700461916,1.01555432
h,h,1.4,1.93623233,0.709926192,1.00855432
h,h,1.4,1.9571481,0.717294423,1.01066807
h,h,1.4,1.97825109,0.729388363,1.01374219
h,h,1.4,1.99905898,0.741030106,1.00493213
h,h,1.4,2.01966715,0.746767224,1.00402494
h,h,1.4,2.04082415,0.758681698,1.00712689
h,h,1.4,2.06193171,0.769823384,1.00181054
h,h,1.4,2.08296048,0.781695841,0.999753484
h,h,1.4,2.10383017,0.785021006,0.998972771
h,h,1.4,2.12494312,0.79304543,1.00390862
h,h,1.4,2.14618475,0.801167979,0.998091565
h,h,1.4,2.16679298,0.807760044,0.999033161
h,h,1.4,2.18753482,0.817641082,0.996773146
h,h,1.4,2.20847027,0.82270569,0.996836533
h,h,1.4,2.22955181,0.829324315,0.987196453
h,h,1.4,2.25078374,0.837077794,0.990807465
h,h,1.4,2.27150159,0.844143632,0.984701213
h,h,1.4,2.29205574,0.847472131,0.983241689
h,h,1.4,2.31294326,0.855757346,0.992536516
h,h,1.4,2.3340363,0.858985533,0.981079144
h,h,1.4,2.35514399,0.864948547,0.984495669
h,h,1.4,2.37607726,0.867424148,0.980366859
h,h,1.4,2.39730341,0.872286362,0.982570708
h,h,1.4,2.41857203,0.876270528,0.986015205
h,h,1.4,2.43911056,0.881775146,0.983324941
h,h,1.4,2.45988005,0.884308754,0.981973916
h,h,1.4,2.48094151,0.889055142,0.982309753
h,h,1.4,2.50196601,0.891140448,0.982015929
h,h,1.4,2.52300496,0.890767577,0.976694694
h,h,1.4,2.54340089,0.897214714,0.977833277
h,h,1.4,2.56415297,0.902448556,0.973657389
h,h,1.4,2.58575836,0.903426526,0.977114943
h,h,1.4,2.60684428,0.905424434,0.975761816
h,h,1.4,2.62775949,0.909328674,0.972766764
h,h,1.4,2.64834355,0.914011766,0.972929241
h,h,1.4,2.66912062,0.912678198,0.975270819
h,h,1.4,2.69039946,0.916486816,0.970384556
h,h,1.4,2.71121518,0.919316945,0.975434842
h,h,1.4,2.7321837,0.916247082,0.976894293
h,h,1.4,2.75306239,0.924690433,0.974211392
h,h,1.4,2.77427049,0.920900662,0.975142535
h,h,1.4,2.79557932,0.923666503,0.971980306
h,h,1.4,2.8160646,0.925354348,0.975257672
h,h,1.4,2.83689478,0.928337678,0.978129041
h,h,1.4,2.85801727,0.929307523,0.975396868
h,h,1.4,2.87906973,0.929464375,0.974495368
h,h,1.4,2.89996898,0.929402926,0.973217495
h,h,1.4,2.92062944,0.93533477,0.972450437
h,h,1.4,2.941605,0.936709594,0.978283396
h,h,1.4,2.96267076,0.938063694,0.973707177
h,h,1.4,2.98347442,0.939960794,0.972284423
h,h,1.4,3.00437656,0.939408097,0.973643733
h,h,1.4,3.02542142,0.941677855,0.979135793
h,h,1.4,3.04658726,0.941131527,0.976381676
h,h,1.4,3.06768101,0.94027104,0.976649381
h,h,1.4,3.088328,0.946413452,0.972562643
h,h,1.4,3.10931167,0.94902334,0.97644104
h,h,1.4,3.1305457,0.946975381,0.975148693
h,h,1.4,3.15150209,0.946864571,0.976432755
h,h,1.4,3.17219014,0.948089821,0.975844239
h,h,1.4,3.19299024,0.949756791,0.975145863
h,h,1.4,3.21390436,0.949644097,0.977515778
h,h,1.4,3.23506564,0.949312592,0.978315854
h,h,1.4,3.25605387,0.954061794,0.976380464
h,h,1.4,3.27685776,0.953666265,0.980243616
h,h,1.4,3.29794723,0.955452832,0.976877583
h,h,1.4,3.31884778,0.955498059,0.980604432
h,h,1.4,3.33944269,0.955650308,0.982622911
h,h,1.4,3.36030612,0.956028966,0.982058626
h,h,1.4,3.38171654,0.957153386,0.977139647
h,h,1.4,3.40297495,0.960462777,0.976202176
h,h,1.4,3.42370792,0.957965784,0.983286909
h,h,1.4,3.44440875,0.962838026,0.981231537
h,h,1.4,3.465315,0.960203939,0.979638231
h,h,1.4,3.4865867,0.960757655,0.979064629
h,h,1.4,3.50751221,0.963400229,0.980562768
h,h,1.4,3.52796741,0.964983615,0.979866198
h,h,1.4,3.5488788,0.96422175,0.979357278
h,h,1.4,3.57014151,0.966066646,0.981737513
h,h,1.4,3.59120365,0.965916852,0.978684007
h,h,1.4,3.61190928,0.966586849,0.984099121
h,h,1.4,3.63300558,0.967047804,0.98342411
h,h,1.4,3.6541422,0.968355973,0.980346375
h,h,1.4,3.67500902,0.969235771,0.98305551
h,h,1.4,3.69581564,0.970573875,0.985736986
h,h,1.4,3.71644729,0.97225696,0.985619279
h,h,1.4,3.73749774,0.972645026,0.985417456
h,h,1.4,3.75868086,0.973234835,0.98685746
h,h,1.4,3.77950549,0.977733974,0.987514771
h,h,1.4,3.80027286,0.975623428,0.98630012
h,h,1.4,3.82143123,0.978449615,0.988047076
h,h,1.4,3.84280481,0.974368961,0.987383239
h,h,1.4,3.86349282,0.975697034,0.987792389
h,h,1.4,3.88417456,0.976224572,0.986978486
h,h,1.4,3.90535419,0.978825216,0.986194866
h,h,1.4,3.9264697,0.9764396,0.986283872
h,h,1.4,3.94738681,0.983953408,0.98973195
h,h,1.4,3.96810309,0.980163906,0.985036814
h,h,1.4,3.98888694,0.980187719,0.988588725
h,h,1.4,4.00993371,0.980196721,0.991112025
h,h,1.4,4.03080983,0.983120457,0.990881454
h,h,1.4,4.05178039,0.98650967,0.991779415
h,h,1.4,4.07276799,0.982271985,0.989364079
h,h,1.4,4.09368684,0.984989637,0.99121399
h,h,1.4,4.11485609,0.980524875,0.989431027
h,h,1.4,4.13583188,0.987142147,0.993605767
h,h,1.4,4.15670688,0.98401575,0.995188104
h,h,1.4,4.17758774,0.987114864,0.996437406
h,h,1.4,4.19867141,0.987359089,0.992386833
h,h,1.4,4.21961517,0.987914411,0.996427708
h,h,1.4,4.24013393,0.987550508,0.995174034
h,h,1.4,4.26119077,0.986695578,0.995320954
h,h,1.4,4.28239268,0.988804798,0.998249301
h,h,1.4,4.30342826,0.989584508,0.996281503
h,h,1.4,4.32431592,0.987489369,0.997898991
h,h,1.4,4.34508479,0.989934468,0.999224361
h,h,1.4,4.36604259,0.992600454,0.999371644
h,h,1.4,4.38708086,0.992415386,0.998731791
h,h,1.4,4.40778797,0.994132088,0.999401967
h,h,1.4,4.4288526,0.992980847,0.997222919
h,h,1.4,4.44994967,0.99113482,0.997944699
h,h,1.4,4.47085438,0.994799343,0.99944113
h,h,1.4,4.49188801,0.9923745,0.999827101
h,h,1.4,4.51250216,0.992298159,0.997907856
h,h,1.4,4.5334461,0.992056048,0.998526597
h,h,1.4,4.55463591,0.995389653,1.00151908
h,h,1.4,4.57547609,0.994646533,1.00068876
h,h,1.4,4.59643311,0.996983975,0.999718673
h,h,1.4,4.61732903,0.995409094,1.00373213
h,h,1.4,4.63833098,0.994447605,1.00328171
h,h,1.4,4.65949324,0.995393986,1.00026976
h,h,1.4,4.68039693,0.997521405,1.00277425
h,h,1.4,4.70136745,0.996934546,1.00400194
h,h,1.4,4.72221533,0.995309394,1.0047621
h,h,1.4,4.74309374,0.997877302,1.00590097
h,h,1.4,4.76390784,0.998562584,1.00149152
h,h,1.4,4.78491795,0.99783416,1.00309457
h,h,1.4,4.80636204,1.00075874,1.00372129
h,h,1.4,4.82728449,0.995789604,1.00324793
h,h,1.4,4.84785524,0.997005045,1.00239381
h,h,1.4,4.86859731,0.99890094,1.00450008
h,h,1.4,4.88954319,0.997867798,1.00524616
h,h,1.4,4.91078695,0.999509568,1.00490489
h,h,1.4,4.93172016,0.999957227,1.00795699
h,h,1.4,4.95244063,0.997220958,1.00572015
h,h,1.4,4.97348932,0.999723595,1.00811846
h,h,1.4,4.994309,1.00173798,1.00624918
h,h,1.4,5.01515697,1.00094513,1.0080648
h,h,1.4,5.03598003,1.00134789,1.00928925
h,h,1.4,5.05703237,1.00084737,1.00635579
h,h,1.4,5.07840332,1.000588,1.00622275
h,h,1.4,5.09943841,0.998813141,1.0078488
h,h,1.4,5.12032938,1.00128056,1.00384348
h,h,1.4,5.14107614,1.00054661,1.00392679
h,h,1.4,5.16214077,1.0004349,1.00796701
h,h,1.4,5.18341099,1.00155591,1.0081945
h,h,1.4,5.2041075,1.0044243,1.00556647
h,h,1.4,5.22477891,1.00076385,1.00783841
h,h,1.4,5.24557967,1.00325796,1.00659915
h,h,1.4,5.26649236,0.999908601,1.00347344
h,h,1.4,5.28753131,1.00106605,1.00956119
h,h,1.4,5.30847064,1.00463419,1.0069372
h,h,1.4,5.32946745,1.00194112,1.00715291
h,h,1.4,5.3506922,0.999066949,1.01022296
h,h,1.4,5.37158853,1.00232045,1.00864618
h,h,1.4,5.39231925,1.00336163,1.00916971
h,h,1.4,5.41333352,1.00053779,1.00623861
h,h,1.4,5.43434316,0.999559682,1.00914724
h,h,1.4,5.45530659,1.00307746,1.00520404
h,h,1.4,5.47618498,1.00149182,1.00661406
h,h,1.4,5.49715755,1.00256309,1.00947855
h,h,1.4,5.51801586,1.0042465,1.00911724
h,h,1.4,5.53881995,1.00294745,1.00918993
h,h,1.4,5.55992514,0.999349253,1.00616604
h,h,1.4,5.58098545,1.00461443,1.00756854
h,h,1.4,5.60183772,1.0025063,1.00919811
h,h,1.4,5.62277584,1.00120775,1.00870708
h,h,1.4,5.64379172,1.00210192,1.00685908
h,h,1.4,5.66460817,1.00510219,1.0073323
h,h,1.4,5.68556022,1.00315797,1.00893812
h,h,1.4,5.7067909,1.00036353,1.00841219
h,h,1.4,5.72769317,1.00598344,1.00990144
h,h,1.4,5.74840017,1.00505158,1.00596801
h,h,1.4,5.76938192,1.00480517,1.00771894
h,h,1.4,5.79039764,1.00519239,1.00804818
h,h,1.4,5.81144039,1.00227891,1.00888111
h,h,1.4,5.83232115,1.00321859,1.00766273
h,h,1.4,5.85320209,1.00362824,1.00526951
h,h,1.4,5.87418919,1.00326053,1.00492353
h,h,1.4,5.89509625,1.00534514,1.00868816
h,h,1.4,5.9159726,1.00330952,1.00526317
h,h,1.4,5.93682663,1.00119012,1.0053924
h,h,1.4,5.95791772,1.004428,1.00757221
h,h,1.4,5.97900675,1.00323089,1.00898085
h,h,1.4,5.99978945,1.00649417,1.00955342
h,h,1.4,6.02063577,1.00285662,1.00953032
h,h,1.4,6.04156421,1.00583314,1.00750958
h,h,1.4,6.06259364,1.00315248,1.00845796
h,h,1.4,6.08377541,1.00621331,1.00975884
h,h,1.4,6.10447051,1.00070332,1.00577599
h,h,1.4,6.12538157,1.00506817,1.00831868
h,h,1.4,6.14660689,1.00619807,1.00875975
h,h,1.4,6.16752321,1.0031622,1.00632116
h,h,1.4,6.18833806,1.00528381,1.00650323
h,h,1.4,6.20938667,1.00156795,1.00669813
h,h,1.4,6.23052184,1.00320904,1.00793742
h,h,1.4,6.25137137,1.00377323,1.00639286
h,h,1.4,6.27204484,1.00451115,1.00851449
h,h,1.4,6.29290789,1.00524891,1.00281959
h,h,1.4,6.31382104,1.0026892,1.00731834
h,h,1.4,6.33495691,1.00370559,1.00662486
h,h,1.4,6.35600914,1.00288729,1.00470135
h,h,1.4,6.37663869,1.00264963,1.00749537
h,h,1.4,6.39770954,1.00407765,1.00524869
h,h,1.4,6.41872759,1.00185084,1.00695978
h,h,1.4,6.43951457,1.00309739,1.00405706
h,h,1.4,6.46033562,1.00339212,1.00604524
h,h,1.4,6.4814564,1.005388,1.00393237
h,h,1.4,6.50265681,1.00352604,1.00432972
h,h,1.4,6.52350383,1.00303113,1.00238977
h,h,1.4,6.54427866,1.0038015,1.00783485
h,h,1.4,6.56515568,1.00329112,1.0035714
h,h,1.4,6.58628576,1.00480867,1.00403948
h,h,1.4,6.60749316,1.00332893,1.00332162
h,h,1.4,6.62830625,1.00181149,1.00452151
h,h,1.4,6.64913567,1.00229939,1.00610664
h,h,1.4,6.67020149,1.00180506,1.00456183
h,h,1.4,6.69106898,1.00070677,1.00470521
h,h,1.4,6.71185955,1.00222073,1.00491051
h,h,1.4,6.73264651,1.0030133,0.999942022
h,h,1.4,6.7537045,1.00326451,0.999921111
h,h,1.4,6.77487174,1.0039074,1.00112802
h,h,1.4,6.79557562,1.00070755,1.00108262
h,h,1.4,6.81648781,1.00168287,1.00343536
h,h,1.4,6.83753747,1.00142247,1.00358063
h,h,1.4,6.85867557,1.00204437,1.0022623
h,h,1.4,6.87985316,1.00085048,0.999804801
h,h,1.4,6.90065786,1.00168226,1.00375122
h,h,1.4,6.92153112,1.00223989,1.00161234
h,h,1.4,6.94229803,1.00125875,1.00262361
h,h,1.4,6.9630016,0.999820991,1.00191228
h,h,1.4,6.98416877,1.00271623,1.00022028
h,h,1.4,7.0052781,1.00013192,1.00157975
h,h,1.4,7.02617612,1.00165427,1.00162889
h,h,1.4,7.04699526,0.999288541,1.00078687
h,h,1.4,7.06761685,1.00406528,1.00083402
h,h,1.4,7.08873369,1.00024033,1.00064735
h,h,1.4,7.10994937,0.999779008,1.00174735
h,h,1.4,7.13102893,0.999977015,0.999120917
h,h,1.4,7.15201412,1.00069668,1.00100167
h,h,1.4,7.17271336,0.999380451,1.0013797
h,h,1.4,7.19374266,1.00063388,1.00196009
h,h,1.4,7.21473042,0.999784232,0.999747398
h,h,1.4,7.23564263,0.997951991,1.00232163
h,h,1.4,7.25666289,1.00162513,0.999786865
h,h,1.4,7.27757645,1.00096845,0.999955014
h,h,1.4,7.2984411,1.00103286,0.99926952
h,h,1.4,7.31917384,1.00059111,0.99884863
h,h,1.4,7.34001688,1.00039659,1.0015727
h,h,1.4,7.3611683,1.00046223,0.99924504
h,h,1.4,7.38224284,0.999564571,0.998693795
h,h,1.4,7.40324015,1.00031758,1.00173083
h,h,1.4,7.42408854,1.00065182,1.00099624
h,h,1.4,7.44500634,1.00268078,0.997846869
h,h,1.4,7.46595959,1.00205426,0.999448436
h,h,1.4,7.48696308,1.0010862,1.0008372
h,h,1.4,7.5079936,0.999409941,0.998441622
h,h,1.4,7.52871967,1.00215131,1.00130302
h,h,1.4,7.54966921,1.00276132,0.998944451
h,h,1.4,7.57064902,0.999027582,0.998289043
h,h,1.4,7.59151428,1.0012187,0.997473367
h,h,1.4,7.6123809,0.998950124,0.997899495
h,h,1.4,7.63338324,0.998605609,0.998438607
h,h,1.4,7.65450532,0.999826258,0.998409606
h,h,1.4,7.67556944,1.00049498,0.998800886
h,h,1.4,7.69637751,0.998825975,0.997223982
h,h,1.4,7.71727216,0.999106868,0.99758732
h,h,1.4,7.73835725,0.999390122,0.998877415
h,h,1.4,7.75934923,0.99881548,0.997758675
h,h,1.4,7.78023116,1.00165866,0.999820916
h,h,1.4,7.80098697,0.998707429,0.999489553
h,h,1.4,7.82190677,0.996836358,0.997400853
h,h,1.4,7.84304931,0.999729698,0.998004135
h,h,1.4,7.86405132,1.00020269,0.996558839
h,h,1.4,7.88484553,0.999596295,0.997593987
h,h,1.4,7.90574885,0.998651114,0.997018366
h,h,1.4,7.9267531,0.999015037,0.996872143
h,h,1.4,7.94765228,0.999414906,0.995845161
h,h,1.4,7.96842304,0.997752261,0.99708674
h,h,1.4,7.98938616,0.999115352,0.996674903
h,h,1.4,8.01050815,1.0009713,0.997801979
h,h,1.4,8.03153334,0.999824606,0.997480733
h,h,1.4,8.05240251,0.997418002,0.998114784
h,h,1.4,8.07332696,0.999648343,0.995624548
h,h,1.4,8.09438514,0.998741628,0.996676137
h,h,1.4,8.11529588,1.00059734,0.998600445
h,h,1.4,8.13618411,0.999761692,0.997315562
h,h,1.4,8.15717855,0.997552077,0.995752647
h,h,1.4,8.17807847,0.997443316,0.999870023
h,h,1.4,8.19905269,0.999505997,0.997848946
h,h,1.4,8.21991085,0.997544279,0.996482488
h,h,1.4,8.24078529,0.998716894,0.994426098
h,h,1.4,8.26195652,0.997782406,0.997503496
h,h,1.4,8.28293039,0.999850397,0.994237755
h,h,1.4,8.30373423,0.998309596,0.998111148
h,h,1.4,8.32452583,0.997980627,0.99698582
h,h,1.4,8.34556221,1.00073096,0.996372576
h,h,1.4,8.36671927,0.999677958,0.998051737
h,h,1.4,8.38757523,0.996867255,0.998412043
h,h,1.4,8.40855808,0.997896847,0.997686931
h,h,1.4,8.42953585,0.998931306,0.993936974
h,h,1.4,8.45042977,0.998269217,0.99715006
h,h,1.4,8.47138662,1.00067103,0.993654188
h,h,1.4,8.49217243,0.997474987,0.995544978
h,h,1.4,8.51321806,0.999461105,0.995508451
h,h,1.4,8.53421183,0.998103145,0.996253435
h,h,1.4,8.55508292,1.00158408,0.993518662
h,h,1.4,8.57598662,0.999354275,0.997363139
h,h,1.4,8.59679232,0.999715416,0.997356647
h,h,1.4,8.61783107,0.999146691,0.994329894
h,h,1.4,8.63891768,0.998598705,0.997843028
h,h,1.4,8.65972861,0.997474067,0.995966363
h,h,1.4,8.68059853,0.998404873,0.996211362
h,h,1.4,8.70174168,0.998782673,0.997487943
h,h,1.4,8.72279566,0.998161827,0.997325284
h,h,1.4,8.74359241,1.00035289,0.996903394
h,h,1.4,8.76424415,1.00089106,0.99366871
h,h,1.4,8.78526729,0.999625088,0.996101842
h,h,1.4,8.80637189,0.998090331,0.996147032
h,h,1.4,8.82736896,0.997078963,0.995035397
h,h,1.4,8.84843212,0.998603263,0.99626324
h,h,1.4,8.86933197,0.996958935,0.996581688
h,h,1.4,8.89026857,0.996431349,0.995332644
h,h,1.4,8.91123702,0.998160153,0.996846693
h,h,1.4,8.93214776,0.998871913,0.997056644
h,h,1.4,8.95312097,0.998084686,0.996220255
h,h,1.4,8.9741304,0.998191251,0.997246037
h,h,1.4,8.99505705,0.996294841,0.995864425
h,h,1.4,9.01571368,0.995380184,0.996290978
h,h,1.4,9.03640927,0.997972875,0.995851757
h,h,1.4,9.05755121,0.999134421,0.997755632
h,h,1.4,9.07868023,0.996873119,0.998211784
h,h,1.4,9.09969513,0.998441153,0.993793977
h,h,1.4,9.1205658,0.999049611,0.99499139
h,h,1.4,9.14137844,0.997510125,0.997247447
h,h,1.4,9.16237082,0.998648993,0.996268022
h,h,1.4,9.18339441,0.997230856,0.998279849
h,h,1.4,9.20447395,0.999726354,0.99653287
h,h,1.4,9.22549281,0.996874902,0.996151492
h,h,1.4,9.2463962,0.998334273,0.996492678
h,h,1.4,9.26722673,0.999261628,0.996150984
h,h,1.4,9.28791689,0.99873282,0.997481118
h,h,1.4,9.30892724,1.00018967,0.998691899
h,h,1.4,9.33003065,0.997802767,0.994572266
h,h,1.4,9.35102864,0.997828536,0.996627652
h,h,1.4,9.37196601,0.998992267,0.997126792
h,h,1.4,9.39258783,1.00010932,0.996853735
h,h,1.4,9.41349621,0.99677648,0.99662276
h,h,1.4,9.4347927,0.998080273,0.996439761
h,h,1.4,9.45587737,0.996155457,0.99698115
h,h,1.4,9.47676866,0.997839524,0.998430147
h,h,1.4,9.49762777,0.999157739,0.995962688
h,h,1.4,9.51852362,0.999216162,0.995468138
h,h,1.4,9.53939795,0.997046742,0.996669918
h,h,1.4,9.56035551,0.999124374,0.996177968
h,h,1.4,9.58149741,0.997906556,0.997655248
h,h,1.4,9.60249587,0.997768059,0.998136664
h,h,1.4,9.62336478,0.998350976,0.997709651
h,h,1.4,9.64415055,0.99880268,1.00043396
h,h,1.4,9.66502224,0.994987204,0.998237983
h,h,1.4,9.68597433,0.99795762,0.997149198
h,h,1.4,9.7069728,0.997251331,0.998681449
h,h,1.4,9.72797765,0.998678414,0.997747196
h,h,1.4,9.74896401,0.999258348,0.99771195
h,h,1.4,9.76996217,0.998598349,0.997474408
h,h,1.4,9.79085678,0.997440631,0.999622238
h,h,1.4,9.81166698,0.99992285,0.998952543
h,h,1.4,9.83262494,0.999976954,0.998296401
h,h,1.4,9.85372265,0.997524138,0.998153084
h,h,1.4,9.87472665,0.998047319,0.99806155
h,h,1.4,9.89559934,0.998285951,0.999301745
h,h,1.4,9.91635289,0.99825253,0.997528
h,h,1.4,9.93737645,0.999025093,1.000322
h,h,1.4,9.95856995,0.998039382,0.997211735
h,h,1.4,9.97940815,0.998748258,0.996477664
h,h,1.4,10.000082,0.999930975,0.998155053
h,h,1.6,0.0252815853,0.0527609159,0.0130858841
h,h,1.6,0.0486976344,0.0540516507,0.014567078
h,h,1.6,0.0692644017,0.0546613951,0.0166162702
h,h,1.6,0.08877835,0.0534713637,0.0193532416
h,h,1.6,0.111604297,0.0552523826,0.023243414
h,h,1.6,0.132731806,0.0557821243,0.027543074
h,h,1.6,0.153672181,0.0567349711,0.0321250678
h,h,1.6,0.175641863,0.0592310337,0.0392369307
h,h,1.6,0.196615509,0.0590735555,0.044309111
h,h,1.6,0.217326708,0.0611765185,0.0515317829
h,h,1.6,0.237538457,0.0635178633,0.0603064021
h,h,1.6,0.258148683,0.0636507303,0.0676639531
h,h,1.6,0.28040349,0.0670861221,0.0786630823
h,h,1.6,0.301929084,0.0689251552,0.0882359273
h,h,1.6,0.322287413,0.0705487068,0.0979934304
h,h,1.6,0.342663331,0.0734421604,0.108970418
h,h,1.6,0.363641289,0.075443992,0.119788064
h,h,1.6,0.385602948,0.0779430979,0.131815964
h,h,1.6,0.406737165,0.0809395552,0.145792941
h,h,1.6,0.427001871,0.0838365597,0.157033395
h,h,1.6,0.448754416,0.086875473,0.172251889
h,h,1.6,0.469601745,0.0906595387,0.187894565
h,h,1.6,0.489805379,0.0926724803,0.200450177
h,h,1.6,0.510302494,0.0971900168,0.215000626
h,h,1.6,0.53178319,0.10089963,0.233017047
h,h,1.6,0.553922362,0.104863877,0.246492373
h,h,1.6,0.574670041,0.109113811,0.263504692
h,h,1.6,0.594645701,0.113185069,0.278840621
h,h,1.6,0.615540037,0.11792437,0.297592735
h,h,1.6,0.636554081,0.121650642,0.31637582
h,h,1.6,0.658102417,0.12634709,0.332455691
h,h,1.6,0.679189641,0.131377994,0.352305582
h,h,1.6,0.700054044,0.135265595,0.370919456
h,h,1.6,0.721329826,0.140793605,0.389953769
h,h,1.6,0.742033923,0.146071021,0.410665039
h,h,1.6,0.762614581,0.150970785,0.426688756
h,h,1.6,0.783270495,0.156887969,0.448812006
h,h,1.6,0.804783918,0.162443272,0.46951941
h,h,1.6,0.826095906,0.168524594,0.488822219
h,h,1.6,0.846303977,0.174968137,0.508154221
h,h,1.6,0.867174819,0.180286352,0.527929084
h,h,1.6,0.888413258,0.186979219,0.549041134
h,h,1.6,0.909910564,0.194429461,0.572260369
h,h,1.6,0.931134698,0.201186475,0.588902377
h,h,1.6,0.951563161,0.209760807,0.609802709
h,h,1.6,0.972160451,0.21509691,0.636458928
h,h,1.6,0.993008165,0.223906876,0.646296233
h,h,1.6,1.0140906,0.231385899,0.668741682
h,h,1.6,1.03500338,0.23759995,0.689935647
h,h,1.6,1.05657413,0.246896112,0.70912382
h,h,1.6,1.07789814,0.254047493,0.729301428
h,h,1.6,1.09835045,0.263118853,0.743640235
h,h,1.6,1.11903902,0.272659691,0.76511214
h,h,1.6,1.1396405,0.28097862,0.779694595
h,h,1.6,1.16109193,0.289786648,0.795837046
h,h,1.6,1.18227503,0.297806993,0.811489835
h,h,1.6,1.2030555,0.308188761,0.827108489
h,h,1.6,1.22375183,0.316658132,0.843517826
h,h,1.6,1.24453484,0.331877938,0.856870704
h,h,1.6,1.26570671,0.335849384,0.873043577
h,h,1.6,1.28693994,0.348474057,0.883612577
h,h,1.6,1.30807124,0.359174259,0.894462742
h,h,1.6,1.32889646,0.369213483,0.905794921
h,h,1.6,1.34945121,0.377502165,0.918404497
h,h,1.6,1.37055188,0.390557382,0.933178106
h,h,1.6,1.39148285,0.40420083,0.937501504
h,h,1.6,1.41220445,0.41280378,0.951718395
h,h,1.6,1.43352474,0.426134429,0.952931664
h,h,1.6,1.45454751,0.437382302,0.961536682
h,h,1.6,1.47511055,0.449314339,0.971305895
h,h,1.6,1.49566583,0.461554776,0.97956904
h,h,1.6,1.51690776,0.470442178,0.979668082
h,h,1.6,1.53826425,0.485912854,0.987415193
h,h,1.6,1.55931449,0.497406202,0.989927504
h,h,1.6,1.58012172,0.51135564,1.00007827
h,h,1.6,1.60114355,0.522650556,1.00030199
h,h,1.6,1.62229155,0.533272425,1.00249679
h,h,1.6,1.64295947,0.546704756,1.00969155
h,h,1.6,1.66366432,0.558944788,1.01171682
h,h,1.6,1.68478217,0.571857854,1.01010973
h,h,1.6,1.7057485,0.58301091,1.01301772
h,h,1.6,1.72683745,0.598233958,1.01359455
h,h,1.6,1.74765849,0.604677902,1.0111323
h,h,1.6,1.76847487,0.6216128,1.01368899
h,h,1.6,1.78961871,0.6325185,1.01343135
h,h,1.6,1.81086098,0.641604062,1.01081654
h,h,1.6,1.83179094,0.655232514,1.00889894
h,h,1.6,1.8521746,0.667398561,1.0117925
h,h,1.6,1.8733654,0.679919536,1.01872183
h,h,1.6,1.89455538,0.689786426,1.01105373
h,h,1.6,1.91534795,0.701682968,1.01205951
h,h,1.6,1.93623233,0.710294368,1.01320757
h,h,1.6,1.9571481,0.71731927,1.00521578
h,h,1.6,1.97825109,0.733064756,1.00907831
h,h,1.6,1.99905898,0.737977869,1.01044779
h,h,1.6,2.01966715,0.752397106,1.00553267
h,h,1.6,2.04082415,0.757618865,1.00574694
h,h,1.6,2.06193171,0.767448174,1.00715011
h,h,1.6,2.08296048,0.774437584,1.00489538
h,h,1.6,2.10383017,0.788219153,1.00084576
h,h,1.6,2.12494312,0.796137313,0.999731583
h,h,1.6,2.14618475,0.800795654,0.996788595
h,h,1.6,2.16679298,0.80728412,0.995466041
h,h,1.6,2.18753482,0.817392083,0.992444535
h,h,1.6,2.20847027,0.822700613,0.990553064
h,h,1.6,2.22955181,0.825402081,0.993847603
h,h,1.6,2.25078374,0.834791147,0.992225949
h,h,1.6,2.27150159,0.841188718,0.991416794
h,h,1.6,2.29205574,0.847727825,0.982630464
h,h,1.6,2.31294326,0.854398495,0.984233561
h,h,1.6,2.3340363,0.857500966,0.983579463
h,h,1.6,2.35514399,0.862564156,0.980503596
h,h,1.6,2.37607726,0.867776889,0.985988355
h,h,1.6,2.39730341,0.875239681,0.980456059
h,h,1.6,2.41857203,0.879701292,0.981010595
h,h,1.6,2.43911056,0.880361561,0.982752431
h,h,1.6,2.45988005,0.887588047,0.978652167
h,h,1.6,2.48094151,0.890758,0.977990474
h,h,1.6,2.50196601,0.894050164,0.977686575
h,h,1.6,2.52300496,0.894114332,0.981753924
h,h,1.6,2.54340089,0.900225301,0.976645323
h,h,1.6,2.56415297,0.901870806,0.978373072
h,h,1.6,2.58575836,0.90457213,0.975265992
h,h,1.6,2.60684428,0.903128613,0.973504665
h,h,1.6,2.62775949,0.905934039,0.978166884
h,h,1.6,2.64834355,0.911719462,0.977375542
h,h,1.6,2.66912062,0.912083115,0.98091988
h,h,1.6,2.69039946,0.915094465,0.974024582
h,h,1.6,2.71121518,0.920586086,0.974139241
h,h,1.6,2.7321837,0.917926459,0.97335916
h,h,1.6,2.75306239,0.918905778,0.973299011
h,h,1.6,2.77427049,0.924573494,0.972919173
h,h,1.6,2.79557932,0.922839297,0.974518921
h,h,1.6,2.8160646,0.925749071,0.973107278
h,h,1.6,2.83689478,0.928080504,0.97626403
h,h,1.6,2.85801727,0.927676435,0.974893537
h,h,1.6,2.87906973,0.927673742,0.976121491
h,h,1.6,2.89996898,0.931257984,0.975672553
h,h,1.6,2.92062944,0.928727384,0.972500767
h,h,1.6,2.941605,0.93279975,0.971044054
h,h,1.6,2.96267076,0.936615717,0.972077703
h,h,1.6,2.98347442,0.930661955,0.971769555
h,h,1.6,3.00437656,0.937069099,0.974268904
h,h,1.6,3.02542142,0.941209462,0.972276794
h,h,1.6,3.04658726,0.940345996,0.975700936
h,h,1.6,3.06768101,0.939868716,0.976942005
h,h,1.6,3.088328,0.940367365,0.972748085
h,h,1.6,3.10931167,0.942144062,0.982434008
h,h,1.6,3.1305457,0.944351451,0.979465318
h,h,1.6,3.15150209,0.949699554,0.977632684
h,h,1.6,3.17219014,0.946781272,0.977623267
h,h,1.6,3.19299024,0.947064623,0.97780514
h,h,1.6,3.21390436,0.947248327,0.977950512
h,h,1.6,3.23506564,0.948896907,0.976955762
h,h,1.6,3.25605387,0.949307937,0.977792798
h,h,1.6,3.27685776,0.950230823,0.975589728
h,h,1.6,3.29794723,0.955363121,0.975421478
h,h,1.6,3.31884778,0.95453053,0.979363624
h,h,1.6,3.33944269,0.956235606,0.979358971
h,h,1.6,3.36030612,0.960043079,0.977475074
h,h,1.6,3.38171654,0.958223256,0.976460574
h,h,1.6,3.40297495,0.961964807,0.979780468
h,h,1.6,3.42370792,0.960320038,0.978184619
h,h,1.6,3.44440875,0.960376857,0.981770994
h,h,1.6,3.465315,0.963778113,0.980048065
h,h,1.6,3.4865867,0.963256869,0.977306152
h,h,1.6,3.50751221,0.963112182,0.982648398
h,h,1.6,3.52796741,0.964875106,0.980569689
h,h,1.6,3.5488788,0.96594057,0.983318357
h,h,1.6,3.57014151,0.963755785,0.981209143
h,h,1.6,3.59120365,0.965399237,0.984439043
h,h,1.6,3.61190928,0.972090232,0.985466668
h,h,1.6,3.63300558,0.969820887,0.981866963
h,h,1.6,3.6541422,0.965023279,0.984941111
h,h,1.6,3.67500902,0.972153508,0.98110231
h,h,1.6,3.69581564,0.966758439,0.983706848
h,h,1.6,3.71644729,0.969874385,0.987090179
h,h,1.6,3.73749774,0.970538152,0.98222946
h,h,1.6,3.75868086,0.97321268,0.984546683
h,h,1.6,3.77950549,0.976304144,0.986464207
h,h,1.6,3.80027286,0.975567389,0.98645014
h,h,1.6,3.82143123,0.978688172,0.987739158
h,h,1.6,3.84280481,0.976382425,0.984544816
h,h,1.6,3.86349282,0.979222338,0.987193494
h,h,1.6,3.88417456,0.976486988,0.988597349
h,h,1.6,3.90535419,0.980888794,0.986882366
h,h,1.6,3.9264697,0.980232998,0.991331226
h,h,1.6,3.94738681,0.979987869,0.987998733
h,h,1.6,3.96810309,0.982078234,0.992943569
h,h,1.6,3.98888694,0.978978019,0.992213727
h,h,1.6,4.00993371,0.983880293,0.99073511
h,h,1.6,4.03080983,0.983837283,0.990628913
h,h,1.6,4.05178039,0.986480807,0.991766736
h,h,1.6,4.07276799,0.984151808,0.994815704
h,h,1.6,4.09368684,0.985463857,0.988565232
h,h,1.6,4.11485609,0.987349778,0.99224325
h,h,1.6,4.13583188,0.984335601,0.990432039
h,h,1.6,4.15670688,0.988305211,0.993069228
h,h,1.6,4.17758774,0.986187072,0.991448734
h,h,1.6,4.19867141,0.984852591,0.991780524
h,h,1.6,4.21961517,0.987314435,0.996554491
h,h,1.6,4.24013393,0.986706693,0.993642501
h,h,1.6,4.26119077,0.991318014,0.994685743
h,h,1.6,4.28239268,0.990995031,0.995652098
h,h,1.6,4.30342826,0.99053784,0.998175726
h,h,1.6,4.32431592,0.98924636,0.994767178
h,h,1.6,4.34508479,0.989067197,0.995175226
h,h,1.6,4.36604259,0.991540959,0.995730496
h,h,1.6,4.38708086,0.99038619,0.999226232
h,h,1.6,4.40778797,0.991465802,1.00037275
h,h,1.6,4.4288526,0.994441055,0.996010117
h,h,1.6,4.44994967,0.993802562,1.00171893
h,h,1.6,4.47085438,0.993865047,0.997548863
h,h,1.6,4.49188801,0.993423434,0.999312773
h,h,1.6,4.51250216,0.994557983,1.00043519
h,h,1.6,4.5334461,0.992197631,1.00024175
h,h,1.6,4.55463591,0.991919109,1.00055101
h,h,1.6,4.57547609,0.993094512,1.00045604
h,h,1.6,4.59643311,0.99393591,1.00039395
h,h,1.6,4.61732903,0.995973676,1.0047646
h,h,1.6,4.63833098,0.996448734,1.00167346
h,h,1.6,4.65949324,0.995166956,1.00184696
h,h,1.6,4.68039693,0.996565028,1.00497678
h,h,1.6,4.70136745,0.997194483,1.00181638
h,h,1.6,4.72221533,0.996061561,1.00068072
h,h,1.6,4.74309374,0.99873023,1.0052751
h,h,1.6,4.76390784,0.998463227,1.00347801
h,h,1.6,4.78491795,0.99547716,1.00346056
h,h,1.6,4.80636204,1.00140463,1.00508587
h,h,1.6,4.82728449,0.995036834,1.00328312
h,h,1.6,4.84785524,0.999604831,1.00620717
h,h,1.6,4.86859731,0.998763575,1.00539159
h,h,1.6,4.88954319,0.996288627,1.00494016
h,h,1.6,4.91078695,0.999920045,1.00419372
h,h,1.6,4.93172016,0.99953359,1.00326027
h,h,1.6,4.95244063,0.998846784,1.00551702
h,h,1.6,4.97348932,0.998630301,1.00612321
h,h,1.6,4.994309,0.996902161,1.00456887
h,h,1.6,5.01515697,1.00083115,1.00415988
h,h,1.6,5.03598003,0.999697997,1.00218395
h,h,1.6,5.05703237,1.00241327,1.00723022
h,h,1.6,5.07840332,1.00149571,1.00404792
h,h,1.6,5.09943841,1.002452,1.0058797
h,h,1.6,5.12032938,0.999980168,1.00486721
h,h,1.6,5.14107614,1.00117882,1.00328178
h,h,1.6,5.16214077,1.0025561,1.00455869
h,h,1.6,5.18341099,1.00035496,1.00782212
h,h,1.6,5.2041075,1.00297362,1.00690941
h,h,1.6,5.22477891,1.00029633,1.00604465
h,h,1.6,5.24557967,1.00048159,1.00819934
h,h,1.6,5.26649236,0.999466691,1.00647989
h,h,1.6,5.28753131,1.00027013,1.00819691
h,h,1.6,5.30847064,1.00154254,1.00916412
h,h,1.6,5.32946745,1.00099772,1.00875426
h,h,1.6,5.3506922,0.99864476,1.00642058
h,h,1.6,5.37158853,1.00283562,1.00941358
h,h,1.6,5.39231925,1.00406893,1.00810869
h,h,1.6,5.41333352,1.00457212,1.00759312
h,h,1.6,5.43434316,1.00116762,1.00598592
h,h,1.6,5.45530659,1.0010952,1.00425077
h,h,1.6,5.47618498,1.00411383,1.0071984
h,h,1.6,5.49715755,1.00561723,1.00673275
h,h,1.6,5.51801586,1.00244328,1.00842389
h,h,1.6,5.53881995,1.00452228,1.00592317
h,h,1.6,5.55992514,1.00164736,1.00969657
h,h,1.6,5.58098545,1.00297673,1.0049749
h,h,1.6,5.60183772,1.00323281,1.00874161
h,h,1.6,5.62277584,1.00151359,1.00860963
h,h,1.6,5.64379172,1.00117753,1.00862999
h,h,1.6,5.66460817,1.00418332,1.00853958
h,h,1.6,5.68556022,1.00317066,1.00886751
h,h,1.6,5.7067909,1.00205789,1.00983642
h,h,1.6,5.72769317,1.00360578,1.01067478
h,h,1.6,5.74840017,1.00184741,1.00886093
h,h,1.6,5.76938192,1.00358615,1.00883963
h,h,1.6,5.79039764,1.0044946,1.00762386
h,h,1.6,5.81144039,1.00198488,1.00557128
h,h,1.6,5.83232115,1.00368187,1.01028594
h,h,1.6,5.85320209,1.00208698,1.0083955
h,h,1.6,5.87418919,1.00358352,1.00871512
h,h,1.6,5.89509625,1.00438391,1.008811
h,h,1.6,5.9159726,1.00302065,1.00859776
h,h,1.6,5.93682663,1.00430973,1.00930639
h,h,1.6,5.95791772,1.00463547,1.00885712
h,h,1.6,5.97900675,1.00209246,1.0050559
h,h,1.6,5.99978945,1.00514326,1.00864676
h,h,1.6,6.02063577,1.00468614,1.00705482
h,h,1.6,6.04156421,1.00253655,1.00859194
h,h,1.6,6.06259364,1.00342441,1.00595899
h,h,1.6,6.08377541,1.00732413,1.00572993
h,h,1.6,6.10447051,1.00604166,1.00695473
h,h,1.6,6.12538157,1.00287764,1.00722178
h,h,1.6,6.14660689,1.00346655,1.00699309
h,h,1.6,6.16752321,1.00280345,1.00515803
h,h,1.6,6.18833806,0.999895108,1.00698101
h,h,1.6,6.20938667,1.00505867,1.00597125
h,h,1.6,6.23052184,1.00076156,1.00789371
h,h,1.6,6.25137137,1.00461253,1.00712666
h,h,1.6,6.27204484,1.00069562,1.00460787
h,h,1.6,6.29290789,1.00135584,1.00598023
h,h,1.6,6.31382104,1.00605819,1.00492336
h,h,1.6,6.33495691,1.00109494,1.00830005
h,h,1.6,6.35600914,1.00471236,1.00640657
h,h,1.6,6.37663869,1.00594832,1.00533808
h,h,1.6,6.39770954,1.0038808,1.00900107
h,h,1.6,6.41872759,0.99968884,1.00731349
h,h,1.6,6.43951457,1.00426902,1.00518341
h,h,1.6,6.46033562,1.00248183,1.00677675
h,h,1.6,6.4814564,1.00355286,1.00553835
h,h,1.6,6.50265681,1.0041386,1.00391796
h,h,1.6,6.52350383,1.00167744,1.00512005
h,h,1.6,6.54427866,1.00331774,1.00650211
h,h,1.6,6.56515568,1.00517702,1.00332962
h,h,1.6,6.58628576,1.00348255,1.00523086
h,h,1.6,6.60749316,1.00289449,1.00374934
h,h,1.6,6.62830625,1.0045498,1.00394657
h,h,1.6,6.64913567,1.00267891,1.00474171
h,h,1.6,6.67020149,1.00350214,1.00232521
h,h,1.6,6.69106898,1.00336166,1.00309985
h,h,1.6,6.71185955,1.00512565,1.00442309
h,h,1.6,6.73264651,1.00167263,1.0029912
h,h,1.6,6.7537045,1.00425343,1.00425033
h,h,1.6,6.77487174,1.00101552,1.00093056
h,h,1.6,6.79557562,1.00008751,1.00583095
h,h,1.6,6.81648781,1.00276243,1.00381326
h,h,1.6,6.83753747,1.00341558,1.00204569
h,h,1.6,6.85867557,1.0044349,1.0007528
h,h,1.6,6.87985316,0.999711843,1.00597929
h,h,1.6,6.90065786,1.00129687,1.00279578
h,h,1.6,6.92153112,1.00123416,1.00338352
h,h,1.6,6.94229803,1.00041971,1.00048523
h,h,1.6,6.9630016,1.00077161,1.00213069
h,h,1.6,6.98416877,1.0031036,1.0022582
h,h,1.6,7.0052781,0.998570229,1.00194203
h,h,1.6,7.02617612,1.00233309,1.00148911
h,h,1.6,7.04699526,1.00008126,1.00356512
h,h,1.6,7.06761685,1.00199868,1.00110685
h,h,1.6,7.08873369,1.00239232,1.00155154
h,h,1.6,7.10994937,1.00379249,0.999627447
h,h,1.6,7.13102893,0.998753164,1.00206453
h,h,1.6,7.15201412,1.00197183,1.00180155
h,h,1.6,7.17271336,1.00047653,1.00011908
h,h,1.6,7.19374266,1.00181512,0.999588215
h,h,1.6,7.21473042,1.00185064,1.0020546
h,h,1.6,7.23564263,0.999618331,1.00071585
h,h,1.6,7.25666289,1.00024191,1.0019638
h,h,1.6,7.27757645,1.00142732,1.00150954
h,h,1.6,7.2984411,1.0024517,1.00204167
h,h,1.6,7.31917384,1.000688,0.997001191
h,h,1.6,7.34001688,1.00106136,0.998061279
h,h,1.6,7.3611683,1.00303324,1.00292159
h,h,1.6,7.38224284,1.00241471,1.00098576
h,h,1.6,7.40324015,0.999550716,1.00015364
h,h,1.6,7.42408854,1.00018021,0.999357559
h,h,1.6,7.44500634,1.00328554,0.998021462
h,h,1.6,7.46595959,0.999872529,0.999727831
h,h,1.6,7.48696308,0.999358313,1.00121231
h,h,1.6,7.5079936,1.0012878,0.999640017
h,h,1.6,7.52871967,1.00162392,0.997985625
h,h,1.6,7.54966921,1.00105645,0.997410916
h,h,1.6,7.57064902,0.998878602,1.00153908
h,h,1.6,7.59151428,0.99916955,0.997924393
h,h,1.6,7.6123809,1.00213462,0.997608291
h,h,1.6,7.63338324,1.00155139,0.996768759
h,h,1.6,7.65450532,0.997811187,1.00018841
h,h,1.6,7.67556944,0.999951118,0.995516521
h,h,1.6,7.69637751,1.00023225,0.998573859
h,h,1.6,7.71727216,0.999593491,0.999121884
h,h,1.6,7.73835725,0.998907884,0.997753058
h,h,1.6,7.75934923,1.00074512,0.999313679
h,h,1.6,7.78023116,1.00027981,0.997995147
h,h,1.6,7.80098697,0.998029653,0.995260788
h,h,1.6,7.82190677,0.999010809,0.995766553
h,h,1.6,7.84304931,0.999528252,0.997108012
h,h,1.6,7.86405132,0.999502197,0.996988502
h,h,1.6,7.88484553,1.00096392,0.997045199
h,h,1.6,7.90574885,1.00107405,0.998884761
h,h,1.6,7.9267531,0.998056057,0.997484518
h,h,1.6,7.94765228,0.999391795,0.99666011
h,h,1.6,7.96842304,0.999422683,0.998913155
h,h,1.6,7.98938616,1.00000362,0.996092099
h,h,1.6,8.01050815,0.999009923,0.995722817
h,h,1.6,8.03153334,0.997430801,0.995788641
h,h,1.6,8.05240251,0.995989593,0.999230663
h,h,1.6,8.07332696,0.99768915,0.997973665
h,h,1.6,8.09438514,0.999258999,0.997915357
h,h,1.6,8.11529588,0.997884724,0.995550142
h,h,1.6,8.13618411,0.998664204,0.996236702
h,h,1.6,8.15717855,1.00073873,0.998065707
h,h,1.6,8.17807847,0.998993461,0.995784668
h,h,1.6,8.19905269,0.996537342,0.995970053
h,h,1.6,8.21991085,0.997257113,0.99804961
h,h,1.6,8.24078529,0.994563706,0.994540404
h,h,1.6,8.26195652,0.997568721,0.997098295
h,h,1.6,8.28293039,0.999980002,0.995661923
h,h,1.6,8.30373423,0.997264741,0.997206711
h,h,1.6,8.32452583,0.998507761,0.997567224
h,h,1.6,8.34556221,1.00016442,0.996267011
h,h,1.6,8.36671927,1.00095496,0.996995717
h,h,1.6,8.38757523,0.997102581,0.99674671
h,h,1.6,8.40855808,0.995909992,0.99557322
h,h,1.6,8.42953585,0.998499543,0.99881322
h,h,1.6,8.45042977,0.999115367,0.996030816
h,h,1.6,8.47138662,0.996818712,0.994663657
h,h,1.6,8.49217243,0.99797389,0.996452796
h,h,1.6,8.51321806,0.998813616,0.996451037
h,h,1.6,8.53421183,0.997964328,0.996283115
h,h,1.6,8.55508292,0.998754759,0.994733502
h,h,1.6,8.57598662,0.998040714,0.997294221
h,h,1.6,8.59679232,0.997898398,0.997211465
h,h,1.6,8.61783107,0.998658623,0.995658864
h,h,1.6,8.63891768,0.997235414,0.995303575
h,h,1.6,8.65972861,0.996640638,0.997326356
h,h,1.6,8.68059853,0.998574782,0.994666939
h,h,1.6,8.70174168,0.996769749,0.996700995
h,h,1.6,8.72279566,0.996749394,0.9961497
h,h,1.6,8.74359241,0.998372022,0.994858339
h,h,1.6,8.76424415,0.99681319,0.996684861
h,h,1.6,8.78526729,0.996677044,0.996006552
h,h,1.6,8.80637189,0.999345794,0.995607531
h,h,1.6,8.82736896,0.998461404,0.994143547
h,h,1.6,8.84843212,0.99949554,0.994346218
h,h,1.6,8.86933197,0.995849993,0.998591798
h,h,1.6,8.89026857,1.00171119,0.995576347
h,h,1.6,8.91123702,0.999805245,0.998018205
h,h,1.6,8.93214776,0.999625265,0.996334489
h,h,1.6,8.95312097,0.996815205,0.997087118
h,h,1.6,8.9741304,0.99899917,0.995829068
h,h,1.6,8.99505705,0.999524048,0.99725552
h,h,1.6,9.01571368,0.996257887,0.995485874
h,h,1.6,9.03640927,0.998326163,0.997197342
h,h,1.6,9.05755121,0.998261563,0.996055467
h,h,1.6,9.07868023,0.99796489,0.993611168
h,h,1.6,9.09969513,0.996455285,0.996891445
h,h,1.6,9.1205658,0.99688446,0.995768063
h,h,1.6,9.14137844,0.999208982,0.99613149
h,h,1.6,9.16237082,0.998259269,0.997449511
h,h,1.6,9.18339441,0.99792506,0.994867477
h,h,1.6,9.20447395,0.99802934,0.996877233
h,h,1.6,9.22549281,0.998009898,0.997438642
h,h,1.6,9.2463962,0.997683998,0.994389742
h,h,1.6,9.26722673,0.999467175,0.995442018
h,h,1.6,9.28791689,0.997026353,0.995594851
h,h,1.6,9.30892724,0.9971861,0.997793343
h,h,1.6,9.33003065,1.00065819,0.994276364
h,h,1.6,9.35102864,0.998117535,0.996543796
h,h,1.6,9.37196601,0.99801446,0.996284082
h,h,1.6,9.39258783,0.997305603,0.995334003
h,h,1.6,9.41349621,0.999122857,0.997397812
h,h,1.6,9.4347927,0.999504406,0.996820725
h,h,1.6,9.45587737,0.998796328,0.99741571
h,h,1.6,9.47676866,0.998486764,0.997468971
h,h,1.6,9.49762777,0.99916465,0.996077785
h,h,1.6,9.51852362,0.997753283,0.997220698
h,h,1.6,9.53939795,0.997480443,0.998416805
h,h,1.6,9.56035551,0.999182859,0.99597337
h,h,1.6,9.58149741,0.998674901,0.99631938
h,h,1.6,9.60249587,0.9986279,0.997674256
h,h,1.6,9.62336478,0.996983902,0.996591667
h,h,1.6,9.64415055,0.999024774,0.996221036
h,h,1.6,9.66502224,0.997335351,0.998425834
h,h,1.6,9.68597433,0.99775601,0.996308487
h,h,1.6,9.7069728,0.998933248,0.996607311
h,h,1.6,9.72797765,0.999311872,0.998116835
h,h,1.6,9.74896401,0.998291982,0.99673414
h,h,1.6,9.76996217,0.99829863,0.99877783
h,h,1.6,9.79085678,0.998526099,0.999468108
h,h,1.6,9.81166698,0.997753959,0.997969556
h,h,1.6,9.83262494,0.999957558,0.999316148
h,h,1.6,9.85372265,1.00023262,0.999836388
h,h,1.6,9.87472665,0.998658199,0.996589143
h,h,1.6,9.89559934,0.99775696,0.997730978
h,h,1.6,9.91635289,0.998689513,0.999458469
h,h,1.6,9.93737645,0.997538416,0.999376098
h,h,1.6,9.95856995,0.999749974,0.99811819
h,h,1.6,9.97940815,1.00109514,0.997037355
h,h,1.6,10.000082,0.997336955,0.998682939
